{"Chevron 800": "https://www.amazon.com/Ingress-Ventures-Chevron-800/dp/B0998Z6QFD/ref=sr_1_1633?brr=1&dchild=1&qid=1634420969&rd=1&s=digital-skills&sr=1-1633", "Citadel FM Neighborhood Pantry 1469": "https://www.amazon.com/Citadel-FM-Neighborhood-Pantry-1469/dp/B0998YM4FX/ref=sr_1_1634?brr=1&dchild=1&qid=1634420969&rd=1&s=digital-skills&sr=1-1634", "Citadel FM Dairy Queen Grill & Chill 609": "https://www.amazon.com/Citadel-Dairy-Queen-Grill-Chill/dp/B0998YFVCW/ref=sr_1_1635?brr=1&dchild=1&qid=1634420969&rd=1&s=digital-skills&sr=1-1635", "Citadel FM Riverside Beverage and Deli 38670": "https://www.amazon.com/Citadel-Riverside-Beverage-Deli-38670/dp/B0998Y2GPJ/ref=sr_1_1636?brr=1&dchild=1&qid=1634420969&rd=1&s=digital-skills&sr=1-1636", "Citadel FM Rushmere Station Food Mart 4761": "https://www.amazon.com/Citadel-Rushmere-Station-Food-Mart/dp/B0998WPX12/ref=sr_1_1637?brr=1&dchild=1&qid=1634420969&rd=1&s=digital-skills&sr=1-1637", "Duluth Food Mart 4105": "https://www.amazon.com/Ingress-Ventures-Duluth-Food-Mart/dp/B0998GHKZ5/ref=sr_1_1638?brr=1&dchild=1&qid=1634420969&rd=1&s=digital-skills&sr=1-1638", "Erie view News 1301": "https://www.amazon.com/Ingress-Ventures-Erie-view-News/dp/B0998G8Z4W/ref=sr_1_1639?brr=1&dchild=1&qid=1634420969&rd=1&s=digital-skills&sr=1-1639", "Evolve Smoke Shop 59": "https://www.amazon.com/Ingress-Ventures-Evolve-Smoke-Shop/dp/B0998FZ4PN/ref=sr_1_1640?brr=1&dchild=1&qid=1634420969&rd=1&s=digital-skills&sr=1-1640", "Citadel FM Best Western Alamo Suites 1002": "https://www.amazon.com/Citadel-Best-Western-Alamo-Suites/dp/B0998FGQ1K/ref=sr_1_1641?brr=1&dchild=1&qid=1634420969&rd=1&s=digital-skills&sr=1-1641", "Rozy Food Mart 932": "https://www.amazon.com/Ingress-Ventures-Rozy-Food-Mart/dp/B0998FD49R/ref=sr_1_1642?brr=1&dchild=1&qid=1634420969&rd=1&s=digital-skills&sr=1-1642", "Evolve Smoke Shop 234": "https://www.amazon.com/Ingress-Ventures-Evolve-Smoke-Shop/dp/B0998CZ5TX/ref=sr_1_1643?brr=1&dchild=1&qid=1634420969&rd=1&s=digital-skills&sr=1-1643", "Citadel FM Eagle Inn Charleston 2811": "https://www.amazon.com/Citadel-Eagle-Inn-Charleston-2811/dp/B0998CBDBB/ref=sr_1_1644?brr=1&dchild=1&qid=1634420969&rd=1&s=digital-skills&sr=1-1644", "Citadel FM Fair Bridge Inn Suites Hawkinsville 160": "https://www.amazon.com/Citadel-Fair-Bridge-Suites-Hawkinsville/dp/B0998BND1Z/ref=sr_1_1645?brr=1&dchild=1&qid=1634420969&rd=1&s=digital-skills&sr=1-1645", "Starship Captain Quiz": "https://www.amazon.com/Balthasar-von-Weymarn-UX-Design/dp/B09988PYKQ/ref=sr_1_1646?brr=1&dchild=1&qid=1634420969&rd=1&s=digital-skills&sr=1-1646", "Quick Market 3 2112": "https://www.amazon.com/Ingress-Ventures-Quick-Market-2112/dp/B09986TFBZ/ref=sr_1_1647?brr=1&dchild=1&qid=1634420969&rd=1&s=digital-skills&sr=1-1647", "Citadel FM Blue Heron Marathon 3691": "https://www.amazon.com/Citadel-Blue-Heron-Marathon-3691/dp/B09982C3LB/ref=sr_1_1648?brr=1&dchild=1&qid=1634420969&rd=1&s=digital-skills&sr=1-1648"}