{"Citadel FM Lake Worth Petroleum Inc 3985": "https://www.amazon.com/Citadel-Lake-Worth-Petroleum-3985/dp/B09927WK12/ref=sr_1_1681?brr=1&dchild=1&qid=1634420978&rd=1&s=digital-skills&sr=1-1681", "Mindfulness CSCBV": "https://www.amazon.com/Indian-Institute-Technology-Delhi-Mindfulness/dp/B099275C3Y/ref=sr_1_1682?brr=1&dchild=1&qid=1634420978&rd=1&s=digital-skills&sr=1-1682", "7 Eleven 3601": "https://www.amazon.com/Ingress-Ventures-7-Eleven-3601/dp/B09926SH7Y/ref=sr_1_1683?brr=1&dchild=1&qid=1634420978&rd=1&s=digital-skills&sr=1-1683", "Evolve Smoke Shop 457": "https://www.amazon.com/Ingress-Ventures-Evolve-Smoke-Shop/dp/B09925C29M/ref=sr_1_1684?brr=1&dchild=1&qid=1634420978&rd=1&s=digital-skills&sr=1-1684", "Evolve Smoke Shop 629": "https://www.amazon.com/Ingress-Ventures-Evolve-Smoke-Shop/dp/B09925BB2R/ref=sr_1_1685?brr=1&dchild=1&qid=1634420978&rd=1&s=digital-skills&sr=1-1685", "D&B Discount Tobacco 316": "https://www.amazon.com/D-B-Discount-Tobacco-316/dp/B09925B2FJ/ref=sr_1_1686?brr=1&dchild=1&qid=1634420978&rd=1&s=digital-skills&sr=1-1686", "Evolve Smoke Shop 233": "https://www.amazon.com/Ingress-Ventures-Evolve-Smoke-Shop/dp/B09924LFZ2/ref=sr_1_1687?brr=1&dchild=1&qid=1634420978&rd=1&s=digital-skills&sr=1-1687", "Citadel FM Main Street Liquor & Wine 704": "https://www.amazon.com/Citadel-Main-Street-Liquor-Wine/dp/B09924DKYG/ref=sr_1_1688?brr=1&dchild=1&qid=1634420978&rd=1&s=digital-skills&sr=1-1688", "Evolve Smoke Shop 290": "https://www.amazon.com/Ingress-Ventures-Evolve-Smoke-Shop/dp/B09923LBBY/ref=sr_1_1689?brr=1&dchild=1&qid=1634420978&rd=1&s=digital-skills&sr=1-1689", "Port 2 Port Wines & Spirits": "https://www.amazon.com/Port-2-Wines-Spirits/dp/B09922SFR1/ref=sr_1_1690?brr=1&dchild=1&qid=1634420978&rd=1&s=digital-skills&sr=1-1690", "Evolve Smoke Shop 1019": "https://www.amazon.com/Ingress-Ventures-Evolve-Smoke-Shop/dp/B099222XZ6/ref=sr_1_1691?brr=1&dchild=1&qid=1634420978&rd=1&s=digital-skills&sr=1-1691", "Citadel FM D2D Distributors Inc 393": "https://www.amazon.com/Citadel-D2D-Distributors-Inc-393/dp/B0991ZS7KV/ref=sr_1_1692?brr=1&dchild=1&qid=1634420978&rd=1&s=digital-skills&sr=1-1692", "Evolve Smoke Shop 612": "https://www.amazon.com/Ingress-Ventures-Evolve-Smoke-Shop/dp/B0991ZD85Q/ref=sr_1_1693?brr=1&dchild=1&qid=1634420978&rd=1&s=digital-skills&sr=1-1693", "Evolve Smoke Shop 28": "https://www.amazon.com/Ingress-Ventures-Evolve-Smoke-Shop/dp/B0991ZC6S7/ref=sr_1_1694?brr=1&dchild=1&qid=1634420978&rd=1&s=digital-skills&sr=1-1694", "quiz on drive": "https://www.amazon.com/Anasuya-quiz-on-drive/dp/B0991JZYF3/ref=sr_1_1695?brr=1&dchild=1&qid=1634420978&rd=1&s=digital-skills&sr=1-1695", "My Ten": "https://www.amazon.com/Dinesh-Thangaraj-My-Ten/dp/B098Z2N4CJ/ref=sr_1_1696?brr=1&dchild=1&qid=1634420978&rd=1&s=digital-skills&sr=1-1696"}