{"Tech facts": "https://www.amazon.com/Ghaanaa-Tech-facts/dp/B098Q83NZW/ref=sr_1_1713?brr=1&dchild=1&qid=1634420984&rd=1&s=digital-skills&sr=1-1713", "Micro Inn 3240": "https://www.amazon.com/Ingress-Ventures-Micro-Inn-3240/dp/B098Q7YKYB/ref=sr_1_1714?brr=1&dchild=1&qid=1634420984&rd=1&s=digital-skills&sr=1-1714", "Food Mart 2809": "https://www.amazon.com/Ingress-Ventures-Food-Mart-2809/dp/B098Q6Z2RV/ref=sr_1_1715?brr=1&dchild=1&qid=1634420984&rd=1&s=digital-skills&sr=1-1715", "On the Go Laundromat 306": "https://www.amazon.com/On-the-Go-Laundromat-306/dp/B098Q6MFWK/ref=sr_1_1716?brr=1&dchild=1&qid=1634420984&rd=1&s=digital-skills&sr=1-1716", "Sapphire Inn & Suites 846": "https://www.amazon.com/Ingress-Ventures-Sapphire-Inn-Suites/dp/B098Q6J1C4/ref=sr_1_1717?brr=1&dchild=1&qid=1634420984&rd=1&s=digital-skills&sr=1-1717", "Food Mart 3801": "https://www.amazon.com/Ingress-Ventures-Food-Mart-3801/dp/B098Q6B6W6/ref=sr_1_1718?brr=1&dchild=1&qid=1634420984&rd=1&s=digital-skills&sr=1-1718", "Citadel FM Gas Station 2476": "https://www.amazon.com/Citadel-FM-Gas-Station-2476/dp/B098Q66RMV/ref=sr_1_1719?brr=1&dchild=1&qid=1634420984&rd=1&s=digital-skills&sr=1-1719", "Big Creek 10211": "https://www.amazon.com/Ingress-Ventures-Big-Creek-10211/dp/B098Q5J5J2/ref=sr_1_1720?brr=1&dchild=1&qid=1634420984&rd=1&s=digital-skills&sr=1-1720", "Citadel FM Sapphire Inn & Suites 15765": "https://www.amazon.com/Citadel-Sapphire-Inn-Suites-15765/dp/B098Q4Y67F/ref=sr_1_1721?brr=1&dchild=1&qid=1634420984&rd=1&s=digital-skills&sr=1-1721", "Mountain Mart 9712": "https://www.amazon.com/Ingress-Ventures-Mountain-Mart-9712/dp/B098Q4BWND/ref=sr_1_1722?brr=1&dchild=1&qid=1634420984&rd=1&s=digital-skills&sr=1-1722", "Best Western 4375": "https://www.amazon.com/Ingress-Ventures-Best-Western-4375/dp/B098Q3DHFK/ref=sr_1_1723?brr=1&dchild=1&qid=1634420984&rd=1&s=digital-skills&sr=1-1723", "Citadel FM A M Discount Beverage 4074": "https://www.amazon.com/Citadel-FM-Discount-Beverage-4074/dp/B098Q32JGP/ref=sr_1_1724?brr=1&dchild=1&qid=1634420984&rd=1&s=digital-skills&sr=1-1724", "Citadel FM Petroleum Management Inc 1710": "https://www.amazon.com/Citadel-Petroleum-Management-Inc-1710/dp/B098PYRNTR/ref=sr_1_1725?brr=1&dchild=1&qid=1634420984&rd=1&s=digital-skills&sr=1-1725", "Kankus Five 7900": "https://www.amazon.com/Ingress-Ventures-Kankus-Five-7900/dp/B098P4PDJD/ref=sr_1_1726?brr=1&dchild=1&qid=1634420984&rd=1&s=digital-skills&sr=1-1726", "Citadel FM Ayras Liquor 2121": "https://www.amazon.com/Citadel-FM-Ayras-Liquor-2121/dp/B098P3D5YJ/ref=sr_1_1727?brr=1&dchild=1&qid=1634420984&rd=1&s=digital-skills&sr=1-1727", "Sound Bank": "https://www.amazon.com/Quimby-oak-Sound-Bank/dp/B098P2Z8T4/ref=sr_1_1728?brr=1&dchild=1&qid=1634420984&rd=1&s=digital-skills&sr=1-1728"}