{"Citadel FM Charleston Number 1 8772": "https://www.amazon.com/Citadel-FM-Charleston-Number-8772/dp/B098NTTRPK/ref=sr_1_1729?brr=1&dchild=1&qid=1634420987&rd=1&s=digital-skills&sr=1-1729", "Geo Guesser": "https://www.amazon.com/VoiceBox-Studios-Geo-Guesser/dp/B098NJTLVZ/ref=sr_1_1730?brr=1&dchild=1&qid=1634420987&rd=1&s=digital-skills&sr=1-1730", "Unicus": "https://www.amazon.com/Simplify-Education-Unicus/dp/B098NJMZZ9/ref=sr_1_1731?brr=1&dchild=1&qid=1634420987&rd=1&s=digital-skills&sr=1-1731", "Story Quiz": "https://www.amazon.com/David-Story-Quiz/dp/B098NGWH95/ref=sr_1_1732?brr=1&dchild=1&qid=1634420987&rd=1&s=digital-skills&sr=1-1732", "Smoothie king 2100": "https://www.amazon.com/Ingress-Ventures-Smoothie-king-2100/dp/B098NGPZQ6/ref=sr_1_1733?brr=1&dchild=1&qid=1634420987&rd=1&s=digital-skills&sr=1-1733", "Citadel FM Ayras Liquor 6900": "https://www.amazon.com/Citadel-FM-Ayras-Liquor-6900/dp/B098NGCRZN/ref=sr_1_1734?brr=1&dchild=1&qid=1634420987&rd=1&s=digital-skills&sr=1-1734", "Citadel FM Villa Pantry 37635": "https://www.amazon.com/Citadel-FM-Villa-Pantry-37635/dp/B098NGBWM8/ref=sr_1_1735?brr=1&dchild=1&qid=1634420987&rd=1&s=digital-skills&sr=1-1735", "Temple Super Thrift 182": "https://www.amazon.com/Ingress-Ventures-Temple-Super-Thrift/dp/B098NG53J4/ref=sr_1_1736?brr=1&dchild=1&qid=1634420987&rd=1&s=digital-skills&sr=1-1736", "Citadel FM ZJ Pantry Plus Liquors 699": "https://www.amazon.com/Citadel-Pantry-Plus-Liquors-699/dp/B098NF1V9Q/ref=sr_1_1737?brr=1&dchild=1&qid=1634420987&rd=1&s=digital-skills&sr=1-1737", "Citadel FM Brookside Cupboard 1238": "https://www.amazon.com/Citadel-FM-Brookside-Cupboard-1238/dp/B098NF13RB/ref=sr_1_1738?brr=1&dchild=1&qid=1634420987&rd=1&s=digital-skills&sr=1-1738", "Citadel FM ABC Fine & Wine 3727": "https://www.amazon.com/Citadel-ABC-Fine-Wine-3727/dp/B098NDHLNW/ref=sr_1_1739?brr=1&dchild=1&qid=1634420987&rd=1&s=digital-skills&sr=1-1739", "MK Distributors 10": "https://www.amazon.com/Ingress-Ventures-MK-Distributors-10/dp/B098NDCMP1/ref=sr_1_1740?brr=1&dchild=1&qid=1634420987&rd=1&s=digital-skills&sr=1-1740", "Citadel FM Post Road Wines Liquor 867": "https://www.amazon.com/Citadel-Post-Road-Wines-Liquor/dp/B098NCNWL4/ref=sr_1_1741?brr=1&dchild=1&qid=1634420987&rd=1&s=digital-skills&sr=1-1741", "KY Check Mart 200": "https://www.amazon.com/Ingress-Ventures-Check-Mart-200/dp/B098NCLPPC/ref=sr_1_1742?brr=1&dchild=1&qid=1634420987&rd=1&s=digital-skills&sr=1-1742", "Citadel FM Charleston number 2 9091": "https://www.amazon.com/Citadel-FM-Charleston-number-9091/dp/B098NBJSX3/ref=sr_1_1743?brr=1&dchild=1&qid=1634420987&rd=1&s=digital-skills&sr=1-1743", "Stratford Spirit Shop 200": "https://www.amazon.com/Ingress-Ventures-Stratford-Spirit-Shop/dp/B098NBCJXK/ref=sr_1_1744?brr=1&dchild=1&qid=1634420987&rd=1&s=digital-skills&sr=1-1744"}