{"100 Mexicans Said": "https://www.amazon.com/Fremantle-100-Mexicans-Said/dp/B084P2KLFJ/ref=sr_1_161?brr=1&dchild=1&qid=1634420707&rd=1&s=digital-skills&sr=1-161", "Random Character Generator": "https://www.amazon.com/Something-Magical-Random-Character-Generator/dp/B01N38GEM1/ref=sr_1_162?brr=1&dchild=1&qid=1634420707&rd=1&s=digital-skills&sr=1-162", "Venom Trivia": "https://www.amazon.com/ViSimple-Venom-Trivia/dp/B07K8J5BHW/ref=sr_1_163?brr=1&dchild=1&qid=1634420707&rd=1&s=digital-skills&sr=1-163", "The Other Side": "https://www.amazon.com/Stormbringer-LLC-The-Other-Side/dp/B087P1NDKR/ref=sr_1_164?brr=1&dchild=1&qid=1634420707&rd=1&s=digital-skills&sr=1-164", "hunted story form": "https://www.amazon.com/Infinitybiker-hunted-story-form/dp/B08L1392MY/ref=sr_1_165?brr=1&dchild=1&qid=1634420707&rd=1&s=digital-skills&sr=1-165", "PAC-MAN Stories": "https://www.amazon.com/BANDAI-NAMCO-Entertainment-Europe-SAS/dp/B07BQDCK71/ref=sr_1_166?brr=1&dchild=1&qid=1634420707&rd=1&s=digital-skills&sr=1-166", "Quiz of the Day Briefing": "https://www.amazon.com/Quiz-of-the-Day-Briefing/dp/B084GN78NJ/ref=sr_1_167?brr=1&dchild=1&qid=1634420707&rd=1&s=digital-skills&sr=1-167", "Battle Buttons": "https://www.amazon.com/Boldus-Battle-Buttons/dp/B07G7BVDX1/ref=sr_1_168?brr=1&dchild=1&qid=1634420707&rd=1&s=digital-skills&sr=1-168", "Unofficial Disney Jokes": "https://www.amazon.com/Cam-G-Unofficial-Disney-Jokes/dp/B071GLS3DJ/ref=sr_1_169?brr=1&dchild=1&qid=1634420707&rd=1&s=digital-skills&sr=1-169", "Ambient Sounds": "https://www.amazon.com/Smart-Skills-Ambient-Sounds/dp/B08WCQDV87/ref=sr_1_170?brr=1&dchild=1&qid=1634420707&rd=1&s=digital-skills&sr=1-170", "The Dark Citadel": "https://www.amazon.com/LC-Publishing-The-Dark-Citadel/dp/B079MH4L12/ref=sr_1_171?brr=1&dchild=1&qid=1634420707&rd=1&s=digital-skills&sr=1-171", "GOG Today": "https://www.amazon.com/CreamSoda-GOG-Today/dp/B07JH32ZY8/ref=sr_1_172?brr=1&dchild=1&qid=1634420707&rd=1&s=digital-skills&sr=1-172", "Trivia Battle": "https://www.amazon.com/Voice-Games-Trivia-Battle/dp/B07MC1XRNN/ref=sr_1_173?brr=1&dchild=1&qid=1634420707&rd=1&s=digital-skills&sr=1-173", "Dragon story": "https://www.amazon.com/Stephanie-Dragon-story/dp/B093WX2G1Q/ref=sr_1_174?brr=1&dchild=1&qid=1634420707&rd=1&s=digital-skills&sr=1-174", "Adventures of Sherlock Holmes Indian Stories": "https://www.amazon.com/Adventures-Sherlock-Holmes-Indian-Stories/dp/B091CVB3RG/ref=sr_1_175?brr=1&dchild=1&qid=1634420707&rd=1&s=digital-skills&sr=1-175", "Funny Stories": "https://www.amazon.com/Saril-Raghu-Funny-Stories/dp/B08S72GWML/ref=sr_1_176?brr=1&dchild=1&qid=1634420707&rd=1&s=digital-skills&sr=1-176"}