{"Citadel FM Old 471 Food Mart 1016": "https://www.amazon.com/Citadel-Old-Food-Mart-1016/dp/B098N9GYZH/ref=sr_1_1745?brr=1&dchild=1&qid=1634420990&rd=1&s=digital-skills&sr=1-1745", "The World Atlas by Omni-CMS": "https://www.amazon.com/The-World-Atlas-by-Omni-CMS/dp/B098N9147Q/ref=sr_1_1746?brr=1&dchild=1&qid=1634420990&rd=1&s=digital-skills&sr=1-1746", "Knock Knock Jokes Aarav": "https://www.amazon.com/Evergreen-Knock-Jokes-Aarav/dp/B098N86HMZ/ref=sr_1_1747?brr=1&dchild=1&qid=1634420990&rd=1&s=digital-skills&sr=1-1747", "Dare or Truth": "https://www.amazon.com/Evergreen-Dare-or-Truth/dp/B098MCTQFV/ref=sr_1_1748?brr=1&dchild=1&qid=1634420990&rd=1&s=digital-skills&sr=1-1748", "Whose Turn": "https://www.amazon.com/Miranda-Whose-Turn/dp/B098MBD875/ref=sr_1_1749?brr=1&dchild=1&qid=1634420990&rd=1&s=digital-skills&sr=1-1749", "Vacation Bot": "https://www.amazon.com/Evergreen-Vacation-Bot/dp/B098M9FJPM/ref=sr_1_1750?brr=1&dchild=1&qid=1634420990&rd=1&s=digital-skills&sr=1-1750", "fireball game": "https://www.amazon.com/Evergreen-fireball-game/dp/B098M7N2GD/ref=sr_1_1751?brr=1&dchild=1&qid=1634420990&rd=1&s=digital-skills&sr=1-1751", "Hogwarts Sorting": "https://www.amazon.com/Evergreen-Hogwarts-Sorting/dp/B098KN666K/ref=sr_1_1752?brr=1&dchild=1&qid=1634420990&rd=1&s=digital-skills&sr=1-1752", "Citadel FM Bennett Point General Store Deli 1241": "https://www.amazon.com/Citadel-Bennett-Point-General-Store/dp/B098K61ZNZ/ref=sr_1_1753?brr=1&dchild=1&qid=1634420990&rd=1&s=digital-skills&sr=1-1753", "Citadel FM Cheers Wine & Liquor Orlando 6203": "https://www.amazon.com/Citadel-Cheers-Wine-Liquor-Orlando/dp/B098K5XTNJ/ref=sr_1_1754?brr=1&dchild=1&qid=1634420990&rd=1&s=digital-skills&sr=1-1754", "Spirit Gas 5589": "https://www.amazon.com/Ingress-Ventures-Spirit-Gas-5589/dp/B098K52J33/ref=sr_1_1755?brr=1&dchild=1&qid=1634420990&rd=1&s=digital-skills&sr=1-1755", "Citadel FM Shell Station 3326": "https://www.amazon.com/Citadel-FM-Shell-Station-3326/dp/B098K4X5Z4/ref=sr_1_1756?brr=1&dchild=1&qid=1634420990&rd=1&s=digital-skills&sr=1-1756", "Pump N Go 5004": "https://www.amazon.com/Ingress-Ventures-Pump-Go-5004/dp/B098K4TSK7/ref=sr_1_1757?brr=1&dchild=1&qid=1634420990&rd=1&s=digital-skills&sr=1-1757", "Citadel FM Cabana Liquor store 2344": "https://www.amazon.com/Citadel-Cabana-Liquor-store-2344/dp/B098K4SY7R/ref=sr_1_1758?brr=1&dchild=1&qid=1634420990&rd=1&s=digital-skills&sr=1-1758", "Lions Quick Mart 3307": "https://www.amazon.com/Ingress-Ventures-Lions-Quick-Mart/dp/B098K3TQWL/ref=sr_1_1759?brr=1&dchild=1&qid=1634420990&rd=1&s=digital-skills&sr=1-1759", "Citadel FM Comfort Suites Augusta Riverwatch 2911": "https://www.amazon.com/Citadel-Comfort-Suites-Augusta-Riverwatch/dp/B098K3KQBC/ref=sr_1_1760?brr=1&dchild=1&qid=1634420990&rd=1&s=digital-skills&sr=1-1760"}