{"Deltona Vape 1411": "https://www.amazon.com/Ingress-Ventures-Deltona-Vape-1411/dp/B098K3146S/ref=sr_1_1761?brr=1&dchild=1&qid=1634420993&rd=1&s=digital-skills&sr=1-1761", "Citadel FM Paradise World Foods and Smoothies 1058": "https://www.amazon.com/Citadel-Paradise-World-Foods-Smoothies/dp/B098K2HZB8/ref=sr_1_1762?brr=1&dchild=1&qid=1634420993&rd=1&s=digital-skills&sr=1-1762", "Citadel FM Bottle Stop Liquors 1661": "https://www.amazon.com/Citadel-Bottle-Stop-Liquors-1661/dp/B098JYXR2F/ref=sr_1_1763?brr=1&dchild=1&qid=1634420993&rd=1&s=digital-skills&sr=1-1763", "Holden Laundry 4699": "https://www.amazon.com/Ingress-Ventures-Holden-Laundry-4699/dp/B098JYSNX2/ref=sr_1_1764?brr=1&dchild=1&qid=1634420993&rd=1&s=digital-skills&sr=1-1764", "Citadel FM Comfort Inn Suites Fort Gordon 4071": "https://www.amazon.com/Citadel-Comfort-Suites-Fort-Gordon/dp/B098JY93FP/ref=sr_1_1765?brr=1&dchild=1&qid=1634420993&rd=1&s=digital-skills&sr=1-1765", "Planet Smoothie 486": "https://www.amazon.com/Ingress-Ventures-Planet-Smoothie-486/dp/B098JXG3HH/ref=sr_1_1766?brr=1&dchild=1&qid=1634420993&rd=1&s=digital-skills&sr=1-1766", "Tropical Smoothie Cafe 63": "https://www.amazon.com/Ingress-Ventures-Tropical-Smoothie-Cafe/dp/B098JX9W8R/ref=sr_1_1767?brr=1&dchild=1&qid=1634420993&rd=1&s=digital-skills&sr=1-1767", "Citadel FM Colonial Liquor Store 4780": "https://www.amazon.com/Citadel-Colonial-Liquor-Store-4780/dp/B098JV4P6K/ref=sr_1_1768?brr=1&dchild=1&qid=1634420993&rd=1&s=digital-skills&sr=1-1768", "Loyalty Inn 20": "https://www.amazon.com/Ingress-Ventures-Loyalty-Inn-20/dp/B098JS9GVK/ref=sr_1_1769?brr=1&dchild=1&qid=1634420993&rd=1&s=digital-skills&sr=1-1769", "Coin Laundry 1901": "https://www.amazon.com/Ingress-Ventures-Coin-Laundry-1901/dp/B098JS3V98/ref=sr_1_1770?brr=1&dchild=1&qid=1634420993&rd=1&s=digital-skills&sr=1-1770", "Citadel FM Savemax Food and Liquor 1728": "https://www.amazon.com/Citadel-Savemax-Food-Liquor-1728/dp/B098JNMTYB/ref=sr_1_1771?brr=1&dchild=1&qid=1634420993&rd=1&s=digital-skills&sr=1-1771", "Queen Trivia Challenge": "https://www.amazon.com/Hollywood-Records-Queen-Trivia-Challenge/dp/B098HKC65G/ref=sr_1_1772?brr=1&dchild=1&qid=1634420993&rd=1&s=digital-skills&sr=1-1772", "Zombie Racing": "https://www.amazon.com/HUGO-FM-Zombie-Racing/dp/B098DW6MQY/ref=sr_1_1773?brr=1&dchild=1&qid=1634420993&rd=1&s=digital-skills&sr=1-1773", "Ship Attack Game": "https://www.amazon.com/Cod-ED-Ship-Attack-Game/dp/B098DQD4GK/ref=sr_1_1774?brr=1&dchild=1&qid=1634420993&rd=1&s=digital-skills&sr=1-1774", "Song Jam x Beat the Intro": "https://www.amazon.com/Song-Jam-x-Beat-Intro/dp/B098DMK2LZ/ref=sr_1_1775?brr=1&dchild=1&qid=1634420993&rd=1&s=digital-skills&sr=1-1775", "My Three": "https://www.amazon.com/Dinesh-Thangaraj-My-Three/dp/B098DJB7Z1/ref=sr_1_1776?brr=1&dchild=1&qid=1634420993&rd=1&s=digital-skills&sr=1-1776"}