{"prod-eligibility-test-3": "https://www.amazon.com/Amazon-prod-eligibility-test-3/dp/B098DCSCLX/ref=sr_1_1777?brr=1&dchild=1&qid=1634420996&rd=1&s=digital-skills&sr=1-1777", "Rock Paper Scissors": "https://www.amazon.com/Evergreen-Rock-Paper-Scissors/dp/B098D84SFX/ref=sr_1_1778?brr=1&dchild=1&qid=1634420996&rd=1&s=digital-skills&sr=1-1778", "Petro 149": "https://www.amazon.com/Ingress-Ventures-Petro-149/dp/B098D3HJZJ/ref=sr_1_1779?brr=1&dchild=1&qid=1634420996&rd=1&s=digital-skills&sr=1-1779", "Prestige Capital Group 9": "https://www.amazon.com/Ingress-Ventures-Prestige-Capital-Group/dp/B098CZYB2J/ref=sr_1_1780?brr=1&dchild=1&qid=1634420996&rd=1&s=digital-skills&sr=1-1780", "Superhero Personality Quiz": "https://www.amazon.com/Elisabeth-Donovan-Superhero-Personality-Quiz/dp/B098CZPJ1R/ref=sr_1_1781?brr=1&dchild=1&qid=1634420996&rd=1&s=digital-skills&sr=1-1781", "Citadel FM Thousand Spices 14814": "https://www.amazon.com/Citadel-FM-Thousand-Spices-14814/dp/B098CTS4FH/ref=sr_1_1782?brr=1&dchild=1&qid=1634420996&rd=1&s=digital-skills&sr=1-1782", "Espot Shooter Soccer Club": "https://www.amazon.com/ESPOT-INC-Espot-Shooter-Soccer/dp/B098CRCXBC/ref=sr_1_1783?brr=1&dchild=1&qid=1634420996&rd=1&s=digital-skills&sr=1-1783", "Main Street Liquor 317": "https://www.amazon.com/Ingress-Ventures-Main-Street-Liquor/dp/B098CP89FZ/ref=sr_1_1784?brr=1&dchild=1&qid=1634420996&rd=1&s=digital-skills&sr=1-1784", "Ariel test skill 2 (for validation only)": "https://www.amazon.com/Ariel-test-skill-validation-only/dp/B098BRMNYX/ref=sr_1_1785?brr=1&dchild=1&qid=1634420996&rd=1&s=digital-skills&sr=1-1785", "Sizi Quiz": "https://www.amazon.com/Sizi-Quiz/dp/B098BHL7P3/ref=sr_1_1786?brr=1&dchild=1&qid=1634420996&rd=1&s=digital-skills&sr=1-1786", "Citadel FM BP Dunkin 1469": "https://www.amazon.com/Citadel-FM-BP-Dunkin-1469/dp/B098BBR897/ref=sr_1_1787?brr=1&dchild=1&qid=1634420996&rd=1&s=digital-skills&sr=1-1787", "Papa Jacks 3001": "https://www.amazon.com/Ingress-Ventures-Papa-Jacks-3001/dp/B098BBQ55N/ref=sr_1_1788?brr=1&dchild=1&qid=1634420996&rd=1&s=digital-skills&sr=1-1788", "Marathon Dunkin 1000": "https://www.amazon.com/Ingress-Ventures-Marathon-Dunkin-1000/dp/B098BB4K7P/ref=sr_1_1789?brr=1&dchild=1&qid=1634420996&rd=1&s=digital-skills&sr=1-1789", "Ramada Wyndham 4048": "https://www.amazon.com/Ingress-Ventures-Ramada-Wyndham-4048/dp/B098B9Y399/ref=sr_1_1790?brr=1&dchild=1&qid=1634420996&rd=1&s=digital-skills&sr=1-1790", "BP 3100": "https://www.amazon.com/Ingress-Ventures-BP-3100/dp/B098B9TJSN/ref=sr_1_1791?brr=1&dchild=1&qid=1634420996&rd=1&s=digital-skills&sr=1-1791", "Reid Saint Station 401": "https://www.amazon.com/Ingress-Ventures-Reid-Saint-Station/dp/B098B8VSCH/ref=sr_1_1792?brr=1&dchild=1&qid=1634420996&rd=1&s=digital-skills&sr=1-1792"}