{"Fun Question": "https://www.amazon.com/HUGO-FM-Fun-Question/dp/B098B8HKWH/ref=sr_1_1793?brr=1&dchild=1&qid=1634420999&rd=1&s=digital-skills&sr=1-1793", "Citadel FM Vapor Smoke Shop 10568": "https://www.amazon.com/Citadel-Vapor-Smoke-Shop-10568/dp/B098B7J611/ref=sr_1_1794?brr=1&dchild=1&qid=1634420999&rd=1&s=digital-skills&sr=1-1794", "Citadel FM Kavya Express Lane INC 324": "https://www.amazon.com/Citadel-Kavya-Express-Lane-INC/dp/B098B61BNH/ref=sr_1_1795?brr=1&dchild=1&qid=1634420999&rd=1&s=digital-skills&sr=1-1795", "Marathon 5778": "https://www.amazon.com/Ingress-Ventures-Marathon-5778/dp/B098B5WM8X/ref=sr_1_1796?brr=1&dchild=1&qid=1634420999&rd=1&s=digital-skills&sr=1-1796", "Searle Motel 6124": "https://www.amazon.com/Ingress-Ventures-Searle-Motel-6124/dp/B098B5T9DV/ref=sr_1_1797?brr=1&dchild=1&qid=1634420999&rd=1&s=digital-skills&sr=1-1797", "Ayras Liquor 4700": "https://www.amazon.com/Ingress-Ventures-Ayras-Liquor-4700/dp/B098B5GG54/ref=sr_1_1798?brr=1&dchild=1&qid=1634420999&rd=1&s=digital-skills&sr=1-1798", "Citadel FM Quick Pantry 25 2291": "https://www.amazon.com/Citadel-FM-Quick-Pantry-2291/dp/B098B43WTR/ref=sr_1_1799?brr=1&dchild=1&qid=1634420999&rd=1&s=digital-skills&sr=1-1799", "Citadel FM Quick Pantry 35 3796": "https://www.amazon.com/Citadel-FM-Quick-Pantry-3796/dp/B098B3KYHL/ref=sr_1_1800?brr=1&dchild=1&qid=1634420999&rd=1&s=digital-skills&sr=1-1800", "A J food mart 3650": "https://www.amazon.com/A-J-food-mart-3650/dp/B0989SNGJ7/ref=sr_1_1801?brr=1&dchild=1&qid=1634420999&rd=1&s=digital-skills&sr=1-1801", "Country Express 2601": "https://www.amazon.com/Ingress-Ventures-Country-Express-2601/dp/B0989SBHK9/ref=sr_1_1802?brr=1&dchild=1&qid=1634420999&rd=1&s=digital-skills&sr=1-1802", "Citadel FM Columbia Beverage and Deli 25011": "https://www.amazon.com/Citadel-Columbia-Beverage-Deli-25011/dp/B0989S69W4/ref=sr_1_1803?brr=1&dchild=1&qid=1634420999&rd=1&s=digital-skills&sr=1-1803", "Eriksen Team Facts": "https://www.amazon.com/Heriksen-Dev-Eriksen-Team-Facts/dp/B0989H4B5W/ref=sr_1_1804?brr=1&dchild=1&qid=1634420999&rd=1&s=digital-skills&sr=1-1804", "The Daliah show": "https://www.amazon.com/Daliah-The-show/dp/B09893J84B/ref=sr_1_1805?brr=1&dchild=1&qid=1634420999&rd=1&s=digital-skills&sr=1-1805", "Crossword Solver": "https://www.amazon.com/baiadigitale-Crossword-Solver/dp/B0988YDQ1L/ref=sr_1_1806?brr=1&dchild=1&qid=1634420999&rd=1&s=digital-skills&sr=1-1806", "Key West Inn 663": "https://www.amazon.com/Ingress-Ventures-Key-West-Inn/dp/B0988B9WYM/ref=sr_1_1807?brr=1&dchild=1&qid=1634420999&rd=1&s=digital-skills&sr=1-1807", "Bethal Liquor 398": "https://www.amazon.com/Ingress-Ventures-Bethal-Liquor-398/dp/B0987QCHK7/ref=sr_1_1808?brr=1&dchild=1&qid=1634420999&rd=1&s=digital-skills&sr=1-1808"}