{"Fast way 880": "https://www.amazon.com/Ingress-Ventures-Fast-way-880/dp/B0987P6Z11/ref=sr_1_1809?brr=1&dchild=1&qid=1634421002&rd=1&s=digital-skills&sr=1-1809", "Citadel FM Om and Aastha inc 6572": "https://www.amazon.com/Citadel-FM-Aastha-inc-6572/dp/B0987MG94Q/ref=sr_1_1810?brr=1&dchild=1&qid=1634421002&rd=1&s=digital-skills&sr=1-1810", "Citadel FM Nilkanth Joelton corporation 7201": "https://www.amazon.com/Citadel-Nilkanth-Joelton-corporation-7201/dp/B0987JGPZG/ref=sr_1_1811?brr=1&dchild=1&qid=1634421002&rd=1&s=digital-skills&sr=1-1811", "Citadel FM Vape Planet 21632": "https://www.amazon.com/Citadel-FM-Vape-Planet-21632/dp/B0987J4YLL/ref=sr_1_1812?brr=1&dchild=1&qid=1634421002&rd=1&s=digital-skills&sr=1-1812", "Fast way 15 25": "https://www.amazon.com/Ingress-Ventures-Fast-way-15/dp/B0987J13WT/ref=sr_1_1813?brr=1&dchild=1&qid=1634421002&rd=1&s=digital-skills&sr=1-1813", "ESPOT Deep LLC": "https://www.amazon.com/ESPOT-INC-Deep-LLC/dp/B0987C79YD/ref=sr_1_1814?brr=1&dchild=1&qid=1634421002&rd=1&s=digital-skills&sr=1-1814", "Tad & Bottle 233": "https://www.amazon.com/Ingress-Ventures-Tad-Bottle-233/dp/B09879S2ZB/ref=sr_1_1815?brr=1&dchild=1&qid=1634421002&rd=1&s=digital-skills&sr=1-1815", "Citadel FM Executive inn Scottsville 57": "https://www.amazon.com/Citadel-FM-Executive-inn-Scottsville/dp/B09879HB5R/ref=sr_1_1816?brr=1&dchild=1&qid=1634421002&rd=1&s=digital-skills&sr=1-1816", "Fast way 1 436": "https://www.amazon.com/Ingress-Ventures-Fast-way-436/dp/B09878X58F/ref=sr_1_1817?brr=1&dchild=1&qid=1634421002&rd=1&s=digital-skills&sr=1-1817", "My Twenty One": "https://www.amazon.com/Dinesh-Thangaraj-My-Twenty-One/dp/B09877DB6L/ref=sr_1_1818?brr=1&dchild=1&qid=1634421002&rd=1&s=digital-skills&sr=1-1818", "Citadel FM Jbs Food Mart 6929": "https://www.amazon.com/Citadel-Jbs-Food-Mart-6929/dp/B09876WLP2/ref=sr_1_1819?brr=1&dchild=1&qid=1634421002&rd=1&s=digital-skills&sr=1-1819", "Red Roof Inn 1516": "https://www.amazon.com/Ingress-Ventures-Red-Roof-1516/dp/B09871ZLLP/ref=sr_1_1820?brr=1&dchild=1&qid=1634421002&rd=1&s=digital-skills&sr=1-1820", "Citadel FM Prestige Capital Group 2285": "https://www.amazon.com/Citadel-Prestige-Capital-Group-2285/dp/B09871RRY9/ref=sr_1_1821?brr=1&dchild=1&qid=1634421002&rd=1&s=digital-skills&sr=1-1821", "Kangaroo Express 118": "https://www.amazon.com/Ingress-Ventures-Kangaroo-Express-118/dp/B0986ZGJYW/ref=sr_1_1822?brr=1&dchild=1&qid=1634421002&rd=1&s=digital-skills&sr=1-1822", "Quality Inn & Suites (MCI Hospitality LLC) 410": "https://www.amazon.com/Quality-Inn-Suites-MCI-Hospitality/dp/B0986YYX41/ref=sr_1_1823?brr=1&dchild=1&qid=1634421002&rd=1&s=digital-skills&sr=1-1823", "Papa Jacks 101": "https://www.amazon.com/Ingress-Ventures-Papa-Jacks-101/dp/B0986XTMWV/ref=sr_1_1824?brr=1&dchild=1&qid=1634421002&rd=1&s=digital-skills&sr=1-1824"}