{"Citadel FM Center Last Stop Groceries 394": "https://www.amazon.com/Citadel-Center-Last-Stop-Groceries/dp/B097YJ1WHN/ref=sr_1_1841?brr=1&dchild=1&qid=1634421007&rd=1&s=digital-skills&sr=1-1841", "Citadel FM Day Night Liquor 9317": "https://www.amazon.com/Citadel-Day-Night-Liquor-9317/dp/B097YHP14Y/ref=sr_1_1842?brr=1&dchild=1&qid=1634421007&rd=1&s=digital-skills&sr=1-1842", "Fornaros Liquor Store 175": "https://www.amazon.com/Ingress-Ventures-Fornaros-Liquor-Store/dp/B097YH2GNG/ref=sr_1_1843?brr=1&dchild=1&qid=1634421007&rd=1&s=digital-skills&sr=1-1843", "Texaco Food Mart 1404": "https://www.amazon.com/Ingress-Ventures-Texaco-Food-Mart/dp/B097YH1NDY/ref=sr_1_1844?brr=1&dchild=1&qid=1634421007&rd=1&s=digital-skills&sr=1-1844", "Citgo 10": "https://www.amazon.com/Ingress-Ventures-Citgo-10/dp/B097YGX666/ref=sr_1_1845?brr=1&dchild=1&qid=1634421007&rd=1&s=digital-skills&sr=1-1845", "Citadel FM Chevron Ameri Mart 1153": "https://www.amazon.com/Citadel-Chevron-Ameri-Mart-1153/dp/B097YFY3RX/ref=sr_1_1846?brr=1&dchild=1&qid=1634421007&rd=1&s=digital-skills&sr=1-1846", "Jo jos Market 851": "https://www.amazon.com/Ingress-Ventures-jos-Market-851/dp/B097YFTR8X/ref=sr_1_1847?brr=1&dchild=1&qid=1634421007&rd=1&s=digital-skills&sr=1-1847", "Broadway Deli and Market 226": "https://www.amazon.com/Broadway-Deli-and-Market-226/dp/B097YFHC6T/ref=sr_1_1848?brr=1&dchild=1&qid=1634421007&rd=1&s=digital-skills&sr=1-1848", "Citadel FM Oceanway Liquor 12961": "https://www.amazon.com/Citadel-FM-Oceanway-Liquor-12961/dp/B097YFDSDN/ref=sr_1_1849?brr=1&dchild=1&qid=1634421007&rd=1&s=digital-skills&sr=1-1849", "DAYS INN 2630": "https://www.amazon.com/Ingress-Ventures-DAYS-INN-2630/dp/B097YDGJT4/ref=sr_1_1850?brr=1&dchild=1&qid=1634421007&rd=1&s=digital-skills&sr=1-1850", "Citadel FM Smokers Workshop 12961": "https://www.amazon.com/Citadel-FM-Smokers-Workshop-12961/dp/B097YD9NGB/ref=sr_1_1851?brr=1&dchild=1&qid=1634421007&rd=1&s=digital-skills&sr=1-1851", "Prestige Capital Group 500": "https://www.amazon.com/Ingress-Ventures-Prestige-Capital-Group/dp/B097YCP89J/ref=sr_1_1852?brr=1&dchild=1&qid=1634421007&rd=1&s=digital-skills&sr=1-1852", "Cruisin' 92.9": "https://www.amazon.com/Midwest-Communications-Inc-Cruisin-92-9/dp/B097YCBVLW/ref=sr_1_1853?brr=1&dchild=1&qid=1634421007&rd=1&s=digital-skills&sr=1-1853", "Prestige Capital Group 13": "https://www.amazon.com/Ingress-Ventures-Prestige-Capital-Group/dp/B097YC794G/ref=sr_1_1854?brr=1&dchild=1&qid=1634421007&rd=1&s=digital-skills&sr=1-1854", "Citadel FM Prestige Capital Group 375": "https://www.amazon.com/Citadel-Prestige-Capital-Group-375/dp/B097Y9955F/ref=sr_1_1855?brr=1&dchild=1&qid=1634421007&rd=1&s=digital-skills&sr=1-1855", "Citadel FM Prestige Capital Group 925": "https://www.amazon.com/Citadel-Prestige-Capital-Group-925/dp/B097Y92RLK/ref=sr_1_1856?brr=1&dchild=1&qid=1634421007&rd=1&s=digital-skills&sr=1-1856"}