{"Summer Music": "https://www.amazon.com/F%C3%A8RUE-Summer-Music/dp/B097XYPGPR/ref=sr_1_1873?brr=1&dchild=1&qid=1634421013&rd=1&s=digital-skills&sr=1-1873", "Light Ocean": "https://www.amazon.com/F%C3%A8RUE-Light-Ocean/dp/B097WLD8HT/ref=sr_1_1874?brr=1&dchild=1&qid=1634421013&rd=1&s=digital-skills&sr=1-1874", "J Tees Liquors Wines & Beer": "https://www.amazon.com/J-Tees-Liquors-Wines-Beer/dp/B097TXYTGD/ref=sr_1_1875?brr=1&dchild=1&qid=1634421013&rd=1&s=digital-skills&sr=1-1875", "Astro Photo": "https://www.amazon.com/QECE-Publishing-Astro-Photo/dp/B097TLM5Y9/ref=sr_1_1876?brr=1&dchild=1&qid=1634421013&rd=1&s=digital-skills&sr=1-1876", "Best Park Sounds": "https://www.amazon.com/F%C3%A8RUE-Best-Park-Sounds/dp/B097SYTWQP/ref=sr_1_1877?brr=1&dchild=1&qid=1634421013&rd=1&s=digital-skills&sr=1-1877", "Cicada Music": "https://www.amazon.com/F%C3%A8RUE-Cicada-Music/dp/B097SYBZHN/ref=sr_1_1878?brr=1&dchild=1&qid=1634421013&rd=1&s=digital-skills&sr=1-1878", "Heavy Sea": "https://www.amazon.com/F%C3%A8RUE-Heavy-Sea/dp/B097SXQYDK/ref=sr_1_1879?brr=1&dchild=1&qid=1634421013&rd=1&s=digital-skills&sr=1-1879", "kayleebarking": "https://www.amazon.com/Wabi-Sabi-Software-kayleebarking/dp/B097SQFFGJ/ref=sr_1_1880?brr=1&dchild=1&qid=1634421013&rd=1&s=digital-skills&sr=1-1880", "Citadel FM Krishna 2016 Inc 3046": "https://www.amazon.com/Citadel-Krishna-2016-Inc-3046/dp/B097RLFHY4/ref=sr_1_1881?brr=1&dchild=1&qid=1634421013&rd=1&s=digital-skills&sr=1-1881", "Best Cat Sounds": "https://www.amazon.com/F%C3%A8RUE-Best-Cat-Sounds/dp/B097RCS76C/ref=sr_1_1882?brr=1&dchild=1&qid=1634421013&rd=1&s=digital-skills&sr=1-1882", "Light Cricket": "https://www.amazon.com/F%C3%A8RUE-Light-Cricket/dp/B097RC4DDS/ref=sr_1_1883?brr=1&dchild=1&qid=1634421013&rd=1&s=digital-skills&sr=1-1883", "fubu radio": "https://www.amazon.com/Online-Radio-fubu-radio/dp/B097QW54LS/ref=sr_1_1884?brr=1&dchild=1&qid=1634421013&rd=1&s=digital-skills&sr=1-1884", "Forest Music": "https://www.amazon.com/F%C3%A8RUE-Forest-Music/dp/B097Q2HWF5/ref=sr_1_1885?brr=1&dchild=1&qid=1634421013&rd=1&s=digital-skills&sr=1-1885", "Meadow Music": "https://www.amazon.com/F%C3%A8RUE-Meadow-Music/dp/B097Q1BPZJ/ref=sr_1_1886?brr=1&dchild=1&qid=1634421013&rd=1&s=digital-skills&sr=1-1886", "Clearing Music": "https://www.amazon.com/F%C3%A8RUE-Clearing-Music/dp/B097PZR67Y/ref=sr_1_1887?brr=1&dchild=1&qid=1634421013&rd=1&s=digital-skills&sr=1-1887", "Best Tap Sounds": "https://www.amazon.com/F%C3%A8RUE-Best-Tap-Sounds/dp/B097PYKQZL/ref=sr_1_1888?brr=1&dchild=1&qid=1634421013&rd=1&s=digital-skills&sr=1-1888"}