{"Light Birds": "https://www.amazon.com/F%C3%A8RUE-Light-Birds/dp/B097P5JJ7P/ref=sr_1_1937?brr=1&dchild=1&qid=1634421025&rd=1&s=digital-skills&sr=1-1937", "Light Frog": "https://www.amazon.com/F%C3%A8RUE-Light-Frog/dp/B097P2B88R/ref=sr_1_1938?brr=1&dchild=1&qid=1634421025&rd=1&s=digital-skills&sr=1-1938", "Facts Test": "https://www.amazon.com/Dinesh-Thangaraj-Facts-Test/dp/B097NJYVY1/ref=sr_1_1939?brr=1&dchild=1&qid=1634421025&rd=1&s=digital-skills&sr=1-1939", "Oscillating Fan": "https://www.amazon.com/F%C3%A8RUE-Oscillating-Fan/dp/B097N98KRH/ref=sr_1_1940?brr=1&dchild=1&qid=1634421025&rd=1&s=digital-skills&sr=1-1940", "Light Fan": "https://www.amazon.com/F%C3%A8RUE-Light-Fan/dp/B097N7VC8P/ref=sr_1_1941?brr=1&dchild=1&qid=1634421025&rd=1&s=digital-skills&sr=1-1941", "Best Birds Sounds": "https://www.amazon.com/F%C3%A8RUE-Best-Birds-Sounds/dp/B097N79Z29/ref=sr_1_1942?brr=1&dchild=1&qid=1634421025&rd=1&s=digital-skills&sr=1-1942", "Heavy Drop": "https://www.amazon.com/F%C3%A8RUE-Heavy-Drop/dp/B097N6VSZ6/ref=sr_1_1943?brr=1&dchild=1&qid=1634421025&rd=1&s=digital-skills&sr=1-1943", "Heavy Ocean": "https://www.amazon.com/F%C3%A8RUE-Heavy-Ocean/dp/B097N63B35/ref=sr_1_1944?brr=1&dchild=1&qid=1634421025&rd=1&s=digital-skills&sr=1-1944", "West Coast Facts": "https://www.amazon.com/Prasanth-Yadla-West-Coast-Facts/dp/B097N61T67/ref=sr_1_1945?brr=1&dchild=1&qid=1634421025&rd=1&s=digital-skills&sr=1-1945", "Best Hen Sounds": "https://www.amazon.com/F%C3%A8RUE-Best-Hen-Sounds/dp/B097N5R435/ref=sr_1_1946?brr=1&dchild=1&qid=1634421025&rd=1&s=digital-skills&sr=1-1946", "Citadel FM Liquor and Tobacco Mart 6176": "https://www.amazon.com/Citadel-Liquor-Tobacco-Mart-6176/dp/B097N4J5LB/ref=sr_1_1947?brr=1&dchild=1&qid=1634421025&rd=1&s=digital-skills&sr=1-1947", "Heavy Fountain": "https://www.amazon.com/F%C3%A8RUE-Heavy-Fountain/dp/B097N48FW9/ref=sr_1_1948?brr=1&dchild=1&qid=1634421025&rd=1&s=digital-skills&sr=1-1948", "Southie Smoke Shop 559": "https://www.amazon.com/Ingress-Ventures-Southie-Smoke-Shop/dp/B097N3W4ZF/ref=sr_1_1949?brr=1&dchild=1&qid=1634421025&rd=1&s=digital-skills&sr=1-1949", "Boston Smoke Shop 334": "https://www.amazon.com/Ingress-Ventures-Boston-Smoke-Shop/dp/B097N3L9ZT/ref=sr_1_1950?brr=1&dchild=1&qid=1634421025&rd=1&s=digital-skills&sr=1-1950", "Best Pig Sounds": "https://www.amazon.com/F%C3%A8RUE-Best-Pig-Sounds/dp/B097N3K2PL/ref=sr_1_1951?brr=1&dchild=1&qid=1634421025&rd=1&s=digital-skills&sr=1-1951", "Light Shower": "https://www.amazon.com/F%C3%A8RUE-Light-Shower/dp/B097N3GMT1/ref=sr_1_1952?brr=1&dchild=1&qid=1634421025&rd=1&s=digital-skills&sr=1-1952"}