{"Watermelon Facts": "https://www.amazon.com/Home-Watermelon-Facts/dp/B097KS5XWG/ref=sr_1_1985?brr=1&dchild=1&qid=1634421034&rd=1&s=digital-skills&sr=1-1985", "music commands": "https://www.amazon.com/grahamcrackerbox-music-commands/dp/B097JZFL19/ref=sr_1_1986?brr=1&dchild=1&qid=1634421034&rd=1&s=digital-skills&sr=1-1986", "MyStudyBuddy": "https://www.amazon.com/Roberto-Luna-MyStudyBuddy/dp/B097J554QM/ref=sr_1_1987?brr=1&dchild=1&qid=1634421034&rd=1&s=digital-skills&sr=1-1987", "All or Nothing": "https://www.amazon.com/Standard-Benutzer-All-or-Nothing/dp/B097HL6VLQ/ref=sr_1_1988?brr=1&dchild=1&qid=1634421034&rd=1&s=digital-skills&sr=1-1988", "Facts Eight": "https://www.amazon.com/Dinesh-Thangaraj-Facts-Eight/dp/B097FFDYL7/ref=sr_1_1989?brr=1&dchild=1&qid=1634421034&rd=1&s=digital-skills&sr=1-1989", "quiz on the go": "https://www.amazon.com/Anasuya-quiz-on-the-go/dp/B097F8YGJ1/ref=sr_1_1990?brr=1&dchild=1&qid=1634421034&rd=1&s=digital-skills&sr=1-1990", "Sunoco Food Mart 363": "https://www.amazon.com/Ingress-Ventures-Sunoco-Food-Mart/dp/B097DYSWJY/ref=sr_1_1991?brr=1&dchild=1&qid=1634421034&rd=1&s=digital-skills&sr=1-1991", "Franksville Liquor 10502": "https://www.amazon.com/Ingress-Ventures-Franksville-Liquor-10502/dp/B097DT3D1Y/ref=sr_1_1992?brr=1&dchild=1&qid=1634421034&rd=1&s=digital-skills&sr=1-1992", "Rons Mart 1615": "https://www.amazon.com/Ingress-Ventures-Rons-Mart-1615/dp/B097DRDK3V/ref=sr_1_1993?brr=1&dchild=1&qid=1634421034&rd=1&s=digital-skills&sr=1-1993", "Shell Station 1833": "https://www.amazon.com/Ingress-Ventures-Shell-Station-1833/dp/B097DMX637/ref=sr_1_1994?brr=1&dchild=1&qid=1634421034&rd=1&s=digital-skills&sr=1-1994", "Citadel FM Germantown Drive Through 208": "https://www.amazon.com/Citadel-Germantown-Drive-Through-208/dp/B097DK27QM/ref=sr_1_1995?brr=1&dchild=1&qid=1634421034&rd=1&s=digital-skills&sr=1-1995", "Facts Two": "https://www.amazon.com/Dinesh-Thangaraj-Facts-Two/dp/B097DJWS63/ref=sr_1_1996?brr=1&dchild=1&qid=1634421034&rd=1&s=digital-skills&sr=1-1996", "Facts Five": "https://www.amazon.com/Dinesh-Thangaraj-Facts-Five/dp/B097DJ122Q/ref=sr_1_1997?brr=1&dchild=1&qid=1634421034&rd=1&s=digital-skills&sr=1-1997", "Facts Six": "https://www.amazon.com/Dinesh-Thangaraj-Facts-Six/dp/B097DH65QY/ref=sr_1_1998?brr=1&dchild=1&qid=1634421034&rd=1&s=digital-skills&sr=1-1998", "Facts Three": "https://www.amazon.com/Dinesh-Thangaraj-Facts-Three/dp/B097DGLHRT/ref=sr_1_1999?brr=1&dchild=1&qid=1634421034&rd=1&s=digital-skills&sr=1-1999", "Facts Four": "https://www.amazon.com/Dinesh-Thangaraj-Facts-Four/dp/B097DG1JCF/ref=sr_1_2000?brr=1&dchild=1&qid=1634421034&rd=1&s=digital-skills&sr=1-2000"}