{"Movie and Among Us Fan Quiz!": "https://www.amazon.com/Movie-Among-Us-Fan-Quiz/dp/B097DFHN7H/ref=sr_1_2001?brr=1&dchild=1&qid=1634421037&rd=1&s=digital-skills&sr=1-2001", "BP Oswego 6501": "https://www.amazon.com/Ingress-Ventures-BP-Oswego-6501/dp/B097DD7YRP/ref=sr_1_2002?brr=1&dchild=1&qid=1634421037&rd=1&s=digital-skills&sr=1-2002", "Citadel FM Rodeway Inn 3838": "https://www.amazon.com/Citadel-FM-Rodeway-Inn-3838/dp/B097DC5RK3/ref=sr_1_2003?brr=1&dchild=1&qid=1634421037&rd=1&s=digital-skills&sr=1-2003", "BP Romeoville 680": "https://www.amazon.com/Ingress-Ventures-BP-Romeoville-680/dp/B097D95M49/ref=sr_1_2004?brr=1&dchild=1&qid=1634421037&rd=1&s=digital-skills&sr=1-2004", "DAYS INN 131": "https://www.amazon.com/Ingress-Ventures-DAYS-INN-131/dp/B097D95FF6/ref=sr_1_2005?brr=1&dchild=1&qid=1634421037&rd=1&s=digital-skills&sr=1-2005", "Citadel FM Best Western Minden Inn 1411": "https://www.amazon.com/Citadel-Best-Western-Minden-1411/dp/B097D8Y8WB/ref=sr_1_2006?brr=1&dchild=1&qid=1634421037&rd=1&s=digital-skills&sr=1-2006", "Days Inn 5000": "https://www.amazon.com/Ingress-Ventures-Days-Inn-5000/dp/B097D8BKV7/ref=sr_1_2007?brr=1&dchild=1&qid=1634421037&rd=1&s=digital-skills&sr=1-2007", "Citadel FM King Smoke 22741": "https://www.amazon.com/Citadel-FM-King-Smoke-22741/dp/B097D883B2/ref=sr_1_2008?brr=1&dchild=1&qid=1634421037&rd=1&s=digital-skills&sr=1-2008", "Holiday Inn Express 55": "https://www.amazon.com/Ingress-Ventures-Holiday-Inn-Express/dp/B097D8821J/ref=sr_1_2009?brr=1&dchild=1&qid=1634421037&rd=1&s=digital-skills&sr=1-2009", "Facts Thirty One": "https://www.amazon.com/Dinesh-Thangaraj-Facts-Thirty-One/dp/B097CM9GWT/ref=sr_1_2010?brr=1&dchild=1&qid=1634421037&rd=1&s=digital-skills&sr=1-2010", "Boo Scared You": "https://www.amazon.com/Daliah-Boo-Scared-You/dp/B097C4J546/ref=sr_1_2011?brr=1&dchild=1&qid=1634421037&rd=1&s=digital-skills&sr=1-2011", "Family Jokes": "https://www.amazon.com/BENTLEY-Family-Jokes/dp/B097C2H28C/ref=sr_1_2012?brr=1&dchild=1&qid=1634421037&rd=1&s=digital-skills&sr=1-2012", "Citadel FM Rutva 2011 Inc 1209": "https://www.amazon.com/Citadel-Rutva-2011-Inc-1209/dp/B097BZG7SH/ref=sr_1_2013?brr=1&dchild=1&qid=1634421037&rd=1&s=digital-skills&sr=1-2013", "Typical Topical": "https://www.amazon.com/SN-forward-Typical-Topical/dp/B097BV8C5M/ref=sr_1_2014?brr=1&dchild=1&qid=1634421037&rd=1&s=digital-skills&sr=1-2014", "My Facts TwentyThree": "https://www.amazon.com/Dinesh-Thangaraj-My-Facts-TwentyThree/dp/B0979K26B4/ref=sr_1_2015?brr=1&dchild=1&qid=1634421037&rd=1&s=digital-skills&sr=1-2015", "Citadel FM Simply Wine & Spirit 3926": "https://www.amazon.com/Citadel-Simply-Wine-Spirit-3926/dp/B09799XQ9B/ref=sr_1_2016?brr=1&dchild=1&qid=1634421037&rd=1&s=digital-skills&sr=1-2016"}