{"Ashland Motel 1145": "https://www.amazon.com/Ingress-Ventures-Ashland-Motel-1145/dp/B097722TTR/ref=sr_1_2033?brr=1&dchild=1&qid=1634421043&rd=1&s=digital-skills&sr=1-2033", "Harrys Kitchen 1498": "https://www.amazon.com/Ingress-Ventures-Harrys-Kitchen-1498/dp/B0976ZT9RT/ref=sr_1_2034?brr=1&dchild=1&qid=1634421043&rd=1&s=digital-skills&sr=1-2034", "Citadel FM Stayable Suites Jacksonville 812": "https://www.amazon.com/Citadel-Stayable-Suites-Jacksonville-812/dp/B0976WY1D8/ref=sr_1_2035?brr=1&dchild=1&qid=1634421043&rd=1&s=digital-skills&sr=1-2035", "Baymont Wyndham 716": "https://www.amazon.com/Ingress-Ventures-Baymont-Wyndham-716/dp/B0976W9WG1/ref=sr_1_2036?brr=1&dchild=1&qid=1634421043&rd=1&s=digital-skills&sr=1-2036", "Citadel FM HARRYS TOBACCO MART 3 12056S": "https://www.amazon.com/Citadel-HARRYS-TOBACCO-MART-12056S/dp/B0976VKM9Q/ref=sr_1_2037?brr=1&dchild=1&qid=1634421043&rd=1&s=digital-skills&sr=1-2037", "CItadel FM Stayable Suites Lakeland 4645N": "https://www.amazon.com/CItadel-Stayable-Suites-Lakeland-4645N/dp/B0976V3TDF/ref=sr_1_2038?brr=1&dchild=1&qid=1634421043&rd=1&s=digital-skills&sr=1-2038", "Citadel FM Stayable Select Gainesville 2900SW": "https://www.amazon.com/Citadel-Stayable-Select-Gainesville-2900SW/dp/B0976SWKJF/ref=sr_1_2039?brr=1&dchild=1&qid=1634421043&rd=1&s=digital-skills&sr=1-2039", "Pomona Mart 4456": "https://www.amazon.com/Ingress-Ventures-Pomona-Mart-4456/dp/B0976SS8TB/ref=sr_1_2040?brr=1&dchild=1&qid=1634421043&rd=1&s=digital-skills&sr=1-2040", "Quality Inn & Suites 1950": "https://www.amazon.com/Ingress-Ventures-Quality-Suites-1950/dp/B0976S66C4/ref=sr_1_2041?brr=1&dchild=1&qid=1634421043&rd=1&s=digital-skills&sr=1-2041", "Citadel FM Stayable Suites Kissimmee 2295E": "https://www.amazon.com/Citadel-Stayable-Suites-Kissimmee-2295E/dp/B0976RRKQ5/ref=sr_1_2042?brr=1&dchild=1&qid=1634421043&rd=1&s=digital-skills&sr=1-2042", "Motel 6 405": "https://www.amazon.com/Ingress-Ventures-Motel-6-405/dp/B0976RNJF3/ref=sr_1_2043?brr=1&dchild=1&qid=1634421043&rd=1&s=digital-skills&sr=1-2043", "Apex Inn 2225": "https://www.amazon.com/Ingress-Ventures-Apex-Inn-2225/dp/B0976RNDY2/ref=sr_1_2044?brr=1&dchild=1&qid=1634421043&rd=1&s=digital-skills&sr=1-2044", "Citadel FM Action Corner Drive Thru 1601": "https://www.amazon.com/Citadel-Action-Corner-Drive-Thru/dp/B0976RHCZW/ref=sr_1_2045?brr=1&dchild=1&qid=1634421043&rd=1&s=digital-skills&sr=1-2045", "BP Quick Mart 330": "https://www.amazon.com/Ingress-Ventures-Quick-Mart-330/dp/B0976RGKVT/ref=sr_1_2046?brr=1&dchild=1&qid=1634421043&rd=1&s=digital-skills&sr=1-2046", "Citadel FM City Center Motel 324S": "https://www.amazon.com/Citadel-City-Center-Motel-324S/dp/B0976RCJRW/ref=sr_1_2047?brr=1&dchild=1&qid=1634421043&rd=1&s=digital-skills&sr=1-2047", "Citadel FM Mayland Market 13196": "https://www.amazon.com/Citadel-FM-Mayland-Market-13196/dp/B0976R8V65/ref=sr_1_2048?brr=1&dchild=1&qid=1634421043&rd=1&s=digital-skills&sr=1-2048"}