{"Box Fan sound": "https://www.amazon.com/Smart-Skills-Box-Fan-sound/dp/B08S31PMXT/ref=sr_1_193?brr=1&dchild=1&qid=1634420713&rd=1&s=digital-skills&sr=1-193", "Disney Fan Challenge": "https://www.amazon.com/Wing-Yan-Fan-Disney-Challenge/dp/B075ZQSS2H/ref=sr_1_194?brr=1&dchild=1&qid=1634420713&rd=1&s=digital-skills&sr=1-194", "Learn Lingo": "https://www.amazon.com/Ashish-Jha-Learn-Lingo/dp/B08JG5413T/ref=sr_1_195?brr=1&dchild=1&qid=1634420713&rd=1&s=digital-skills&sr=1-195", "Star Trek-TWOK Ship Phaser Sound": "https://www.amazon.com/Star-Trek-TWOK-Ship-Phaser-Sound/dp/B08XLMN5Y4/ref=sr_1_196?brr=1&dchild=1&qid=1634420713&rd=1&s=digital-skills&sr=1-196", "The Vortex": "https://www.amazon.com/Doppio-Games-The-Vortex/dp/B07JJV13G3/ref=sr_1_197?brr=1&dchild=1&qid=1634420713&rd=1&s=digital-skills&sr=1-197", "Deal Or No Deal": "https://www.amazon.com/Vocala-co-Deal-Or-No/dp/B07MZ94ZSS/ref=sr_1_198?brr=1&dchild=1&qid=1634420713&rd=1&s=digital-skills&sr=1-198", "Dan + Shay Quiz": "https://www.amazon.com/Warner-Music-Group-Shay-Quiz/dp/B09HHLH8YS/ref=sr_1_199?brr=1&dchild=1&qid=1634420713&rd=1&s=digital-skills&sr=1-199", "Women's Day Quiz": "https://www.amazon.com/Ramesh-Dv-Womens-Day-Quiz/dp/B07PV893GM/ref=sr_1_200?brr=1&dchild=1&qid=1634420713&rd=1&s=digital-skills&sr=1-200", "Game of Words": "https://www.amazon.com/Stoked-Skills-LLC-Game-Words/dp/B07VBFLWRL/ref=sr_1_201?brr=1&dchild=1&qid=1634420713&rd=1&s=digital-skills&sr=1-201", "Lake sound": "https://www.amazon.com/Smart-Skills-Lake-sound/dp/B086C343N9/ref=sr_1_202?brr=1&dchild=1&qid=1634420713&rd=1&s=digital-skills&sr=1-202", "Delta Waves Sleep\u00ae": "https://www.amazon.com/Ribbon-Works-Delta-Waves-Sleep%C2%AE/dp/B091BV9CGG/ref=sr_1_203?brr=1&dchild=1&qid=1634420713&rd=1&s=digital-skills&sr=1-203", "Cricket sound": "https://www.amazon.com/Smart-Skills-Cricket-sound/dp/B086KZCG5B/ref=sr_1_204?brr=1&dchild=1&qid=1634420713&rd=1&s=digital-skills&sr=1-204", "Trivial Pursuit Tap": "https://www.amazon.com/Amazon-Trivial-Pursuit-Tap/dp/B076XKK3L3/ref=sr_1_205?brr=1&dchild=1&qid=1634420713&rd=1&s=digital-skills&sr=1-205", "unofficalDNDRace": "https://www.amazon.com/vsmalladi-unofficalDNDRace/dp/B01LZ9KJDP/ref=sr_1_206?brr=1&dchild=1&qid=1634420713&rd=1&s=digital-skills&sr=1-206", "Better Call Saul": "https://www.amazon.com/Voice-Apps-Club-Better-Call/dp/B07F9STCK5/ref=sr_1_207?brr=1&dchild=1&qid=1634420713&rd=1&s=digital-skills&sr=1-207", "Sleep Sounds": "https://www.amazon.com/Smart-Skills-Sleep-sounds/dp/B08R9R7K2T/ref=sr_1_208?brr=1&dchild=1&qid=1634420713&rd=1&s=digital-skills&sr=1-208"}