{"Citadel FM Comfort Inn New Stanton PA 106": "https://www.amazon.com/Citadel-Comfort-Inn-New-Stanton/dp/B0972KFGVM/ref=sr_1_2081?brr=1&dchild=1&qid=1634421051&rd=1&s=digital-skills&sr=1-2081", "BP 860W": "https://www.amazon.com/Ingress-Ventures-BP-860W/dp/B0972HP9HV/ref=sr_1_2082?brr=1&dchild=1&qid=1634421051&rd=1&s=digital-skills&sr=1-2082", "BP 5590": "https://www.amazon.com/Ingress-Ventures-BP-5590/dp/B0972HBVCJ/ref=sr_1_2083?brr=1&dchild=1&qid=1634421051&rd=1&s=digital-skills&sr=1-2083", "BP 1100W": "https://www.amazon.com/Ingress-Ventures-BP-1100W/dp/B0972H9ZLL/ref=sr_1_2084?brr=1&dchild=1&qid=1634421051&rd=1&s=digital-skills&sr=1-2084", "BP 470": "https://www.amazon.com/Ingress-Ventures-BP-470/dp/B0972GZ1YX/ref=sr_1_2085?brr=1&dchild=1&qid=1634421051&rd=1&s=digital-skills&sr=1-2085", "Citadel FM Comfort Inn Clearfield PA 1821": "https://www.amazon.com/Citadel-Comfort-Inn-Clearfield-1821/dp/B0972G8XG4/ref=sr_1_2086?brr=1&dchild=1&qid=1634421051&rd=1&s=digital-skills&sr=1-2086", "Royal Inn 134": "https://www.amazon.com/Ingress-Ventures-Royal-Inn-134/dp/B0972FLNTS/ref=sr_1_2087?brr=1&dchild=1&qid=1634421051&rd=1&s=digital-skills&sr=1-2087", "Rodeway Inn 3080E": "https://www.amazon.com/Ingress-Ventures-Rodeway-Inn-3080E/dp/B0972DQTK2/ref=sr_1_2088?brr=1&dchild=1&qid=1634421051&rd=1&s=digital-skills&sr=1-2088", "Sunoco Food Mart 6300": "https://www.amazon.com/Ingress-Ventures-Sunoco-Food-Mart/dp/B0972DMDZM/ref=sr_1_2089?brr=1&dchild=1&qid=1634421051&rd=1&s=digital-skills&sr=1-2089", "HARRYS 31 1109": "https://www.amazon.com/Ingress-Ventures-HARRYS-31-1109/dp/B0972CSHXH/ref=sr_1_2090?brr=1&dchild=1&qid=1634421051&rd=1&s=digital-skills&sr=1-2090", "Citadel FM HARRYS 35 4390": "https://www.amazon.com/Citadel-FM-HARRYS-35-4390/dp/B0972CP2G8/ref=sr_1_2091?brr=1&dchild=1&qid=1634421051&rd=1&s=digital-skills&sr=1-2091", "CORNER STOP 300": "https://www.amazon.com/Ingress-Ventures-CORNER-STOP-300/dp/B0972C8PB1/ref=sr_1_2092?brr=1&dchild=1&qid=1634421051&rd=1&s=digital-skills&sr=1-2092", "Planets Memory Game": "https://www.amazon.com/Inspirando-Sonhos-Planets-Memory-Game/dp/B0971KRZHP/ref=sr_1_2093?brr=1&dchild=1&qid=1634421051&rd=1&s=digital-skills&sr=1-2093", "UtterlyCrazy": "https://www.amazon.com/PenguinCircus-Dev-UtterlyCrazy/dp/B09714PWX8/ref=sr_1_2094?brr=1&dchild=1&qid=1634421051&rd=1&s=digital-skills&sr=1-2094", "Accent Go": "https://www.amazon.com/Vyral-Accent-Go/dp/B096ZSWC1P/ref=sr_1_2095?brr=1&dchild=1&qid=1634421051&rd=1&s=digital-skills&sr=1-2095", "Dominion Deck Builder": "https://www.amazon.com/Bryan-Fenton-Joseph-Dominion-Builder/dp/B096ZQS6VQ/ref=sr_1_2096?brr=1&dchild=1&qid=1634421051&rd=1&s=digital-skills&sr=1-2096"}