{"Citadel FM HARRYS WINE & SPIRITS 2 5200N": "https://www.amazon.com/Citadel-HARRYS-WINE-SPIRITS-5200N/dp/B096T6947Z/ref=sr_1_2129?brr=1&dchild=1&qid=1634421060&rd=1&s=digital-skills&sr=1-2129", "Citadel FM HARRYS 22 8201": "https://www.amazon.com/Citadel-FM-HARRYS-22-8201/dp/B096T5X83N/ref=sr_1_2130?brr=1&dchild=1&qid=1634421060&rd=1&s=digital-skills&sr=1-2130", "HARRYS 36 1410": "https://www.amazon.com/Ingress-Ventures-HARRYS-36-1410/dp/B096T5SSHJ/ref=sr_1_2131?brr=1&dchild=1&qid=1634421060&rd=1&s=digital-skills&sr=1-2131", "HARRYS 15 660": "https://www.amazon.com/Ingress-Ventures-HARRYS-15-660/dp/B096T5NC5K/ref=sr_1_2132?brr=1&dchild=1&qid=1634421060&rd=1&s=digital-skills&sr=1-2132", "Citadel FM HARRYS 41 2301": "https://www.amazon.com/Citadel-FM-HARRYS-41-2301/dp/B096T5FY73/ref=sr_1_2133?brr=1&dchild=1&qid=1634421060&rd=1&s=digital-skills&sr=1-2133", "HARRYS 25 1660": "https://www.amazon.com/Ingress-Ventures-HARRYS-25-1660/dp/B096T5FWFJ/ref=sr_1_2134?brr=1&dchild=1&qid=1634421060&rd=1&s=digital-skills&sr=1-2134", "HARRYS 42 947": "https://www.amazon.com/Ingress-Ventures-HARRYS-42-947/dp/B096T4CRL7/ref=sr_1_2135?brr=1&dchild=1&qid=1634421060&rd=1&s=digital-skills&sr=1-2135", "Citadel FM RILEYS WINE SPIRITS 4818": "https://www.amazon.com/Citadel-RILEYS-WINE-SPIRITS-4818/dp/B096T38LQN/ref=sr_1_2136?brr=1&dchild=1&qid=1634421060&rd=1&s=digital-skills&sr=1-2136", "Citadel FM HARRYS TOBACCO MART 1 4850": "https://www.amazon.com/Citadel-HARRYS-TOBACCO-MART-4850/dp/B096T2MW3D/ref=sr_1_2137?brr=1&dchild=1&qid=1634421060&rd=1&s=digital-skills&sr=1-2137", "Citadel FM RACEWAY 6843 405": "https://www.amazon.com/Citadel-FM-RACEWAY-6843-405/dp/B096T2FKF8/ref=sr_1_2138?brr=1&dchild=1&qid=1634421060&rd=1&s=digital-skills&sr=1-2138", "Citadel FM HARRYS 27 3797": "https://www.amazon.com/Citadel-FM-HARRYS-27-3797/dp/B096SZK3RX/ref=sr_1_2139?brr=1&dchild=1&qid=1634421060&rd=1&s=digital-skills&sr=1-2139", "Citadel FM HARRYS 21 2705": "https://www.amazon.com/Citadel-FM-HARRYS-21-2705/dp/B096SZJYML/ref=sr_1_2140?brr=1&dchild=1&qid=1634421060&rd=1&s=digital-skills&sr=1-2140", "HARRYS 17 4600": "https://www.amazon.com/Ingress-Ventures-HARRYS-17-4600/dp/B096SZJGCY/ref=sr_1_2141?brr=1&dchild=1&qid=1634421060&rd=1&s=digital-skills&sr=1-2141", "HARRYS 26 11210": "https://www.amazon.com/Ingress-Ventures-HARRYS-26-11210/dp/B096SZ8NTY/ref=sr_1_2142?brr=1&dchild=1&qid=1634421060&rd=1&s=digital-skills&sr=1-2142", "HARRYS 32 682": "https://www.amazon.com/Ingress-Ventures-HARRYS-32-682/dp/B096SZ5B5K/ref=sr_1_2143?brr=1&dchild=1&qid=1634421060&rd=1&s=digital-skills&sr=1-2143", "Citadel FM HARRYS TOBACCO MART 4850": "https://www.amazon.com/Citadel-HARRYS-TOBACCO-MART-4850/dp/B096SYH9D6/ref=sr_1_2144?brr=1&dchild=1&qid=1634421060&rd=1&s=digital-skills&sr=1-2144"}