{"LIT UNLIMITED 10357": "https://www.amazon.com/Ingress-Ventures-LIT-UNLIMITED-10357/dp/B096RRJJGM/ref=sr_1_2177?brr=1&dchild=1&qid=1634421069&rd=1&s=digital-skills&sr=1-2177", "DBA DOMINATOR FUELS 115": "https://www.amazon.com/Ingress-Ventures-DBA-DOMINATOR-FUELS/dp/B096RNN5KQ/ref=sr_1_2178?brr=1&dchild=1&qid=1634421069&rd=1&s=digital-skills&sr=1-2178", "Citadel FM HARRYS 20 3865": "https://www.amazon.com/Citadel-FM-HARRYS-20-3865/dp/B096RNM8RP/ref=sr_1_2179?brr=1&dchild=1&qid=1634421069&rd=1&s=digital-skills&sr=1-2179", "Citadel FM SURF N GO IV 7154": "https://www.amazon.com/Citadel-FM-SURF-GO-7154/dp/B096RNJW7B/ref=sr_1_2180?brr=1&dchild=1&qid=1634421069&rd=1&s=digital-skills&sr=1-2180", "Citadel FM LOUISBURG DISCOUNT LIQUOR 117": "https://www.amazon.com/Citadel-LOUISBURG-DISCOUNT-LIQUOR-117/dp/B096RN1Q73/ref=sr_1_2181?brr=1&dchild=1&qid=1634421069&rd=1&s=digital-skills&sr=1-2181", "Fast Stop 5020": "https://www.amazon.com/Ingress-Ventures-Fast-Stop-5020/dp/B096RMTJ7N/ref=sr_1_2182?brr=1&dchild=1&qid=1634421069&rd=1&s=digital-skills&sr=1-2182", "Sinclair 211S": "https://www.amazon.com/Ingress-Ventures-Sinclair-211S/dp/B096RKF477/ref=sr_1_2183?brr=1&dchild=1&qid=1634421069&rd=1&s=digital-skills&sr=1-2183", "Citadel FM Roadside Market 10761W": "https://www.amazon.com/Citadel-FM-Roadside-Market-10761W/dp/B096RKBPWX/ref=sr_1_2184?brr=1&dchild=1&qid=1634421069&rd=1&s=digital-skills&sr=1-2184", "Citadel FM HARRYS 37 3003": "https://www.amazon.com/Citadel-FM-HARRYS-37-3003/dp/B096RKBH54/ref=sr_1_2185?brr=1&dchild=1&qid=1634421069&rd=1&s=digital-skills&sr=1-2185", "HARRYS 23 305": "https://www.amazon.com/Ingress-Ventures-HARRYS-23-305/dp/B096RK84JY/ref=sr_1_2186?brr=1&dchild=1&qid=1634421069&rd=1&s=digital-skills&sr=1-2186", "Pilot 4610": "https://www.amazon.com/Ingress-Ventures-Pilot-4610/dp/B096RH99DZ/ref=sr_1_2187?brr=1&dchild=1&qid=1634421069&rd=1&s=digital-skills&sr=1-2187", "Citadel FM La Quinta Suites 23040": "https://www.amazon.com/Citadel-FM-Quinta-Suites-23040/dp/B096N6966P/ref=sr_1_2188?brr=1&dchild=1&qid=1634421069&rd=1&s=digital-skills&sr=1-2188", "Chablis Inn 3360": "https://www.amazon.com/Ingress-Ventures-Chablis-Inn-3360/dp/B096MS8MK8/ref=sr_1_2189?brr=1&dchild=1&qid=1634421069&rd=1&s=digital-skills&sr=1-2189", "Days Inn 1918": "https://www.amazon.com/Ingress-Ventures-Days-Inn-1918/dp/B096MPW635/ref=sr_1_2190?brr=1&dchild=1&qid=1634421069&rd=1&s=digital-skills&sr=1-2190", "Candlewood Suites 632S": "https://www.amazon.com/Ingress-Ventures-Candlewood-Suites-632S/dp/B096MNK4MN/ref=sr_1_2191?brr=1&dchild=1&qid=1634421069&rd=1&s=digital-skills&sr=1-2191", "Citadel FM A1 Food Mart 2836": "https://www.amazon.com/Citadel-FM-Food-Mart-2836/dp/B096ML2Y56/ref=sr_1_2192?brr=1&dchild=1&qid=1634421069&rd=1&s=digital-skills&sr=1-2192"}