{"Dans 1856": "https://www.amazon.com/Ingress-Ventures-Dans-1856/dp/B096FK98MK/ref=sr_1_2225?brr=1&dchild=1&qid=1634421078&rd=1&s=digital-skills&sr=1-2225", "Rodeway Inn 908": "https://www.amazon.com/Ingress-Ventures-Rodeway-Inn-908/dp/B096FHJY2B/ref=sr_1_2226?brr=1&dchild=1&qid=1634421078&rd=1&s=digital-skills&sr=1-2226", "Citadel FM Highway 17 Beverage Inc 6072": "https://www.amazon.com/Citadel-Highway-Beverage-Inc-6072/dp/B096FH1QSH/ref=sr_1_2227?brr=1&dchild=1&qid=1634421078&rd=1&s=digital-skills&sr=1-2227", "Cardinal Liquors 207": "https://www.amazon.com/Ingress-Ventures-Cardinal-Liquors-207/dp/B096FGGLRP/ref=sr_1_2228?brr=1&dchild=1&qid=1634421078&rd=1&s=digital-skills&sr=1-2228", "Citadel FM Super 8 Saginaw 4848": "https://www.amazon.com/Citadel-FM-Super-Saginaw-4848/dp/B096FC14XH/ref=sr_1_2229?brr=1&dchild=1&qid=1634421078&rd=1&s=digital-skills&sr=1-2229", "Dakota Cowboy Inn 208W": "https://www.amazon.com/Ingress-Ventures-Dakota-Cowboy-208W/dp/B096F7C2V2/ref=sr_1_2230?brr=1&dchild=1&qid=1634421078&rd=1&s=digital-skills&sr=1-2230", "Citadel FM 23 mart and Go Go Bar 6301S": "https://www.amazon.com/Citadel-FM-mart-Bar-6301S/dp/B096F35VVC/ref=sr_1_2231?brr=1&dchild=1&qid=1634421078&rd=1&s=digital-skills&sr=1-2231", "Grass Lake Grocery 2450": "https://www.amazon.com/Ingress-Ventures-Grass-Lake-Grocery/dp/B096F2SHDD/ref=sr_1_2232?brr=1&dchild=1&qid=1634421078&rd=1&s=digital-skills&sr=1-2232", "Economy Inn 4405 E": "https://www.amazon.com/Ingress-Ventures-Economy-Inn-4405/dp/B096DW3QCZ/ref=sr_1_2233?brr=1&dchild=1&qid=1634421078&rd=1&s=digital-skills&sr=1-2233", "Independence Facts": "https://www.amazon.com/Racheal-Chimbghandah-Independence-Facts/dp/B096DTDY3W/ref=sr_1_2234?brr=1&dchild=1&qid=1634421078&rd=1&s=digital-skills&sr=1-2234", "Game fan trivia": "https://www.amazon.com/JA-Game-fan-trivia/dp/B096DP19J7/ref=sr_1_2235?brr=1&dchild=1&qid=1634421078&rd=1&s=digital-skills&sr=1-2235", "ARCO 34841": "https://www.amazon.com/Ingress-Ventures-ARCO-34841/dp/B096BCC49Y/ref=sr_1_2236?brr=1&dchild=1&qid=1634421078&rd=1&s=digital-skills&sr=1-2236", "Citadel FM Super Laundromat 23182": "https://www.amazon.com/Citadel-FM-Super-Laundromat-23182/dp/B096BC4J9W/ref=sr_1_2237?brr=1&dchild=1&qid=1634421078&rd=1&s=digital-skills&sr=1-2237", "Lincoln Soul Radio": "https://www.amazon.com/Online-Radio-Lincoln-Soul/dp/B096BBX1C5/ref=sr_1_2238?brr=1&dchild=1&qid=1634421078&rd=1&s=digital-skills&sr=1-2238", "Americ Inn 2709": "https://www.amazon.com/Ingress-Ventures-Americ-Inn-2709/dp/B0969CRY5C/ref=sr_1_2239?brr=1&dchild=1&qid=1634421078&rd=1&s=digital-skills&sr=1-2239", "Ayras Kenosha 1900": "https://www.amazon.com/Ingress-Ventures-Ayras-Kenosha-1900/dp/B0969C72HH/ref=sr_1_2240?brr=1&dchild=1&qid=1634421078&rd=1&s=digital-skills&sr=1-2240"}