{"Carbon Footprint": "https://www.amazon.com/Abhay-Carbon-Footprint/dp/B096597PBT/ref=sr_1_2289?brr=1&dchild=1&qid=1634421089&rd=1&s=digital-skills&sr=1-2289", "My Facts Twelve": "https://www.amazon.com/Dinesh-Thangaraj-My-Facts-Twelve/dp/B0965724PD/ref=sr_1_2290?brr=1&dchild=1&qid=1634421089&rd=1&s=digital-skills&sr=1-2290", "Laundromax 201 W": "https://www.amazon.com/Ingress-Ventures-Laundromax-201-W/dp/B09633PFKH/ref=sr_1_2291?brr=1&dchild=1&qid=1634421089&rd=1&s=digital-skills&sr=1-2291", "Citadel FM EconoLodge Amish Country 17602": "https://www.amazon.com/Citadel-EconoLodge-Amish-Country-17602/dp/B095Y4NCC4/ref=sr_1_2292?brr=1&dchild=1&qid=1634421089&rd=1&s=digital-skills&sr=1-2292", "Elmwood Shell 5": "https://www.amazon.com/Ingress-Ventures-Elmwood-Shell-5/dp/B095Y3DPPK/ref=sr_1_2293?brr=1&dchild=1&qid=1634421089&rd=1&s=digital-skills&sr=1-2293", "Americinn By Wyndham 750": "https://www.amazon.com/Ingress-Ventures-Americinn-Wyndham-750/dp/B095Y33PT2/ref=sr_1_2294?brr=1&dchild=1&qid=1634421089&rd=1&s=digital-skills&sr=1-2294", "PIAs Lodging 313": "https://www.amazon.com/Ingress-Ventures-PIAs-Lodging-313/dp/B095Y2ZNXN/ref=sr_1_2295?brr=1&dchild=1&qid=1634421089&rd=1&s=digital-skills&sr=1-2295", "Econolodge Inn and Suites 600": "https://www.amazon.com/Econolodge-Inn-and-Suites-600/dp/B095Y2XHRS/ref=sr_1_2296?brr=1&dchild=1&qid=1634421089&rd=1&s=digital-skills&sr=1-2296", "Skip Counting Game": "https://www.amazon.com/Logasundari-Skip-Counting-Game/dp/B095WJCW24/ref=sr_1_2297?brr=1&dchild=1&qid=1634421089&rd=1&s=digital-skills&sr=1-2297", "HMD general skill 1": "https://www.amazon.com/Amazon-HMD-general-skill-1/dp/B095TYQ7D9/ref=sr_1_2298?brr=1&dchild=1&qid=1634421089&rd=1&s=digital-skills&sr=1-2298", "Preeminent Radio": "https://www.amazon.com/Online-Radio-Preeminent/dp/B095S85FRK/ref=sr_1_2299?brr=1&dchild=1&qid=1634421089&rd=1&s=digital-skills&sr=1-2299", "Citadel FM Fun Wash Laundry 2441": "https://www.amazon.com/Citadel-Fun-Wash-Laundry-2441/dp/B095S71XDB/ref=sr_1_2300?brr=1&dchild=1&qid=1634421089&rd=1&s=digital-skills&sr=1-2300", "Money Quiz": "https://www.amazon.com/Matthew-Kristopher-Frazier-Money-Quiz/dp/B095RTG1ZB/ref=sr_1_2301?brr=1&dchild=1&qid=1634421089&rd=1&s=digital-skills&sr=1-2301", "Citadel FM Red Roof Inn - Springfield 155 W": "https://www.amazon.com/Citadel-Red-Roof-Inn-Springfield/dp/B095RSV1ZY/ref=sr_1_2302?brr=1&dchild=1&qid=1634421089&rd=1&s=digital-skills&sr=1-2302", "Amazing Tiger facts": "https://www.amazon.com/SriSkills-Amazing-Tiger-facts/dp/B095RSJHKR/ref=sr_1_2303?brr=1&dchild=1&qid=1634421089&rd=1&s=digital-skills&sr=1-2303", "FavTrip 10507 E": "https://www.amazon.com/Ingress-Ventures-FavTrip-10507-E/dp/B095PDLGCZ/ref=sr_1_2304?brr=1&dchild=1&qid=1634421089&rd=1&s=digital-skills&sr=1-2304"}