{"FT Investment 1300 S": "https://www.amazon.com/Ingress-Ventures-FT-Investment-1300/dp/B095PBPVL1/ref=sr_1_2305?brr=1&dchild=1&qid=1634421092&rd=1&s=digital-skills&sr=1-2305", "FT Investment 100 S": "https://www.amazon.com/Ingress-Ventures-FT-Investment-100/dp/B095P8X36D/ref=sr_1_2306?brr=1&dchild=1&qid=1634421092&rd=1&s=digital-skills&sr=1-2306", "Improv Time": "https://www.amazon.com/Does-not-apply-Improv-Time/dp/B095NBPQG8/ref=sr_1_2307?brr=1&dchild=1&qid=1634421092&rd=1&s=digital-skills&sr=1-2307", "What's cooking (Filipino dishes)": "https://www.amazon.com/Djvt-Whats-cooking-Filipino-dishes/dp/B095MX4CH1/ref=sr_1_2308?brr=1&dchild=1&qid=1634421092&rd=1&s=digital-skills&sr=1-2308", "guess the music director": "https://www.amazon.com/Daffy-Design-Labs-guess-director/dp/B095L1JFVV/ref=sr_1_2309?brr=1&dchild=1&qid=1634421092&rd=1&s=digital-skills&sr=1-2309", "Super Clean Laundromats 3063W": "https://www.amazon.com/Ingress-Ventures-Super-Clean-Laundromats/dp/B095KS3TWH/ref=sr_1_2310?brr=1&dchild=1&qid=1634421092&rd=1&s=digital-skills&sr=1-2310", "Easy Burns": "https://www.amazon.com/Erik-Mann-Easy-Burns/dp/B095KGNNKD/ref=sr_1_2311?brr=1&dchild=1&qid=1634421092&rd=1&s=digital-skills&sr=1-2311", "Song Blast by Beat The Intro": "https://www.amazon.com/Vocala-co-Song-Blast-Beat-Intro/dp/B095KF9397/ref=sr_1_2312?brr=1&dchild=1&qid=1634421092&rd=1&s=digital-skills&sr=1-2312", "Red Roof Inn 950": "https://www.amazon.com/Ingress-Ventures-Red-Roof-Inn/dp/B095KBYSN8/ref=sr_1_2313?brr=1&dchild=1&qid=1634421092&rd=1&s=digital-skills&sr=1-2313", "Trek Base - Boldly go where no one has gone before": "https://www.amazon.com/Trek-Base-Boldly-where-before/dp/B095K6N8SS/ref=sr_1_2314?brr=1&dchild=1&qid=1634421092&rd=1&s=digital-skills&sr=1-2314", "Relax inn 2620": "https://www.amazon.com/Ingress-Ventures-Relax-inn-2620/dp/B095K3PQZL/ref=sr_1_2315?brr=1&dchild=1&qid=1634421092&rd=1&s=digital-skills&sr=1-2315", "Citadel FM Best Western Plus 8106": "https://www.amazon.com/Citadel-Best-Western-Plus-8106/dp/B095K2NP6Z/ref=sr_1_2316?brr=1&dchild=1&qid=1634421092&rd=1&s=digital-skills&sr=1-2316", "Convenience Store 977": "https://www.amazon.com/Ingress-Ventures-Convenience-Store-977/dp/B095JX9Z1B/ref=sr_1_2317?brr=1&dchild=1&qid=1634421092&rd=1&s=digital-skills&sr=1-2317", "Library Sound": "https://www.amazon.com/Smart-Skills-Library-Sound/dp/B095JSY81X/ref=sr_1_2318?brr=1&dchild=1&qid=1634421092&rd=1&s=digital-skills&sr=1-2318", "ReminderIP20210521": "https://www.amazon.com/Amazon-Web-Services-ReminderIP20210521/dp/B095JN1W4C/ref=sr_1_2319?brr=1&dchild=1&qid=1634421092&rd=1&s=digital-skills&sr=1-2319", "Supernova Squad": "https://www.amazon.com/SkillStorm-Supernova-Squad/dp/B095J8WMDQ/ref=sr_1_2320?brr=1&dchild=1&qid=1634421092&rd=1&s=digital-skills&sr=1-2320"}