{"Numbers Game": "https://www.amazon.com/Robert-Mroch-Numbers-Game/dp/B095J41F1L/ref=sr_1_2321?brr=1&dchild=1&qid=1634421095&rd=1&s=digital-skills&sr=1-2321", "Building a speech": "https://www.amazon.com/EC-Web-Building-a-speech/dp/B095HVF92P/ref=sr_1_2322?brr=1&dchild=1&qid=1634421095&rd=1&s=digital-skills&sr=1-2322", "Mountain Sound": "https://www.amazon.com/Smart-Skills-Mountain-Sound/dp/B095HTB3Z4/ref=sr_1_2323?brr=1&dchild=1&qid=1634421095&rd=1&s=digital-skills&sr=1-2323", "Technical Quiz": "https://www.amazon.com/Tanmay-Chaudhary-Technical-Quiz/dp/B095HRRZ98/ref=sr_1_2324?brr=1&dchild=1&qid=1634421095&rd=1&s=digital-skills&sr=1-2324", "Legacy Hospitality 5005": "https://www.amazon.com/Ingress-Ventures-Legacy-Hospitality-5005/dp/B095HKVVS7/ref=sr_1_2325?brr=1&dchild=1&qid=1634421095&rd=1&s=digital-skills&sr=1-2325", "Sleep inn 5597": "https://www.amazon.com/Ingress-Ventures-Sleep-inn-5597/dp/B095HKJY28/ref=sr_1_2326?brr=1&dchild=1&qid=1634421095&rd=1&s=digital-skills&sr=1-2326", "Citadel FM Candlewood Suites 3916": "https://www.amazon.com/Citadel-FM-Candlewood-Suites-3916/dp/B095HKCNFP/ref=sr_1_2327?brr=1&dchild=1&qid=1634421095&rd=1&s=digital-skills&sr=1-2327", "elephant facts": "https://www.amazon.com/Ash-elephant-facts/dp/B095HHVJ5F/ref=sr_1_2328?brr=1&dchild=1&qid=1634421095&rd=1&s=digital-skills&sr=1-2328", "Quality Inn Miamisburg 250": "https://www.amazon.com/Ingress-Ventures-Quality-Inn-Miamisburg/dp/B095HDCZ94/ref=sr_1_2329?brr=1&dchild=1&qid=1634421095&rd=1&s=digital-skills&sr=1-2329", "Woods Sound": "https://www.amazon.com/Smart-Skills-Woods-Sound/dp/B095HCXRH4/ref=sr_1_2330?brr=1&dchild=1&qid=1634421095&rd=1&s=digital-skills&sr=1-2330", "Jet Sound": "https://www.amazon.com/Smart-Skills-Jet-Sound/dp/B095H4CBVV/ref=sr_1_2331?brr=1&dchild=1&qid=1634421095&rd=1&s=digital-skills&sr=1-2331", "Heater Fan Sound": "https://www.amazon.com/Smart-Skills-Heater-Fan-Sound/dp/B095H2CMVY/ref=sr_1_2332?brr=1&dchild=1&qid=1634421095&rd=1&s=digital-skills&sr=1-2332", "Citadel FM Dutch Hollow Market 6107": "https://www.amazon.com/Citadel-Dutch-Hollow-Market-6107/dp/B095CPCDHF/ref=sr_1_2333?brr=1&dchild=1&qid=1634421095&rd=1&s=digital-skills&sr=1-2333", "Fun Wash Laundry 1007 N": "https://www.amazon.com/Fun-Wash-Laundry-1007-N/dp/B095CJTQRN/ref=sr_1_2334?brr=1&dchild=1&qid=1634421095&rd=1&s=digital-skills&sr=1-2334", "Fun Wash Laundry 801 S": "https://www.amazon.com/Fun-Wash-Laundry-801-S/dp/B095CH4CHX/ref=sr_1_2335?brr=1&dchild=1&qid=1634421095&rd=1&s=digital-skills&sr=1-2335", "Home Motel 412 N": "https://www.amazon.com/Ingress-Ventures-Home-Motel-412/dp/B095CGQ24R/ref=sr_1_2336?brr=1&dchild=1&qid=1634421095&rd=1&s=digital-skills&sr=1-2336"}