{"Citadel FM Best Western Inn & Suites 3326": "https://www.amazon.com/Citadel-Best-Western-Suites-3326/dp/B095CFR5WN/ref=sr_1_2337?brr=1&dchild=1&qid=1634421098&rd=1&s=digital-skills&sr=1-2337", "Newfoundland Trivia": "https://www.amazon.com/Elliott-Barnes-Newfoundland-Trivia/dp/B095CFJ1QF/ref=sr_1_2338?brr=1&dchild=1&qid=1634421098&rd=1&s=digital-skills&sr=1-2338", "Citadel FM Kenrose Motel 25725": "https://www.amazon.com/Citadel-FM-Kenrose-Motel-25725/dp/B095CDPCR7/ref=sr_1_2339?brr=1&dchild=1&qid=1634421098&rd=1&s=digital-skills&sr=1-2339", "Indian Head Inn 4640": "https://www.amazon.com/Ingress-Ventures-Indian-Head-4640/dp/B095CD15RR/ref=sr_1_2340?brr=1&dchild=1&qid=1634421098&rd=1&s=digital-skills&sr=1-2340", "Relax Inn Motel 402 S": "https://www.amazon.com/Relax-Inn-Motel-402-S/dp/B095C5QH8P/ref=sr_1_2341?brr=1&dchild=1&qid=1634421098&rd=1&s=digital-skills&sr=1-2341", "American inn 39": "https://www.amazon.com/Ingress-Ventures-American-inn-39/dp/B095C2NBJJ/ref=sr_1_2342?brr=1&dchild=1&qid=1634421098&rd=1&s=digital-skills&sr=1-2342", "Fun Wash Laundry 1003 E": "https://www.amazon.com/Fun-Wash-Laundry-1003-E/dp/B095BRLX81/ref=sr_1_2343?brr=1&dchild=1&qid=1634421098&rd=1&s=digital-skills&sr=1-2343", "Yes No Maybe": "https://www.amazon.com/Liam-Jones-Yes-No-Maybe/dp/B0957V8DPP/ref=sr_1_2344?brr=1&dchild=1&qid=1634421098&rd=1&s=digital-skills&sr=1-2344", "Who's turn": "https://www.amazon.com/Remie-Whos-turn/dp/B0957PDBNM/ref=sr_1_2345?brr=1&dchild=1&qid=1634421098&rd=1&s=digital-skills&sr=1-2345", "Profcasters": "https://www.amazon.com/AirKast-Inc-Profcasters/dp/B0957MBCZD/ref=sr_1_2346?brr=1&dchild=1&qid=1634421098&rd=1&s=digital-skills&sr=1-2346", "Lotas Productions": "https://www.amazon.com/Voiceweave-Lotas-Productions/dp/B0957LYRY1/ref=sr_1_2347?brr=1&dchild=1&qid=1634421098&rd=1&s=digital-skills&sr=1-2347", "My Facts Three": "https://www.amazon.com/Dinesh-Thangaraj-My-Facts-Three/dp/B0956LQZ4M/ref=sr_1_2348?brr=1&dchild=1&qid=1634421098&rd=1&s=digital-skills&sr=1-2348", "Awesome Facts about India": "https://www.amazon.com/Experience-for-Alexa-Awesome-Facts/dp/B09541M82D/ref=sr_1_2349?brr=1&dchild=1&qid=1634421098&rd=1&s=digital-skills&sr=1-2349", "South Shore Radio blackpool": "https://www.amazon.com/Online-Radio-South-Shore-blackpool/dp/B09537W4T8/ref=sr_1_2350?brr=1&dchild=1&qid=1634421098&rd=1&s=digital-skills&sr=1-2350", "HOLLAND INN & SUITES 2630": "https://www.amazon.com/Ingress-Ventures-HOLLAND-SUITES-2630/dp/B09531HFQJ/ref=sr_1_2351?brr=1&dchild=1&qid=1634421098&rd=1&s=digital-skills&sr=1-2351", "Citadel FM Days Inn - Fordyce 2500 W": "https://www.amazon.com/Citadel-FM-Days-Inn-Fordyce/dp/B0952ZL3VC/ref=sr_1_2352?brr=1&dchild=1&qid=1634421098&rd=1&s=digital-skills&sr=1-2352"}