{"Teddy Bare": "https://www.amazon.com/University-at-Buffalo-Teddy-Bare/dp/B094YYM2YB/ref=sr_1_2369?brr=1&dchild=1&qid=1634421104&rd=1&s=digital-skills&sr=1-2369", "Teddy Bear Please": "https://www.amazon.com/University-at-Buffalo-Teddy-Please/dp/B094YXC2YT/ref=sr_1_2370?brr=1&dchild=1&qid=1634421104&rd=1&s=digital-skills&sr=1-2370", "Teddy Bear": "https://www.amazon.com/University-at-Buffalo-Teddy-Bear/dp/B094YWHZLV/ref=sr_1_2371?brr=1&dchild=1&qid=1634421104&rd=1&s=digital-skills&sr=1-2371", "World Facts": "https://www.amazon.com/Hardik-kathiriya-World-Facts/dp/B094YLMZZM/ref=sr_1_2372?brr=1&dchild=1&qid=1634421104&rd=1&s=digital-skills&sr=1-2372", "Citadel FM MR. CARTENDER INC OFFICE 2066 E": "https://www.amazon.com/Citadel-MR-CARTENDER-OFFICE-2066/dp/B094YCVDS6/ref=sr_1_2373?brr=1&dchild=1&qid=1634421104&rd=1&s=digital-skills&sr=1-2373", "Abby Inn 1202 E": "https://www.amazon.com/Ingress-Ventures-Abby-Inn-1202/dp/B094Y6V27F/ref=sr_1_2374?brr=1&dchild=1&qid=1634421104&rd=1&s=digital-skills&sr=1-2374", "Citadel FM Days Inn & Suites - Cabot 1302": "https://www.amazon.com/Citadel-FM-Days-Inn-Suites/dp/B094Y5LW5J/ref=sr_1_2375?brr=1&dchild=1&qid=1634421104&rd=1&s=digital-skills&sr=1-2375", "Holiday Inn Express 307 N": "https://www.amazon.com/Holiday-Inn-Express-307-N/dp/B094Y4QXY9/ref=sr_1_2376?brr=1&dchild=1&qid=1634421104&rd=1&s=digital-skills&sr=1-2376", "Citadel FM Hollands 24 Hour Laundromat 1506 S": "https://www.amazon.com/Citadel-Hollands-Hour-Laundromat-1506/dp/B094Y2KRZZ/ref=sr_1_2377?brr=1&dchild=1&qid=1634421104&rd=1&s=digital-skills&sr=1-2377", "Citadel FM Downtown Laundromat 1035 S": "https://www.amazon.com/Citadel-FM-Downtown-Laundromat-1035/dp/B094Y2H1K1/ref=sr_1_2378?brr=1&dchild=1&qid=1634421104&rd=1&s=digital-skills&sr=1-2378", "Best Western 2390 W": "https://www.amazon.com/Ingress-Ventures-Best-Western-2390/dp/B094XYQ89R/ref=sr_1_2379?brr=1&dchild=1&qid=1634421104&rd=1&s=digital-skills&sr=1-2379", "Hale.London": "https://www.amazon.com/Online-Radio-Hale-London/dp/B094XJQS9N/ref=sr_1_2380?brr=1&dchild=1&qid=1634421104&rd=1&s=digital-skills&sr=1-2380", "Citadel FM Sweet Dream Inn 7194": "https://www.amazon.com/Citadel-Sweet-Dream-Inn-7194/dp/B094VR14PB/ref=sr_1_2381?brr=1&dchild=1&qid=1634421104&rd=1&s=digital-skills&sr=1-2381", "Executive Inn 6954": "https://www.amazon.com/Ingress-Ventures-Executive-Inn-6954/dp/B094VHP618/ref=sr_1_2382?brr=1&dchild=1&qid=1634421104&rd=1&s=digital-skills&sr=1-2382", "Citadel FM Quality Inn and Suites 7200": "https://www.amazon.com/Citadel-Quality-Inn-Suites-7200/dp/B094V5C4KP/ref=sr_1_2383?brr=1&dchild=1&qid=1634421104&rd=1&s=digital-skills&sr=1-2383", "Balloon Pop": "https://www.amazon.com/Whoa-Labs-Balloon-Pop/dp/B094TRQCLK/ref=sr_1_2384?brr=1&dchild=1&qid=1634421104&rd=1&s=digital-skills&sr=1-2384"}