{"Dungeon Assistant": "https://www.amazon.com/Russell-Dungeon-Assistant/dp/B01N7U5DKL/ref=sr_1_225?brr=1&dchild=1&qid=1634420718&rd=1&s=digital-skills&sr=1-225", "Escape Room: Rob a bank": "https://www.amazon.com/Escape-Room-Rob-a-bank/dp/B07XCQ6KK1/ref=sr_1_226?brr=1&dchild=1&qid=1634420718&rd=1&s=digital-skills&sr=1-226", "My Game Show": "https://www.amazon.com/Charlie-Merlo-My-Game-Show/dp/B07WHV72T8/ref=sr_1_227?brr=1&dchild=1&qid=1634420718&rd=1&s=digital-skills&sr=1-227", "Truth or Challenge - The Bottle Game": "https://www.amazon.com/Lopeo-Studios-Truth-Challenge-Bottle/dp/B07ZDFZBQ8/ref=sr_1_228?brr=1&dchild=1&qid=1634420718&rd=1&s=digital-skills&sr=1-228", "Mystery Box": "https://www.amazon.com/yggiz-Mystery-Box/dp/B07B6FWWHZ/ref=sr_1_229?brr=1&dchild=1&qid=1634420718&rd=1&s=digital-skills&sr=1-229", "Racing Tips at Belmont": "https://www.amazon.com/Horse-Ranker-Racing-Tips-Belmont/dp/B07YPPHB15/ref=sr_1_230?brr=1&dchild=1&qid=1634420718&rd=1&s=digital-skills&sr=1-230", "Baby Age": "https://www.amazon.com/Patrick-Armentrout-Baby-Age/dp/B079FCN5M9/ref=sr_1_231?brr=1&dchild=1&qid=1634420718&rd=1&s=digital-skills&sr=1-231", "Okurrr with Cardi B": "https://www.amazon.com/RJ-Media-Studios-Okurrr-Cardi/dp/B07CH3VMMK/ref=sr_1_232?brr=1&dchild=1&qid=1634420718&rd=1&s=digital-skills&sr=1-232", "Penguin Facts": "https://www.amazon.com/D-ASSOCIATES-Penguin-Facts/dp/B07K871T9X/ref=sr_1_233?brr=1&dchild=1&qid=1634420718&rd=1&s=digital-skills&sr=1-233", "Santa is coming": "https://www.amazon.com/Drew-Robinson-Santa-is-coming/dp/B082ZGDYQC/ref=sr_1_234?brr=1&dchild=1&qid=1634420718&rd=1&s=digital-skills&sr=1-234", "Hide and Seek": "https://www.amazon.com/Envy-Eden-Hide-and-Seek/dp/B07JFYRZS1/ref=sr_1_235?brr=1&dchild=1&qid=1634420718&rd=1&s=digital-skills&sr=1-235", "My Pet Rock": "https://www.amazon.com/Alexander-King-My-Pet-Rock/dp/B073VDPTCW/ref=sr_1_236?brr=1&dchild=1&qid=1634420718&rd=1&s=digital-skills&sr=1-236", "Memory Match": "https://www.amazon.com/Mark-M-Smith-Memory-Match/dp/B01M4QAKGS/ref=sr_1_237?brr=1&dchild=1&qid=1634420718&rd=1&s=digital-skills&sr=1-237", "Amazon Music Artist Spotlight": "https://www.amazon.com/Amazon-Music-Artist-Spotlight/dp/B09DGM566K/ref=sr_1_238?brr=1&dchild=1&qid=1634420718&rd=1&s=digital-skills&sr=1-238", "1 Train Trivia": "https://www.amazon.com/jnthnrzr-1-Train-Trivia/dp/B07JQXJMZL/ref=sr_1_239?brr=1&dchild=1&qid=1634420718&rd=1&s=digital-skills&sr=1-239", "White noise": "https://www.amazon.com/Smart-Skills-White-noise/dp/B087BYP98W/ref=sr_1_240?brr=1&dchild=1&qid=1634420718&rd=1&s=digital-skills&sr=1-240"}