{"Cookbook": "https://www.amazon.com/Abhilsh-Kumar-Cookbook/dp/B094JKMVM8/ref=sr_1_2417?brr=1&dchild=1&qid=1634421112&rd=1&s=digital-skills&sr=1-2417", "La Quinta Fowler 190N": "https://www.amazon.com/Ingress-Ventures-Quinta-Fowler-190N/dp/B094J97PLT/ref=sr_1_2418?brr=1&dchild=1&qid=1634421112&rd=1&s=digital-skills&sr=1-2418", "Mystic Schooners": "https://www.amazon.com/Horse-Talk-Mystic-Schooners/dp/B094J79CCF/ref=sr_1_2419?brr=1&dchild=1&qid=1634421112&rd=1&s=digital-skills&sr=1-2419", "MINIT MART 6 444W": "https://www.amazon.com/Ingress-Ventures-MINIT-MART-444W/dp/B094J4BR2N/ref=sr_1_2420?brr=1&dchild=1&qid=1634421112&rd=1&s=digital-skills&sr=1-2420", "my First Skill": "https://www.amazon.com/NA-my-First-Skill/dp/B094J3WW5X/ref=sr_1_2421?brr=1&dchild=1&qid=1634421112&rd=1&s=digital-skills&sr=1-2421", "myFirstSkill": "https://www.amazon.com/Akash-Kumar-myFirstSkill/dp/B094J1BH86/ref=sr_1_2422?brr=1&dchild=1&qid=1634421112&rd=1&s=digital-skills&sr=1-2422", "MINITS 104 1540": "https://www.amazon.com/Ingress-Ventures-MINITS-104-1540/dp/B094HX7BTT/ref=sr_1_2423?brr=1&dchild=1&qid=1634421112&rd=1&s=digital-skills&sr=1-2423", "Citadel FM Ricks Cleaners 5324": "https://www.amazon.com/Citadel-FM-Ricks-Cleaners-5324/dp/B094HVSTB9/ref=sr_1_2424?brr=1&dchild=1&qid=1634421112&rd=1&s=digital-skills&sr=1-2424", "MyTime - Part1": "https://www.amazon.com/Hudson-Herr-MyTime-Part1/dp/B094HK5KM2/ref=sr_1_2425?brr=1&dchild=1&qid=1634421112&rd=1&s=digital-skills&sr=1-2425", "Citadel FM MINITS 102 2204": "https://www.amazon.com/Citadel-FM-MINITS-102-2204/dp/B094HHGGJM/ref=sr_1_2426?brr=1&dchild=1&qid=1634421112&rd=1&s=digital-skills&sr=1-2426", "Citadel FM MINITS 105 638S": "https://www.amazon.com/Citadel-FM-MINITS-105-638S/dp/B094H9FR19/ref=sr_1_2427?brr=1&dchild=1&qid=1634421112&rd=1&s=digital-skills&sr=1-2427", "NEU MART 2 1406": "https://www.amazon.com/Ingress-Ventures-NEU-MART-1406/dp/B094H5HGV5/ref=sr_1_2428?brr=1&dchild=1&qid=1634421112&rd=1&s=digital-skills&sr=1-2428", "NEU MART 1 608": "https://www.amazon.com/Ingress-Ventures-NEU-MART-608/dp/B094H56T5M/ref=sr_1_2429?brr=1&dchild=1&qid=1634421112&rd=1&s=digital-skills&sr=1-2429", "MINITS 4 3002": "https://www.amazon.com/Ingress-Ventures-MINITS-4-3002/dp/B094H55LMS/ref=sr_1_2430?brr=1&dchild=1&qid=1634421112&rd=1&s=digital-skills&sr=1-2430", "Citadel FM MINITS 108 1301N": "https://www.amazon.com/Citadel-FM-MINITS-108-1301N/dp/B094H54FJB/ref=sr_1_2431?brr=1&dchild=1&qid=1634421112&rd=1&s=digital-skills&sr=1-2431", "MINITS 107 800E": "https://www.amazon.com/Ingress-Ventures-MINITS-107-800E/dp/B094H4RMCC/ref=sr_1_2432?brr=1&dchild=1&qid=1634421112&rd=1&s=digital-skills&sr=1-2432"}