{"Five O'Clock Somewhere": "https://www.amazon.com/TH-R-Development-OClock-Somewhere/dp/B094FDV8S7/ref=sr_1_2465?brr=1&dchild=1&qid=1634421120&rd=1&s=digital-skills&sr=1-2465", "Battle Songs": "https://www.amazon.com/ravengold-Battle-Songs/dp/B094DHLJ48/ref=sr_1_2466?brr=1&dchild=1&qid=1634421120&rd=1&s=digital-skills&sr=1-2466", "San Marin Laundry 1100": "https://www.amazon.com/Ingress-Ventures-Marin-Laundry-1100/dp/B094DCWM9R/ref=sr_1_2467?brr=1&dchild=1&qid=1634421120&rd=1&s=digital-skills&sr=1-2467", "San Marin Laundry 670S": "https://www.amazon.com/Ingress-Ventures-Marin-Laundry-670S/dp/B094D65DDF/ref=sr_1_2468?brr=1&dchild=1&qid=1634421120&rd=1&s=digital-skills&sr=1-2468", "OS facts": "https://www.amazon.com/Jalks-OS-facts/dp/B094D383P3/ref=sr_1_2469?brr=1&dchild=1&qid=1634421120&rd=1&s=digital-skills&sr=1-2469", "San Marin Laundry 819W": "https://www.amazon.com/Ingress-Ventures-Marin-Laundry-819W/dp/B094CTMW9Z/ref=sr_1_2470?brr=1&dchild=1&qid=1634421120&rd=1&s=digital-skills&sr=1-2470", "San Marin Laundry 3310": "https://www.amazon.com/Ingress-Ventures-Marin-Laundry-3310/dp/B094CTGGFS/ref=sr_1_2471?brr=1&dchild=1&qid=1634421120&rd=1&s=digital-skills&sr=1-2471", "San Marin Laundry 1302": "https://www.amazon.com/Ingress-Ventures-Marin-Laundry-1302/dp/B094CT9C3C/ref=sr_1_2472?brr=1&dchild=1&qid=1634421120&rd=1&s=digital-skills&sr=1-2472", "Bristol Audio Adventure": "https://www.amazon.com/Vale-Bristol-Audio-Adventure/dp/B094CDPYCS/ref=sr_1_2473?brr=1&dchild=1&qid=1634421120&rd=1&s=digital-skills&sr=1-2473", "San Marin Laundry 1130": "https://www.amazon.com/Ingress-Ventures-Marin-Laundry-1130/dp/B094C3TXLR/ref=sr_1_2474?brr=1&dchild=1&qid=1634421120&rd=1&s=digital-skills&sr=1-2474", "Helicopter Noises": "https://www.amazon.com/Nickopanther-Helicopter-Noises/dp/B0949FJ3PD/ref=sr_1_2475?brr=1&dchild=1&qid=1634421120&rd=1&s=digital-skills&sr=1-2475", "Lexus LS Experience": "https://www.amazon.com/Brand-Studio-Lexus-LS-Experience/dp/B0949B8BLJ/ref=sr_1_2476?brr=1&dchild=1&qid=1634421120&rd=1&s=digital-skills&sr=1-2476", "Super Clean Laundromats 1714": "https://www.amazon.com/Ingress-Ventures-Super-Clean-Laundromats/dp/B09497NM4D/ref=sr_1_2477?brr=1&dchild=1&qid=1634421120&rd=1&s=digital-skills&sr=1-2477", "Ultimate Trivia": "https://www.amazon.com/Liam-Jones-Ultimate-Trivia/dp/B0949364PL/ref=sr_1_2478?brr=1&dchild=1&qid=1634421120&rd=1&s=digital-skills&sr=1-2478", "Super Clean Laundromats 120E": "https://www.amazon.com/Ingress-Ventures-Super-Clean-Laundromats/dp/B0948N7FFG/ref=sr_1_2479?brr=1&dchild=1&qid=1634421120&rd=1&s=digital-skills&sr=1-2479", "Relax Inn 3206": "https://www.amazon.com/Ingress-Ventures-Relax-Inn-3206/dp/B0948LSFNB/ref=sr_1_2480?brr=1&dchild=1&qid=1634421120&rd=1&s=digital-skills&sr=1-2480"}