{"Super Clean Laundromats 1149": "https://www.amazon.com/Ingress-Ventures-Super-Clean-Laundromats/dp/B0948HFKH8/ref=sr_1_2481?brr=1&dchild=1&qid=1634421123&rd=1&s=digital-skills&sr=1-2481", "Loteria": "https://www.amazon.com/ScrowIA-Loteria/dp/B0946YXRH8/ref=sr_1_2482?brr=1&dchild=1&qid=1634421123&rd=1&s=digital-skills&sr=1-2482", "Super Clean Laundromats 5669E": "https://www.amazon.com/Ingress-Ventures-Super-Clean-Laundromats/dp/B0946Y2Q2R/ref=sr_1_2483?brr=1&dchild=1&qid=1634421123&rd=1&s=digital-skills&sr=1-2483", "Super Clean Laundromats 4807E": "https://www.amazon.com/Ingress-Ventures-Super-Clean-Laundromats/dp/B0946WNLWT/ref=sr_1_2484?brr=1&dchild=1&qid=1634421123&rd=1&s=digital-skills&sr=1-2484", "Super Clean Laundromats 777E": "https://www.amazon.com/Ingress-Ventures-Super-Clean-Laundromats/dp/B0946RGZYS/ref=sr_1_2485?brr=1&dchild=1&qid=1634421123&rd=1&s=digital-skills&sr=1-2485", "Super Clean Laundromats 3860N": "https://www.amazon.com/Ingress-Ventures-Super-Clean-Laundromats/dp/B0946GSHKF/ref=sr_1_2486?brr=1&dchild=1&qid=1634421123&rd=1&s=digital-skills&sr=1-2486", "Super Clean Laundromats 2332N": "https://www.amazon.com/Ingress-Ventures-Super-Clean-Laundromats/dp/B0946D27F6/ref=sr_1_2487?brr=1&dchild=1&qid=1634421123&rd=1&s=digital-skills&sr=1-2487", "Super Clean Laundromats 2320N": "https://www.amazon.com/Ingress-Ventures-Super-Clean-Laundromats/dp/B09466KC3B/ref=sr_1_2488?brr=1&dchild=1&qid=1634421123&rd=1&s=digital-skills&sr=1-2488", "Fireside Inn 730": "https://www.amazon.com/Ingress-Ventures-Fireside-Inn-730/dp/B0943XJRCZ/ref=sr_1_2489?brr=1&dchild=1&qid=1634421123&rd=1&s=digital-skills&sr=1-2489", "Budget Inn 100": "https://www.amazon.com/Ingress-Ventures-Budget-Inn-100/dp/B0943N16GB/ref=sr_1_2490?brr=1&dchild=1&qid=1634421123&rd=1&s=digital-skills&sr=1-2490", "Pawcatuck North Stonington 11-12 Majors Softball": "https://www.amazon.com/Pawcatuck-North-Stonington-Majors-Softball/dp/B0943KZ3GY/ref=sr_1_2491?brr=1&dchild=1&qid=1634421123&rd=1&s=digital-skills&sr=1-2491", "COUNTRY CLUB INN & SUITES 1101": "https://www.amazon.com/COUNTRY-CLUB-INN-SUITES-1101/dp/B0943BR677/ref=sr_1_2492?brr=1&dchild=1&qid=1634421123&rd=1&s=digital-skills&sr=1-2492", "BUDGET HOST INN 1104": "https://www.amazon.com/Ingress-Ventures-BUDGET-HOST-1104/dp/B09437Q6N3/ref=sr_1_2493?brr=1&dchild=1&qid=1634421123&rd=1&s=digital-skills&sr=1-2493", "American Inn 1950": "https://www.amazon.com/Ingress-Ventures-American-Inn-1950/dp/B09434P9DN/ref=sr_1_2494?brr=1&dchild=1&qid=1634421123&rd=1&s=digital-skills&sr=1-2494", "Red Roof Plus 4271": "https://www.amazon.com/Ingress-Ventures-Roof-Plus-4271/dp/B09431X5TD/ref=sr_1_2495?brr=1&dchild=1&qid=1634421123&rd=1&s=digital-skills&sr=1-2495", "Columbus Crew Chants": "https://www.amazon.com/Enabled-Columbus-Crew-Chants/dp/B0942PNDJF/ref=sr_1_2496?brr=1&dchild=1&qid=1634421123&rd=1&s=digital-skills&sr=1-2496"}