{"Anne Ganguzza Voice Site": "https://www.amazon.com/Voiceweave-Anne-Ganguzza-Voice-Site/dp/B093WGMYFJ/ref=sr_1_2513?brr=1&dchild=1&qid=1634421129&rd=1&s=digital-skills&sr=1-2513", "Southern Inn 1318": "https://www.amazon.com/Ingress-Ventures-Southern-Inn-1318/dp/B093WB71SS/ref=sr_1_2514?brr=1&dchild=1&qid=1634421129&rd=1&s=digital-skills&sr=1-2514", "Soap lab 7061NW": "https://www.amazon.com/Ingress-Ventures-Soap-lab-7061NW/dp/B093VXD5B9/ref=sr_1_2515?brr=1&dchild=1&qid=1634421129&rd=1&s=digital-skills&sr=1-2515", "About my Favorite Cricket Player": "https://www.amazon.com/About-my-Favorite-Cricket-Player/dp/B093VPC57R/ref=sr_1_2516?brr=1&dchild=1&qid=1634421129&rd=1&s=digital-skills&sr=1-2516", "Pawcatuck North Stonington Little League AAA": "https://www.amazon.com/Pawcatuck-North-Stonington-Little-League/dp/B093VMFW9R/ref=sr_1_2517?brr=1&dchild=1&qid=1634421129&rd=1&s=digital-skills&sr=1-2517", "La Quinta 1500": "https://www.amazon.com/Ingress-Ventures-La-Quinta-1500/dp/B093VHJSMF/ref=sr_1_2518?brr=1&dchild=1&qid=1634421129&rd=1&s=digital-skills&sr=1-2518", "Broward Bot": "https://www.amazon.com/Broward-County-Florida-Bot/dp/B093TNTFYQ/ref=sr_1_2519?brr=1&dchild=1&qid=1634421129&rd=1&s=digital-skills&sr=1-2519", "Who's next": "https://www.amazon.com/Valerie-Whos-next/dp/B093T95L56/ref=sr_1_2520?brr=1&dchild=1&qid=1634421129&rd=1&s=digital-skills&sr=1-2520", "cake time": "https://www.amazon.com/University-of-Georgia-cake-time/dp/B093R3XQPB/ref=sr_1_2521?brr=1&dchild=1&qid=1634421129&rd=1&s=digital-skills&sr=1-2521", "Do you follow me?": "https://www.amazon.com/ehb-Do-you-follow-me/dp/B093QTFR5X/ref=sr_1_2522?brr=1&dchild=1&qid=1634421129&rd=1&s=digital-skills&sr=1-2522", "weeekly facts": "https://www.amazon.com/UGA-weeekly-facts/dp/B093Q7D9PC/ref=sr_1_2523?brr=1&dchild=1&qid=1634421129&rd=1&s=digital-skills&sr=1-2523", "Zombie One Zombie": "https://www.amazon.com/Clayrain-Zombie-One/dp/B093Q53RLG/ref=sr_1_2524?brr=1&dchild=1&qid=1634421129&rd=1&s=digital-skills&sr=1-2524", "Twist Tales": "https://www.amazon.com/Ear-Reality-Twist-Tales/dp/B093Q27TG7/ref=sr_1_2525?brr=1&dchild=1&qid=1634421129&rd=1&s=digital-skills&sr=1-2525", "Pawcatuck North Stonington Little League AA": "https://www.amazon.com/Pawcatuck-North-Stonington-Little-League/dp/B093PM4MNJ/ref=sr_1_2526?brr=1&dchild=1&qid=1634421129&rd=1&s=digital-skills&sr=1-2526", "1001 Things You Should Know Before You Die": "https://www.amazon.com/1001-Things-Should-Know-Before/dp/B093NT7Q22/ref=sr_1_2527?brr=1&dchild=1&qid=1634421129&rd=1&s=digital-skills&sr=1-2527", "Basketball Facts": "https://www.amazon.com/Damian-Basketball-Facts/dp/B093LLHXC5/ref=sr_1_2528?brr=1&dchild=1&qid=1634421129&rd=1&s=digital-skills&sr=1-2528"}