{"Ask the DM": "https://www.amazon.com/Alex-Gaesser-Ask-the-DM/dp/B0734HSQP2/ref=sr_1_241?brr=1&dchild=1&qid=1634420721&rd=1&s=digital-skills&sr=1-241", "The magic fairy! Adventures for the whole family.": "https://www.amazon.com/magic-fairy-Adventures-whole-family/dp/B07RJC3JHD/ref=sr_1_242?brr=1&dchild=1&qid=1634420721&rd=1&s=digital-skills&sr=1-242", "Piggy Gaming's Trivia": "https://www.amazon.com/Piggy-Gaming-Studios-Gamings-Trivia/dp/B086QXRKHT/ref=sr_1_243?brr=1&dchild=1&qid=1634420721&rd=1&s=digital-skills&sr=1-243", "Customer Service": "https://www.amazon.com/Epicenter-Games-Customer-Service/dp/B07Q2R4R57/ref=sr_1_244?brr=1&dchild=1&qid=1634420721&rd=1&s=digital-skills&sr=1-244", "Funny Jokes of the day": "https://www.amazon.com/Funny-Jokes-of-the-day/dp/B08XBTN1BP/ref=sr_1_245?brr=1&dchild=1&qid=1634420721&rd=1&s=digital-skills&sr=1-245", "Sound of rain on the window": "https://www.amazon.com/Smart-Skills-Sound-rain-window/dp/B086QZ84DS/ref=sr_1_246?brr=1&dchild=1&qid=1634420721&rd=1&s=digital-skills&sr=1-246", "Countdown": "https://www.amazon.com/Mark-Mattione-Countdown/dp/B07646GJGV/ref=sr_1_247?brr=1&dchild=1&qid=1634420721&rd=1&s=digital-skills&sr=1-247", "Found a Baby": "https://www.amazon.com/Michelle-Van-Campen-Found-Baby/dp/B07VSZJWY3/ref=sr_1_248?brr=1&dchild=1&qid=1634420721&rd=1&s=digital-skills&sr=1-248", "Ultimate Fortune Teller": "https://www.amazon.com/Augustus-Ultimate-Fortune-Teller/dp/B084KM5VC3/ref=sr_1_249?brr=1&dchild=1&qid=1634420721&rd=1&s=digital-skills&sr=1-249", "Cursed Painting": "https://www.amazon.com/Wanderword-Cursed-Painting/dp/B0833DJ4TD/ref=sr_1_250?brr=1&dchild=1&qid=1634420721&rd=1&s=digital-skills&sr=1-250", "Harry Potter Quiz": "https://www.amazon.com/Leonardo-Souza-Harry-Potter-Quiz/dp/B072R6B9C5/ref=sr_1_251?brr=1&dchild=1&qid=1634420721&rd=1&s=digital-skills&sr=1-251", "unofficial Quiz About Youtube": "https://www.amazon.com/Christophe-Gaboury-unofficial-About-Youtube/dp/B073NPXR35/ref=sr_1_252?brr=1&dchild=1&qid=1634420721&rd=1&s=digital-skills&sr=1-252", "Kentucky Lottery": "https://www.amazon.com/Kentucky-Lottery/dp/B084YP42MG/ref=sr_1_253?brr=1&dchild=1&qid=1634420721&rd=1&s=digital-skills&sr=1-253", "Bible Memory": "https://www.amazon.com/Anstop-Bible-Memory/dp/B06VX5LP9F/ref=sr_1_254?brr=1&dchild=1&qid=1634420721&rd=1&s=digital-skills&sr=1-254", "Top Minecraft Servers (unofficial)": "https://www.amazon.com/Matthew-Development-Minecraft-Servers-unofficial/dp/B07HF3DCZJ/ref=sr_1_255?brr=1&dchild=1&qid=1634420721&rd=1&s=digital-skills&sr=1-255", "Witty Celebrity Trivia": "https://www.amazon.com/Witlingo-Witty-Celebrity-Trivia/dp/B077CV6CZ7/ref=sr_1_256?brr=1&dchild=1&qid=1634420721&rd=1&s=digital-skills&sr=1-256"}