{"Whose turn": "https://www.amazon.com/Pam-Whose-turn/dp/B093BY93MR/ref=sr_1_2545?brr=1&dchild=1&qid=1634421135&rd=1&s=digital-skills&sr=1-2545", "Red River Inn 1600": "https://www.amazon.com/Ingress-Ventures-Red-River-1600/dp/B093BSNH9S/ref=sr_1_2546?brr=1&dchild=1&qid=1634421135&rd=1&s=digital-skills&sr=1-2546", "Fav Trip 9500": "https://www.amazon.com/Ingress-Ventures-Fav-Trip-9500/dp/B093BPS774/ref=sr_1_2547?brr=1&dchild=1&qid=1634421135&rd=1&s=digital-skills&sr=1-2547", "Indian Celebrity Birthday": "https://www.amazon.com/INCARTS-Indian-Celebrity-Birthday/dp/B0939VR157/ref=sr_1_2548?brr=1&dchild=1&qid=1634421135&rd=1&s=digital-skills&sr=1-2548", "Choosing a ghost": "https://www.amazon.com/Vinixitho-Choosing-a-ghost/dp/B09379HHSZ/ref=sr_1_2549?brr=1&dchild=1&qid=1634421135&rd=1&s=digital-skills&sr=1-2549", "Days Inn 2120E": "https://www.amazon.com/Ingress-Ventures-Days-Inn-2120E/dp/B0936W6DGW/ref=sr_1_2550?brr=1&dchild=1&qid=1634421135&rd=1&s=digital-skills&sr=1-2550", "Candlewood Suites 603": "https://www.amazon.com/Ingress-Ventures-Candlewood-Suites-603/dp/B0936T298C/ref=sr_1_2551?brr=1&dchild=1&qid=1634421135&rd=1&s=digital-skills&sr=1-2551", "La Lomita Ranch 1985": "https://www.amazon.com/Ingress-Ventures-Lomita-Ranch-1985/dp/B0936QQ1BR/ref=sr_1_2552?brr=1&dchild=1&qid=1634421135&rd=1&s=digital-skills&sr=1-2552", "GSW Quiz": "https://www.amazon.com/Bryce-Bass-GSW-Quiz/dp/B09366B7KQ/ref=sr_1_2553?brr=1&dchild=1&qid=1634421135&rd=1&s=digital-skills&sr=1-2553", "Airplane Noises": "https://www.amazon.com/Nickopanther-Airplane-Noises/dp/B0933LTRMD/ref=sr_1_2554?brr=1&dchild=1&qid=1634421135&rd=1&s=digital-skills&sr=1-2554", "Microtel Inn & Suites 1417": "https://www.amazon.com/Ingress-Ventures-Microtel-Suites-1417/dp/B09338V9D6/ref=sr_1_2555?brr=1&dchild=1&qid=1634421135&rd=1&s=digital-skills&sr=1-2555", "learn with your cat": "https://www.amazon.com/Fun-skill-learn-with-your/dp/B09336TNF8/ref=sr_1_2556?brr=1&dchild=1&qid=1634421135&rd=1&s=digital-skills&sr=1-2556", "Hillview Inn 10704": "https://www.amazon.com/Ingress-Ventures-Hillview-Inn-10704/dp/B0932WJSG9/ref=sr_1_2557?brr=1&dchild=1&qid=1634421135&rd=1&s=digital-skills&sr=1-2557", "Whose Turn": "https://www.amazon.com/Praveen-Kumar-Whose-Turn/dp/B0931SQ8TV/ref=sr_1_2558?brr=1&dchild=1&qid=1634421135&rd=1&s=digital-skills&sr=1-2558", "My Test Sales": "https://www.amazon.com/hooriya-My-Test-Sales/dp/B093139VVG/ref=sr_1_2559?brr=1&dchild=1&qid=1634421135&rd=1&s=digital-skills&sr=1-2559", "Random Fact": "https://www.amazon.com/princeraiden-Random-Fact/dp/B092ZJLZ6V/ref=sr_1_2560?brr=1&dchild=1&qid=1634421135&rd=1&s=digital-skills&sr=1-2560"}