{"daily wear": "https://www.amazon.com/LionScripts-com-daily-wear/dp/B092Z5Y1LV/ref=sr_1_2561?brr=1&dchild=1&qid=1634421137&rd=1&s=digital-skills&sr=1-2561", "Dungeon Rungs": "https://www.amazon.com/Daszy-Studio-Dungeon-Rungs/dp/B092Z4JRWD/ref=sr_1_2562?brr=1&dchild=1&qid=1634421137&rd=1&s=digital-skills&sr=1-2562", "IPL Mania - Trivia-Quiz game on IPL T20 Cricket": "https://www.amazon.com/IPL-Mania-Trivia-Quiz-game-Cricket/dp/B092YRTH6K/ref=sr_1_2563?brr=1&dchild=1&qid=1634421137&rd=1&s=digital-skills&sr=1-2563", "svtw regression 2.2": "https://www.amazon.com/Alex-Yip-svtw-regression-2-2/dp/B092XJRTHV/ref=sr_1_2564?brr=1&dchild=1&qid=1634421137&rd=1&s=digital-skills&sr=1-2564", "Random Fact of the Day": "https://www.amazon.com/Random-Fact-of-the-Day/dp/B092W96QTB/ref=sr_1_2565?brr=1&dchild=1&qid=1634421137&rd=1&s=digital-skills&sr=1-2565", "Explore Kashmir": "https://www.amazon.com/SR-and-Co-Explore-Kashmir/dp/B092W1G61K/ref=sr_1_2566?brr=1&dchild=1&qid=1634421137&rd=1&s=digital-skills&sr=1-2566", "Animals Sounds": "https://www.amazon.com/Smart-Skills-Animals-Sounds/dp/B092VRVDSC/ref=sr_1_2567?brr=1&dchild=1&qid=1634421137&rd=1&s=digital-skills&sr=1-2567", "Restaurant Rush": "https://www.amazon.com/King-Neptune-Games-Restaurant-Rush/dp/B092VJBTSG/ref=sr_1_2568?brr=1&dchild=1&qid=1634421137&rd=1&s=digital-skills&sr=1-2568", "Best Western PLUS Ruidoso Inn 111": "https://www.amazon.com/Best-Western-PLUS-Ruidoso-Inn/dp/B092TB5T6F/ref=sr_1_2569?brr=1&dchild=1&qid=1634421137&rd=1&s=digital-skills&sr=1-2569", "Days Inn 14": "https://www.amazon.com/Ingress-Ventures-Days-Inn-14/dp/B092T7F1VV/ref=sr_1_2570?brr=1&dchild=1&qid=1634421137&rd=1&s=digital-skills&sr=1-2570", "Best Western Pine Springs Inn 97": "https://www.amazon.com/Best-Western-Pine-Springs-Inn/dp/B092T6QLGH/ref=sr_1_2571?brr=1&dchild=1&qid=1634421137&rd=1&s=digital-skills&sr=1-2571", "Free Time Rock Paper Scissor Game": "https://www.amazon.com/Free-Time-Rock-Paper-Scissor/dp/B092T5HG8N/ref=sr_1_2572?brr=1&dchild=1&qid=1634421137&rd=1&s=digital-skills&sr=1-2572", "Econolodge Lebanon 1245W": "https://www.amazon.com/Ingress-Ventures-Econolodge-Lebanon-1245W/dp/B092S1HMGB/ref=sr_1_2573?brr=1&dchild=1&qid=1634421137&rd=1&s=digital-skills&sr=1-2573", "Fealty Computer Sales 10915": "https://www.amazon.com/Ingress-Ventures-Fealty-Computer-Sales/dp/B092QSSMS7/ref=sr_1_2574?brr=1&dchild=1&qid=1634421137&rd=1&s=digital-skills&sr=1-2574", "Nashville Eats": "https://www.amazon.com/KNM-Skills-Nashville-Eats/dp/B092M85PQF/ref=sr_1_2575?brr=1&dchild=1&qid=1634421137&rd=1&s=digital-skills&sr=1-2575", "Video Game Music": "https://www.amazon.com/Ribbon-Works-Video-Game-Music/dp/B092M5GSGP/ref=sr_1_2576?brr=1&dchild=1&qid=1634421137&rd=1&s=digital-skills&sr=1-2576"}