{"The Impostor story": "https://www.amazon.com/CG5-The-Impostor-story/dp/B092981DM1/ref=sr_1_2593?brr=1&dchild=1&qid=1634421143&rd=1&s=digital-skills&sr=1-2593", "Pro Gamer Dude": "https://www.amazon.com/Saahas-Pro-Gamer-Dude/dp/B092962G4Q/ref=sr_1_2594?brr=1&dchild=1&qid=1634421143&rd=1&s=digital-skills&sr=1-2594", "Pro Gamer": "https://www.amazon.com/Saahas-Pro-Gamer/dp/B09293WPSH/ref=sr_1_2595?brr=1&dchild=1&qid=1634421143&rd=1&s=digital-skills&sr=1-2595", "Dora The Explorer": "https://www.amazon.com/Macde-Technologies-Dora-The-Explorer/dp/B09293RQ59/ref=sr_1_2596?brr=1&dchild=1&qid=1634421143&rd=1&s=digital-skills&sr=1-2596", "Brain Test": "https://www.amazon.com/Nitin-Thakur-Brain-Test/dp/B0928Z4TDC/ref=sr_1_2597?brr=1&dchild=1&qid=1634421143&rd=1&s=digital-skills&sr=1-2597", "Ramada Pearl 341": "https://www.amazon.com/Ingress-Ventures-Ramada-Pearl-341/dp/B0928W3K1N/ref=sr_1_2598?brr=1&dchild=1&qid=1634421143&rd=1&s=digital-skills&sr=1-2598", "Animal Sounds Show": "https://www.amazon.com/Kuttle-Animal-Sounds-Show/dp/B0928VWK7Q/ref=sr_1_2599?brr=1&dchild=1&qid=1634421143&rd=1&s=digital-skills&sr=1-2599", "Super 8 Baton Rouge 11444": "https://www.amazon.com/Super-8-Baton-Rouge-11444/dp/B0928RYR5L/ref=sr_1_2600?brr=1&dchild=1&qid=1634421143&rd=1&s=digital-skills&sr=1-2600", "Motel 6 Port Allen 2800": "https://www.amazon.com/Motel-6-Port-Allen-2800/dp/B0928NPGTK/ref=sr_1_2601?brr=1&dchild=1&qid=1634421143&rd=1&s=digital-skills&sr=1-2601", "Value Inn 7875": "https://www.amazon.com/Ingress-Ventures-Value-Inn-7875/dp/B0928LD3G1/ref=sr_1_2602?brr=1&dchild=1&qid=1634421143&rd=1&s=digital-skills&sr=1-2602", "Best Western Plus Yukon 11440W": "https://www.amazon.com/Best-Western-Plus-Yukon-11440W/dp/B0928KSCJT/ref=sr_1_2603?brr=1&dchild=1&qid=1634421143&rd=1&s=digital-skills&sr=1-2603", "Motel 6 Saint Robert 14175": "https://www.amazon.com/Motel-6-Saint-Robert-14175/dp/B0928JNYCL/ref=sr_1_2604?brr=1&dchild=1&qid=1634421143&rd=1&s=digital-skills&sr=1-2604", "Rodeway Inn & Suites 1055": "https://www.amazon.com/Ingress-Ventures-Rodeway-Suites-1055/dp/B0928GBQF4/ref=sr_1_2605?brr=1&dchild=1&qid=1634421143&rd=1&s=digital-skills&sr=1-2605", "Premier Inns Pismo Beach 555": "https://www.amazon.com/Premier-Inns-Pismo-Beach-555/dp/B0928FVPFC/ref=sr_1_2606?brr=1&dchild=1&qid=1634421143&rd=1&s=digital-skills&sr=1-2606", "Quality Inn 216S": "https://www.amazon.com/Ingress-Ventures-Quality-Inn-216S/dp/B0928FJVR7/ref=sr_1_2607?brr=1&dchild=1&qid=1634421143&rd=1&s=digital-skills&sr=1-2607", "Super 8 Clinton 201": "https://www.amazon.com/Ingress-Ventures-Super-Clinton-201/dp/B0928CDDV4/ref=sr_1_2608?brr=1&dchild=1&qid=1634421143&rd=1&s=digital-skills&sr=1-2608"}