{"Motel 6 Murfreesboro 148": "https://www.amazon.com/Ingress-Ventures-Motel-Murfreesboro-148/dp/B09289DR5T/ref=sr_1_2609?brr=1&dchild=1&qid=1634421146&rd=1&s=digital-skills&sr=1-2609", "Super 8 194": "https://www.amazon.com/Ingress-Ventures-Super-8-194/dp/B092891JDN/ref=sr_1_2610?brr=1&dchild=1&qid=1634421146&rd=1&s=digital-skills&sr=1-2610", "BW Plus Wausau 201N": "https://www.amazon.com/Ingress-Ventures-Plus-Wausau-201N/dp/B09288PJMZ/ref=sr_1_2611?brr=1&dchild=1&qid=1634421146&rd=1&s=digital-skills&sr=1-2611", "Red Roof Inn 2591": "https://www.amazon.com/Ingress-Ventures-Red-Roof-2591/dp/B09287Q5MN/ref=sr_1_2612?brr=1&dchild=1&qid=1634421146&rd=1&s=digital-skills&sr=1-2612", "Espot CFC Hamden": "https://www.amazon.com/ESPOT-INC-Espot-CFC-Hamden/dp/B0925NLRZG/ref=sr_1_2613?brr=1&dchild=1&qid=1634421146&rd=1&s=digital-skills&sr=1-2613", "Espot CFC Bethany": "https://www.amazon.com/ESPOT-INC-Espot-CFC-Bethany/dp/B0925LVQVX/ref=sr_1_2614?brr=1&dchild=1&qid=1634421146&rd=1&s=digital-skills&sr=1-2614", "Whose Turn": "https://www.amazon.com/Adam-Valentin-Whose-Turn/dp/B0924MP6TB/ref=sr_1_2615?brr=1&dchild=1&qid=1634421146&rd=1&s=digital-skills&sr=1-2615", "Hiding Timer": "https://www.amazon.com/Adam-Valentin-Hiding-Timer/dp/B0924L7BQ7/ref=sr_1_2616?brr=1&dchild=1&qid=1634421146&rd=1&s=digital-skills&sr=1-2616", "Active Lifestyle Media": "https://www.amazon.com/Jzz-Technology-Inc-Active-Lifestyle/dp/B0924HQ1WJ/ref=sr_1_2617?brr=1&dchild=1&qid=1634421146&rd=1&s=digital-skills&sr=1-2617", "Random Address": "https://www.amazon.com/NA-Random-Address/dp/B0924FZYY8/ref=sr_1_2618?brr=1&dchild=1&qid=1634421146&rd=1&s=digital-skills&sr=1-2618", "ESPOT BC TSS": "https://www.amazon.com/ESPOT-INC-BC-TSS/dp/B0923WPY3J/ref=sr_1_2619?brr=1&dchild=1&qid=1634421146&rd=1&s=digital-skills&sr=1-2619", "Helloworld": "https://www.amazon.com/MorbZ-Helloworld/dp/B09236P5MX/ref=sr_1_2620?brr=1&dchild=1&qid=1634421146&rd=1&s=digital-skills&sr=1-2620", "Holdupbaby Radio": "https://www.amazon.com/Online-Radio-Holdupbaby/dp/B0922M54NT/ref=sr_1_2621?brr=1&dchild=1&qid=1634421146&rd=1&s=digital-skills&sr=1-2621", "ESPOT DEB TEST": "https://www.amazon.com/ESPOT-INC-DEB-TEST/dp/B0922K53DD/ref=sr_1_2622?brr=1&dchild=1&qid=1634421146&rd=1&s=digital-skills&sr=1-2622", "Super 8 Salisbury 925": "https://www.amazon.com/Ingress-Ventures-Super-Salisbury-925/dp/B0921VCR9N/ref=sr_1_2623?brr=1&dchild=1&qid=1634421146&rd=1&s=digital-skills&sr=1-2623", "Animal management quiz": "https://www.amazon.com/The-best-family-productions-management/dp/B0921Q13MC/ref=sr_1_2624?brr=1&dchild=1&qid=1634421146&rd=1&s=digital-skills&sr=1-2624"}