{"Breadfruit Facts": "https://www.amazon.com/Rock-Goose-Breadfruit-Facts/dp/B0921F4FPJ/ref=sr_1_2625?brr=1&dchild=1&qid=1634421149&rd=1&s=digital-skills&sr=1-2625", "Tech Tips": "https://www.amazon.com/ENVI%C3%A9-Tech-Tips/dp/B091YRXXZJ/ref=sr_1_2626?brr=1&dchild=1&qid=1634421149&rd=1&s=digital-skills&sr=1-2626", "Tyler Favorite Color": "https://www.amazon.com/East-Tennessee-State-University-Favorite/dp/B091YRMDGR/ref=sr_1_2627?brr=1&dchild=1&qid=1634421149&rd=1&s=digital-skills&sr=1-2627", "The Restaurant Picker": "https://www.amazon.com/Tosin-The-Restaurant-Picker/dp/B091YQ1ZW5/ref=sr_1_2628?brr=1&dchild=1&qid=1634421149&rd=1&s=digital-skills&sr=1-2628", "The Grand National": "https://www.amazon.com/Spoke-Technology-The-Grand-National/dp/B091YKSV6W/ref=sr_1_2629?brr=1&dchild=1&qid=1634421149&rd=1&s=digital-skills&sr=1-2629", "Jailbreaks.app Status": "https://www.amazon.com/Default-User-Jailbreaks-app-Status/dp/B091Y9515J/ref=sr_1_2630?brr=1&dchild=1&qid=1634421149&rd=1&s=digital-skills&sr=1-2630", "Gamma seven": "https://www.amazon.com/Test-Gamma-seven/dp/B091Y6PDST/ref=sr_1_2631?brr=1&dchild=1&qid=1634421149&rd=1&s=digital-skills&sr=1-2631", "Gamma four": "https://www.amazon.com/Test-Gamma-four/dp/B091XQW2PC/ref=sr_1_2632?brr=1&dchild=1&qid=1634421149&rd=1&s=digital-skills&sr=1-2632", "Gamma five": "https://www.amazon.com/Test-Gamma-five/dp/B091XQT11F/ref=sr_1_2633?brr=1&dchild=1&qid=1634421149&rd=1&s=digital-skills&sr=1-2633", "Gamma six": "https://www.amazon.com/Test-Gamma-six/dp/B091XP2KBL/ref=sr_1_2634?brr=1&dchild=1&qid=1634421149&rd=1&s=digital-skills&sr=1-2634", "My Chorz": "https://www.amazon.com/Vocala-co-My-Chorz/dp/B091TQ11YY/ref=sr_1_2635?brr=1&dchild=1&qid=1634421149&rd=1&s=digital-skills&sr=1-2635", "Days Inn and Suites 2131": "https://www.amazon.com/Days-Inn-and-Suites-2131/dp/B091T8YH1J/ref=sr_1_2636?brr=1&dchild=1&qid=1634421149&rd=1&s=digital-skills&sr=1-2636", "Pharmacists Facts": "https://www.amazon.com/Ashlyn-Case-Pharmacists-Facts/dp/B091SPVMVW/ref=sr_1_2637?brr=1&dchild=1&qid=1634421149&rd=1&s=digital-skills&sr=1-2637", "Name Generator": "https://www.amazon.com/NA-Name-Generator/dp/B091SMM7JM/ref=sr_1_2638?brr=1&dchild=1&qid=1634421149&rd=1&s=digital-skills&sr=1-2638", "Motel 6 Atlanta 311": "https://www.amazon.com/Ingress-Ventures-Motel-Atlanta-311/dp/B091S5P18M/ref=sr_1_2639?brr=1&dchild=1&qid=1634421149&rd=1&s=digital-skills&sr=1-2639", "Creepy Facts": "https://www.amazon.com/DevTeam-Creepy-Facts/dp/B091RMDJWD/ref=sr_1_2640?brr=1&dchild=1&qid=1634421149&rd=1&s=digital-skills&sr=1-2640"}