{"La Quinta Inn 1920": "https://www.amazon.com/Ingress-Ventures-Quinta-Inn-1920/dp/B091FLX65X/ref=sr_1_2657?brr=1&dchild=1&qid=1634421154&rd=1&s=digital-skills&sr=1-2657", "Quality Inn 1428A": "https://www.amazon.com/Ingress-Ventures-Quality-Inn-1428A/dp/B091FCVNX4/ref=sr_1_2658?brr=1&dchild=1&qid=1634421154&rd=1&s=digital-skills&sr=1-2658", "Allina digital bot": "https://www.amazon.com/knittglobal-Allina-digital-bot/dp/B091DZ3B5J/ref=sr_1_2659?brr=1&dchild=1&qid=1634421154&rd=1&s=digital-skills&sr=1-2659", "Super 8 550": "https://www.amazon.com/Ingress-Ventures-Super-8-550/dp/B091DX5HFV/ref=sr_1_2660?brr=1&dchild=1&qid=1634421154&rd=1&s=digital-skills&sr=1-2660", "My Birthday Trivia": "https://www.amazon.com/Sydney-Cyprian-My-Birthday-Trivia/dp/B091DN1D3J/ref=sr_1_2661?brr=1&dchild=1&qid=1634421154&rd=1&s=digital-skills&sr=1-2661", "Sports Trivia": "https://www.amazon.com/Will-Graham-Sports-Trivia/dp/B091DDLN3N/ref=sr_1_2662?brr=1&dchild=1&qid=1634421154&rd=1&s=digital-skills&sr=1-2662", "March Madness Champions 2010s": "https://www.amazon.com/Brock-Delphey-March-Madness-Champions/dp/B091D9XNSS/ref=sr_1_2663?brr=1&dchild=1&qid=1634421154&rd=1&s=digital-skills&sr=1-2663", "InvoiceBot": "https://www.amazon.com/Wanderlust-InvoiceBot/dp/B091CFDW3X/ref=sr_1_2664?brr=1&dchild=1&qid=1634421154&rd=1&s=digital-skills&sr=1-2664", "Unofficial Chicago Basketball Quiz": "https://www.amazon.com/2024-Enterprises-Unofficial-Chicago-Basketball/dp/B091C39QBH/ref=sr_1_2665?brr=1&dchild=1&qid=1634421154&rd=1&s=digital-skills&sr=1-2665", "Test Venue Two": "https://www.amazon.com/ESPOT-INC-Test-Venue-Two/dp/B091BYC5KN/ref=sr_1_2666?brr=1&dchild=1&qid=1634421154&rd=1&s=digital-skills&sr=1-2666", "Pharmacy History": "https://www.amazon.com/Maya-Patel-Pharmacy-History/dp/B091BJD3NC/ref=sr_1_2667?brr=1&dchild=1&qid=1634421154&rd=1&s=digital-skills&sr=1-2667", "A Trivial Game": "https://www.amazon.com/Chiara-A-Trivial-Game/dp/B091BHM52Y/ref=sr_1_2668?brr=1&dchild=1&qid=1634421154&rd=1&s=digital-skills&sr=1-2668", "aviation quiz": "https://www.amazon.com/ALF-aviation-quiz/dp/B091BGLJGS/ref=sr_1_2669?brr=1&dchild=1&qid=1634421154&rd=1&s=digital-skills&sr=1-2669", "Axolotl Facts": "https://www.amazon.com/BUCOP-2024-Axolotl-Facts/dp/B091BCFWRZ/ref=sr_1_2670?brr=1&dchild=1&qid=1634421154&rd=1&s=digital-skills&sr=1-2670", "BW Regency Inn Suites 1811 E": "https://www.amazon.com/BW-Regency-Inn-Suites-1811/dp/B0919VY67P/ref=sr_1_2671?brr=1&dchild=1&qid=1634421154&rd=1&s=digital-skills&sr=1-2671", "BW Plus Olathe Hotel 1580 S": "https://www.amazon.com/BW-Plus-Olathe-Hotel-1580/dp/B0919Q94D3/ref=sr_1_2672?brr=1&dchild=1&qid=1634421154&rd=1&s=digital-skills&sr=1-2672"}