{"Starway Books": "https://www.amazon.com/Uniquely-Sites-Starway-Books/dp/B0919PVCRW/ref=sr_1_2673?brr=1&dchild=1&qid=1634421157&rd=1&s=digital-skills&sr=1-2673", "Ocean Palms Motel 390": "https://www.amazon.com/Ingress-Ventures-Ocean-Palms-Motel/dp/B0919NQ8X2/ref=sr_1_2674?brr=1&dchild=1&qid=1634421157&rd=1&s=digital-skills&sr=1-2674", "Vagabond Inn 210": "https://www.amazon.com/Ingress-Ventures-Vagabond-Inn-210/dp/B0919KC9XX/ref=sr_1_2675?brr=1&dchild=1&qid=1634421157&rd=1&s=digital-skills&sr=1-2675", "So You Think You Know Me?": "https://www.amazon.com/So-You-Think-Know-Me/dp/B0919B6K6F/ref=sr_1_2676?brr=1&dchild=1&qid=1634421157&rd=1&s=digital-skills&sr=1-2676", "Beach Walker Inn 490": "https://www.amazon.com/Ingress-Ventures-Beach-Walker-Inn/dp/B09199XF43/ref=sr_1_2677?brr=1&dchild=1&qid=1634421157&rd=1&s=digital-skills&sr=1-2677", "Test Venue one": "https://www.amazon.com/ESPOT-INC-Test-Venue-one/dp/B09199FJH3/ref=sr_1_2678?brr=1&dchild=1&qid=1634421157&rd=1&s=digital-skills&sr=1-2678", "Harbor House Inn 1095": "https://www.amazon.com/Ingress-Ventures-Harbor-House-1095/dp/B0919936P4/ref=sr_1_2679?brr=1&dchild=1&qid=1634421157&rd=1&s=digital-skills&sr=1-2679", "Name Picker": "https://www.amazon.com/the-ims-Name-Picker/dp/B09198D95P/ref=sr_1_2680?brr=1&dchild=1&qid=1634421157&rd=1&s=digital-skills&sr=1-2680", "Violet Noise": "https://www.amazon.com/Ribbon-Works-Violet-Noise/dp/B0918G5P7M/ref=sr_1_2681?brr=1&dchild=1&qid=1634421157&rd=1&s=digital-skills&sr=1-2681", "Rodeway Inn Palm Springs 1700S": "https://www.amazon.com/Rodeway-Inn-Palm-Springs-1700S/dp/B09185CYGB/ref=sr_1_2682?brr=1&dchild=1&qid=1634421157&rd=1&s=digital-skills&sr=1-2682", "Simply Decor 1550": "https://www.amazon.com/Ingress-Ventures-Simply-Decor-1550/dp/B0917J56LW/ref=sr_1_2683?brr=1&dchild=1&qid=1634421157&rd=1&s=digital-skills&sr=1-2683", "Towneplace Suites 2018": "https://www.amazon.com/Ingress-Ventures-Towneplace-Suites-2018/dp/B0917FRNL8/ref=sr_1_2684?brr=1&dchild=1&qid=1634421157&rd=1&s=digital-skills&sr=1-2684", "Howard Johnson 1940": "https://www.amazon.com/Ingress-Ventures-Howard-Johnson-1940/dp/B09176DDB7/ref=sr_1_2685?brr=1&dchild=1&qid=1634421157&rd=1&s=digital-skills&sr=1-2685", "Holiday Inn Express 852W": "https://www.amazon.com/Ingress-Ventures-Holiday-Express-852W/dp/B091739LZ9/ref=sr_1_2686?brr=1&dchild=1&qid=1634421157&rd=1&s=digital-skills&sr=1-2686", "Quality Inn Temecula Valley 27338": "https://www.amazon.com/Quality-Inn-Temecula-Valley-27338/dp/B0916266QD/ref=sr_1_2687?brr=1&dchild=1&qid=1634421157&rd=1&s=digital-skills&sr=1-2687", "Who's next": "https://www.amazon.com/None-Whos-next/dp/B0915ZY3VG/ref=sr_1_2688?brr=1&dchild=1&qid=1634421157&rd=1&s=digital-skills&sr=1-2688"}