{"Avenue Inn Downtown 345": "https://www.amazon.com/Ingress-Ventures-Avenue-Inn-Downtown/dp/B0915S3H9J/ref=sr_1_2689?brr=1&dchild=1&qid=1634421160&rd=1&s=digital-skills&sr=1-2689", "The Hotel Siri 715": "https://www.amazon.com/Ingress-Ventures-The-Hotel-Siri/dp/B0915PJ3BV/ref=sr_1_2690?brr=1&dchild=1&qid=1634421160&rd=1&s=digital-skills&sr=1-2690", "Pacific Shores Inn 890": "https://www.amazon.com/Ingress-Ventures-Pacific-Shores-Inn/dp/B0915PFCJ6/ref=sr_1_2691?brr=1&dchild=1&qid=1634421160&rd=1&s=digital-skills&sr=1-2691", "Highway Inn Chula Vista 70": "https://www.amazon.com/Highway-Inn-Chula-Vista-70/dp/B0915GH3RY/ref=sr_1_2692?brr=1&dchild=1&qid=1634421160&rd=1&s=digital-skills&sr=1-2692", "Comfort Inn Morro Bay 590": "https://www.amazon.com/Comfort-Inn-Morro-Bay-590/dp/B0915FX5NZ/ref=sr_1_2693?brr=1&dchild=1&qid=1634421160&rd=1&s=digital-skills&sr=1-2693", "Super 8 by Wyndham 528W": "https://www.amazon.com/Super-8-by-Wyndham-528W/dp/B09159CQD8/ref=sr_1_2694?brr=1&dchild=1&qid=1634421160&rd=1&s=digital-skills&sr=1-2694", "Hotel Palmeras Chula Vista 230": "https://www.amazon.com/Hotel-Palmeras-Chula-Vista-230/dp/B0914VD1JD/ref=sr_1_2695?brr=1&dchild=1&qid=1634421160&rd=1&s=digital-skills&sr=1-2695", "Echo Lodge Motel 1810": "https://www.amazon.com/Ingress-Ventures-Echo-Lodge-Motel/dp/B0914TJD9S/ref=sr_1_2696?brr=1&dchild=1&qid=1634421160&rd=1&s=digital-skills&sr=1-2696", "Bay View Inn 225": "https://www.amazon.com/Ingress-Ventures-Bay-View-Inn/dp/B0914SV2DZ/ref=sr_1_2697?brr=1&dchild=1&qid=1634421160&rd=1&s=digital-skills&sr=1-2697", "Citadel FM Creekside Inn 2618": "https://www.amazon.com/Citadel-FM-Creekside-Inn-2618/dp/B0914STRKV/ref=sr_1_2698?brr=1&dchild=1&qid=1634421160&rd=1&s=digital-skills&sr=1-2698", "Pam Hill 15805": "https://www.amazon.com/Ingress-Ventures-Pam-Hill-15805/dp/B0914Q2WS7/ref=sr_1_2699?brr=1&dchild=1&qid=1634421160&rd=1&s=digital-skills&sr=1-2699", "Holiday Inn 1990": "https://www.amazon.com/Ingress-Ventures-Holiday-Inn-1990/dp/B0912NWH68/ref=sr_1_2700?brr=1&dchild=1&qid=1634421160&rd=1&s=digital-skills&sr=1-2700", "Music land Hotel 1342S": "https://www.amazon.com/Ingress-Ventures-Music-Hotel-1342S/dp/B0912MFL2W/ref=sr_1_2701?brr=1&dchild=1&qid=1634421160&rd=1&s=digital-skills&sr=1-2701", "quizzApp": "https://www.amazon.com/AMITY-quizzApp/dp/B0912KCPT1/ref=sr_1_2702?brr=1&dchild=1&qid=1634421160&rd=1&s=digital-skills&sr=1-2702", "Comfort Inn 2400": "https://www.amazon.com/Ingress-Ventures-Comfort-Inn-2400/dp/B0912C1SPN/ref=sr_1_2703?brr=1&dchild=1&qid=1634421160&rd=1&s=digital-skills&sr=1-2703", "Sunset Market 30741": "https://www.amazon.com/Ingress-Ventures-Sunset-Market-30741/dp/B0912C1F27/ref=sr_1_2704?brr=1&dchild=1&qid=1634421160&rd=1&s=digital-skills&sr=1-2704"}