{"Guess the animal": "https://www.amazon.com/Gaggle-Guess-the-animal/dp/B0916FVN7M/ref=sr_1_257?brr=1&dchild=1&qid=1634420724&rd=1&s=digital-skills&sr=1-257", "Memory Game": "https://www.amazon.com/Bauk-Memory-Game/dp/B079Y67BQK/ref=sr_1_258?brr=1&dchild=1&qid=1634420724&rd=1&s=digital-skills&sr=1-258", "Death Note Quotes": "https://www.amazon.com/saurav-Death-Note-Quotes/dp/B07HD2DXND/ref=sr_1_259?brr=1&dchild=1&qid=1634420724&rd=1&s=digital-skills&sr=1-259", "Letter Chase": "https://www.amazon.com/4pack-Letter-Chase/dp/B07YD8RG33/ref=sr_1_260?brr=1&dchild=1&qid=1634420724&rd=1&s=digital-skills&sr=1-260", "River sound": "https://www.amazon.com/Smart-Skills-River-sound/dp/B086PLTJSC/ref=sr_1_261?brr=1&dchild=1&qid=1634420724&rd=1&s=digital-skills&sr=1-261", "LG Seocho Campus Guide": "https://www.amazon.com/LG-Electronics-Convergence-Center-Seocho/dp/B072JYPZJC/ref=sr_1_262?brr=1&dchild=1&qid=1634420724&rd=1&s=digital-skills&sr=1-262", "Spell Star": "https://www.amazon.com/Line-Labs-Spell-Star-Bee/dp/B07RRTW7HB/ref=sr_1_263?brr=1&dchild=1&qid=1634420724&rd=1&s=digital-skills&sr=1-263", "Warzone Dropper": "https://www.amazon.com/Antmounds-Warzone-Dropper/dp/B087PTCC8P/ref=sr_1_264?brr=1&dchild=1&qid=1634420724&rd=1&s=digital-skills&sr=1-264", "Virginia Lottery": "https://www.amazon.com/COLAB-Multimedia-Virginia-Lottery/dp/B07KXWVWQZ/ref=sr_1_265?brr=1&dchild=1&qid=1634420724&rd=1&s=digital-skills&sr=1-265", "Color Blaster": "https://www.amazon.com/skevir-Color-Blaster/dp/B07JMZ7YWZ/ref=sr_1_266?brr=1&dchild=1&qid=1634420724&rd=1&s=digital-skills&sr=1-266", "A Dog's Way Home": "https://www.amazon.com/Sony-Pictures-Television-Dogs-Home/dp/B07NP1MJ46/ref=sr_1_267?brr=1&dchild=1&qid=1634420724&rd=1&s=digital-skills&sr=1-267", "The Nat Geo Kids Challenge": "https://www.amazon.com/The-Nat-Geo-Kids-Challenge/dp/B098DYYSNZ/ref=sr_1_268?brr=1&dchild=1&qid=1634420724&rd=1&s=digital-skills&sr=1-268", "Spooky Scary Halloween": "https://www.amazon.com/Jakob-Spooky-Scary-Halloween/dp/B07JN7G2TQ/ref=sr_1_269?brr=1&dchild=1&qid=1634420724&rd=1&s=digital-skills&sr=1-269", "Best Car Sounds": "https://www.amazon.com/Hamm-Technology-Systems-Best-Sounds/dp/B07PWPG3DL/ref=sr_1_270?brr=1&dchild=1&qid=1634420724&rd=1&s=digital-skills&sr=1-270", "Potter Letters": "https://www.amazon.com/Drew-Cosgrove-Potter-Letters/dp/B08G53V74K/ref=sr_1_271?brr=1&dchild=1&qid=1634420724&rd=1&s=digital-skills&sr=1-271", "Find My Third Digit": "https://www.amazon.com/Siddhartha-Kodeeswaran-Find-Third-Digit/dp/B096V78951/ref=sr_1_272?brr=1&dchild=1&qid=1634420724&rd=1&s=digital-skills&sr=1-272"}