{"Who Becerra": "https://www.amazon.com/Marcelo-Becerra-Who/dp/B09124FFTT/ref=sr_1_2705?brr=1&dchild=1&qid=1634421163&rd=1&s=digital-skills&sr=1-2705", "HelloWorld": "https://www.amazon.com/Rodrigo-HelloWorld/dp/B0911WX8LL/ref=sr_1_2706?brr=1&dchild=1&qid=1634421163&rd=1&s=digital-skills&sr=1-2706", "Red Roof Inn 1300N": "https://www.amazon.com/Ingress-Ventures-Red-Roof-1300N/dp/B08ZYYWZ42/ref=sr_1_2707?brr=1&dchild=1&qid=1634421163&rd=1&s=digital-skills&sr=1-2707", "The Butter Chicken 11213": "https://www.amazon.com/Ingress-Ventures-Butter-Chicken-11213/dp/B08ZYVGR73/ref=sr_1_2708?brr=1&dchild=1&qid=1634421163&rd=1&s=digital-skills&sr=1-2708", "Who touches him": "https://www.amazon.com/Marcelo-Becerra-Who-touches-him/dp/B08ZYBTYXF/ref=sr_1_2709?brr=1&dchild=1&qid=1634421163&rd=1&s=digital-skills&sr=1-2709", "Who foronda": "https://www.amazon.com/Marcelo-Becerra-Who-foronda/dp/B08ZY2CGJD/ref=sr_1_2710?brr=1&dchild=1&qid=1634421163&rd=1&s=digital-skills&sr=1-2710", "Oasis Inn and Suites 5250": "https://www.amazon.com/Oasis-Inn-and-Suites-5250/dp/B08ZXZ34YL/ref=sr_1_2711?brr=1&dchild=1&qid=1634421163&rd=1&s=digital-skills&sr=1-2711", "The chosen one is": "https://www.amazon.com/Josi-The-chosen-one-is/dp/B08ZWTN3JS/ref=sr_1_2712?brr=1&dchild=1&qid=1634421163&rd=1&s=digital-skills&sr=1-2712", "Whose gonna": "https://www.amazon.com/K-Cleaning-Whose-gonna/dp/B08ZSRDLQ2/ref=sr_1_2713?brr=1&dchild=1&qid=1634421163&rd=1&s=digital-skills&sr=1-2713", "Prisoner's Dilemma Game": "https://www.amazon.com/aion-Prisoners-Dilemma-Game/dp/B08ZSQMM6W/ref=sr_1_2714?brr=1&dchild=1&qid=1634421163&rd=1&s=digital-skills&sr=1-2714", "Golf Tee Times": "https://www.amazon.com/Robert-Namin-Golf-Tee-Times/dp/B08ZSMSGFL/ref=sr_1_2715?brr=1&dchild=1&qid=1634421163&rd=1&s=digital-skills&sr=1-2715", "My trivia": "https://www.amazon.com/Let-me-see-My-trivia/dp/B08ZNY3SXJ/ref=sr_1_2716?brr=1&dchild=1&qid=1634421163&rd=1&s=digital-skills&sr=1-2716", "Top Secret Skills": "https://www.amazon.com/Hung-Nguyen-Top-Secret-Skills/dp/B08ZN5BHTJ/ref=sr_1_2717?brr=1&dchild=1&qid=1634421163&rd=1&s=digital-skills&sr=1-2717", "Simple Sentiments": "https://www.amazon.com/SN-forward-Simple-Sentiments/dp/B08ZMTGFT9/ref=sr_1_2718?brr=1&dchild=1&qid=1634421163&rd=1&s=digital-skills&sr=1-2718", "Whose Turn": "https://www.amazon.com/Vee-Whose-Turn/dp/B08ZMPKLN7/ref=sr_1_2719?brr=1&dchild=1&qid=1634421163&rd=1&s=digital-skills&sr=1-2719", "Question of the day": "https://www.amazon.com/Smart-Skills-Question-the-day/dp/B08ZKWLW2D/ref=sr_1_2720?brr=1&dchild=1&qid=1634421163&rd=1&s=digital-skills&sr=1-2720"}