{"my turn": "https://www.amazon.com/me-my-turn/dp/B08Z1TL4T8/ref=sr_1_2753?brr=1&dchild=1&qid=1634421171&rd=1&s=digital-skills&sr=1-2753", "GammaISPUS2021-01-14T06:36:37.672": "https://www.amazon.com/raunak-GammaISPUS2021-01-14T06-36-37-672/dp/B08YZ8LBYP/ref=sr_1_2754?brr=1&dchild=1&qid=1634421171&rd=1&s=digital-skills&sr=1-2754", "virtual cricket": "https://www.amazon.com/Ranjith-Kumar-virtual-cricket/dp/B08YYXXFMP/ref=sr_1_2755?brr=1&dchild=1&qid=1634421171&rd=1&s=digital-skills&sr=1-2755", "Green Avenger": "https://www.amazon.com/Sanchit-Arora-Coding-Kangaroo-Avenger/dp/B08YYX6PLB/ref=sr_1_2756?brr=1&dchild=1&qid=1634421171&rd=1&s=digital-skills&sr=1-2756", "Meow Playground Trivia": "https://www.amazon.com/BuBBLe-Company-Meow-Playground-Trivia/dp/B08YYWQ8TK/ref=sr_1_2757?brr=1&dchild=1&qid=1634421171&rd=1&s=digital-skills&sr=1-2757", "Hwy 22 Convenience Store 4960": "https://www.amazon.com/Hwy-22-Convenience-Store-4960/dp/B08YYV1N9L/ref=sr_1_2758?brr=1&dchild=1&qid=1634421171&rd=1&s=digital-skills&sr=1-2758", "Random Nature": "https://www.amazon.com/Smart-Skills-Random-Nature/dp/B08YYSDXKC/ref=sr_1_2759?brr=1&dchild=1&qid=1634421171&rd=1&s=digital-skills&sr=1-2759", "Star Trek-Borg Assorted Sound": "https://www.amazon.com/Wisdom-Is-Principal-Apps-Trek-Borg/dp/B08YYRHD1R/ref=sr_1_2760?brr=1&dchild=1&qid=1634421171&rd=1&s=digital-skills&sr=1-2760", "Random Facts": "https://www.amazon.com/Shaik-Random-Facts/dp/B08YYNNT7C/ref=sr_1_2761?brr=1&dchild=1&qid=1634421171&rd=1&s=digital-skills&sr=1-2761", "Star Trek - Klington Disruptor Sound": "https://www.amazon.com/Star-Trek-Klington-Disruptor-Sound/dp/B08YYLLKP1/ref=sr_1_2762?brr=1&dchild=1&qid=1634421171&rd=1&s=digital-skills&sr=1-2762", "Groceryland 510": "https://www.amazon.com/Ingress-Ventures-Groceryland-510/dp/B08YYG7RM4/ref=sr_1_2763?brr=1&dchild=1&qid=1634421171&rd=1&s=digital-skills&sr=1-2763", "Westerville Marathon 5323": "https://www.amazon.com/Ingress-Ventures-Westerville-Marathon-5323/dp/B08YYCG9X1/ref=sr_1_2764?brr=1&dchild=1&qid=1634421171&rd=1&s=digital-skills&sr=1-2764", "Hague Food Mart 839": "https://www.amazon.com/Ingress-Ventures-Hague-Food-Mart/dp/B08YXKFBF6/ref=sr_1_2765?brr=1&dchild=1&qid=1634421171&rd=1&s=digital-skills&sr=1-2765", "random digits of pi": "https://www.amazon.com/juryduty-random-digits-of-pi/dp/B08YXC2BC1/ref=sr_1_2766?brr=1&dchild=1&qid=1634421171&rd=1&s=digital-skills&sr=1-2766", "The Snowy Day Trivia Game": "https://www.amazon.com/The-Snowy-Day-Trivia-Game/dp/B08YRS69GP/ref=sr_1_2767?brr=1&dchild=1&qid=1634421171&rd=1&s=digital-skills&sr=1-2767", "choose the next": "https://www.amazon.com/Emeterio-choose-the-next/dp/B08YRKM94S/ref=sr_1_2768?brr=1&dchild=1&qid=1634421171&rd=1&s=digital-skills&sr=1-2768"}