{"Whose turn": "https://www.amazon.com/Yuvraj-soni-Whose-turn/dp/B08YRGLCTL/ref=sr_1_2769?brr=1&dchild=1&qid=1634421174&rd=1&s=digital-skills&sr=1-2769", "Star Trek - TOS Transporter Sound": "https://www.amazon.com/Star-Trek-TOS-Transporter-Sound/dp/B08YRGC5RC/ref=sr_1_2770?brr=1&dchild=1&qid=1634421174&rd=1&s=digital-skills&sr=1-2770", "Super Effective": "https://www.amazon.com/Sinapples-Super-Effective/dp/B08YRCS2LK/ref=sr_1_2771?brr=1&dchild=1&qid=1634421174&rd=1&s=digital-skills&sr=1-2771", "Relax Inn & Suites": "https://www.amazon.com/Ingress-Ventures-Relax-Inn-Suites/dp/B08YQSXH2G/ref=sr_1_2772?brr=1&dchild=1&qid=1634421174&rd=1&s=digital-skills&sr=1-2772", "Rodeway Inn 6500": "https://www.amazon.com/Ingress-Ventures-Rodeway-Inn-6500/dp/B08YQJQ8WJ/ref=sr_1_2773?brr=1&dchild=1&qid=1634421174&rd=1&s=digital-skills&sr=1-2773", "Emotional Radar": "https://www.amazon.com/SN-forward-Emotional-Radar/dp/B08YNRLTTF/ref=sr_1_2774?brr=1&dchild=1&qid=1634421174&rd=1&s=digital-skills&sr=1-2774", "xtrachef invoice search": "https://www.amazon.com/MTS-xtrachef-invoice-search/dp/B08YNDYFXV/ref=sr_1_2775?brr=1&dchild=1&qid=1634421174&rd=1&s=digital-skills&sr=1-2775", "Unicorn Pizza": "https://www.amazon.com/Knownentity-Skills-Unicorn-Pizza/dp/B08YN22HF3/ref=sr_1_2776?brr=1&dchild=1&qid=1634421174&rd=1&s=digital-skills&sr=1-2776", "Candlewood suite 6439": "https://www.amazon.com/Ingress-Ventures-Candlewood-suite-6439/dp/B08YMZGJ1J/ref=sr_1_2777?brr=1&dchild=1&qid=1634421174&rd=1&s=digital-skills&sr=1-2777", "Dad jokes": "https://www.amazon.com/Zoe-fuentes-Dad-jokes/dp/B08YK5Q85V/ref=sr_1_2778?brr=1&dchild=1&qid=1634421174&rd=1&s=digital-skills&sr=1-2778", "Animated Cartoon Trivia": "https://www.amazon.com/Wisdom-Is-Principal-Apps-Animated/dp/B08YK1GVST/ref=sr_1_2779?brr=1&dchild=1&qid=1634421174&rd=1&s=digital-skills&sr=1-2779", "Lia Hotel 950": "https://www.amazon.com/Ingress-Ventures-Lia-Hotel-950/dp/B08YDYJ8YX/ref=sr_1_2780?brr=1&dchild=1&qid=1634421174&rd=1&s=digital-skills&sr=1-2780", "Gangstaville Radio": "https://www.amazon.com/Online-Radio-Gangstaville/dp/B08YDCXGCR/ref=sr_1_2781?brr=1&dchild=1&qid=1634421174&rd=1&s=digital-skills&sr=1-2781", "Dvh Dev": "https://www.amazon.com/Advahoo-Dvh-Dev/dp/B08YDCL8MF/ref=sr_1_2782?brr=1&dchild=1&qid=1634421174&rd=1&s=digital-skills&sr=1-2782", "Lando": "https://www.amazon.com/dylankershaw-Lando/dp/B08YD8G4FK/ref=sr_1_2783?brr=1&dchild=1&qid=1634421174&rd=1&s=digital-skills&sr=1-2783", "Intuit.FM": "https://www.amazon.com/Online-Radio-Intuit-FM/dp/B08YCXXCKC/ref=sr_1_2784?brr=1&dchild=1&qid=1634421174&rd=1&s=digital-skills&sr=1-2784"}