{"Who's turn": "https://www.amazon.com/Payton-Whos-turn/dp/B08Y8J2QKB/ref=sr_1_2785?brr=1&dchild=1&qid=1634421177&rd=1&s=digital-skills&sr=1-2785", "Peachy Clean Laundry 6548": "https://www.amazon.com/Ingress-Ventures-Peachy-Clean-Laundry/dp/B08Y8CN5WF/ref=sr_1_2786?brr=1&dchild=1&qid=1634421177&rd=1&s=digital-skills&sr=1-2786", "James's Anime Trivia": "https://www.amazon.com/Solteszramen1-Jamess-Anime-Trivia/dp/B08Y7RX5GS/ref=sr_1_2787?brr=1&dchild=1&qid=1634421177&rd=1&s=digital-skills&sr=1-2787", "Splork": "https://www.amazon.com/Nerderium-Splork/dp/B08Y7R4N9B/ref=sr_1_2788?brr=1&dchild=1&qid=1634421177&rd=1&s=digital-skills&sr=1-2788", "CSGO Case Simulator": "https://www.amazon.com/Quazaar-CSGO-Case-Simulator/dp/B08Y7KR25Z/ref=sr_1_2789?brr=1&dchild=1&qid=1634421177&rd=1&s=digital-skills&sr=1-2789", "Gravity Facts": "https://www.amazon.com/HTML-Email-Gravity-Facts/dp/B08Y6JYLDH/ref=sr_1_2790?brr=1&dchild=1&qid=1634421177&rd=1&s=digital-skills&sr=1-2790", "chatterbox adventure": "https://www.amazon.com/Chatterbox-chatterbox-adventure/dp/B08Y65KCPP/ref=sr_1_2791?brr=1&dchild=1&qid=1634421177&rd=1&s=digital-skills&sr=1-2791", "Daily Facts": "https://www.amazon.com/Duhaney-Enterprise-LLC-Daily-Facts/dp/B08Y5QVJB4/ref=sr_1_2792?brr=1&dchild=1&qid=1634421177&rd=1&s=digital-skills&sr=1-2792", "Z's revenge": "https://www.amazon.com/Zarek-Albert-Zs-revenge/dp/B08Y5NBRQY/ref=sr_1_2793?brr=1&dchild=1&qid=1634421177&rd=1&s=digital-skills&sr=1-2793", "Never Have I Ever": "https://www.amazon.com/Veey-OG-Never-Have-Ever/dp/B08Y5HH9LZ/ref=sr_1_2795?brr=1&dchild=1&qid=1634421177&rd=1&s=digital-skills&sr=1-2795", "Star Trek - Borg Adapt Sound": "https://www.amazon.com/Star-Trek-Borg-Adapt-Sound/dp/B08Y586SQX/ref=sr_1_2796?brr=1&dchild=1&qid=1634421177&rd=1&s=digital-skills&sr=1-2796", "Family Trivia": "https://www.amazon.com/Theresa-Family-Trivia/dp/B08Y56TPTG/ref=sr_1_2797?brr=1&dchild=1&qid=1634421177&rd=1&s=digital-skills&sr=1-2797", "Star Trek - Andorian Ship Sound": "https://www.amazon.com/Star-Trek-Andorian-Ship-Sound/dp/B08Y1B7ZWK/ref=sr_1_2798?brr=1&dchild=1&qid=1634421177&rd=1&s=digital-skills&sr=1-2798", "Choose at random": "https://www.amazon.com/Mi-Choose-at-random/dp/B08XZSXYNJ/ref=sr_1_2799?brr=1&dchild=1&qid=1634421177&rd=1&s=digital-skills&sr=1-2799", "Destiny": "https://www.amazon.com/itachi_uchicha-Destiny/dp/B08XZJS9XK/ref=sr_1_2800?brr=1&dchild=1&qid=1634421177&rd=1&s=digital-skills&sr=1-2800"}