{"Cake Time": "https://www.amazon.com/Default-User-Cake-Time/dp/B08XZGJ2JW/ref=sr_1_2801?brr=1&dchild=1&qid=1634421180&rd=1&s=digital-skills&sr=1-2801", "Maybe no yes": "https://www.amazon.com/Gd-Maybe-no-yes/dp/B08XXX8VSV/ref=sr_1_2802?brr=1&dchild=1&qid=1634421180&rd=1&s=digital-skills&sr=1-2802", "Help me pick": "https://www.amazon.com/Ashley-Edwards-Help-me-pick/dp/B08XXWN1WS/ref=sr_1_2803?brr=1&dchild=1&qid=1634421180&rd=1&s=digital-skills&sr=1-2803", "Tales of Myth": "https://www.amazon.com/Baron_Soontir_Fel-Tales-of-Myth/dp/B08XXVB3FH/ref=sr_1_2804?brr=1&dchild=1&qid=1634421180&rd=1&s=digital-skills&sr=1-2804", "Coconut Mall": "https://www.amazon.com/Eric-Huglen-Coconut-Mall/dp/B08XXRVGD8/ref=sr_1_2805?brr=1&dchild=1&qid=1634421180&rd=1&s=digital-skills&sr=1-2805", "Abbott chores": "https://www.amazon.com/Emery-Abbott-chores/dp/B08XXLY8CB/ref=sr_1_2806?brr=1&dchild=1&qid=1634421180&rd=1&s=digital-skills&sr=1-2806", "Scientist Escape the Room 7 (Santa Edition)": "https://www.amazon.com/Scientist-Escape-Room-7-Santa/dp/B08XXLPQGF/ref=sr_1_2807?brr=1&dchild=1&qid=1634421180&rd=1&s=digital-skills&sr=1-2807", "Taku's Craft": "https://www.amazon.com/Otakucraft-Takus-Craft/dp/B08XXKS383/ref=sr_1_2808?brr=1&dchild=1&qid=1634421180&rd=1&s=digital-skills&sr=1-2808", "My Fairy Tale": "https://www.amazon.com/Hailey-My-Fairy-Tale/dp/B08XXG4FHP/ref=sr_1_2809?brr=1&dchild=1&qid=1634421180&rd=1&s=digital-skills&sr=1-2809", "Star Trek-Borg Alcove Regeneration Sound": "https://www.amazon.com/Star-Trek-Borg-Alcove-Regeneration-Sound/dp/B08XXCHNCQ/ref=sr_1_2810?brr=1&dchild=1&qid=1634421180&rd=1&s=digital-skills&sr=1-2810", "Random Picker": "https://www.amazon.com/Evenspierrelouis-Random-Picker/dp/B08XX4TNBZ/ref=sr_1_2811?brr=1&dchild=1&qid=1634421180&rd=1&s=digital-skills&sr=1-2811", "MyLo Hotel 3211": "https://www.amazon.com/Ingress-Ventures-MyLo-Hotel-3211/dp/B08XX21YLF/ref=sr_1_2812?brr=1&dchild=1&qid=1634421180&rd=1&s=digital-skills&sr=1-2812", "Sleep Relaxation Sounds": "https://www.amazon.com/Smart-Skills-Sleep-Relaxation-Sounds/dp/B08XW8BXXR/ref=sr_1_2813?brr=1&dchild=1&qid=1634421180&rd=1&s=digital-skills&sr=1-2813", "Delimart 1009": "https://www.amazon.com/Ingress-Ventures-Delimart-1009/dp/B08XV4YPV8/ref=sr_1_2814?brr=1&dchild=1&qid=1634421180&rd=1&s=digital-skills&sr=1-2814", "parkers-ear-trainer": "https://www.amazon.com/Parker-Lawrence-parkers-ear-trainer/dp/B08XV2WGL5/ref=sr_1_2815?brr=1&dchild=1&qid=1634421180&rd=1&s=digital-skills&sr=1-2815", "Your Fortune": "https://www.amazon.com/Rebecca-Salley-Your-Fortune/dp/B08XQPS5KQ/ref=sr_1_2816?brr=1&dchild=1&qid=1634421180&rd=1&s=digital-skills&sr=1-2816"}