{"Random Picker": "https://www.amazon.com/Tiff-Random-Picker/dp/B08XQMF5BM/ref=sr_1_2817?brr=1&dchild=1&qid=1634421182&rd=1&s=digital-skills&sr=1-2817", "Irvine stop & shop": "https://www.amazon.com/Ingress-Ventures-Irvine-stop-shop/dp/B08XQJDSXV/ref=sr_1_2818?brr=1&dchild=1&qid=1634421182&rd=1&s=digital-skills&sr=1-2818", "SongMatchSkill": "https://www.amazon.com/Jimmy-Zhang-SongMatchSkill/dp/B08XQHP2LK/ref=sr_1_2819?brr=1&dchild=1&qid=1634421182&rd=1&s=digital-skills&sr=1-2819", "Mercer Mini Mart 807": "https://www.amazon.com/Ingress-Ventures-Mercer-Mini-Mart/dp/B08XQH69GG/ref=sr_1_2820?brr=1&dchild=1&qid=1634421182&rd=1&s=digital-skills&sr=1-2820", "Sage Inn 725": "https://www.amazon.com/Ingress-Ventures-Sage-Inn-725/dp/B08XQDV96F/ref=sr_1_2821?brr=1&dchild=1&qid=1634421182&rd=1&s=digital-skills&sr=1-2821", "Whose Turn": "https://www.amazon.com/Lex-Whose-Turn/dp/B08XP9PMCT/ref=sr_1_2828?brr=1&dchild=1&qid=1634421182&rd=1&s=digital-skills&sr=1-2828", "Penny Pediatrics 14430": "https://www.amazon.com/Ingress-Ventures-Penny-Pediatrics-14430/dp/B08XQ7GLRK/ref=sr_1_2823?brr=1&dchild=1&qid=1634421182&rd=1&s=digital-skills&sr=1-2823", "Coyote South 3358": "https://www.amazon.com/Ingress-Ventures-Coyote-South-3358/dp/B08XQ698YW/ref=sr_1_2824?brr=1&dchild=1&qid=1634421182&rd=1&s=digital-skills&sr=1-2824", "Dog Quiz": "https://www.amazon.com/Dog-Artists-Quiz/dp/B08XQ319X4/ref=sr_1_2825?brr=1&dchild=1&qid=1634421182&rd=1&s=digital-skills&sr=1-2825", "Ramada Hotel & Suites 1575W": "https://www.amazon.com/Ingress-Ventures-Ramada-Hotel-Suites/dp/B08XQ2RCFG/ref=sr_1_2826?brr=1&dchild=1&qid=1634421182&rd=1&s=digital-skills&sr=1-2826", "Super Heroes": "https://www.amazon.com/sahad-sarang-Super-Heroes/dp/B08XPCGZQP/ref=sr_1_2827?brr=1&dchild=1&qid=1634421182&rd=1&s=digital-skills&sr=1-2827", "Star Trek - Alien Door Sound": "https://www.amazon.com/Star-Trek-Alien-Door-Sound/dp/B08XP95FLW/ref=sr_1_2829?brr=1&dchild=1&qid=1634421182&rd=1&s=digital-skills&sr=1-2829", "Roblox Fan Facts": "https://www.amazon.com/Wisdom-Is-Principal-Apps-Roblox/dp/B08XNS3QT5/ref=sr_1_2830?brr=1&dchild=1&qid=1634421182&rd=1&s=digital-skills&sr=1-2830", "Holiday Story Two": "https://www.amazon.com/kaa-Holiday-Story-Two/dp/B08XMKSJJV/ref=sr_1_2831?brr=1&dchild=1&qid=1634421182&rd=1&s=digital-skills&sr=1-2831", "SmartyPANCE Quiz": "https://www.amazon.com/Voicepress-co-SmartyPANCE-Quiz/dp/B08XMJQF8M/ref=sr_1_2832?brr=1&dchild=1&qid=1634421182&rd=1&s=digital-skills&sr=1-2832"}