{"Bender Trivia Bonanza": "https://www.amazon.com/Torontosaurus-Bender-Trivia-Bonanza/dp/B08XBNVJL7/ref=sr_1_2849?brr=1&dchild=1&qid=1634421188&rd=1&s=digital-skills&sr=1-2849", "Hotel Iris 625": "https://www.amazon.com/Ingress-Ventures-Hotel-Iris-625/dp/B08XBJVYZP/ref=sr_1_2850?brr=1&dchild=1&qid=1634421188&rd=1&s=digital-skills&sr=1-2850", "Hotel V 222S": "https://www.amazon.com/Ingress-Ventures-Hotel-V-222S/dp/B08XBH22P8/ref=sr_1_2851?brr=1&dchild=1&qid=1634421188&rd=1&s=digital-skills&sr=1-2851", "Subtraction Tutor": "https://www.amazon.com/worldengine-Subtraction-Tutor/dp/B08XBDCVJK/ref=sr_1_2852?brr=1&dchild=1&qid=1634421188&rd=1&s=digital-skills&sr=1-2852", "Math Quiz": "https://www.amazon.com/Kombubrew-LLC-Math-Quiz/dp/B08XBBQRSD/ref=sr_1_2853?brr=1&dchild=1&qid=1634421188&rd=1&s=digital-skills&sr=1-2853", "Hotel E Real 3580": "https://www.amazon.com/Ingress-Ventures-Hotel-Real-3580/dp/B08XB8LLD7/ref=sr_1_2854?brr=1&dchild=1&qid=1634421188&rd=1&s=digital-skills&sr=1-2854", "What does Ruth say?": "https://www.amazon.com/Die-Lautmaler-GmbH-What-does/dp/B08XB522R3/ref=sr_1_2855?brr=1&dchild=1&qid=1634421188&rd=1&s=digital-skills&sr=1-2855", "Sleep Sounds Fetal Heart Sounds": "https://www.amazon.com/Sleep-Sounds-Fetal-Heart/dp/B08X9ZXS14/ref=sr_1_2856?brr=1&dchild=1&qid=1634421188&rd=1&s=digital-skills&sr=1-2856", "Super 8 Smithfield 735": "https://www.amazon.com/Ingress-Ventures-Super-Smithfield-735/dp/B08X9ZHCN3/ref=sr_1_2857?brr=1&dchild=1&qid=1634421188&rd=1&s=digital-skills&sr=1-2857", "Motel 6 1501": "https://www.amazon.com/Ingress-Ventures-Motel-6-1501/dp/B08X9WQ9G8/ref=sr_1_2858?brr=1&dchild=1&qid=1634421188&rd=1&s=digital-skills&sr=1-2858", "Motel 6 745": "https://www.amazon.com/Ingress-Ventures-Motel-6-745/dp/B08X9P68SC/ref=sr_1_2859?brr=1&dchild=1&qid=1634421188&rd=1&s=digital-skills&sr=1-2859", "Fairview Inn 10407": "https://www.amazon.com/Ingress-Ventures-Fairview-Inn-10407/dp/B08X9DZQ74/ref=sr_1_2860?brr=1&dchild=1&qid=1634421188&rd=1&s=digital-skills&sr=1-2860", "The Pacific 1655": "https://www.amazon.com/Ingress-Ventures-The-Pacific-1655/dp/B08X8KRGBS/ref=sr_1_2861?brr=1&dchild=1&qid=1634421188&rd=1&s=digital-skills&sr=1-2861", "Diabetes Goals Quiz": "https://www.amazon.com/Karen-Le-Diabetes-Goals-Quiz/dp/B08X718X2R/ref=sr_1_2862?brr=1&dchild=1&qid=1634421188&rd=1&s=digital-skills&sr=1-2862", "Sleep Sounds Hair Dryer Sounds": "https://www.amazon.com/Sleep-Sounds-Hair-Dryer/dp/B08X6ZH79N/ref=sr_1_2863?brr=1&dchild=1&qid=1634421188&rd=1&s=digital-skills&sr=1-2863", "Magic Ball": "https://www.amazon.com/personnel-Magic-Ball/dp/B08X6L9RXC/ref=sr_1_2864?brr=1&dchild=1&qid=1634421188&rd=1&s=digital-skills&sr=1-2864"}