{"Airhockey News": "https://www.amazon.com/Live-Music-Records-Airhockey-News/dp/B07DD1V9H6/ref=sr_1_273?brr=1&dchild=1&qid=1634420727&rd=1&s=digital-skills&sr=1-273", "Hey Arthur": "https://www.amazon.com/WGBH-Educational-Foundation-Digital-Services/dp/B07M8DGK3M/ref=sr_1_274?brr=1&dchild=1&qid=1634420727&rd=1&s=digital-skills&sr=1-274", "Animal Crossing: Pocket Camp Unofficial Guide": "https://www.amazon.com/Animal-Crossing-Pocket-Unofficial-Guide/dp/B07GRL5T8S/ref=sr_1_275?brr=1&dchild=1&qid=1634420727&rd=1&s=digital-skills&sr=1-275", "daycare game": "https://www.amazon.com/SLKapps-daycare-game/dp/B073WHKHZ5/ref=sr_1_276?brr=1&dchild=1&qid=1634420727&rd=1&s=digital-skills&sr=1-276", "Snowball Fight": "https://www.amazon.com/Drawrz-com-Snowball-Fight/dp/B07MB3HDSS/ref=sr_1_277?brr=1&dchild=1&qid=1634420727&rd=1&s=digital-skills&sr=1-277", "Blink": "https://www.amazon.com/sscarlett-Blink/dp/B09CTG8FHQ/ref=sr_1_278?brr=1&dchild=1&qid=1634420727&rd=1&s=digital-skills&sr=1-278", "Car Safety Checker": "https://www.amazon.com/Carrot-Studios-Car-Safety-Checker/dp/B07D6ZMY3Z/ref=sr_1_279?brr=1&dchild=1&qid=1634420727&rd=1&s=digital-skills&sr=1-279", "Thunderstorm Sounds": "https://www.amazon.com/Axantic-Thunderstorm-Sounds/dp/B09HQXFCR5/ref=sr_1_280?brr=1&dchild=1&qid=1634420727&rd=1&s=digital-skills&sr=1-280", "Rock 'Em Sock 'Em Robots": "https://www.amazon.com/Rock-Em-Sock-Robots/dp/B08S9HKDYN/ref=sr_1_281?brr=1&dchild=1&qid=1634420727&rd=1&s=digital-skills&sr=1-281", "Cloudy with a Chance of Meatballs: Foodimals": "https://www.amazon.com/Sony-Pictures-Television-Cloudy-Meatballs/dp/B08KLJBPFZ/ref=sr_1_282?brr=1&dchild=1&qid=1634420727&rd=1&s=digital-skills&sr=1-282", "Pink Noise Sleep Sounds": "https://www.amazon.com/SamPaul-Skills-Noise-Sleep-Sounds/dp/B08WRHMGK4/ref=sr_1_283?brr=1&dchild=1&qid=1634420727&rd=1&s=digital-skills&sr=1-283", "Ocean Waves Crashing - Relaxing Sounds": "https://www.amazon.com/Ocean-Waves-Crashing-Relaxing-Sounds/dp/B085TD7XS5/ref=sr_1_284?brr=1&dchild=1&qid=1634420727&rd=1&s=digital-skills&sr=1-284", "Racing Tips at Keeneland": "https://www.amazon.com/Horse-Ranker-Racing-Tips-Keeneland/dp/B07YPTZRMJ/ref=sr_1_285?brr=1&dchild=1&qid=1634420727&rd=1&s=digital-skills&sr=1-285", "Monkey Sounds": "https://www.amazon.com/Nickopanther-Monkey-Sounds/dp/B084DJ6ZCD/ref=sr_1_286?brr=1&dchild=1&qid=1634420727&rd=1&s=digital-skills&sr=1-286", "Lord of the Ring Facts": "https://www.amazon.com/Lord-of-the-Ring-Facts/dp/B081YQM8ZV/ref=sr_1_287?brr=1&dchild=1&qid=1634420727&rd=1&s=digital-skills&sr=1-287", "Jewelry Metal Facts": "https://www.amazon.com/GOKULADIVYA-K-Jewelry-Metal-Facts/dp/B07PJV6WDK/ref=sr_1_288?brr=1&dchild=1&qid=1634420727&rd=1&s=digital-skills&sr=1-288"}