{"Random Podcast": "https://www.amazon.com/Randy-California-Random-Podcast/dp/B08W52MD62/ref=sr_1_2961?brr=1&dchild=1&qid=1634421208&rd=1&s=digital-skills&sr=1-2961", "Country Inn & Suites 1025": "https://www.amazon.com/Ingress-Ventures-Country-Suites-1025/dp/B08W51DCW2/ref=sr_1_2962?brr=1&dchild=1&qid=1634421208&rd=1&s=digital-skills&sr=1-2962", "Ramada Harrisburg 300N": "https://www.amazon.com/Ingress-Ventures-Ramada-Harrisburg-300N/dp/B08W4Z6W6D/ref=sr_1_2963?brr=1&dchild=1&qid=1634421208&rd=1&s=digital-skills&sr=1-2963", "Candlewood Suites 504N": "https://www.amazon.com/Ingress-Ventures-Candlewood-Suites-504N/dp/B08W4X9GC4/ref=sr_1_2964?brr=1&dchild=1&qid=1634421208&rd=1&s=digital-skills&sr=1-2964", "What's the number?": "https://www.amazon.com/Inspirando-Sonhos-Whats-the-number/dp/B08W4PZFS5/ref=sr_1_2965?brr=1&dchild=1&qid=1634421208&rd=1&s=digital-skills&sr=1-2965", "Hide and Seek": "https://www.amazon.com/worldengine-Hide-and-Seek/dp/B08W4BLSMW/ref=sr_1_2966?brr=1&dchild=1&qid=1634421208&rd=1&s=digital-skills&sr=1-2966", "Sai Food Store": "https://www.amazon.com/Ingress-Ventures-Sai-Food-Store/dp/B08W35GF37/ref=sr_1_2967?brr=1&dchild=1&qid=1634421208&rd=1&s=digital-skills&sr=1-2967", "Yogi Food Store": "https://www.amazon.com/Ingress-Ventures-Yogi-Food-Store/dp/B08W32W8W6/ref=sr_1_2968?brr=1&dchild=1&qid=1634421208&rd=1&s=digital-skills&sr=1-2968", "Don's Cleaners 8": "https://www.amazon.com/Ingress-Ventures-Dons-Cleaners-8/dp/B08W328N4M/ref=sr_1_2969?brr=1&dchild=1&qid=1634421208&rd=1&s=digital-skills&sr=1-2969", "Don's Cleaners 9": "https://www.amazon.com/Ingress-Ventures-Dons-Cleaners-9/dp/B08W31865D/ref=sr_1_2970?brr=1&dchild=1&qid=1634421208&rd=1&s=digital-skills&sr=1-2970", "Don's Cleaners 5": "https://www.amazon.com/Ingress-Ventures-Dons-Cleaners-5/dp/B08W2W6S23/ref=sr_1_2971?brr=1&dchild=1&qid=1634421208&rd=1&s=digital-skills&sr=1-2971", "cover cat fact": "https://www.amazon.com/1-2-cover-cat-fact/dp/B08W2D8S95/ref=sr_1_2972?brr=1&dchild=1&qid=1634421208&rd=1&s=digital-skills&sr=1-2972", "Don's Cleaners 6": "https://www.amazon.com/Ingress-Ventures-Dons-Cleaners-6/dp/B08W2B1GGV/ref=sr_1_2973?brr=1&dchild=1&qid=1634421208&rd=1&s=digital-skills&sr=1-2973", "Roulette Rouza": "https://www.amazon.com/Dagoxpro-Roulette-Rouza/dp/B08W28Z6NC/ref=sr_1_2974?brr=1&dchild=1&qid=1634421208&rd=1&s=digital-skills&sr=1-2974", "Don's Cleaners 7": "https://www.amazon.com/Ingress-Ventures-Dons-Cleaners-7/dp/B08W1ZKLM1/ref=sr_1_2975?brr=1&dchild=1&qid=1634421208&rd=1&s=digital-skills&sr=1-2975", "Delaware Golf Courses": "https://www.amazon.com/Robert-Namin-Delaware-Golf-Courses/dp/B08W1MYTXN/ref=sr_1_2976?brr=1&dchild=1&qid=1634421208&rd=1&s=digital-skills&sr=1-2976"}