{"Shiritori": "https://www.amazon.com/thunderworm-esy-es-Shiritori/dp/B08W1KQNXK/ref=sr_1_2977?brr=1&dchild=1&qid=1634421211&rd=1&s=digital-skills&sr=1-2977", "Warzone Strategies": "https://www.amazon.com/Carlos-Ceniceros-Warzone-Strategies/dp/B08W12V7F3/ref=sr_1_2978?brr=1&dchild=1&qid=1634421211&rd=1&s=digital-skills&sr=1-2978", "My Turn Two": "https://www.amazon.com/Dinesh-Thangaraj-My-Turn-Two/dp/B08VWWMGDX/ref=sr_1_2979?brr=1&dchild=1&qid=1634421211&rd=1&s=digital-skills&sr=1-2979", "Don's Cleaners 2": "https://www.amazon.com/Ingress-Ventures-Dons-Cleaners-2/dp/B08VWTVPPP/ref=sr_1_2980?brr=1&dchild=1&qid=1634421211&rd=1&s=digital-skills&sr=1-2980", "Tre\u2019s Urban Soul Music Birthday Trivia": "https://www.amazon.com/Tres-Urban-Music-Birthday-Trivia/dp/B08VWC97L3/ref=sr_1_2981?brr=1&dchild=1&qid=1634421211&rd=1&s=digital-skills&sr=1-2981", "King Kong Sound": "https://www.amazon.com/Wisdom-Is-Principal-Apps-Sound/dp/B08VW5W7VV/ref=sr_1_2982?brr=1&dchild=1&qid=1634421211&rd=1&s=digital-skills&sr=1-2982", "Don's Cleaners 3": "https://www.amazon.com/Ingress-Ventures-Dons-Cleaners-3/dp/B08VW267R2/ref=sr_1_2983?brr=1&dchild=1&qid=1634421211&rd=1&s=digital-skills&sr=1-2983", "Not my Turn": "https://www.amazon.com/Dinesh-Thangaraj-Not-my-Turn/dp/B08VSGFMBL/ref=sr_1_2984?brr=1&dchild=1&qid=1634421211&rd=1&s=digital-skills&sr=1-2984", "What is the number?": "https://www.amazon.com/Inspirando-Sonhos-What-the-number/dp/B08VRWW1LC/ref=sr_1_2985?brr=1&dchild=1&qid=1634421211&rd=1&s=digital-skills&sr=1-2985", "name picker": "https://www.amazon.com/Christina-name-picker/dp/B08VRP4FYP/ref=sr_1_2986?brr=1&dchild=1&qid=1634421211&rd=1&s=digital-skills&sr=1-2986", "Rutabaga Facts": "https://www.amazon.com/Rock-Goose-Rutabaga-Facts/dp/B08VQ51W6W/ref=sr_1_2987?brr=1&dchild=1&qid=1634421211&rd=1&s=digital-skills&sr=1-2987", "Short Squeeze": "https://www.amazon.com/Ryan-Kauffman-Short-Squeeze/dp/B08VP221P7/ref=sr_1_2988?brr=1&dchild=1&qid=1634421211&rd=1&s=digital-skills&sr=1-2988", "pick someone": "https://www.amazon.com/ultrapokefan64-pick-someone/dp/B08VNK1YDM/ref=sr_1_2989?brr=1&dchild=1&qid=1634421211&rd=1&s=digital-skills&sr=1-2989", "Whiting Family Quotes": "https://www.amazon.com/Stacilee-Whiting-Family-Quotes/dp/B08VNHW8BV/ref=sr_1_2990?brr=1&dchild=1&qid=1634421211&rd=1&s=digital-skills&sr=1-2990", "Crystal Ball": "https://www.amazon.com/worldengine-Crystal-Ball/dp/B08VN9FX9Z/ref=sr_1_2991?brr=1&dchild=1&qid=1634421211&rd=1&s=digital-skills&sr=1-2991", "Digital Marketing": "https://www.amazon.com/Rubi-Dubey-Digital-Marketing/dp/B08VMXCZVD/ref=sr_1_2992?brr=1&dchild=1&qid=1634421211&rd=1&s=digital-skills&sr=1-2992"}