{"Have you ever": "https://www.amazon.com/Nitin-Thakur-Have-you-ever/dp/B08VJF7VLW/ref=sr_1_2993?brr=1&dchild=1&qid=1634421213&rd=1&s=digital-skills&sr=1-2993", "Whose Turn Peki": "https://www.amazon.com/Rini-Whose-Turn-Peki/dp/B08VJDS1TB/ref=sr_1_2994?brr=1&dchild=1&qid=1634421213&rd=1&s=digital-skills&sr=1-2994", "who is going": "https://www.amazon.com/Alberto-Ram%C3%ADrez-who-is-going/dp/B08VJ7VT1Z/ref=sr_1_2995?brr=1&dchild=1&qid=1634421213&rd=1&s=digital-skills&sr=1-2995", "scientist escape the room 8": "https://www.amazon.com/scientist-escape-the-room-8/dp/B08VJ7KFJH/ref=sr_1_2996?brr=1&dchild=1&qid=1634421213&rd=1&s=digital-skills&sr=1-2996", "Study Blast": "https://www.amazon.com/BrainX-Study-Blast/dp/B08VJ4PTCR/ref=sr_1_2997?brr=1&dchild=1&qid=1634421213&rd=1&s=digital-skills&sr=1-2997", "Fortune Teller": "https://www.amazon.com/Bentil-Osei-Boye-Fortune-Teller/dp/B08VHZ1CJZ/ref=sr_1_2998?brr=1&dchild=1&qid=1634421213&rd=1&s=digital-skills&sr=1-2998", "Life Mantra": "https://www.amazon.com/Nitin-Thakur-Life-Mantra/dp/B08VHY1BXQ/ref=sr_1_2999?brr=1&dchild=1&qid=1634421213&rd=1&s=digital-skills&sr=1-2999", "cricket facts": "https://www.amazon.com/Impulse-Corp-cricket-facts/dp/B08VHXHJXV/ref=sr_1_3000?brr=1&dchild=1&qid=1634421213&rd=1&s=digital-skills&sr=1-3000", "duel help": "https://www.amazon.com/oibanez-duel-help/dp/B08VHWTDVY/ref=sr_1_3001?brr=1&dchild=1&qid=1634421213&rd=1&s=digital-skills&sr=1-3001", "DAoC News of the Week": "https://www.amazon.com/DAoC-News-of-the-Week/dp/B08VHN3841/ref=sr_1_3002?brr=1&dchild=1&qid=1634421213&rd=1&s=digital-skills&sr=1-3002", "Jurassic Park Trivia (Unofficial)": "https://www.amazon.com/Porterabytes-LLC-Jurassic-Trivia-Unofficial/dp/B08VH7N11Z/ref=sr_1_3003?brr=1&dchild=1&qid=1634421213&rd=1&s=digital-skills&sr=1-3003", "Who's fat girl": "https://www.amazon.com/BATMAN-Whos-fat-girl/dp/B08VH5ZSRR/ref=sr_1_3004?brr=1&dchild=1&qid=1634421213&rd=1&s=digital-skills&sr=1-3004", "Lucky Number": "https://www.amazon.com/Lucky-Number/dp/B08VGX3695/ref=sr_1_3005?brr=1&dchild=1&qid=1634421213&rd=1&s=digital-skills&sr=1-3005", "Doggie Praise": "https://www.amazon.com/Jb-Skills-Doggie-Praise/dp/B08VGPQ27R/ref=sr_1_3006?brr=1&dchild=1&qid=1634421213&rd=1&s=digital-skills&sr=1-3006", "Godzilla Sound": "https://www.amazon.com/Wisdom-Is-Principal-Apps-Godzilla/dp/B08VGG155N/ref=sr_1_3007?brr=1&dchild=1&qid=1634421213&rd=1&s=digital-skills&sr=1-3007", "Who's turn": "https://www.amazon.com/Joe-Whos-turn/dp/B08VGC6HPB/ref=sr_1_3008?brr=1&dchild=1&qid=1634421213&rd=1&s=digital-skills&sr=1-3008"}