{"Prime Game": "https://www.amazon.com/worldengine-Prime-Game/dp/B08VG1ZM2C/ref=sr_1_3009?brr=1&dchild=1&qid=1634421216&rd=1&s=digital-skills&sr=1-3009", "Fast Counter": "https://www.amazon.com/worldengine-Fast-Counter/dp/B08VDRCP38/ref=sr_1_3010?brr=1&dchild=1&qid=1634421216&rd=1&s=digital-skills&sr=1-3010", "Rock Paper Scissors": "https://www.amazon.com/NONE-Rock-Paper-Scissors/dp/B08VDPBWZZ/ref=sr_1_3011?brr=1&dchild=1&qid=1634421216&rd=1&s=digital-skills&sr=1-3011", "Country Capital Game": "https://www.amazon.com/AKSKILLS-Country-Capital-Game/dp/B08VDDF6JM/ref=sr_1_3012?brr=1&dchild=1&qid=1634421216&rd=1&s=digital-skills&sr=1-3012", "Who's Next": "https://www.amazon.com/vVv-Whos-Next/dp/B08VDD8F67/ref=sr_1_3013?brr=1&dchild=1&qid=1634421216&rd=1&s=digital-skills&sr=1-3013", "No Way Toes": "https://www.amazon.com/Mike-Free-No-Way-Toes/dp/B08VD5CPJQ/ref=sr_1_3014?brr=1&dchild=1&qid=1634421216&rd=1&s=digital-skills&sr=1-3014", "words battle": "https://www.amazon.com/Logic-Labs-LLC-words-battle/dp/B08V8R7YQS/ref=sr_1_3015?brr=1&dchild=1&qid=1634421216&rd=1&s=digital-skills&sr=1-3015", "Debate Better": "https://www.amazon.com/Real-American-News-Debate-Better/dp/B08V88F2SP/ref=sr_1_3016?brr=1&dchild=1&qid=1634421216&rd=1&s=digital-skills&sr=1-3016", "Their Habla": "https://www.amazon.com/Usuario-predeterminado-Their-Habla/dp/B08V5KM1LG/ref=sr_1_3017?brr=1&dchild=1&qid=1634421216&rd=1&s=digital-skills&sr=1-3017", "Brain test": "https://www.amazon.com/Liam-Brain-test/dp/B08V57WQ52/ref=sr_1_3018?brr=1&dchild=1&qid=1634421216&rd=1&s=digital-skills&sr=1-3018", "Hangman": "https://www.amazon.com/worldengine-Hangman/dp/B08V573QY9/ref=sr_1_3019?brr=1&dchild=1&qid=1634421216&rd=1&s=digital-skills&sr=1-3019", "connecticut golf courses": "https://www.amazon.com/Robert-Namin-connecticut-golf-courses/dp/B08V4SK26S/ref=sr_1_3020?brr=1&dchild=1&qid=1634421216&rd=1&s=digital-skills&sr=1-3020", "Addition Tutor": "https://www.amazon.com/worldengine-Addition-Tutor/dp/B08V4QDK17/ref=sr_1_3021?brr=1&dchild=1&qid=1634421216&rd=1&s=digital-skills&sr=1-3021", "Random Choice Pick": "https://www.amazon.com/Nicole-Thomas-Random-Choice-Pick/dp/B08V4GYGDS/ref=sr_1_3022?brr=1&dchild=1&qid=1634421216&rd=1&s=digital-skills&sr=1-3022", "Colorado golf courses": "https://www.amazon.com/Robert-Namin-Colorado-golf-courses/dp/B08V4BFPTS/ref=sr_1_3023?brr=1&dchild=1&qid=1634421216&rd=1&s=digital-skills&sr=1-3023", "Fazbear Employee Training": "https://www.amazon.com/Mike-Free-Fazbear-Employee-Training/dp/B08V22PXCT/ref=sr_1_3024?brr=1&dchild=1&qid=1634421216&rd=1&s=digital-skills&sr=1-3024"}