{"Animal Match": "https://www.amazon.com/Whoa-Labs-Animal-Match/dp/B09J58V96V/ref=sr_1_289?brr=1&dchild=1&qid=1634420730&rd=1&s=digital-skills&sr=1-289", "Horse Race": "https://www.amazon.com/Adassa-Innovations-Horse-Race/dp/B07WJ4DXTY/ref=sr_1_290?brr=1&dchild=1&qid=1634420730&rd=1&s=digital-skills&sr=1-290", "Halloween Costume picker": "https://www.amazon.com/Laviosa-Prod-Halloween-Costume-picker/dp/B07JG33FXS/ref=sr_1_291?brr=1&dchild=1&qid=1634420730&rd=1&s=digital-skills&sr=1-291", "Vintage Phone Ring": "https://www.amazon.com/Doug-Slates-Vintage-Phone-Ring/dp/B07DVDXYLY/ref=sr_1_292?brr=1&dchild=1&qid=1634420730&rd=1&s=digital-skills&sr=1-292", "Sleep Sounds Car Ride Idle": "https://www.amazon.com/Sleep-Sounds-Car-Ride-Idle/dp/B08X1P1V8W/ref=sr_1_293?brr=1&dchild=1&qid=1634420730&rd=1&s=digital-skills&sr=1-293", "Lord of the Ring Facts": "https://www.amazon.com/Lord-of-the-Ring-Facts/dp/B07JHRPQ8S/ref=sr_1_294?brr=1&dchild=1&qid=1634420730&rd=1&s=digital-skills&sr=1-294", "lord of the rings facts": "https://www.amazon.com/lord-of-the-rings-facts/dp/B07J466CF5/ref=sr_1_295?brr=1&dchild=1&qid=1634420730&rd=1&s=digital-skills&sr=1-295", "The Lord of the Rings Trivia Game": "https://www.amazon.com/Lord-Rings-Trivia-Game/dp/B07J564YND/ref=sr_1_296?brr=1&dchild=1&qid=1634420730&rd=1&s=digital-skills&sr=1-296", "Unofficial Sorting Hat for Harry Potter Fans": "https://www.amazon.com/Unofficial-Sorting-Harry-Potter-Fans/dp/B01N5GVLRW/ref=sr_1_297?brr=1&dchild=1&qid=1634420730&rd=1&s=digital-skills&sr=1-297", "Lord Of The Rings Quiz": "https://www.amazon.com/Lord-Of-The-Rings-Quiz/dp/B07DCLPKCV/ref=sr_1_298?brr=1&dchild=1&qid=1634420730&rd=1&s=digital-skills&sr=1-298", "Celebrity Quote of the Day Briefing": "https://www.amazon.com/YourDictionary-com-Celebrity-Quote-Day-Briefing/dp/B07HQ3RSJS/ref=sr_1_299?brr=1&dchild=1&qid=1634420730&rd=1&s=digital-skills&sr=1-299", "Gemstone Facts": "https://www.amazon.com/Boldus-Gemstone-Facts/dp/B072QYG9L4/ref=sr_1_300?brr=1&dchild=1&qid=1634420730&rd=1&s=digital-skills&sr=1-300", "Ohio Lottery": "https://www.amazon.com/Marcus-Thomas-LLC-Ohio-Lottery/dp/B07H6LS94Z/ref=sr_1_301?brr=1&dchild=1&qid=1634420730&rd=1&s=digital-skills&sr=1-301", "Harry Potter Spells": "https://www.amazon.com/abh1-ja1n-Harry-Potter-Spells/dp/B082XB4SH9/ref=sr_1_302?brr=1&dchild=1&qid=1634420730&rd=1&s=digital-skills&sr=1-302", "My Loft": "https://www.amazon.com/Amazon-My-Loft/dp/B08WWS2PHT/ref=sr_1_303?brr=1&dchild=1&qid=1634420730&rd=1&s=digital-skills&sr=1-303", "Guitar facts": "https://www.amazon.com/Veena-Guitar-facts/dp/B07X11SWQR/ref=sr_1_304?brr=1&dchild=1&qid=1634420730&rd=1&s=digital-skills&sr=1-304"}