{"Scriptertainment Trivia": "https://www.amazon.com/Denese-Duran-Scriptertainment-Trivia/dp/B08T8W4SMT/ref=sr_1_3073?brr=1&dchild=1&qid=1634421227&rd=1&s=digital-skills&sr=1-3073", "Funny Brazilian Words": "https://www.amazon.com/LTIA-Funny-Brazilian-Words/dp/B08T7W3PBT/ref=sr_1_3074?brr=1&dchild=1&qid=1634421227&rd=1&s=digital-skills&sr=1-3074", "JuJu Mirror": "https://www.amazon.com/olawole-JuJu-Mirror/dp/B08T7N4ZWX/ref=sr_1_3075?brr=1&dchild=1&qid=1634421227&rd=1&s=digital-skills&sr=1-3075", "Jacks Sports Fact": "https://www.amazon.com/Family-Works-Jacks-Sports-Fact/dp/B08T737CCN/ref=sr_1_3076?brr=1&dchild=1&qid=1634421227&rd=1&s=digital-skills&sr=1-3076", "The Bros Hot tub": "https://www.amazon.com/Sea-Pigeon-The-Bros-Hot/dp/B08T6S8Y4M/ref=sr_1_3077?brr=1&dchild=1&qid=1634421227&rd=1&s=digital-skills&sr=1-3077", "State Capitals Quiz": "https://www.amazon.com/worldengine-State-Capitals-Quiz/dp/B08T6D9XYM/ref=sr_1_3078?brr=1&dchild=1&qid=1634421227&rd=1&s=digital-skills&sr=1-3078", "AAV Club": "https://www.amazon.com/169-Labs-GmbH-AAV-Club/dp/B08T5SVNQD/ref=sr_1_3079?brr=1&dchild=1&qid=1634421227&rd=1&s=digital-skills&sr=1-3079", "Big day": "https://www.amazon.com/Cristian-Big-day/dp/B08T5M7JFL/ref=sr_1_3080?brr=1&dchild=1&qid=1634421227&rd=1&s=digital-skills&sr=1-3080", "Ultimate Coin Flip": "https://www.amazon.com/worldengine-Ultimate-Coin-Flip/dp/B08T4BW3ZX/ref=sr_1_3081?brr=1&dchild=1&qid=1634421227&rd=1&s=digital-skills&sr=1-3081", "Digits of Pi": "https://www.amazon.com/worldengine-Digits-of-Pi/dp/B08T221M4X/ref=sr_1_3082?brr=1&dchild=1&qid=1634421227&rd=1&s=digital-skills&sr=1-3082", "Who goes first": "https://www.amazon.com/Cohen-slater-Who-goes-first/dp/B08T1XZWGY/ref=sr_1_3083?brr=1&dchild=1&qid=1634421227&rd=1&s=digital-skills&sr=1-3083", "Praise Me": "https://www.amazon.com/sj-Praise-Me/dp/B08T19TCTV/ref=sr_1_3084?brr=1&dchild=1&qid=1634421227&rd=1&s=digital-skills&sr=1-3084", "Trump vs Biden": "https://www.amazon.com/Underground-Studios-S-r-l-Trump-Biden/dp/B08T17S5CY/ref=sr_1_3085?brr=1&dchild=1&qid=1634421227&rd=1&s=digital-skills&sr=1-3085", "Maria": "https://www.amazon.com/Maria/dp/B08SWFPP42/ref=sr_1_3086?brr=1&dchild=1&qid=1634421227&rd=1&s=digital-skills&sr=1-3086", "Louise's Trivia": "https://www.amazon.com/Louise-Louises-Trivia/dp/B08SW6MYDM/ref=sr_1_3087?brr=1&dchild=1&qid=1634421227&rd=1&s=digital-skills&sr=1-3087", "Doubles Trouble": "https://www.amazon.com/Mikah-Doubles-Trouble/dp/B08SW3XB32/ref=sr_1_3088?brr=1&dchild=1&qid=1634421227&rd=1&s=digital-skills&sr=1-3088"}