{"Pick A Person": "https://www.amazon.com/Uniquely-Sites-Pick-A-Person/dp/B08SR3W9TT/ref=sr_1_3089?brr=1&dchild=1&qid=1634421230&rd=1&s=digital-skills&sr=1-3089", "Who's next": "https://www.amazon.com/Brandon-Whos-next/dp/B08SQWKZV2/ref=sr_1_3090?brr=1&dchild=1&qid=1634421230&rd=1&s=digital-skills&sr=1-3090", "Whose Turn": "https://www.amazon.com/Desiree-Whose-Turn/dp/B08SMG3W32/ref=sr_1_3096?brr=1&dchild=1&qid=1634421230&rd=1&s=digital-skills&sr=1-3096", "Scavenger Hunt": "https://www.amazon.com/worldengine-Scavenger-Hunt/dp/B08SQ8RJWK/ref=sr_1_3092?brr=1&dchild=1&qid=1634421230&rd=1&s=digital-skills&sr=1-3092", "Challenge or drink": "https://www.amazon.com/21Games-Challenge-or-drink/dp/B08SNW7TX6/ref=sr_1_3093?brr=1&dchild=1&qid=1634421230&rd=1&s=digital-skills&sr=1-3093", "Get Those Lights Off": "https://www.amazon.com/Sea-Pigeon-Get-Those-Lights/dp/B08SMJKZ4S/ref=sr_1_3094?brr=1&dchild=1&qid=1634421230&rd=1&s=digital-skills&sr=1-3094", "Da Funny Stuff": "https://www.amazon.com/Tamara-Da-Funny-Stuff/dp/B08SMHDHKQ/ref=sr_1_3095?brr=1&dchild=1&qid=1634421230&rd=1&s=digital-skills&sr=1-3095", "What are Those": "https://www.amazon.com/Sea-Pigeon-What-are-Those/dp/B08SMFHB77/ref=sr_1_3097?brr=1&dchild=1&qid=1634421230&rd=1&s=digital-skills&sr=1-3097", "Party Bash Night": "https://www.amazon.com/Uniquely-Sites-Party-Bash-Night/dp/B08SMF43K7/ref=sr_1_3098?brr=1&dchild=1&qid=1634421230&rd=1&s=digital-skills&sr=1-3098", "Thanks Obama": "https://www.amazon.com/Sea-Pigeon-Thanks-Obama/dp/B08SMD6S8G/ref=sr_1_3099?brr=1&dchild=1&qid=1634421230&rd=1&s=digital-skills&sr=1-3099", "Van Gogh Facts": "https://www.amazon.com/Dog-Artists-Van-Gogh-Facts/dp/B08SM9MYN2/ref=sr_1_3100?brr=1&dchild=1&qid=1634421230&rd=1&s=digital-skills&sr=1-3100", "This is Beans": "https://www.amazon.com/Sea-Pigeon-This-is-Beans/dp/B08SM6H6BK/ref=sr_1_3101?brr=1&dchild=1&qid=1634421230&rd=1&s=digital-skills&sr=1-3101", "Simon Says": "https://www.amazon.com/worldengine-Simon-Says/dp/B08SM4191K/ref=sr_1_3102?brr=1&dchild=1&qid=1634421230&rd=1&s=digital-skills&sr=1-3102", "Tollywood Trivia": "https://www.amazon.com/Default-User-Tollywood-Trivia/dp/B08SLY33FX/ref=sr_1_3103?brr=1&dchild=1&qid=1634421230&rd=1&s=digital-skills&sr=1-3103", "Social Work Quiz": "https://www.amazon.com/Denese-Duran-Social-Work-Quiz/dp/B08SLXYPDF/ref=sr_1_3104?brr=1&dchild=1&qid=1634421230&rd=1&s=digital-skills&sr=1-3104"}