{"Goofy Wake Me up Inside": "https://www.amazon.com/Goofy-Wake-Me-up-Inside/dp/B08SLXBWHX/ref=sr_1_3105?brr=1&dchild=1&qid=1634421233&rd=1&s=digital-skills&sr=1-3105", "Laura one": "https://www.amazon.com/The-pick-Laura-one/dp/B08SLV26ZN/ref=sr_1_3106?brr=1&dchild=1&qid=1634421233&rd=1&s=digital-skills&sr=1-3106", "Quality Inn & Suites i-35 Ft Sam Houston": "https://www.amazon.com/Quality-Inn-Suites-i-35-Houston/dp/B08SLQQC2F/ref=sr_1_3107?brr=1&dchild=1&qid=1634421233&rd=1&s=digital-skills&sr=1-3107", "Howard Johnson Inn by Wyndham": "https://www.amazon.com/Howard-Johnson-Inn-by-Wyndham/dp/B08SLQPQXJ/ref=sr_1_3108?brr=1&dchild=1&qid=1634421233&rd=1&s=digital-skills&sr=1-3108", "make me skills": "https://www.amazon.com/C%C3%A9sar-P%C3%A1ez-make-me-skills/dp/B08SLQ6JPR/ref=sr_1_3109?brr=1&dchild=1&qid=1634421233&rd=1&s=digital-skills&sr=1-3109", "Prachi's Trivia": "https://www.amazon.com/Prachi-Prachis-Trivia/dp/B08SL3DLR5/ref=sr_1_3110?brr=1&dchild=1&qid=1634421233&rd=1&s=digital-skills&sr=1-3110", "Secret Clues": "https://www.amazon.com/Phelps-Inc-Secret-Clues/dp/B08SKSKWQ6/ref=sr_1_3111?brr=1&dchild=1&qid=1634421233&rd=1&s=digital-skills&sr=1-3111", "Hackathon Project": "https://www.amazon.com/Bhanot-Hackathon-Project/dp/B08SK4ZMZ7/ref=sr_1_3112?brr=1&dchild=1&qid=1634421233&rd=1&s=digital-skills&sr=1-3112", "Unofficial Academic Bowl Study Skill": "https://www.amazon.com/Unofficial-Academic-Bowl-Study-Skill/dp/B08SJW9YK7/ref=sr_1_3113?brr=1&dchild=1&qid=1634421233&rd=1&s=digital-skills&sr=1-3113", "Who is Who": "https://www.amazon.com/clara-jr-Who-is/dp/B08SJJG7TC/ref=sr_1_3114?brr=1&dchild=1&qid=1634421233&rd=1&s=digital-skills&sr=1-3114", "Unofficial Destiny Voice Companion": "https://www.amazon.com/ZEF-Development-Unofficial-Destiny-Companion/dp/B08SJF83YC/ref=sr_1_3115?brr=1&dchild=1&qid=1634421233&rd=1&s=digital-skills&sr=1-3115", "Doorbell Sounds": "https://www.amazon.com/Nickopanther-Doorbell-Sounds/dp/B08SJDRFT6/ref=sr_1_3116?brr=1&dchild=1&qid=1634421233&rd=1&s=digital-skills&sr=1-3116", "Environmental Sounds": "https://www.amazon.com/ENVI%C3%A9-Environmental-Sounds/dp/B08SJ7GVSJ/ref=sr_1_3117?brr=1&dchild=1&qid=1634421233&rd=1&s=digital-skills&sr=1-3117", "Mystery Mansion": "https://www.amazon.com/Ben-Means-Mystery-Mansion/dp/B08SJ5XN8X/ref=sr_1_3118?brr=1&dchild=1&qid=1634421233&rd=1&s=digital-skills&sr=1-3118", "Bow Bow": "https://www.amazon.com/ENVI%C3%A9-Bow/dp/B08SJ45Q65/ref=sr_1_3119?brr=1&dchild=1&qid=1634421233&rd=1&s=digital-skills&sr=1-3119", "Smol's space facts": "https://www.amazon.com/Programming-With-Smol-Smols-space/dp/B08SJ45P9D/ref=sr_1_3120?brr=1&dchild=1&qid=1634421233&rd=1&s=digital-skills&sr=1-3120"}