{"My Fizz Buzz Game": "https://www.amazon.com/Ace-Don-Adriatico-Fizz-Buzz/dp/B08S2X2BRT/ref=sr_1_3153?brr=1&dchild=1&qid=1634421241&rd=1&s=digital-skills&sr=1-3153", "Super Dog": "https://www.amazon.com/Anonymous-Super-Dog/dp/B08S2W7WC1/ref=sr_1_3154?brr=1&dchild=1&qid=1634421241&rd=1&s=digital-skills&sr=1-3154", "Best Pizza Place in Sydney": "https://www.amazon.com/Best-Pizza-Place-in-Sydney/dp/B08S2W7QGJ/ref=sr_1_3155?brr=1&dchild=1&qid=1634421241&rd=1&s=digital-skills&sr=1-3155", "Blizzard Sounds": "https://www.amazon.com/Smart-Skills-Blizzard-Sounds/dp/B08S2RT48B/ref=sr_1_3156?brr=1&dchild=1&qid=1634421241&rd=1&s=digital-skills&sr=1-3156", "Movie Star Game": "https://www.amazon.com/RWRB-Movie-Star-Game/dp/B08S1DTWCY/ref=sr_1_3157?brr=1&dchild=1&qid=1634421241&rd=1&s=digital-skills&sr=1-3157", "Random History Facts": "https://www.amazon.com/Evelyn-Lantz-Random-History-Facts/dp/B08RZDDGJF/ref=sr_1_3158?brr=1&dchild=1&qid=1634421241&rd=1&s=digital-skills&sr=1-3158", "Voice Art Quiz": "https://www.amazon.com/Dog-Artists-Voice-Art-Quiz/dp/B08RZ7XNDF/ref=sr_1_3159?brr=1&dchild=1&qid=1634421241&rd=1&s=digital-skills&sr=1-3159", "Impeller Sound": "https://www.amazon.com/Smart-Skills-Impeller-Sound/dp/B08RZ5PTH9/ref=sr_1_3160?brr=1&dchild=1&qid=1634421241&rd=1&s=digital-skills&sr=1-3160", "chris alpha one": "https://www.amazon.com/chrisfolan-chris-alpha-one/dp/B08RZ56KNF/ref=sr_1_3161?brr=1&dchild=1&qid=1634421241&rd=1&s=digital-skills&sr=1-3161", "new year resolution tracker": "https://www.amazon.com/Jamescodeyard-new-year-resolution-tracker/dp/B08RZ3HXPW/ref=sr_1_3162?brr=1&dchild=1&qid=1634421241&rd=1&s=digital-skills&sr=1-3162", "Minecraft Recipes (Unofficial)": "https://www.amazon.com/David-Jasek-Minecraft-Recipes-Unofficial/dp/B08RZ1XRF9/ref=sr_1_3163?brr=1&dchild=1&qid=1634421241&rd=1&s=digital-skills&sr=1-3163", "Washington state game": "https://www.amazon.com/Medina-Microsystems-Washington-state-game/dp/B08RYT6M1D/ref=sr_1_3164?brr=1&dchild=1&qid=1634421241&rd=1&s=digital-skills&sr=1-3164", "Product Interview Practice": "https://www.amazon.com/Ani-Enterprises-Product-Interview-Practice/dp/B08RYQKMR8/ref=sr_1_3165?brr=1&dchild=1&qid=1634421241&rd=1&s=digital-skills&sr=1-3165", "Frozen Treat Quiz": "https://www.amazon.com/Denaetions-Frozen-Treat-Quiz/dp/B08RYN3YFL/ref=sr_1_3166?brr=1&dchild=1&qid=1634421241&rd=1&s=digital-skills&sr=1-3166", "Who touches him": "https://www.amazon.com/Selena-Who-touches-him/dp/B08RYMLYM3/ref=sr_1_3167?brr=1&dchild=1&qid=1634421241&rd=1&s=digital-skills&sr=1-3167", "Too Weak Too Slow": "https://www.amazon.com/Sea-Pigeon-Too-Weak-Slow/dp/B08RYLD6C9/ref=sr_1_3168?brr=1&dchild=1&qid=1634421241&rd=1&s=digital-skills&sr=1-3168"}