{"Voice of the Day": "https://www.amazon.com/Vocala-co-Voice-of-the-Day/dp/B07Z4178VP/ref=sr_1_17?brr=1&dchild=1&qid=1634420682&rd=1&s=digital-skills&sr=1-17", "Unofficial Twitch": "https://www.amazon.com/doobix-Unofficial-Twitch/dp/B06XCC45B9/ref=sr_1_18?brr=1&dchild=1&qid=1634420682&rd=1&s=digital-skills&sr=1-18", "Splatter": "https://www.amazon.com/Seth-Tenembaum-Splatter/dp/B01MTSKPQ1/ref=sr_1_19?brr=1&dchild=1&qid=1634420682&rd=1&s=digital-skills&sr=1-19", "Question of the Day": "https://www.amazon.com/VoicePress-AI-Question-of-the-Day/dp/B01N6QUAXX/ref=sr_1_20?brr=1&dchild=1&qid=1634420682&rd=1&s=digital-skills&sr=1-20", "Puzzle of the Day": "https://www.amazon.com/Stoked-Skills-LLC-Puzzle-the/dp/B07ZWMZQM7/ref=sr_1_21?brr=1&dchild=1&qid=1634420682&rd=1&s=digital-skills&sr=1-21", "Country Song Quiz": "https://www.amazon.com/Volley-Inc-Country-Song-Quiz/dp/B079XYYYW9/ref=sr_1_22?brr=1&dchild=1&qid=1634420682&rd=1&s=digital-skills&sr=1-22", "Magic Conch Shell": "https://www.amazon.com/cheefYoshi-Magic-Conch-Shell/dp/B07K46YN5H/ref=sr_1_23?brr=1&dchild=1&qid=1634420682&rd=1&s=digital-skills&sr=1-23", "Cayde-6": "https://www.amazon.com/James-Sutherland-Cayde-6/dp/B0757V486W/ref=sr_1_24?brr=1&dchild=1&qid=1634420682&rd=1&s=digital-skills&sr=1-24", "Express Yourself": "https://www.amazon.com/His-Masters-Voice-Express-Yourself/dp/B07K44Q3Y4/ref=sr_1_25?brr=1&dchild=1&qid=1634420682&rd=1&s=digital-skills&sr=1-25", "Halloween Costume Ideas": "https://www.amazon.com/Kyle-Marham-Halloween-Costume-Ideas/dp/B0765DF2T6/ref=sr_1_26?brr=1&dchild=1&qid=1634420682&rd=1&s=digital-skills&sr=1-26", "Disney Character of the Day": "https://www.amazon.com/Disney-Character-of-the-Day/dp/B072WKN4N5/ref=sr_1_27?brr=1&dchild=1&qid=1634420682&rd=1&s=digital-skills&sr=1-27", "Yahoo Fantasy Football": "https://www.amazon.com/Yahoo-Inc-Fantasy-Football/dp/B01LXT8OO6/ref=sr_1_28?brr=1&dchild=1&qid=1634420682&rd=1&s=digital-skills&sr=1-28", "Akinator": "https://www.amazon.com/Elokence-Akinator/dp/B075F7FMRM/ref=sr_1_29?brr=1&dchild=1&qid=1634420682&rd=1&s=digital-skills&sr=1-29", "The Magic Door": "https://www.amazon.com/The-Magic-Door-LLC/dp/B01BMUU6JQ/ref=sr_1_30?brr=1&dchild=1&qid=1634420682&rd=1&s=digital-skills&sr=1-30", "Disney Hits Challenge": "https://www.amazon.com/Disney-Hits-Challenge/dp/B07L53LWLR/ref=sr_1_31?brr=1&dchild=1&qid=1634420682&rd=1&s=digital-skills&sr=1-31", "Uncle Iroh": "https://www.amazon.com/Evan-Padiyil-Uncle-Iroh/dp/B08DN1DYFG/ref=sr_1_32?brr=1&dchild=1&qid=1634420682&rd=1&s=digital-skills&sr=1-32"}