{"escape room three": "https://www.amazon.com/X-GAMES-escape-room-three/dp/B09F9V4P3Q/ref=sr_1_305?brr=1&dchild=1&qid=1634420732&rd=1&s=digital-skills&sr=1-305", "Big Fart": "https://www.amazon.com/Pierpaolo-Sepe-Big-Fart/dp/B08KTJTLWH/ref=sr_1_306?brr=1&dchild=1&qid=1634420732&rd=1&s=digital-skills&sr=1-306", "Mean Rude": "https://www.amazon.com/Caleb-Cross-Mean-Rude/dp/B07V73RQ2D/ref=sr_1_307?brr=1&dchild=1&qid=1634420732&rd=1&s=digital-skills&sr=1-307", "Blizzard Tavern - Overwatch": "https://www.amazon.com/Ultrium-Blizzard-Tavern-Overwatch/dp/B09FPGJMLR/ref=sr_1_308?brr=1&dchild=1&qid=1634420732&rd=1&s=digital-skills&sr=1-308", "Fireplace sounds": "https://www.amazon.com/SamPaul-Skills-Fireplace-sounds/dp/B085PR4LVH/ref=sr_1_309?brr=1&dchild=1&qid=1634420732&rd=1&s=digital-skills&sr=1-309", "Random number generator": "https://www.amazon.com/Humphrey-Huang-Random-number-generator/dp/B073RMFSPH/ref=sr_1_310?brr=1&dchild=1&qid=1634420732&rd=1&s=digital-skills&sr=1-310", "Happy Place Kids": "https://www.amazon.com/Vocala-co-Happy-Place-Kids/dp/B098DQC11V/ref=sr_1_311?brr=1&dchild=1&qid=1634420732&rd=1&s=digital-skills&sr=1-311", "True Fan Harry Potter Trivia": "https://www.amazon.com/True-Fan-Harry-Potter-Trivia/dp/B07JVQFNTY/ref=sr_1_312?brr=1&dchild=1&qid=1634420732&rd=1&s=digital-skills&sr=1-312", "Ghostbusters: Franchise 84": "https://www.amazon.com/Sony-Pictures-Television-Ghostbusters-Franchise/dp/B07VYW5TRH/ref=sr_1_313?brr=1&dchild=1&qid=1634420732&rd=1&s=digital-skills&sr=1-313", "Name that Song from the 80s": "https://www.amazon.com/Creative-Arts-Technology-Name-that/dp/B01JDNSRFO/ref=sr_1_314?brr=1&dchild=1&qid=1634420732&rd=1&s=digital-skills&sr=1-314", "Harry Potter Trivia": "https://www.amazon.com/Susana-Chinchilla-Harry-Potter-Trivia/dp/B07ZFCL88F/ref=sr_1_315?brr=1&dchild=1&qid=1634420732&rd=1&s=digital-skills&sr=1-315", "Worthless Facts": "https://www.amazon.com/ZACHARY-SPEARS-Worthless-Facts/dp/B07NQKGBLW/ref=sr_1_316?brr=1&dchild=1&qid=1634420732&rd=1&s=digital-skills&sr=1-316", "PS4 News updates": "https://www.amazon.com/Nicholas-Li-PS4-News-updates/dp/B07KWF7T9X/ref=sr_1_317?brr=1&dchild=1&qid=1634420732&rd=1&s=digital-skills&sr=1-317", "Guitar Teacher": "https://www.amazon.com/alknopfler-Profesor-de-Guitarra/dp/B07MSBRRWR/ref=sr_1_318?brr=1&dchild=1&qid=1634420732&rd=1&s=digital-skills&sr=1-318", "My Pet Cat": "https://www.amazon.com/Thats-Easier-My-Pet-Cat/dp/B07Z2NP2TV/ref=sr_1_319?brr=1&dchild=1&qid=1634420732&rd=1&s=digital-skills&sr=1-319", "Guitar Skills": "https://www.amazon.com/rawk-school-of-music-Guitar/dp/B07PBTDQ82/ref=sr_1_320?brr=1&dchild=1&qid=1634420732&rd=1&s=digital-skills&sr=1-320"}