{"ROCK 99.3": "https://www.amazon.com/AirKast-Inc-ROCK-99-3/dp/B08QJ2YRG7/ref=sr_1_3281?brr=1&dchild=1&qid=1634421264&rd=1&s=digital-skills&sr=1-3281", "Whose Turn": "https://www.amazon.com/Jacob-Oliver-Whose-Turn/dp/B08Q7TWGL9/ref=sr_1_3291?brr=1&dchild=1&qid=1634421264&rd=1&s=digital-skills&sr=1-3291", "Salesforce Quiz": "https://www.amazon.com/SOLJIT-Salesforce-Quiz/dp/B08QHS9QRJ/ref=sr_1_3283?brr=1&dchild=1&qid=1634421264&rd=1&s=digital-skills&sr=1-3283", "Weird Animal Facts": "https://www.amazon.com/Anh-Thu-Le-Weird-Animal/dp/B08QDCHLCR/ref=sr_1_3284?brr=1&dchild=1&qid=1634421264&rd=1&s=digital-skills&sr=1-3284", "Mars Hill Network": "https://www.amazon.com/AirKast-Inc-Mars-Hill-Network/dp/B08QDC718G/ref=sr_1_3285?brr=1&dchild=1&qid=1634421264&rd=1&s=digital-skills&sr=1-3285", "hey! lemme think": "https://www.amazon.com/Unknown-creations-hey-lemme-think/dp/B08QD5WK5T/ref=sr_1_3286?brr=1&dchild=1&qid=1634421264&rd=1&s=digital-skills&sr=1-3286", "Hurts so Good": "https://www.amazon.com/Arron-Swindler-Hurts-so-Good/dp/B08QCT9JSG/ref=sr_1_3287?brr=1&dchild=1&qid=1634421264&rd=1&s=digital-skills&sr=1-3287", "The two Siblings": "https://www.amazon.com/Samuel-Garcia-The-two-Siblings/dp/B08Q836X4W/ref=sr_1_3289?brr=1&dchild=1&qid=1634421264&rd=1&s=digital-skills&sr=1-3289", "Pokemon Type Helper (Unofficial)": "https://www.amazon.com/Carson-Sallis-Pokemon-Helper-Unofficial/dp/B08Q7LZ1VC/ref=sr_1_3292?brr=1&dchild=1&qid=1634421264&rd=1&s=digital-skills&sr=1-3292", "FlamingoFact": "https://www.amazon.com/LinksTeam-FlamingoFact/dp/B08Q7DL9M4/ref=sr_1_3293?brr=1&dchild=1&qid=1634421264&rd=1&s=digital-skills&sr=1-3293", "goodknight india": "https://www.amazon.com/Godrej-Consumer-Products-Ltd-goodknight/dp/B08Q3PBGML/ref=sr_1_3294?brr=1&dchild=1&qid=1634421264&rd=1&s=digital-skills&sr=1-3294", "Immunization Facts": "https://www.amazon.com/Trivia-Family-Skills-Immunization-Facts/dp/B08PZ8SLC5/ref=sr_1_3295?brr=1&dchild=1&qid=1634421264&rd=1&s=digital-skills&sr=1-3295", "Snatch Word": "https://www.amazon.com/Shazaml-Design-LLC-Snatch-Word/dp/B08PYYHF6H/ref=sr_1_3296?brr=1&dchild=1&qid=1634421264&rd=1&s=digital-skills&sr=1-3296"}