{"Ready, Steady, Worm!": "https://www.amazon.com/Aloud-tech-River-Horse-Games-Steady/dp/B08PDL753P/ref=sr_1_3329?brr=1&dchild=1&qid=1634421272&rd=1&s=digital-skills&sr=1-3329", "Sing My Number": "https://www.amazon.com/Reel2Media-Sing-My-Number/dp/B08PDJV2NF/ref=sr_1_3330?brr=1&dchild=1&qid=1634421272&rd=1&s=digital-skills&sr=1-3330", "What Came First?": "https://www.amazon.com/Vocala-co-What-Came-First/dp/B08PDHBMC5/ref=sr_1_3331?brr=1&dchild=1&qid=1634421272&rd=1&s=digital-skills&sr=1-3331", "Turns time": "https://www.amazon.com/Elodi%C3%A9-Turns-time/dp/B08PDC7Q11/ref=sr_1_3332?brr=1&dchild=1&qid=1634421272&rd=1&s=digital-skills&sr=1-3332", "Fortunes Everyday": "https://www.amazon.com/Uniquely-Sites-Fortunes-Everyday/dp/B08PDB8KY5/ref=sr_1_3333?brr=1&dchild=1&qid=1634421272&rd=1&s=digital-skills&sr=1-3333", "Feynman Daily": "https://www.amazon.com/Quintessence-Feynman-Daily/dp/B08PD7X8M3/ref=sr_1_3334?brr=1&dchild=1&qid=1634421272&rd=1&s=digital-skills&sr=1-3334", "Kung Fu Panda": "https://www.amazon.com/Universal-Studios-Interactive-Kung-Panda/dp/B08PCBTJLC/ref=sr_1_3335?brr=1&dchild=1&qid=1634421272&rd=1&s=digital-skills&sr=1-3335", "Doubles Trouble": "https://www.amazon.com/Evan-Doubles-Trouble/dp/B08PC1HZ15/ref=sr_1_3336?brr=1&dchild=1&qid=1634421272&rd=1&s=digital-skills&sr=1-3336", "Personal Trainer": "https://www.amazon.com/Mahesh-Personal-Trainer/dp/B08P9K9WWD/ref=sr_1_3337?brr=1&dchild=1&qid=1634421272&rd=1&s=digital-skills&sr=1-3337", "Kitty cat": "https://www.amazon.com/Blue-nimbus-cloud-Kitty-cat/dp/B08P9GBNG5/ref=sr_1_3338?brr=1&dchild=1&qid=1634421272&rd=1&s=digital-skills&sr=1-3338", "Mystic Eight": "https://www.amazon.com/Ebony-Collins-Mystic-Eight/dp/B08P8PPDNY/ref=sr_1_3339?brr=1&dchild=1&qid=1634421272&rd=1&s=digital-skills&sr=1-3339", "Blogging University": "https://www.amazon.com/Uniquely-Sites-Blogging-University/dp/B08P7J5MWR/ref=sr_1_3340?brr=1&dchild=1&qid=1634421272&rd=1&s=digital-skills&sr=1-3340", "My Game Show": "https://www.amazon.com/Matt-My-Game-Show/dp/B08P7FX5YT/ref=sr_1_3341?brr=1&dchild=1&qid=1634421272&rd=1&s=digital-skills&sr=1-3341", "Frog's Word Chain Game": "https://www.amazon.com/kunikawa-Frogs-Word-Chain-Game/dp/B08P7DB5QL/ref=sr_1_3342?brr=1&dchild=1&qid=1634421272&rd=1&s=digital-skills&sr=1-3342", "Music Studio - make your own beats!": "https://www.amazon.com/Music-Studio-make-your-beats/dp/B08P788BYT/ref=sr_1_3343?brr=1&dchild=1&qid=1634421272&rd=1&s=digital-skills&sr=1-3343", "Intelligent Rock Paper Scissors": "https://www.amazon.com/TZ-TECHNO-Intelligent-Paper-Scissors/dp/B08P74VCPB/ref=sr_1_3344?brr=1&dchild=1&qid=1634421272&rd=1&s=digital-skills&sr=1-3344"}