{"The Daily Quiz": "https://www.amazon.com/labworks-io-USA-The-Daily-Quiz/dp/B07WQZX5TD/ref=sr_1_321?brr=1&dchild=1&qid=1634420735&rd=1&s=digital-skills&sr=1-321", "Meme Fart": "https://www.amazon.com/Eric-Huglen-Meme-Fart/dp/B08W4XC1WN/ref=sr_1_322?brr=1&dchild=1&qid=1634420735&rd=1&s=digital-skills&sr=1-322", "Super Quiz of the Day": "https://www.amazon.com/Super-Quiz-of-the-Day/dp/B0857KVN27/ref=sr_1_323?brr=1&dchild=1&qid=1634420735&rd=1&s=digital-skills&sr=1-323", "Rain sound over the city": "https://www.amazon.com/Rain-sound-over-the-city/dp/B086PSXQK5/ref=sr_1_324?brr=1&dchild=1&qid=1634420735&rd=1&s=digital-skills&sr=1-324", "Gary Busey Pet Judge Animal Trivia": "https://www.amazon.com/Gary-Busey-Judge-Animal-Trivia/dp/B08CRYNDWM/ref=sr_1_325?brr=1&dchild=1&qid=1634420735&rd=1&s=digital-skills&sr=1-325", "Soccer Facts Skill": "https://www.amazon.com/Vikas-CH-Soccer-Facts-Skill/dp/B01M03V549/ref=sr_1_326?brr=1&dchild=1&qid=1634420735&rd=1&s=digital-skills&sr=1-326", "Bollywood Music": "https://www.amazon.com/Nityansh-Garg-Bollywood-Music/dp/B07ZFWNL4Q/ref=sr_1_327?brr=1&dchild=1&qid=1634420735&rd=1&s=digital-skills&sr=1-327", "Talking Pablo": "https://www.amazon.com/VOXOGENIC-TECHNOLOGIES-PVT-LTD-Talking/dp/B07L9YCTM6/ref=sr_1_328?brr=1&dchild=1&qid=1634420735&rd=1&s=digital-skills&sr=1-328", "Earplay": "https://www.amazon.com/Earplay/dp/B01K8V6NSI/ref=sr_1_329?brr=1&dchild=1&qid=1634420735&rd=1&s=digital-skills&sr=1-329", "The Price is Right": "https://www.amazon.com/Volley-Inc-Price-Tag/dp/B07F9B75LW/ref=sr_1_330?brr=1&dchild=1&qid=1634420735&rd=1&s=digital-skills&sr=1-330", "Draw & Guess Game": "https://www.amazon.com/Default-User-Draw-Guess-Game/dp/B082M1BQ6S/ref=sr_1_331?brr=1&dchild=1&qid=1634420735&rd=1&s=digital-skills&sr=1-331", "Rigged Coinflip": "https://www.amazon.com/Jack-Rigged-Coinflip/dp/B08PDDQX3J/ref=sr_1_332?brr=1&dchild=1&qid=1634420735&rd=1&s=digital-skills&sr=1-332", "Fake Police Call": "https://www.amazon.com/HLV-Fake-Police-Call/dp/B08D9BY4RQ/ref=sr_1_333?brr=1&dchild=1&qid=1634420735&rd=1&s=digital-skills&sr=1-333", "Awesome Apple stand": "https://www.amazon.com/Rocky-Awesome-Apple-stand/dp/B09CR56VFG/ref=sr_1_334?brr=1&dchild=1&qid=1634420735&rd=1&s=digital-skills&sr=1-334", "Spartan Skill": "https://www.amazon.com/Connor-Masini-Spartan-Skill/dp/B07JQ5WSDK/ref=sr_1_335?brr=1&dchild=1&qid=1634420735&rd=1&s=digital-skills&sr=1-335", "Mamba Mentality": "https://www.amazon.com/Ally-Branding-Agency-Mamba-Mentality/dp/B07RZ85JWX/ref=sr_1_336?brr=1&dchild=1&qid=1634420735&rd=1&s=digital-skills&sr=1-336"}