{"Trivia Trouble!": "https://www.amazon.com/The-Geek-Trivia-Trouble/dp/B08NH1KJYC/ref=sr_1_3425?brr=1&dchild=1&qid=1634421289&rd=1&s=digital-skills&sr=1-3425", "Number Guessing Game": "https://www.amazon.com/Subhasish-Sarkar-SS-Number-Guessing/dp/B08NGNGQ27/ref=sr_1_3426?brr=1&dchild=1&qid=1634421289&rd=1&s=digital-skills&sr=1-3426", "Treasure Hunter": "https://www.amazon.com/Jimmy-Dickinson-Treasure-Hunter/dp/B08NFNX967/ref=sr_1_3427?brr=1&dchild=1&qid=1634421289&rd=1&s=digital-skills&sr=1-3427", "My fortune cookie": "https://www.amazon.com/Paola-gb-My-fortune-cookie/dp/B08NF682FK/ref=sr_1_3428?brr=1&dchild=1&qid=1634421289&rd=1&s=digital-skills&sr=1-3428", "My Bestie": "https://www.amazon.com/ALESSANDRO-STANO-My-Bestie/dp/B08NDGNVKJ/ref=sr_1_3429?brr=1&dchild=1&qid=1634421289&rd=1&s=digital-skills&sr=1-3429", "fun time": "https://www.amazon.com/uwi-fun-time/dp/B08NDGFJQ4/ref=sr_1_3430?brr=1&dchild=1&qid=1634421289&rd=1&s=digital-skills&sr=1-3430", "Family Jokes": "https://www.amazon.com/bray-Family-Jokes/dp/B08NCV21T5/ref=sr_1_3431?brr=1&dchild=1&qid=1634421289&rd=1&s=digital-skills&sr=1-3431", "My Birthday Card": "https://www.amazon.com/ALESSANDRO-STANO-My-Birthday-Card/dp/B08NCRT5FT/ref=sr_1_3432?brr=1&dchild=1&qid=1634421289&rd=1&s=digital-skills&sr=1-3432", "Random Quiz Show": "https://www.amazon.com/Fredrick-Canales-Random-Quiz-Show/dp/B08NCRN9BP/ref=sr_1_3433?brr=1&dchild=1&qid=1634421289&rd=1&s=digital-skills&sr=1-3433", "The Story Quiz": "https://www.amazon.com/ALESSANDRO-STANO-The-Story-Quiz/dp/B08NCQ46P5/ref=sr_1_3434?brr=1&dchild=1&qid=1634421289&rd=1&s=digital-skills&sr=1-3434", "My Wife's Compliments": "https://www.amazon.com/ALESSANDRO-STANO-My-Wifes-Compliments/dp/B08NCNP1GK/ref=sr_1_3435?brr=1&dchild=1&qid=1634421289&rd=1&s=digital-skills&sr=1-3435", "Space Info": "https://www.amazon.com/Voytek-Space-Info/dp/B08NCC5FZG/ref=sr_1_3436?brr=1&dchild=1&qid=1634421289&rd=1&s=digital-skills&sr=1-3436", "Happy Facts": "https://www.amazon.com/Donkey-Studios-Happy-Facts/dp/B08NBZZTND/ref=sr_1_3437?brr=1&dchild=1&qid=1634421289&rd=1&s=digital-skills&sr=1-3437", "Threat Intelligence Quiz": "https://www.amazon.com/A-Eye-Threat-Intelligence-Quiz/dp/B08NB18FJL/ref=sr_1_3438?brr=1&dchild=1&qid=1634421289&rd=1&s=digital-skills&sr=1-3438", "Doubles Trouble": "https://www.amazon.com/Caleb-Doubles-Trouble/dp/B08N9HPN9T/ref=sr_1_3439?brr=1&dchild=1&qid=1634421289&rd=1&s=digital-skills&sr=1-3439", "My The fablers": "https://www.amazon.com/Matthew-Gaming-My-The-fablers/dp/B08N6YG1QJ/ref=sr_1_3440?brr=1&dchild=1&qid=1634421289&rd=1&s=digital-skills&sr=1-3440"}