{"Cavehill Enchiridion": "https://www.amazon.com/BBB-Cavehill-Enchiridion/dp/B08N6WKYB3/ref=sr_1_3441?brr=1&dchild=1&qid=1634421292&rd=1&s=digital-skills&sr=1-3441", "rock_paper_scissor": "https://www.amazon.com/Siddhi-Pardeshi-rock_paper_scissor/dp/B08N6T21WP/ref=sr_1_3442?brr=1&dchild=1&qid=1634421292&rd=1&s=digital-skills&sr=1-3442", "50+ Best Doctor Who Quotes": "https://www.amazon.com/50-Best-Doctor-Who-Quotes/dp/B08N6P4P7F/ref=sr_1_3443?brr=1&dchild=1&qid=1634421292&rd=1&s=digital-skills&sr=1-3443", "rock paper scissors": "https://www.amazon.com/Pooja-Patil-rock-paper-scissors/dp/B08N6DHQHS/ref=sr_1_3449?brr=1&dchild=1&qid=1634421292&rd=1&s=digital-skills&sr=1-3449", "Rock Paper Scissor": "https://www.amazon.com/Aishwarya-Rock-Paper-Scissor/dp/B08N6F4ZQ9/ref=sr_1_3445?brr=1&dchild=1&qid=1634421292&rd=1&s=digital-skills&sr=1-3445", "C B E Trivia": "https://www.amazon.com/Marx-C-B-E-Trivia/dp/B08N686L8F/ref=sr_1_3450?brr=1&dchild=1&qid=1634421292&rd=1&s=digital-skills&sr=1-3450", "High Table": "https://www.amazon.com/Nwudo-LLC-High-Table/dp/B08N5ZS1W2/ref=sr_1_3451?brr=1&dchild=1&qid=1634421292&rd=1&s=digital-skills&sr=1-3451", "SkillVUProd": "https://www.amazon.com/ml-SkillVUProd/dp/B08N5KFTVZ/ref=sr_1_3452?brr=1&dchild=1&qid=1634421292&rd=1&s=digital-skills&sr=1-3452", "50+ Best Avatar Quotes": "https://www.amazon.com/C-Tompkins-Best-Avatar-Quotes/dp/B08N4W9F2W/ref=sr_1_3453?brr=1&dchild=1&qid=1634421292&rd=1&s=digital-skills&sr=1-3453", "Jack Hawker's quiz": "https://www.amazon.com/Jack-Hawker-Hawkers-quiz/dp/B08N4PRFK3/ref=sr_1_3454?brr=1&dchild=1&qid=1634421292&rd=1&s=digital-skills&sr=1-3454", "Digital Diwali": "https://www.amazon.com/PharynxAI-Digital-Diwali/dp/B08N4NNWTF/ref=sr_1_3455?brr=1&dchild=1&qid=1634421292&rd=1&s=digital-skills&sr=1-3455", "Inspiring Quotes": "https://www.amazon.com/Smile-Team-Inspiring-Quotes/dp/B08N4BCK7K/ref=sr_1_3456?brr=1&dchild=1&qid=1634421292&rd=1&s=digital-skills&sr=1-3456"}