{"Game rater": "https://www.amazon.com/Yash-Singhal-Game-rater/dp/B08N416L4Z/ref=sr_1_3457?brr=1&dchild=1&qid=1634421295&rd=1&s=digital-skills&sr=1-3457", "Horrific Histories": "https://www.amazon.com/Civica-Horrific-Histories/dp/B08N3ZLKVX/ref=sr_1_3458?brr=1&dchild=1&qid=1634421295&rd=1&s=digital-skills&sr=1-3458", "World's Best Dad": "https://www.amazon.com/ALESSANDRO-STANO-Worlds-Best-Dad/dp/B08N1GQBGK/ref=sr_1_3459?brr=1&dchild=1&qid=1634421295&rd=1&s=digital-skills&sr=1-3459", "The Mom's Story": "https://www.amazon.com/ALESSANDRO-STANO-The-Moms-Story/dp/B08N1F9G4Y/ref=sr_1_3460?brr=1&dchild=1&qid=1634421295&rd=1&s=digital-skills&sr=1-3460", "Wailmer Facts": "https://www.amazon.com/SaveTheWhales-Wailmer-Facts/dp/B08N1C7G1L/ref=sr_1_3461?brr=1&dchild=1&qid=1634421295&rd=1&s=digital-skills&sr=1-3461", "Laugh out loud": "https://www.amazon.com/INFO-G-CREATIVE-DESIGNS-Laugh-loud/dp/B08N1BDQ9T/ref=sr_1_3462?brr=1&dchild=1&qid=1634421295&rd=1&s=digital-skills&sr=1-3462", "Buttons Trivia": "https://www.amazon.com/ALESSANDRO-STANO-Buttons-Trivia/dp/B08N16V1T3/ref=sr_1_3463?brr=1&dchild=1&qid=1634421295&rd=1&s=digital-skills&sr=1-3463", "Whose Turn": "https://www.amazon.com/Bld900-Whose-Turn/dp/B08MZTDR58/ref=sr_1_3464?brr=1&dchild=1&qid=1634421295&rd=1&s=digital-skills&sr=1-3464", "Where we dropping": "https://www.amazon.com/Jimmy-Where-we-dropping/dp/B08MZP12BD/ref=sr_1_3465?brr=1&dchild=1&qid=1634421295&rd=1&s=digital-skills&sr=1-3465", "Scientist Escape the Room 4 (Thanksgiving edition)": "https://www.amazon.com/Scientist-Escape-Room-4-Thanksgiving/dp/B08MY7YGVC/ref=sr_1_3466?brr=1&dchild=1&qid=1634421295&rd=1&s=digital-skills&sr=1-3466", "Noise rain over the city": "https://www.amazon.com/Noise-rain-over-the-city/dp/B08MXJTRF6/ref=sr_1_3467?brr=1&dchild=1&qid=1634421295&rd=1&s=digital-skills&sr=1-3467", "Cool Mars Facts": "https://www.amazon.com/students-Cool-Mars-Facts/dp/B08MWTMB8H/ref=sr_1_3468?brr=1&dchild=1&qid=1634421295&rd=1&s=digital-skills&sr=1-3468", "Firstdemo": "https://www.amazon.com/student-Firstdemo/dp/B08MWLTQBS/ref=sr_1_3469?brr=1&dchild=1&qid=1634421295&rd=1&s=digital-skills&sr=1-3469", "My Timer": "https://www.amazon.com/Anand-My-Timer/dp/B08MW8FQ5M/ref=sr_1_3470?brr=1&dchild=1&qid=1634421295&rd=1&s=digital-skills&sr=1-3470", "YDP QUIZ": "https://www.amazon.com/Learningmate-YDP-QUIZ/dp/B08MW3SFYM/ref=sr_1_3471?brr=1&dchild=1&qid=1634421295&rd=1&s=digital-skills&sr=1-3471", "Bajan Facts": "https://www.amazon.com/University-the-west-Indies-Barbados/dp/B08MVW15YD/ref=sr_1_3472?brr=1&dchild=1&qid=1634421295&rd=1&s=digital-skills&sr=1-3472"}