{"Panda Rescue Trivia": "https://www.amazon.com/Matthew-Gaming-Panda-Rescue-Trivia/dp/B08MVD5YN5/ref=sr_1_3473?brr=1&dchild=1&qid=1634421297&rd=1&s=digital-skills&sr=1-3473", "family time": "https://www.amazon.com/University-West-Indies-Cavehill-Campus/dp/B08MV8FJMC/ref=sr_1_3474?brr=1&dchild=1&qid=1634421297&rd=1&s=digital-skills&sr=1-3474", "Who touches him": "https://www.amazon.com/Armando-Who-touches-him/dp/B08MV2CJ96/ref=sr_1_3475?brr=1&dchild=1&qid=1634421297&rd=1&s=digital-skills&sr=1-3475", "Rock paper scissors": "https://www.amazon.com/WiselyWise-Rock-paper-scissors/dp/B08MV21ZND/ref=sr_1_3476?brr=1&dchild=1&qid=1634421297&rd=1&s=digital-skills&sr=1-3476", "Solar Facts": "https://www.amazon.com/JRoche15-Solar-Facts/dp/B08MTV286P/ref=sr_1_3477?brr=1&dchild=1&qid=1634421297&rd=1&s=digital-skills&sr=1-3477", "random facts": "https://www.amazon.com/jecrc-university-random-facts/dp/B08MTQ8LTH/ref=sr_1_3478?brr=1&dchild=1&qid=1634421297&rd=1&s=digital-skills&sr=1-3478", "My Science Quiz": "https://www.amazon.com/Sunil-Vishnubhotla-My-Science-Quiz/dp/B08MTFYJ4K/ref=sr_1_3479?brr=1&dchild=1&qid=1634421297&rd=1&s=digital-skills&sr=1-3479", "myfacs": "https://www.amazon.com/mybusiness-myfacs/dp/B08MT4H3L5/ref=sr_1_3480?brr=1&dchild=1&qid=1634421297&rd=1&s=digital-skills&sr=1-3480", "Letter X.": "https://www.amazon.com/Brainspray-Letter-X/dp/B08MQ6K7WX/ref=sr_1_3481?brr=1&dchild=1&qid=1634421297&rd=1&s=digital-skills&sr=1-3481", "curiosities of space": "https://www.amazon.com/SolarPlanetHome-space-trivia/dp/B08MPV2LZ8/ref=sr_1_3482?brr=1&dchild=1&qid=1634421297&rd=1&s=digital-skills&sr=1-3482", "guess the princes quiz": "https://www.amazon.com/pyg-guess-the-princes-quiz/dp/B08MNFTVRK/ref=sr_1_3483?brr=1&dchild=1&qid=1634421297&rd=1&s=digital-skills&sr=1-3483", "Helping Hand": "https://www.amazon.com/Singh-Design-Services-Helping-Hand/dp/B08MLNFJNF/ref=sr_1_3484?brr=1&dchild=1&qid=1634421297&rd=1&s=digital-skills&sr=1-3484", "Whose Turn": "https://www.amazon.com/Vector-lover-Whose-Turn/dp/B08MLLFWKT/ref=sr_1_3485?brr=1&dchild=1&qid=1634421297&rd=1&s=digital-skills&sr=1-3485", "friends game": "https://www.amazon.com/Parth-bhardwaj-friends-game/dp/B08ML88F4Y/ref=sr_1_3486?brr=1&dchild=1&qid=1634421297&rd=1&s=digital-skills&sr=1-3486", "The Machine Facts": "https://www.amazon.com/Rahul-Sinha-The-Machine-Facts/dp/B08ML6B2CT/ref=sr_1_3487?brr=1&dchild=1&qid=1634421297&rd=1&s=digital-skills&sr=1-3487", "My Cafe": "https://www.amazon.com/Cees-Jol-My-Cafe/dp/B08ML3KLZG/ref=sr_1_3488?brr=1&dchild=1&qid=1634421297&rd=1&s=digital-skills&sr=1-3488"}