{"Uncle Iroh": "https://www.amazon.com/Suraj-Masand-Uncle-Iroh/dp/B07K5G9JXK/ref=sr_1_337?brr=1&dchild=1&qid=1634420738&rd=1&s=digital-skills&sr=1-337", "Confluence Games": "https://www.amazon.com/Minmini-Corporation-Confluence-Games/dp/B08MJ2Y55B/ref=sr_1_338?brr=1&dchild=1&qid=1634420738&rd=1&s=digital-skills&sr=1-338", "Pintadita Hen": "https://www.amazon.com/Bromelia-Produ%C3%A7%C3%B5es-Galinha-Pintadinha/dp/B07Y2B95T5/ref=sr_1_339?brr=1&dchild=1&qid=1634420738&rd=1&s=digital-skills&sr=1-339", "Game of Thrones Trivia": "https://www.amazon.com/Priyanka-Sudhindra-Game-Thrones-Trivia/dp/B074VBYT2J/ref=sr_1_340?brr=1&dchild=1&qid=1634420738&rd=1&s=digital-skills&sr=1-340", "Factorio Helper": "https://www.amazon.com/Dark-Tower-PC-Factorio-Helper/dp/B07JDKDMQY/ref=sr_1_341?brr=1&dchild=1&qid=1634420738&rd=1&s=digital-skills&sr=1-341", "Ham Radio Surprise": "https://www.amazon.com/Michelle-Van-Campen-Radio-Surprise/dp/B07Q4NC1BG/ref=sr_1_342?brr=1&dchild=1&qid=1634420738&rd=1&s=digital-skills&sr=1-342", "name the band": "https://www.amazon.com/James-Davenport-Ph-D-name-band/dp/B07SZ7VJHC/ref=sr_1_343?brr=1&dchild=1&qid=1634420738&rd=1&s=digital-skills&sr=1-343", "Grandmother Wisdom": "https://www.amazon.com/Devone-Williams-Grandmother-Wisdom/dp/B088QZXBDR/ref=sr_1_344?brr=1&dchild=1&qid=1634420738&rd=1&s=digital-skills&sr=1-344", "random bowler": "https://www.amazon.com/James-Davenport-Ph-D-random-bowler/dp/B07B1QHZSK/ref=sr_1_345?brr=1&dchild=1&qid=1634420738&rd=1&s=digital-skills&sr=1-345", "best voice assistant": "https://www.amazon.com/free-best-voice-assistant/dp/B09B5VQPKB/ref=sr_1_346?brr=1&dchild=1&qid=1634420738&rd=1&s=digital-skills&sr=1-346", "solopoker": "https://www.amazon.com/Shilpt-solopoker/dp/B07C4NRN16/ref=sr_1_347?brr=1&dchild=1&qid=1634420738&rd=1&s=digital-skills&sr=1-347", "Fortnite News": "https://www.amazon.com/Nils-Backe-Fortnite-News/dp/B07DLZ8DDV/ref=sr_1_348?brr=1&dchild=1&qid=1634420738&rd=1&s=digital-skills&sr=1-348", "Music Game": "https://www.amazon.com/Shubham-Music-Game/dp/B08X22GNPB/ref=sr_1_349?brr=1&dchild=1&qid=1634420738&rd=1&s=digital-skills&sr=1-349", "[Unofficial] Fortnite Player Stats": "https://www.amazon.com/Unofficial-Fortnite-Player-Stats/dp/B07K3B81LJ/ref=sr_1_350?brr=1&dchild=1&qid=1634420738&rd=1&s=digital-skills&sr=1-350", "Escape from 63rd and Wallace": "https://www.amazon.com/Escape-from-63rd-and-Wallace/dp/B08W57B16Q/ref=sr_1_351?brr=1&dchild=1&qid=1634420738&rd=1&s=digital-skills&sr=1-351", "Chopsticks Game": "https://www.amazon.com/West-Chopsticks-Game/dp/B07C1TFP9X/ref=sr_1_352?brr=1&dchild=1&qid=1634420738&rd=1&s=digital-skills&sr=1-352"}