{"The office game": "https://www.amazon.com/Parth-bhardwaj-The-office-game/dp/B08LYV3ZD1/ref=sr_1_3521?brr=1&dchild=1&qid=1634421306&rd=1&s=digital-skills&sr=1-3521", "KidKraft 2-in-1 Kitchen & Market": "https://www.amazon.com/Creativity-Inc-KidKraft-2-in-1-Kitchen/dp/B08LYLXF4Q/ref=sr_1_3522?brr=1&dchild=1&qid=1634421306&rd=1&s=digital-skills&sr=1-3522", "Agawam Parks Trivia": "https://www.amazon.com/Leston-Tingley-Agawam-Parks-Trivia/dp/B08LW35DVJ/ref=sr_1_3523?brr=1&dchild=1&qid=1634421306&rd=1&s=digital-skills&sr=1-3523", "IT Quiz": "https://www.amazon.com/Verified-Safe-Cyber-Security-Solutions/dp/B08LVVLTBL/ref=sr_1_3524?brr=1&dchild=1&qid=1634421306&rd=1&s=digital-skills&sr=1-3524", "Whose Turn": "https://www.amazon.com/Boy-boy-Whose-Turn/dp/B08LPTSW6W/ref=sr_1_3532?brr=1&dchild=1&qid=1634421306&rd=1&s=digital-skills&sr=1-3532", "Whose turn": "https://www.amazon.com/Noah-reyes-Whose-turn/dp/B08LT87JWN/ref=sr_1_3526?brr=1&dchild=1&qid=1634421306&rd=1&s=digital-skills&sr=1-3526", "My Trivia": "https://www.amazon.com/Ellie-My-Trivia/dp/B08LSHFV7D/ref=sr_1_3527?brr=1&dchild=1&qid=1634421306&rd=1&s=digital-skills&sr=1-3527", "Canada Trivia Game": "https://www.amazon.com/Marianne-Jennings-Canada-Trivia-Game/dp/B08LQR1VY3/ref=sr_1_3528?brr=1&dchild=1&qid=1634421306&rd=1&s=digital-skills&sr=1-3528", "Smarty Pants": "https://www.amazon.com/Software-Engineering-Smarty-Pants/dp/B08LQHFMDR/ref=sr_1_3529?brr=1&dchild=1&qid=1634421306&rd=1&s=digital-skills&sr=1-3529", "Dad Jokes": "https://www.amazon.com/Rebecca-Aleck-Dad-Jokes/dp/B08LQH4KR6/ref=sr_1_3530?brr=1&dchild=1&qid=1634421306&rd=1&s=digital-skills&sr=1-3530", "Engineering Words": "https://www.amazon.com/Pios-Labs-Engineering-Words/dp/B08LPW4326/ref=sr_1_3531?brr=1&dchild=1&qid=1634421306&rd=1&s=digital-skills&sr=1-3531", "Greg Marston voicesite": "https://www.amazon.com/Voiceweave-Greg-Marston-voicesite/dp/B08LPTSN49/ref=sr_1_3533?brr=1&dchild=1&qid=1634421306&rd=1&s=digital-skills&sr=1-3533", "Birthday Trivia": "https://www.amazon.com/Don-Duncan-Birthday-Trivia/dp/B08LPM5M77/ref=sr_1_3534?brr=1&dchild=1&qid=1634421306&rd=1&s=digital-skills&sr=1-3534", "WeR1radio": "https://www.amazon.com/FastCast-DWC-LLC-WeR1radio/dp/B08LPJBYBD/ref=sr_1_3535?brr=1&dchild=1&qid=1634421306&rd=1&s=digital-skills&sr=1-3535", "Country Quiz": "https://www.amazon.com/Rebecca-Aleck-Country-Quiz/dp/B08LPH3598/ref=sr_1_3536?brr=1&dchild=1&qid=1634421306&rd=1&s=digital-skills&sr=1-3536"}