{"Canada Facts - Fun Facts & Trivia About Canada": "https://www.amazon.com/Canada-Facts-Fun-Trivia-About/dp/B08LP24W4K/ref=sr_1_3537?brr=1&dchild=1&qid=1634421308&rd=1&s=digital-skills&sr=1-3537", "New Country Quiz": "https://www.amazon.com/Rebecca-Aleck-New-Country-Quiz/dp/B08LNQXGL2/ref=sr_1_3538?brr=1&dchild=1&qid=1634421308&rd=1&s=digital-skills&sr=1-3538", "San Francisco Quiz": "https://www.amazon.com/Rebecca-Aleck-San-Francisco-Quiz/dp/B08LNM88V8/ref=sr_1_3539?brr=1&dchild=1&qid=1634421308&rd=1&s=digital-skills&sr=1-3539", "groove london": "https://www.amazon.com/FastCast-DWC-LLC-groove-london/dp/B08LN2WW35/ref=sr_1_3540?brr=1&dchild=1&qid=1634421308&rd=1&s=digital-skills&sr=1-3540", "Arkansas golf courses": "https://www.amazon.com/Robert-Namin-Arkansas-golf-courses/dp/B08LN2KCY8/ref=sr_1_3541?brr=1&dchild=1&qid=1634421308&rd=1&s=digital-skills&sr=1-3541", "Migrate During Dev": "https://www.amazon.com/aaa-Migrate-During-Dev/dp/B08LMDZL46/ref=sr_1_3542?brr=1&dchild=1&qid=1634421308&rd=1&s=digital-skills&sr=1-3542", "Legal Fiction": "https://www.amazon.com/Dayne-Johnson-Legal-Fiction/dp/B08LLBMGWX/ref=sr_1_3543?brr=1&dchild=1&qid=1634421308&rd=1&s=digital-skills&sr=1-3543", "Navrathri": "https://www.amazon.com/Mohit-Navrathri/dp/B08LL1GRN9/ref=sr_1_3544?brr=1&dchild=1&qid=1634421308&rd=1&s=digital-skills&sr=1-3544", "Self hosted first": "https://www.amazon.com/aaa-Self-hosted-first/dp/B08LKCTN8N/ref=sr_1_3545?brr=1&dchild=1&qid=1634421308&rd=1&s=digital-skills&sr=1-3545", "Simple present now": "https://www.amazon.com/ACTIVE-ENGLISH-KIDS-Simple-present/dp/B08LH8KCVW/ref=sr_1_3546?brr=1&dchild=1&qid=1634421308&rd=1&s=digital-skills&sr=1-3546", "Whose Turn": "https://www.amazon.com/Lavanyaa-Whose-Turn/dp/B08LDQDV81/ref=sr_1_3551?brr=1&dchild=1&qid=1634421308&rd=1&s=digital-skills&sr=1-3551", "Video Game Finder": "https://www.amazon.com/Syracuse-University-Video-Game-Finder/dp/B08LH2DZS5/ref=sr_1_3548?brr=1&dchild=1&qid=1634421308&rd=1&s=digital-skills&sr=1-3548", "Meddo51 Hello World": "https://www.amazon.com/Meedo51-Meddo51-Hello-World/dp/B08LGLXGBH/ref=sr_1_3549?brr=1&dchild=1&qid=1634421308&rd=1&s=digital-skills&sr=1-3549", "Super Heroes": "https://www.amazon.com/Rohit-Chatla-Super-Heroes/dp/B08LGKN1VZ/ref=sr_1_3550?brr=1&dchild=1&qid=1634421308&rd=1&s=digital-skills&sr=1-3550", "Million Dollar Money Drop": "https://www.amazon.com/Vocala-co-Million-Dollar-Money-Drop/dp/B08LDGZKJY/ref=sr_1_3552?brr=1&dchild=1&qid=1634421308&rd=1&s=digital-skills&sr=1-3552"}