{"Whose next": "https://www.amazon.com/Madison-rininger-Whose-next/dp/B08L97S9K7/ref=sr_1_3569?brr=1&dchild=1&qid=1634421314&rd=1&s=digital-skills&sr=1-3569", "Your Fortune Awaits": "https://www.amazon.com/Madam-Zeroni-Your-Fortune-Awaits/dp/B08L94H3VM/ref=sr_1_3570?brr=1&dchild=1&qid=1634421314&rd=1&s=digital-skills&sr=1-3570", "Alaska golf courses": "https://www.amazon.com/Robert-Namin-Alaska-golf-courses/dp/B08L93NP7Z/ref=sr_1_3571?brr=1&dchild=1&qid=1634421314&rd=1&s=digital-skills&sr=1-3571", "Who's next": "https://www.amazon.com/Sean-Michael-McCluskey-Whos-next/dp/B08L628LBF/ref=sr_1_3580?brr=1&dchild=1&qid=1634421314&rd=1&s=digital-skills&sr=1-3580", "Meedo51 Facts": "https://www.amazon.com/Meedo51-Facts/dp/B08L83J715/ref=sr_1_3573?brr=1&dchild=1&qid=1634421314&rd=1&s=digital-skills&sr=1-3573", "LEGO\u00ae Moments": "https://www.amazon.com/LEGO-LEGO%C2%AE-Moments/dp/B08L82MFMQ/ref=sr_1_3574?brr=1&dchild=1&qid=1634421314&rd=1&s=digital-skills&sr=1-3574", "Alabama golf courses": "https://www.amazon.com/Robert-Namin-Alabama-golf-courses/dp/B08L818N6J/ref=sr_1_3575?brr=1&dchild=1&qid=1634421314&rd=1&s=digital-skills&sr=1-3575", "Whose Turn": "https://www.amazon.com/Sara-Whose-Turn/dp/B08L7LT2Y4/ref=sr_1_3576?brr=1&dchild=1&qid=1634421314&rd=1&s=digital-skills&sr=1-3576", "RadioStPete.com": "https://www.amazon.com/Online-Radio-RadioStPete-com/dp/B08L7GQ49J/ref=sr_1_3577?brr=1&dchild=1&qid=1634421314&rd=1&s=digital-skills&sr=1-3577", "cyber quiz": "https://www.amazon.com/Shweta-Mishra-cyber-quiz/dp/B08L63L32Z/ref=sr_1_3578?brr=1&dchild=1&qid=1634421314&rd=1&s=digital-skills&sr=1-3578", "Cards of Wonder": "https://www.amazon.com/The-Tales-of-Old-Wonder/dp/B08L62YG51/ref=sr_1_3579?brr=1&dchild=1&qid=1634421314&rd=1&s=digital-skills&sr=1-3579", "Shell Game": "https://www.amazon.com/Conversation-Curve-Shell-Game/dp/B08L5ZF5FZ/ref=sr_1_3581?brr=1&dchild=1&qid=1634421314&rd=1&s=digital-skills&sr=1-3581", "Peep Show Quotes": "https://www.amazon.com/YEA-Media-Peep-Show-Quotes/dp/B08L5PCZ1X/ref=sr_1_3582?brr=1&dchild=1&qid=1634421314&rd=1&s=digital-skills&sr=1-3582", "Cake Time": "https://www.amazon.com/Belmont-University-Cake-Time/dp/B08L58W83D/ref=sr_1_3583?brr=1&dchild=1&qid=1634421314&rd=1&s=digital-skills&sr=1-3583", "Roblox Trivia": "https://www.amazon.com/Jacob-Roblox-Trivia/dp/B08L57SK6Q/ref=sr_1_3584?brr=1&dchild=1&qid=1634421314&rd=1&s=digital-skills&sr=1-3584"}