{"Whose Turn": "https://www.amazon.com/Logan-Whose-Turn/dp/B08L54TRW5/ref=sr_1_3585?brr=1&dchild=1&qid=1634421317&rd=1&s=digital-skills&sr=1-3585", "Who touches him": "https://www.amazon.com/Jos%C3%A9-marquez-Who-touches-him/dp/B08L52N3N9/ref=sr_1_3586?brr=1&dchild=1&qid=1634421317&rd=1&s=digital-skills&sr=1-3586", "Trivia quiz": "https://www.amazon.com/Emily-chia-Trivia-quiz/dp/B08L515WYR/ref=sr_1_3587?brr=1&dchild=1&qid=1634421317&rd=1&s=digital-skills&sr=1-3587", "fun Facts": "https://www.amazon.com/University-West-Indies-Cave-Campus/dp/B08L4ZY7Q4/ref=sr_1_3588?brr=1&dchild=1&qid=1634421317&rd=1&s=digital-skills&sr=1-3588", "Transistor Facts": "https://www.amazon.com/Samuel-Hinds-Transistor-Facts/dp/B08L4XDC68/ref=sr_1_3589?brr=1&dchild=1&qid=1634421317&rd=1&s=digital-skills&sr=1-3589", "Car Facts": "https://www.amazon.com/Aron-Car-Facts/dp/B08L4VRJ24/ref=sr_1_3590?brr=1&dchild=1&qid=1634421317&rd=1&s=digital-skills&sr=1-3590", "Bible Facts Game": "https://www.amazon.com/Cody-Jones-Bible-Facts-Game/dp/B08L4N8999/ref=sr_1_3591?brr=1&dchild=1&qid=1634421317&rd=1&s=digital-skills&sr=1-3591", "Talking RV": "https://www.amazon.com/EBRITECH-Talking-RV/dp/B08L4JTV4Y/ref=sr_1_3592?brr=1&dchild=1&qid=1634421317&rd=1&s=digital-skills&sr=1-3592", "What's That Song": "https://www.amazon.com/Tauon-LLC-Whats-That-Song/dp/B08L44ZYG3/ref=sr_1_3593?brr=1&dchild=1&qid=1634421317&rd=1&s=digital-skills&sr=1-3593", "Know your Horoscope": "https://www.amazon.com/Anand-Know-your-Horoscope/dp/B08L3T4C38/ref=sr_1_3594?brr=1&dchild=1&qid=1634421317&rd=1&s=digital-skills&sr=1-3594", "Inspirational Quote of the Day": "https://www.amazon.com/Inspirational-Quote-of-the-Day/dp/B08L3K97LD/ref=sr_1_3595?brr=1&dchild=1&qid=1634421317&rd=1&s=digital-skills&sr=1-3595", "Tom Deer Voice Site": "https://www.amazon.com/Voiceweave-Tom-Deer-Voice-Site/dp/B08L3JVWLM/ref=sr_1_3596?brr=1&dchild=1&qid=1634421317&rd=1&s=digital-skills&sr=1-3596", "Belch Brothers Burp": "https://www.amazon.com/Iksterog-Innovations-Belch-Brothers-Burp/dp/B08L3GFV3X/ref=sr_1_3597?brr=1&dchild=1&qid=1634421317&rd=1&s=digital-skills&sr=1-3597", "Choice Finder": "https://www.amazon.com/University-West-Indies-Cave-Hill/dp/B08L383B7W/ref=sr_1_3598?brr=1&dchild=1&qid=1634421317&rd=1&s=digital-skills&sr=1-3598", "Big Brain Trivia": "https://www.amazon.com/Bloxxel64-Co-Big-Brain-Trivia/dp/B08L1RYB9G/ref=sr_1_3599?brr=1&dchild=1&qid=1634421317&rd=1&s=digital-skills&sr=1-3599", "Arizona golf courses": "https://www.amazon.com/Robert-Namin-Arizona-golf-courses/dp/B08L1Q299K/ref=sr_1_3600?brr=1&dchild=1&qid=1634421317&rd=1&s=digital-skills&sr=1-3600"}