{"Midnight Shadow Dog": "https://www.amazon.com/Midnight-Shadow-Dog/dp/B08KZYJDXL/ref=sr_1_3601?brr=1&dchild=1&qid=1634421320&rd=1&s=digital-skills&sr=1-3601", "animal finder": "https://www.amazon.com/Joel-Farvault-animal-finder/dp/B08KZP2L62/ref=sr_1_3602?brr=1&dchild=1&qid=1634421320&rd=1&s=digital-skills&sr=1-3602", "Our Trivia": "https://www.amazon.com/Katia-Our-Trivia/dp/B08KY9KJN7/ref=sr_1_3603?brr=1&dchild=1&qid=1634421320&rd=1&s=digital-skills&sr=1-3603", "my happy birthday": "https://www.amazon.com/Ashish-Kanchan-my-happy-birthday/dp/B08KY9FZJF/ref=sr_1_3604?brr=1&dchild=1&qid=1634421320&rd=1&s=digital-skills&sr=1-3604", "Pick one": "https://www.amazon.com/David-Potter-Pick-one/dp/B08KY5QZ89/ref=sr_1_3605?brr=1&dchild=1&qid=1634421320&rd=1&s=digital-skills&sr=1-3605", "My Name picker": "https://www.amazon.com/Mathew-My-Name-picker/dp/B08KY52ZZK/ref=sr_1_3606?brr=1&dchild=1&qid=1634421320&rd=1&s=digital-skills&sr=1-3606", "Intense FM": "https://www.amazon.com/Intense-Buisness-Solutions-FM/dp/B08KY4RPC9/ref=sr_1_3607?brr=1&dchild=1&qid=1634421320&rd=1&s=digital-skills&sr=1-3607", "Drunken Master": "https://www.amazon.com/waynesindustry-Drunken-Master/dp/B08KY49HGV/ref=sr_1_3608?brr=1&dchild=1&qid=1634421320&rd=1&s=digital-skills&sr=1-3608", "Common Knowledge": "https://www.amazon.com/Smile-Team-Common-Knowledge/dp/B08KXS35QN/ref=sr_1_3609?brr=1&dchild=1&qid=1634421320&rd=1&s=digital-skills&sr=1-3609", "Animal of the Day": "https://www.amazon.com/Matchbox-io-Animal-of-the-Day/dp/B08KWGLGXF/ref=sr_1_3610?brr=1&dchild=1&qid=1634421320&rd=1&s=digital-skills&sr=1-3610", "life meter": "https://www.amazon.com/JEDI-APPS-life-meter/dp/B08KWD44TC/ref=sr_1_3611?brr=1&dchild=1&qid=1634421320&rd=1&s=digital-skills&sr=1-3611", "Fruit Machine": "https://www.amazon.com/Cees-Jol-Fruit-Machine/dp/B08KWBFB9L/ref=sr_1_3612?brr=1&dchild=1&qid=1634421320&rd=1&s=digital-skills&sr=1-3612", "suraj quiz": "https://www.amazon.com/suraj-quiz/dp/B08KW9BS5G/ref=sr_1_3613?brr=1&dchild=1&qid=1634421320&rd=1&s=digital-skills&sr=1-3613", "Scientist Escape the Room 2": "https://www.amazon.com/Scientist-Escape-the-Room-2/dp/B08KVXJX97/ref=sr_1_3614?brr=1&dchild=1&qid=1634421320&rd=1&s=digital-skills&sr=1-3614", "Dash Dash": "https://www.amazon.com/verbevolent-Dash/dp/B08KVXBN6L/ref=sr_1_3615?brr=1&dchild=1&qid=1634421320&rd=1&s=digital-skills&sr=1-3615", "New 9/4": "https://www.amazon.com/Belmont-University-New-9-4/dp/B08KVT9K3H/ref=sr_1_3616?brr=1&dchild=1&qid=1634421320&rd=1&s=digital-skills&sr=1-3616"}