{"Quiz Night": "https://www.amazon.com/Vocala-co-Quiz-Night/dp/B08KTKY4ML/ref=sr_1_3617?brr=1&dchild=1&qid=1634421322&rd=1&s=digital-skills&sr=1-3617", "Python Programming Quiz": "https://www.amazon.com/Prajjwal-Arora-Python-Programming-Quiz/dp/B08KTKXXD4/ref=sr_1_3618?brr=1&dchild=1&qid=1634421322&rd=1&s=digital-skills&sr=1-3618", "Game Night": "https://www.amazon.com/Vocala-co-Game-Night/dp/B08KTD6J4S/ref=sr_1_3619?brr=1&dchild=1&qid=1634421322&rd=1&s=digital-skills&sr=1-3619", "User Experience Design Methods": "https://www.amazon.com/yogeshwar-singh-Experience-Design-Methods/dp/B08KT7HY64/ref=sr_1_3620?brr=1&dchild=1&qid=1634421322&rd=1&s=digital-skills&sr=1-3620", "The Daily Challenge": "https://www.amazon.com/Drew-Cosgrove-The-Daily-Challenge/dp/B08KSL6HHR/ref=sr_1_3621?brr=1&dchild=1&qid=1634421322&rd=1&s=digital-skills&sr=1-3621", "Ready or Not": "https://www.amazon.com/National-Theatre-for-Children-Ready/dp/B08KSB2BHK/ref=sr_1_3622?brr=1&dchild=1&qid=1634421322&rd=1&s=digital-skills&sr=1-3622", "Gary Vee Motivation": "https://www.amazon.com/Cees-Jol-Gary-Vee-Motivation/dp/B08KS9Y5WJ/ref=sr_1_3623?brr=1&dchild=1&qid=1634421322&rd=1&s=digital-skills&sr=1-3623", "Showdown at Dry Gulch": "https://www.amazon.com/National-Theatre-for-Children-Showdown/dp/B08KS9TTW1/ref=sr_1_3624?brr=1&dchild=1&qid=1634421322&rd=1&s=digital-skills&sr=1-3624", "planetary commander": "https://www.amazon.com/Azatech-Ltd-planetary-commander/dp/B08KS6J1F5/ref=sr_1_3625?brr=1&dchild=1&qid=1634421322&rd=1&s=digital-skills&sr=1-3625", "Love Matrix": "https://www.amazon.com/Shisah-Solutions-Love-Matrix/dp/B08KS46KJC/ref=sr_1_3626?brr=1&dchild=1&qid=1634421322&rd=1&s=digital-skills&sr=1-3626", "Conservation Caper": "https://www.amazon.com/National-Theatre-for-Children-Conservation/dp/B08KRQTP68/ref=sr_1_3627?brr=1&dchild=1&qid=1634421322&rd=1&s=digital-skills&sr=1-3627", "How Many of Me": "https://www.amazon.com/Bilbin-How-Many-of-Me/dp/B08KRMCMCJ/ref=sr_1_3628?brr=1&dchild=1&qid=1634421322&rd=1&s=digital-skills&sr=1-3628", "Change your thinking riddle": "https://www.amazon.com/GWSI-Change-your-thinking-riddle/dp/B08KRM6JC4/ref=sr_1_3629?brr=1&dchild=1&qid=1634421322&rd=1&s=digital-skills&sr=1-3629", "fruits or vegetables": "https://www.amazon.com/John-fruits-or-vegetables/dp/B08KRL138P/ref=sr_1_3630?brr=1&dchild=1&qid=1634421322&rd=1&s=digital-skills&sr=1-3630", "Clue Burned Blue": "https://www.amazon.com/National-Theatre-for-Children-Burned/dp/B08KRKDSRN/ref=sr_1_3631?brr=1&dchild=1&qid=1634421322&rd=1&s=digital-skills&sr=1-3631", "custom cat facts": "https://www.amazon.com/Belmont-University-custom-cat-facts/dp/B08KRKD2KV/ref=sr_1_3632?brr=1&dchild=1&qid=1634421322&rd=1&s=digital-skills&sr=1-3632"}