{"lotto": "https://www.amazon.com/Paulo-Machado-lotto/dp/B08KR9NLG8/ref=sr_1_3633?brr=1&dchild=1&qid=1634421325&rd=1&s=digital-skills&sr=1-3633", "Laser Combat": "https://www.amazon.com/Professional-Coded-Solutions-Laser-Combat/dp/B08KQGQT3G/ref=sr_1_3634?brr=1&dchild=1&qid=1634421325&rd=1&s=digital-skills&sr=1-3634", "Indian States Quiz Game": "https://www.amazon.com/suraj-Indian-States-Quiz-Game/dp/B08KQBF6JB/ref=sr_1_3635?brr=1&dchild=1&qid=1634421325&rd=1&s=digital-skills&sr=1-3635", "Fact Feeder": "https://www.amazon.com/Azhar-Khan-Fact-Feeder/dp/B08KQB8GHP/ref=sr_1_3636?brr=1&dchild=1&qid=1634421325&rd=1&s=digital-skills&sr=1-3636", "hello suraj": "https://www.amazon.com/suraj-hello/dp/B08KQ21HS5/ref=sr_1_3637?brr=1&dchild=1&qid=1634421325&rd=1&s=digital-skills&sr=1-3637", "Business facts": "https://www.amazon.com/Raghav-MIttal-Business-facts/dp/B08KQ1CKPB/ref=sr_1_3638?brr=1&dchild=1&qid=1634421325&rd=1&s=digital-skills&sr=1-3638", "World Cities": "https://www.amazon.com/TZ-TECHNO-World-Cities/dp/B08KPBS3XR/ref=sr_1_3639?brr=1&dchild=1&qid=1634421325&rd=1&s=digital-skills&sr=1-3639", "Ship Sailed (Couple\u2019s Q&A)": "https://www.amazon.com/Ship-Sailed-Couples-Q-A/dp/B08KP9K1YQ/ref=sr_1_3640?brr=1&dchild=1&qid=1634421325&rd=1&s=digital-skills&sr=1-3640", "Whose Turn": "https://www.amazon.com/Kody-Rivera-Whose-Turn/dp/B08KP2W9DB/ref=sr_1_3646?brr=1&dchild=1&qid=1634421325&rd=1&s=digital-skills&sr=1-3646", "Who's Up": "https://www.amazon.com/Ayush-Pathak-Whos-Up/dp/B08KP5XYL4/ref=sr_1_3643?brr=1&dchild=1&qid=1634421325&rd=1&s=digital-skills&sr=1-3643", "ACNH turnip calculator": "https://www.amazon.com/Joapfel-ACNH-turnip-calculator/dp/B08KP3QSKL/ref=sr_1_3644?brr=1&dchild=1&qid=1634421325&rd=1&s=digital-skills&sr=1-3644", "Agents of Safety": "https://www.amazon.com/National-Theatre-for-Children-Agents/dp/B08KP37KV1/ref=sr_1_3645?brr=1&dchild=1&qid=1634421325&rd=1&s=digital-skills&sr=1-3645", "My Favourite Country and National Anthem": "https://www.amazon.com/My-Favourite-Country-National-Anthem/dp/B08KLNQPPD/ref=sr_1_3647?brr=1&dchild=1&qid=1634421325&rd=1&s=digital-skills&sr=1-3647", "Fast Game": "https://www.amazon.com/Charlie-Merlo-Fast-Game/dp/B08KHR9TTV/ref=sr_1_3648?brr=1&dchild=1&qid=1634421325&rd=1&s=digital-skills&sr=1-3648"}