{"Beep Horn": "https://www.amazon.com/Nickopanther-Beep-Horn/dp/B08359B999/ref=sr_1_353?brr=1&dchild=1&qid=1634420741&rd=1&s=digital-skills&sr=1-353", "Just Watch": "https://www.amazon.com/VWAP-Just-Watch/dp/B088FJ7W1M/ref=sr_1_354?brr=1&dchild=1&qid=1634420741&rd=1&s=digital-skills&sr=1-354", "Harry Potter Trivia for Muggles": "https://www.amazon.com/Harry-Potter-Trivia-for-Muggles/dp/B0747Z4JYP/ref=sr_1_355?brr=1&dchild=1&qid=1634420741&rd=1&s=digital-skills&sr=1-355", "Chess With Morgan": "https://www.amazon.com/Chicmomo-Inc-Chess-With-Morgan/dp/B07BGT6VZP/ref=sr_1_356?brr=1&dchild=1&qid=1634420741&rd=1&s=digital-skills&sr=1-356", "Escape mystery room": "https://www.amazon.com/Prasanna-Escape-mystery-room/dp/B07C972QGF/ref=sr_1_357?brr=1&dchild=1&qid=1634420741&rd=1&s=digital-skills&sr=1-357", "IrishDanceTrivia": "https://www.amazon.com/Bananahead-Studio-IrishDanceTrivia/dp/B07G9J3HMG/ref=sr_1_358?brr=1&dchild=1&qid=1634420741&rd=1&s=digital-skills&sr=1-358", "Glaucoma Facts": "https://www.amazon.com/MAKAN-Apps-Glaucoma-Facts/dp/B071JMBLPZ/ref=sr_1_359?brr=1&dchild=1&qid=1634420741&rd=1&s=digital-skills&sr=1-359", "Soda Slogans": "https://www.amazon.com/Todaymillionaires-Inc-Soda-Slogans/dp/B07G6NVQHL/ref=sr_1_360?brr=1&dchild=1&qid=1634420741&rd=1&s=digital-skills&sr=1-360", "Harry Potter Trivia": "https://www.amazon.com/Soumya-Ranjan-Mohanty-Potter-Trivia/dp/B07JNM1KZ9/ref=sr_1_361?brr=1&dchild=1&qid=1634420741&rd=1&s=digital-skills&sr=1-361", "Civics Quiz - USCIS Naturalization Test": "https://www.amazon.com/Civics-Quiz-USCIS-Naturalization-Test/dp/B07GLLP8ZS/ref=sr_1_362?brr=1&dchild=1&qid=1634420741&rd=1&s=digital-skills&sr=1-362", "Quick Math": "https://www.amazon.com/Silvia-ODwyer-Quick-Math/dp/B07GQQQBGB/ref=sr_1_363?brr=1&dchild=1&qid=1634420741&rd=1&s=digital-skills&sr=1-363", "Naruto Fan Quiz": "https://www.amazon.com/Yr-Naruto-Fan-Quiz/dp/B088FD2JFP/ref=sr_1_364?brr=1&dchild=1&qid=1634420741&rd=1&s=digital-skills&sr=1-364", "Cycling Games": "https://www.amazon.com/Andrew-Wu-Cycling-Games/dp/B072Q7DXH7/ref=sr_1_365?brr=1&dchild=1&qid=1634420741&rd=1&s=digital-skills&sr=1-365", "Fast Stop Gas & Grill 816": "https://www.amazon.com/Fast-Stop-Gas-Grill-816/dp/B096LQF7NZ/ref=sr_1_366?brr=1&dchild=1&qid=1634420741&rd=1&s=digital-skills&sr=1-366", "Blue's Clues & You! Listen and Play": "https://www.amazon.com/Blues-Clues-You-Listen-Play/dp/B08NWKLFJM/ref=sr_1_367?brr=1&dchild=1&qid=1634420741&rd=1&s=digital-skills&sr=1-367", "Toy Doctor": "https://www.amazon.com/Creativity-Inc-Toy-Doctor/dp/B08F1RDCH5/ref=sr_1_368?brr=1&dchild=1&qid=1634420741&rd=1&s=digital-skills&sr=1-368"}