{"Hamburger Sound": "https://www.amazon.com/Eric-Huglen-Hamburger-Sound/dp/B08K8RJJH2/ref=sr_1_3681?brr=1&dchild=1&qid=1634421334&rd=1&s=digital-skills&sr=1-3681", "Creeper Meme": "https://www.amazon.com/Eric-Huglen-Creeper-Meme/dp/B08K8M7JHC/ref=sr_1_3682?brr=1&dchild=1&qid=1634421334&rd=1&s=digital-skills&sr=1-3682", "Whose Turn": "https://www.amazon.com/Mommy-Whose-Turn/dp/B08K3WGJYM/ref=sr_1_3689?brr=1&dchild=1&qid=1634421334&rd=1&s=digital-skills&sr=1-3689", "Ocean one": "https://www.amazon.com/hjchen-Ocean-one/dp/B08K7Q51SP/ref=sr_1_3684?brr=1&dchild=1&qid=1634421334&rd=1&s=digital-skills&sr=1-3684", "Power Golf": "https://www.amazon.com/Steven-Bowden-Power-Golf/dp/B08K79QGTV/ref=sr_1_3685?brr=1&dchild=1&qid=1634421334&rd=1&s=digital-skills&sr=1-3685", "What Bender are You?": "https://www.amazon.com/Prajna-Kurkal-What-Bender-are/dp/B08K4C6WW8/ref=sr_1_3686?brr=1&dchild=1&qid=1634421334&rd=1&s=digital-skills&sr=1-3686", "Game Oracle": "https://www.amazon.com/Kronovi-Corporation-Game-Oracle/dp/B08K49C76R/ref=sr_1_3687?brr=1&dchild=1&qid=1634421334&rd=1&s=digital-skills&sr=1-3687", "Two Truths and a Lie": "https://www.amazon.com/Two-Truths-and-a-Lie/dp/B08K48RT7V/ref=sr_1_3688?brr=1&dchild=1&qid=1634421334&rd=1&s=digital-skills&sr=1-3688", "Manhattan Restaurant": "https://www.amazon.com/TZ-TECHNO-Manhattan-Restaurant/dp/B08K36Y52L/ref=sr_1_3690?brr=1&dchild=1&qid=1634421334&rd=1&s=digital-skills&sr=1-3690", "Game Info": "https://www.amazon.com/ariesthio-Game-Info/dp/B08K2YLC2F/ref=sr_1_3691?brr=1&dchild=1&qid=1634421334&rd=1&s=digital-skills&sr=1-3691", "The Great Expedition": "https://www.amazon.com/Ben-Freiberg-The-Great-Expedition/dp/B08K2QV7N4/ref=sr_1_3692?brr=1&dchild=1&qid=1634421334&rd=1&s=digital-skills&sr=1-3692", "Chip Chip": "https://www.amazon.com/Rohit-Bhattacharjee-Chip/dp/B08K2MJBYW/ref=sr_1_3693?brr=1&dchild=1&qid=1634421334&rd=1&s=digital-skills&sr=1-3693", "Silly Bonkers": "https://www.amazon.com/Bjorn-Roche-Silly-Bonkers/dp/B08JZ7H66V/ref=sr_1_3694?brr=1&dchild=1&qid=1634421334&rd=1&s=digital-skills&sr=1-3694", "Major Arcana Daily Tarot": "https://www.amazon.com/Alex-Calvert-Major-Arcana-Daily/dp/B08JZ1GXL1/ref=sr_1_3695?brr=1&dchild=1&qid=1634421334&rd=1&s=digital-skills&sr=1-3695", "Guild Wars 2 - News": "https://www.amazon.com/Le-Bus-magique-Guild-Wars/dp/B08JYVS5G2/ref=sr_1_3696?brr=1&dchild=1&qid=1634421334&rd=1&s=digital-skills&sr=1-3696"}