{"Billboard Charts Weekly (unofficial)": "https://www.amazon.com/TZ-TECHNO-Billboard-Charts-unofficial/dp/B08JVGW8M5/ref=sr_1_3697?brr=1&dchild=1&qid=1634421337&rd=1&s=digital-skills&sr=1-3697", "I love you": "https://www.amazon.com/Hemant-Jajoo-I-love-you/dp/B08JVC79HF/ref=sr_1_3698?brr=1&dchild=1&qid=1634421337&rd=1&s=digital-skills&sr=1-3698", "Learning Out Loud": "https://www.amazon.com/Rabbit-Pork-Learning-Out-Loud/dp/B08JV7X7SY/ref=sr_1_3699?brr=1&dchild=1&qid=1634421337&rd=1&s=digital-skills&sr=1-3699", "Wake Up (ASMR Edition)": "https://www.amazon.com/Nickopanther-Wake-Up-ASMR-Edition/dp/B08JV4GQ3D/ref=sr_1_3700?brr=1&dchild=1&qid=1634421337&rd=1&s=digital-skills&sr=1-3700", "Fun facts": "https://www.amazon.com/Formtek-Fun-facts/dp/B08JT86VQ3/ref=sr_1_3701?brr=1&dchild=1&qid=1634421337&rd=1&s=digital-skills&sr=1-3701", "Aryan story": "https://www.amazon.com/Dada-Aryan-story/dp/B08JQRRTB9/ref=sr_1_3702?brr=1&dchild=1&qid=1634421337&rd=1&s=digital-skills&sr=1-3702", "Character Name Generator": "https://www.amazon.com/The-Tales-of-Old-Character/dp/B08JQ5YFXF/ref=sr_1_3703?brr=1&dchild=1&qid=1634421337&rd=1&s=digital-skills&sr=1-3703", "jupicast-feed": "https://www.amazon.com/JupiCode-jupicast-feed/dp/B08JPZM74X/ref=sr_1_3704?brr=1&dchild=1&qid=1634421337&rd=1&s=digital-skills&sr=1-3704", "My Birthday Trivia": "https://www.amazon.com/Sakthi-S-My-Birthday-Trivia/dp/B08JPZ1S1R/ref=sr_1_3705?brr=1&dchild=1&qid=1634421337&rd=1&s=digital-skills&sr=1-3705", "Myth facts": "https://www.amazon.com/Charles-J-solo-Myth-facts/dp/B08JPNS3MK/ref=sr_1_3706?brr=1&dchild=1&qid=1634421337&rd=1&s=digital-skills&sr=1-3706", "Today's question": "https://www.amazon.com/Onami-Todays-question/dp/B08JPJ796M/ref=sr_1_3707?brr=1&dchild=1&qid=1634421337&rd=1&s=digital-skills&sr=1-3707", "Trolls": "https://www.amazon.com/Universal-Studios-Interactive-Trolls/dp/B08JPB2BKX/ref=sr_1_3708?brr=1&dchild=1&qid=1634421337&rd=1&s=digital-skills&sr=1-3708", "american football trivia": "https://www.amazon.com/santmoralesp-american-football-trivia/dp/B08JM7384K/ref=sr_1_3709?brr=1&dchild=1&qid=1634421337&rd=1&s=digital-skills&sr=1-3709", "Greek Philosopher": "https://www.amazon.com/Kosmas-Karadimitriou-Greek-Philosopher/dp/B08JM4VQ98/ref=sr_1_3710?brr=1&dchild=1&qid=1634421337&rd=1&s=digital-skills&sr=1-3710", "classic rock paper scissor game": "https://www.amazon.com/classic-rock-paper-scissor-game/dp/B08JM21YL6/ref=sr_1_3711?brr=1&dchild=1&qid=1634421337&rd=1&s=digital-skills&sr=1-3711", "Find The Impostor": "https://www.amazon.com/Nitin-Thakur-Find-The-Impostor/dp/B08JLW1QFK/ref=sr_1_3712?brr=1&dchild=1&qid=1634421337&rd=1&s=digital-skills&sr=1-3712"}