{"Chofi Roulette": "https://www.amazon.com/AndresCouvel-Chofi-Roulette/dp/B08JLVLM7K/ref=sr_1_3713?brr=1&dchild=1&qid=1634421340&rd=1&s=digital-skills&sr=1-3713", "Jakobs Cool Facts": "https://www.amazon.com/Jakob-Jakobs-Cool-Facts/dp/B08JLTX365/ref=sr_1_3714?brr=1&dchild=1&qid=1634421340&rd=1&s=digital-skills&sr=1-3714", "my activity": "https://www.amazon.com/jianqui-my-activity/dp/B08JLR95T5/ref=sr_1_3715?brr=1&dchild=1&qid=1634421340&rd=1&s=digital-skills&sr=1-3715", "Phone designer": "https://www.amazon.com/Akash_Agrawal-Phone-designer/dp/B08JLP2J2G/ref=sr_1_3716?brr=1&dchild=1&qid=1634421340&rd=1&s=digital-skills&sr=1-3716", "make yourself a polo": "https://www.amazon.com/CoconutCo-make-yourself-a-polo/dp/B08JLNW5N5/ref=sr_1_3717?brr=1&dchild=1&qid=1634421340&rd=1&s=digital-skills&sr=1-3717", "Whose Turn": "https://www.amazon.com/Madame-Zenobia-Whose-Turn/dp/B08JKP5471/ref=sr_1_3718?brr=1&dchild=1&qid=1634421340&rd=1&s=digital-skills&sr=1-3718", "Horror sounds": "https://www.amazon.com/AKSKILLS-Horror-sounds/dp/B08JKB3KML/ref=sr_1_3719?brr=1&dchild=1&qid=1634421340&rd=1&s=digital-skills&sr=1-3719", "Oak Grove Elementary Quiz": "https://www.amazon.com/Ravi-Oak-Grove-Elementary-Quiz/dp/B08JKB2B7L/ref=sr_1_3720?brr=1&dchild=1&qid=1634421340&rd=1&s=digital-skills&sr=1-3720", "Battle sounds": "https://www.amazon.com/AKSKILLS-Battle-sounds/dp/B08JK9V635/ref=sr_1_3721?brr=1&dchild=1&qid=1634421340&rd=1&s=digital-skills&sr=1-3721", "Doubles Trouble": "https://www.amazon.com/Live-fearless-Doubles-Trouble/dp/B08JK6RB4L/ref=sr_1_3722?brr=1&dchild=1&qid=1634421340&rd=1&s=digital-skills&sr=1-3722", "Clarks House": "https://www.amazon.com/Jada-Clark-Clarks-House/dp/B08JH5LP82/ref=sr_1_3723?brr=1&dchild=1&qid=1634421340&rd=1&s=digital-skills&sr=1-3723", "Marisa Dargahi voicesite": "https://www.amazon.com/Voiceweave-Marisa-Dargahi-voicesite/dp/B08JH3DHF7/ref=sr_1_3724?brr=1&dchild=1&qid=1634421340&rd=1&s=digital-skills&sr=1-3724", "Attractions of Cancun": "https://www.amazon.com/Lectro-Attractions-of-Cancun/dp/B08JGWS362/ref=sr_1_3725?brr=1&dchild=1&qid=1634421340&rd=1&s=digital-skills&sr=1-3725", "Roulette game": "https://www.amazon.com/Avenir-Games-Limited-Roulette-game/dp/B08JGS8JGQ/ref=sr_1_3726?brr=1&dchild=1&qid=1634421340&rd=1&s=digital-skills&sr=1-3726", "Carter's game show": "https://www.amazon.com/Carters-skills-game-show/dp/B08JGBJ5R3/ref=sr_1_3727?brr=1&dchild=1&qid=1634421340&rd=1&s=digital-skills&sr=1-3727", "Rae's Daily Fun Fact": "https://www.amazon.com/Belmont-University-Informatics-2021-Daily/dp/B08JG16QR4/ref=sr_1_3728?brr=1&dchild=1&qid=1634421340&rd=1&s=digital-skills&sr=1-3728"}