{"Tariq's Quiz": "https://www.amazon.com/TK-Tariqs-Quiz/dp/B08J6K19H8/ref=sr_1_3745?brr=1&dchild=1&qid=1634421345&rd=1&s=digital-skills&sr=1-3745", "Whose Turn is it": "https://www.amazon.com/mmayuri-Whose-Turn-is-it/dp/B08J5L36YK/ref=sr_1_3746?brr=1&dchild=1&qid=1634421345&rd=1&s=digital-skills&sr=1-3746", "Whose Turn": "https://www.amazon.com/Yee-Whose-Turn/dp/B08J4FZRQT/ref=sr_1_3747?brr=1&dchild=1&qid=1634421345&rd=1&s=digital-skills&sr=1-3747", "Curiosities about Cinema": "https://www.amazon.com/Mariel-Cinema-Curiosities/dp/B08J4DHPWS/ref=sr_1_3748?brr=1&dchild=1&qid=1634421345&rd=1&s=digital-skills&sr=1-3748", "Attractions of Michis": "https://www.amazon.com/rlblo-Attractions-of-Michis/dp/B08J46ZVJS/ref=sr_1_3749?brr=1&dchild=1&qid=1634421345&rd=1&s=digital-skills&sr=1-3749", "Let's all go": "https://www.amazon.com/Luis-Carre%C3%B3n-Lets-all-go/dp/B08J4274JM/ref=sr_1_3750?brr=1&dchild=1&qid=1634421345&rd=1&s=digital-skills&sr=1-3750", "Chillout Checkers": "https://www.amazon.com/Chris-Subagio-Chillout-Checkers/dp/B08J3WLTBM/ref=sr_1_3751?brr=1&dchild=1&qid=1634421345&rd=1&s=digital-skills&sr=1-3751", "Mortal Kombat Theme Song (Full Song)": "https://www.amazon.com/Mortal-Kombat-Theme-Song-Full/dp/B08J3RHPQ5/ref=sr_1_3752?brr=1&dchild=1&qid=1634421345&rd=1&s=digital-skills&sr=1-3752", "Illuminati Confirmed (MLG Audio)": "https://www.amazon.com/Eric-Huglen-Illuminati-Confirmed-Audio/dp/B08J2Y17KK/ref=sr_1_3753?brr=1&dchild=1&qid=1634421345&rd=1&s=digital-skills&sr=1-3753", "Attractions of Mexico": "https://www.amazon.com/ITESO-Attractions-of-Mexico/dp/B08J1W1VDJ/ref=sr_1_3754?brr=1&dchild=1&qid=1634421345&rd=1&s=digital-skills&sr=1-3754", "Fun Facts about Coffee": "https://www.amazon.com/SoftwareChido-Fun-Facts-about-Coffee/dp/B08J1GWLLK/ref=sr_1_3755?brr=1&dchild=1&qid=1634421345&rd=1&s=digital-skills&sr=1-3755", "Curiosities of the football world cup": "https://www.amazon.com/Perezlete-Curiosities-football-world-cup/dp/B08J1CJYCL/ref=sr_1_3756?brr=1&dchild=1&qid=1634421345&rd=1&s=digital-skills&sr=1-3756", "cinema curiosities": "https://www.amazon.com/Fernanda-Brise%C3%B1o-cinema-curiosities/dp/B08J19Z3SC/ref=sr_1_3757?brr=1&dchild=1&qid=1634421345&rd=1&s=digital-skills&sr=1-3757", "Science curiosities": "https://www.amazon.com/Gleason-inc-Science-curiosities/dp/B08J19XM7W/ref=sr_1_3758?brr=1&dchild=1&qid=1634421345&rd=1&s=digital-skills&sr=1-3758", "Curiosities of Yoga": "https://www.amazon.com/sfcues-Curiosities-of-Yoga/dp/B08J16PHBH/ref=sr_1_3759?brr=1&dchild=1&qid=1634421345&rd=1&s=digital-skills&sr=1-3759", "Curious Planet": "https://www.amazon.com/JLA-Curious-Planet/dp/B08J155Q5V/ref=sr_1_3760?brr=1&dchild=1&qid=1634421345&rd=1&s=digital-skills&sr=1-3760"}