{"Whose Turn": "https://www.amazon.com/Kristen-Whose-Turn/dp/B08H8DR5X3/ref=sr_1_3817?brr=1&dchild=1&qid=1634421357&rd=1&s=digital-skills&sr=1-3817", "Play that now": "https://www.amazon.com/Rosa-Play-that-now/dp/B08HDN82S1/ref=sr_1_3810?brr=1&dchild=1&qid=1634421357&rd=1&s=digital-skills&sr=1-3810", "Who's up to him": "https://www.amazon.com/Juan-Pablo-Reinoso-Who-touches/dp/B08HDJNJ83/ref=sr_1_3811?brr=1&dchild=1&qid=1634421357&rd=1&s=digital-skills&sr=1-3811", "How many days": "https://www.amazon.com/Dani-How-many-days/dp/B08HDJ99JQ/ref=sr_1_3812?brr=1&dchild=1&qid=1634421357&rd=1&s=digital-skills&sr=1-3812", "Hacker Mode": "https://www.amazon.com/draclol-sa-Hacker-Mode/dp/B08HDH27VW/ref=sr_1_3813?brr=1&dchild=1&qid=1634421357&rd=1&s=digital-skills&sr=1-3813", "drs svtw prod one": "https://www.amazon.com/Comp_Dev_5-drs-svtw-prod-one/dp/B08HD68RH6/ref=sr_1_3814?brr=1&dchild=1&qid=1634421357&rd=1&s=digital-skills&sr=1-3814", "Nook Bot": "https://www.amazon.com/Doug-Mcleod-Nook-Bot/dp/B08HCM8NTQ/ref=sr_1_3815?brr=1&dchild=1&qid=1634421357&rd=1&s=digital-skills&sr=1-3815", "Tweet Libs": "https://www.amazon.com/WalkRightBy-LLC-Tweet-Libs/dp/B08H8F3PBB/ref=sr_1_3816?brr=1&dchild=1&qid=1634421357&rd=1&s=digital-skills&sr=1-3816", "Top or Flop": "https://www.amazon.com/Stefan-Rebhan-Top-or-Flop/dp/B08H8CFJ5C/ref=sr_1_3818?brr=1&dchild=1&qid=1634421357&rd=1&s=digital-skills&sr=1-3818", "Word Predictor": "https://www.amazon.com/Sarath-Word-Predictor/dp/B08H882JXJ/ref=sr_1_3819?brr=1&dchild=1&qid=1634421357&rd=1&s=digital-skills&sr=1-3819", "Family Jokes": "https://www.amazon.com/Braxton-cronlius-Family-Jokes/dp/B08H5KWVYW/ref=sr_1_3820?brr=1&dchild=1&qid=1634421357&rd=1&s=digital-skills&sr=1-3820", "James May: Our Man In Japan Trivia": "https://www.amazon.com/James-May-Our-Japan-Trivia/dp/B08H3T1JDX/ref=sr_1_3821?brr=1&dchild=1&qid=1634421357&rd=1&s=digital-skills&sr=1-3821", "Piggy Chapter Selecter": "https://www.amazon.com/Spence-The-Fence-YT-Selecter/dp/B08H2J7W12/ref=sr_1_3822?brr=1&dchild=1&qid=1634421357&rd=1&s=digital-skills&sr=1-3822", "Wizard Scape": "https://www.amazon.com/Arpit-sharma-Wizard-Scape/dp/B08H2BZBQP/ref=sr_1_3823?brr=1&dchild=1&qid=1634421357&rd=1&s=digital-skills&sr=1-3823", "Know Kenya": "https://www.amazon.com/Eric-Karani-Know-Kenya/dp/B08H27V63X/ref=sr_1_3824?brr=1&dchild=1&qid=1634421357&rd=1&s=digital-skills&sr=1-3824"}