{"Answer Genius": "https://www.amazon.com/Conner-Answer-Genius/dp/B08GJXT2SX/ref=sr_1_3857?brr=1&dchild=1&qid=1634421365&rd=1&s=digital-skills&sr=1-3857", "Cloud Computing Dummy": "https://www.amazon.com/cloudguru-Cloud-Computing-Dummy/dp/B08GJK5Y5V/ref=sr_1_3858?brr=1&dchild=1&qid=1634421365&rd=1&s=digital-skills&sr=1-3858", "theoniyum_phrases": "https://www.amazon.com/njdelwiche-theoniyum_phrases/dp/B08GJK4TJX/ref=sr_1_3859?brr=1&dchild=1&qid=1634421365&rd=1&s=digital-skills&sr=1-3859", "Scratch Heroes": "https://www.amazon.com/Jelly-Man-Three-Two-Four/dp/B08GHQYBJQ/ref=sr_1_3860?brr=1&dchild=1&qid=1634421365&rd=1&s=digital-skills&sr=1-3860", "Family Trivia": "https://www.amazon.com/hfranco-Family-Trivia/dp/B08GHLF17X/ref=sr_1_3861?brr=1&dchild=1&qid=1634421365&rd=1&s=digital-skills&sr=1-3861", "Fun mega quiz": "https://www.amazon.com/Mega-good-skills-mega-quiz/dp/B08GGBLKLJ/ref=sr_1_3862?brr=1&dchild=1&qid=1634421365&rd=1&s=digital-skills&sr=1-3862", "The Real truth": "https://www.amazon.com/Needful-Thingz-The-Real-truth/dp/B08GG8D993/ref=sr_1_3863?brr=1&dchild=1&qid=1634421365&rd=1&s=digital-skills&sr=1-3863", "Fortune Cookie": "https://www.amazon.com/Deepanshu-Jain-Fortune-Cookie/dp/B08GFRNV9L/ref=sr_1_3864?brr=1&dchild=1&qid=1634421365&rd=1&s=digital-skills&sr=1-3864", "Choose Who": "https://www.amazon.com/Lee-Choose-Who/dp/B08GFN6LZQ/ref=sr_1_3865?brr=1&dchild=1&qid=1634421365&rd=1&s=digital-skills&sr=1-3865", "chatter pets": "https://www.amazon.com/Chatterbox-chatter-pets/dp/B08GFLMF8M/ref=sr_1_3866?brr=1&dchild=1&qid=1634421365&rd=1&s=digital-skills&sr=1-3866", "One More Joke": "https://www.amazon.com/Bill-Cheng-One-More-Joke/dp/B08GFK8N2V/ref=sr_1_3867?brr=1&dchild=1&qid=1634421365&rd=1&s=digital-skills&sr=1-3867", "Voice Arcade": "https://www.amazon.com/labworks-io-ltd-Voice-Arcade/dp/B08GCXJ1LH/ref=sr_1_3868?brr=1&dchild=1&qid=1634421365&rd=1&s=digital-skills&sr=1-3868", "Space people test": "https://www.amazon.com/TriForce-Space-people-test/dp/B08GCWN29V/ref=sr_1_3869?brr=1&dchild=1&qid=1634421365&rd=1&s=digital-skills&sr=1-3869", "Music It : Trivia": "https://www.amazon.com/Shubham-Music-It-Trivia/dp/B08GCR22NP/ref=sr_1_3870?brr=1&dchild=1&qid=1634421365&rd=1&s=digital-skills&sr=1-3870", "VAPING DEBUNKED": "https://www.amazon.com/IQ-Solutions-VAPING-DEBUNKED/dp/B08GCFHJ41/ref=sr_1_3871?brr=1&dchild=1&qid=1634421365&rd=1&s=digital-skills&sr=1-3871", "Rock Paper Scissor": "https://www.amazon.com/VIT-Bhopal-Rock-Paper-Scissor/dp/B08G8VFGFS/ref=sr_1_3872?brr=1&dchild=1&qid=1634421365&rd=1&s=digital-skills&sr=1-3872"}