{"Arcserve-Interaction": "https://www.amazon.com/Arcserve-Arcserve-Interaction/dp/B08FSXB6HQ/ref=sr_1_3921?brr=1&dchild=1&qid=1634421376&rd=1&s=digital-skills&sr=1-3921", "Listening Quiz": "https://www.amazon.com/Matt-Listening-Quiz/dp/B08FSSBYK5/ref=sr_1_3922?brr=1&dchild=1&qid=1634421376&rd=1&s=digital-skills&sr=1-3922", "Mahavir Chalisa": "https://www.amazon.com/AryaBrains-Mahavir-Chalisa/dp/B08FSQC2QC/ref=sr_1_3923?brr=1&dchild=1&qid=1634421376&rd=1&s=digital-skills&sr=1-3923", "Homophonic Spree": "https://www.amazon.com/SN-forward-Homophonic-Spree/dp/B08FRC8PW8/ref=sr_1_3924?brr=1&dchild=1&qid=1634421376&rd=1&s=digital-skills&sr=1-3924", "Family Jokes": "https://www.amazon.com/KASH-Family-Jokes/dp/B08FRBJKY1/ref=sr_1_3925?brr=1&dchild=1&qid=1634421376&rd=1&s=digital-skills&sr=1-3925", "Basketball on Lock": "https://www.amazon.com/Michael-Basketball-on-Lock/dp/B08FR7BJXH/ref=sr_1_3926?brr=1&dchild=1&qid=1634421376&rd=1&s=digital-skills&sr=1-3926", "Facts about Ashwin": "https://www.amazon.com/Ashwinrobo0503-Facts-about-Ashwin/dp/B08FR3ST5Y/ref=sr_1_3927?brr=1&dchild=1&qid=1634421376&rd=1&s=digital-skills&sr=1-3927", "Trump Says": "https://www.amazon.com/The-Crowded-Kitchen-Trump-Says/dp/B08FR32JDM/ref=sr_1_3928?brr=1&dchild=1&qid=1634421376&rd=1&s=digital-skills&sr=1-3928", "My Radio Jamz": "https://www.amazon.com/7-Mountains-Creative-Radio-Jamz/dp/B08FR2YM6Q/ref=sr_1_3929?brr=1&dchild=1&qid=1634421376&rd=1&s=digital-skills&sr=1-3929", "daily-articles": "https://www.amazon.com/Naxin-Fang-daily-articles/dp/B08FQY5ZTZ/ref=sr_1_3930?brr=1&dchild=1&qid=1634421376&rd=1&s=digital-skills&sr=1-3930", "Summer Gardening Tips": "https://www.amazon.com/CUJOAI-Summer-Gardening-Tips/dp/B08FQY2KL8/ref=sr_1_3931?brr=1&dchild=1&qid=1634421376&rd=1&s=digital-skills&sr=1-3931", "Trivia Snap": "https://www.amazon.com/rb-Trivia-Snap/dp/B08FQXKX3Y/ref=sr_1_3932?brr=1&dchild=1&qid=1634421376&rd=1&s=digital-skills&sr=1-3932", "Defeat the Future": "https://www.amazon.com/Laughlin-Constable-Defeat-the-Future/dp/B08FMV998G/ref=sr_1_3933?brr=1&dchild=1&qid=1634421376&rd=1&s=digital-skills&sr=1-3933", "Who's going?": "https://www.amazon.com/David-Cruz-Whos-going/dp/B08FMV2HMS/ref=sr_1_3934?brr=1&dchild=1&qid=1634421376&rd=1&s=digital-skills&sr=1-3934", "premium gamma custom facts": "https://www.amazon.com/Pramod-premium-gamma-custom-facts/dp/B08FMTQ7YG/ref=sr_1_3935?brr=1&dchild=1&qid=1634421376&rd=1&s=digital-skills&sr=1-3935", "Epic Rush": "https://www.amazon.com/John-Howell-Epic-Rush/dp/B08FMQ5WY8/ref=sr_1_3936?brr=1&dchild=1&qid=1634421376&rd=1&s=digital-skills&sr=1-3936"}