{"Cat Facts": "https://www.amazon.com/Radostin-Emanuilov-Cat-Facts/dp/B08FMPP8RP/ref=sr_1_3937?brr=1&dchild=1&qid=1634421379&rd=1&s=digital-skills&sr=1-3937", "Crossword Solver from Wordplays.com": "https://www.amazon.com/Central-Digital-Publishing-LLC-Wordplays-com/dp/B08FMP85TK/ref=sr_1_3938?brr=1&dchild=1&qid=1634421379&rd=1&s=digital-skills&sr=1-3938", "Cities of India": "https://www.amazon.com/Shishir-Cities-of-India/dp/B08FLHNJ2B/ref=sr_1_3939?brr=1&dchild=1&qid=1634421379&rd=1&s=digital-skills&sr=1-3939", "Whose Turn": "https://www.amazon.com/Nir-Whose-Turn/dp/B08FHVDDXK/ref=sr_1_3952?brr=1&dchild=1&qid=1634421379&rd=1&s=digital-skills&sr=1-3952", "My Facts": "https://www.amazon.com/merlo-family-My-Facts/dp/B08FKSWGRX/ref=sr_1_3941?brr=1&dchild=1&qid=1634421379&rd=1&s=digital-skills&sr=1-3941", "hindi jokes": "https://www.amazon.com/beauty-kumari-hindi-jokes/dp/B08FJHCYJC/ref=sr_1_3942?brr=1&dchild=1&qid=1634421379&rd=1&s=digital-skills&sr=1-3942", "Family Jokes": "https://www.amazon.com/Jaida-Family-Jokes/dp/B08FJ9RLCZ/ref=sr_1_3943?brr=1&dchild=1&qid=1634421379&rd=1&s=digital-skills&sr=1-3943", "Who's turn": "https://www.amazon.com/Hayli-Ledesma-Whos-turn/dp/B08FHW2HG2/ref=sr_1_3949?brr=1&dchild=1&qid=1634421379&rd=1&s=digital-skills&sr=1-3949", "Today's Winner": "https://www.amazon.com/Juan-Ramos-Todays-Winner/dp/B08FJ21VHD/ref=sr_1_3945?brr=1&dchild=1&qid=1634421379&rd=1&s=digital-skills&sr=1-3945", "Sweet Messages": "https://www.amazon.com/Estt-Sweet-Messages/dp/B08FHVPDM3/ref=sr_1_3951?brr=1&dchild=1&qid=1634421379&rd=1&s=digital-skills&sr=1-3951"}