{"My Mama": "https://www.amazon.com/Naletins-My-Mama/dp/B07DNC8MD9/ref=sr_1_385?brr=1&dchild=1&qid=1634420746&rd=1&s=digital-skills&sr=1-385", "Vicious Mockery": "https://www.amazon.com/SexyHackers-com-Vicious-Mockery/dp/B07BMRWNJ3/ref=sr_1_386?brr=1&dchild=1&qid=1634420746&rd=1&s=digital-skills&sr=1-386", "The Sims Stories": "https://www.amazon.com/Electronic-Arts-The-Sims-Stories/dp/B07VX8KJJ4/ref=sr_1_387?brr=1&dchild=1&qid=1634420746&rd=1&s=digital-skills&sr=1-387", "Farm Maze": "https://www.amazon.com/Stefan-Rebhan-Farm-Maze/dp/B09HSFN41G/ref=sr_1_388?brr=1&dchild=1&qid=1634420746&rd=1&s=digital-skills&sr=1-388", "This Day in Star Wars History": "https://www.amazon.com/This-Day-Star-Wars-History/dp/B072WKTNTC/ref=sr_1_389?brr=1&dchild=1&qid=1634420746&rd=1&s=digital-skills&sr=1-389", "Harry Potter Facts": "https://www.amazon.com/Kanav-Gupta-Harry-Potter-Facts/dp/B077TMKKWN/ref=sr_1_390?brr=1&dchild=1&qid=1634420746&rd=1&s=digital-skills&sr=1-390", "Sorting Game for Harry Potter": "https://www.amazon.com/Sorting-Game-for-Harry-Potter/dp/B01DL0XYVW/ref=sr_1_391?brr=1&dchild=1&qid=1634420746&rd=1&s=digital-skills&sr=1-391", "Desolate Board Game": "https://www.amazon.com/Ertay-Shashko-Desolate-Board-Game/dp/B087D6JDPS/ref=sr_1_392?brr=1&dchild=1&qid=1634420746&rd=1&s=digital-skills&sr=1-392", "Word Wiz": "https://www.amazon.com/Stoked-Skills-LLC-Word-Wiz/dp/B07KX27GSV/ref=sr_1_393?brr=1&dchild=1&qid=1634420746&rd=1&s=digital-skills&sr=1-393", "BBC Match of the Day Magazine Football Quiz": "https://www.amazon.com/Immediate-Media-BBC-Match-Magazine/dp/B087D6W56N/ref=sr_1_394?brr=1&dchild=1&qid=1634420746&rd=1&s=digital-skills&sr=1-394", "Geographical Fact": "https://www.amazon.com/Shaping-Edge-Geographical-Fact/dp/B081ZXK7TH/ref=sr_1_395?brr=1&dchild=1&qid=1634420746&rd=1&s=digital-skills&sr=1-395", "Warzone Dropper and Challenges": "https://www.amazon.com/gudwinz-Warzone-Dropper-and-Challenges/dp/B085VP89VZ/ref=sr_1_396?brr=1&dchild=1&qid=1634420746&rd=1&s=digital-skills&sr=1-396", "The Sims": "https://www.amazon.com/Electronic-Arts-The-Sims/dp/B07MTHFW4G/ref=sr_1_397?brr=1&dchild=1&qid=1634420746&rd=1&s=digital-skills&sr=1-397", "Cat sound": "https://www.amazon.com/Smart-Skills-Cat-sound/dp/B086MYH2K4/ref=sr_1_398?brr=1&dchild=1&qid=1634420746&rd=1&s=digital-skills&sr=1-398", "Baby Alien": "https://www.amazon.com/EmpathyEngine-ca-Baby-Alien/dp/B083FF1KDM/ref=sr_1_399?brr=1&dchild=1&qid=1634420746&rd=1&s=digital-skills&sr=1-399", "Television Fact Number Fifteen Card": "https://www.amazon.com/Television-Fact-Number-Fifteen-Card/dp/B07L9GWPKG/ref=sr_1_400?brr=1&dchild=1&qid=1634420746&rd=1&s=digital-skills&sr=1-400"}