{"My Facts": "https://www.amazon.com/Bo-Jackson-My-Facts/dp/B08F79MHK8/ref=sr_1_3985?brr=1&dchild=1&qid=1634421388&rd=1&s=digital-skills&sr=1-3985", "Ok Boomer": "https://www.amazon.com/William-Mock-Ok-Boomer/dp/B08F77LM4Z/ref=sr_1_3986?brr=1&dchild=1&qid=1634421388&rd=1&s=digital-skills&sr=1-3986", "Dinosaur Facts": "https://www.amazon.com/sankhe-llc-Dinosaur-Facts/dp/B08F76Y147/ref=sr_1_3987?brr=1&dchild=1&qid=1634421388&rd=1&s=digital-skills&sr=1-3987", "Programming Joke Skill": "https://www.amazon.com/Avneet-Kaur-Programming-Joke-Skill/dp/B08F751SYD/ref=sr_1_3988?brr=1&dchild=1&qid=1634421388&rd=1&s=digital-skills&sr=1-3988", "Who's your turn": "https://www.amazon.com/PriMe-Whos-your-turn/dp/B08F71NJRM/ref=sr_1_3989?brr=1&dchild=1&qid=1634421388&rd=1&s=digital-skills&sr=1-3989", "Digital OnUS": "https://www.amazon.com/Pepe-Granados-Digital-OnUS/dp/B08F6VXP6H/ref=sr_1_3990?brr=1&dchild=1&qid=1634421388&rd=1&s=digital-skills&sr=1-3990", "World Pop Quiz": "https://www.amazon.com/Population-Reference-Bureau-World-Quiz/dp/B08F6VS89P/ref=sr_1_3991?brr=1&dchild=1&qid=1634421388&rd=1&s=digital-skills&sr=1-3991", "Hardcore Burns": "https://www.amazon.com/Tyler-C-Hardcore-Burns/dp/B08F5HTCB6/ref=sr_1_3992?brr=1&dchild=1&qid=1634421388&rd=1&s=digital-skills&sr=1-3992", "Who's up to him": "https://www.amazon.com/Expub-Whos-your-turn/dp/B08F5GG82J/ref=sr_1_3993?brr=1&dchild=1&qid=1634421388&rd=1&s=digital-skills&sr=1-3993", "Whose Turn": "https://www.amazon.com/Tommie-Whose-Turn/dp/B08F2Y9L7W/ref=sr_1_3999?brr=1&dchild=1&qid=1634421388&rd=1&s=digital-skills&sr=1-3999", "Date With Markiplier": "https://www.amazon.com/Darrell-Keller-Date-With-Markiplier/dp/B08F4XR68T/ref=sr_1_3995?brr=1&dchild=1&qid=1634421388&rd=1&s=digital-skills&sr=1-3995", "What is my birthstone?": "https://www.amazon.com/Anvay-Jain-What-is-birthstone/dp/B08F43CN3H/ref=sr_1_3996?brr=1&dchild=1&qid=1634421388&rd=1&s=digital-skills&sr=1-3996", "Facts about Games": "https://www.amazon.com/M3-Facts-about-Games/dp/B08F3NSGDL/ref=sr_1_3997?brr=1&dchild=1&qid=1634421388&rd=1&s=digital-skills&sr=1-3997", "Common Knowledge Test": "https://www.amazon.com/Deepanshu-Jain-Common-Knowledge-Test/dp/B08F379CLJ/ref=sr_1_3998?brr=1&dchild=1&qid=1634421388&rd=1&s=digital-skills&sr=1-3998", "Shivani's Item Rush": "https://www.amazon.com/Shivani-Ganeshan-Shivanis-Item-Rush/dp/B08F2WQTZH/ref=sr_1_4000?brr=1&dchild=1&qid=1634421388&rd=1&s=digital-skills&sr=1-4000"}