{"Unofficial League Info": "https://www.amazon.com/Trevor-Petersen-Unofficial-League-Info/dp/B08F2WMB31/ref=sr_1_4001?brr=1&dchild=1&qid=1634421390&rd=1&s=digital-skills&sr=1-4001", "yokes on you": "https://www.amazon.com/Jorie-yokes-on-you/dp/B08F2TT2JD/ref=sr_1_4002?brr=1&dchild=1&qid=1634421390&rd=1&s=digital-skills&sr=1-4002", "Buffalo Wild Wings Sports Comeback": "https://www.amazon.com/Buffalo-Wild-Wings-Sports-Comeback/dp/B08F2RNZLN/ref=sr_1_4003?brr=1&dchild=1&qid=1634421390&rd=1&s=digital-skills&sr=1-4003", "Quiz on Darth JarJar": "https://www.amazon.com/Ankit-Solanki-Quiz-Darth-JarJar/dp/B08F2LMCXD/ref=sr_1_4004?brr=1&dchild=1&qid=1634421390&rd=1&s=digital-skills&sr=1-4004", "Whose Turn": "https://www.amazon.com/Mikey-Whose-Turn/dp/B08F1NC3X5/ref=sr_1_4011?brr=1&dchild=1&qid=1634421390&rd=1&s=digital-skills&sr=1-4011", "Developer Facts": "https://www.amazon.com/tarent-solutions-GmbH-Developer-Facts/dp/B08F2695M8/ref=sr_1_4006?brr=1&dchild=1&qid=1634421390&rd=1&s=digital-skills&sr=1-4006", "Facts about IoT": "https://www.amazon.com/CUJOAI-Facts-about-IoT/dp/B08F21Q627/ref=sr_1_4007?brr=1&dchild=1&qid=1634421390&rd=1&s=digital-skills&sr=1-4007", "Math Challenger": "https://www.amazon.com/The-Mathematical-Games-Company-Limited/dp/B08F1ZHWLY/ref=sr_1_4008?brr=1&dchild=1&qid=1634421390&rd=1&s=digital-skills&sr=1-4008", "HamisCounter": "https://www.amazon.com/Hans-Ludwig-Millmann-HamisCounter/dp/B08F1W9ZRF/ref=sr_1_4009?brr=1&dchild=1&qid=1634421390&rd=1&s=digital-skills&sr=1-4009", "Black Music Trivia": "https://www.amazon.com/Hippie-Soul-Cafe-Black-Trivia/dp/B08F1NW28T/ref=sr_1_4010?brr=1&dchild=1&qid=1634421390&rd=1&s=digital-skills&sr=1-4010", "Murder in the mansion": "https://www.amazon.com/Chemels-Murder-in-the-mansion/dp/B08DYDFV96/ref=sr_1_4012?brr=1&dchild=1&qid=1634421390&rd=1&s=digital-skills&sr=1-4012", "Aditya vardhan": "https://www.amazon.com/aditya-reddy-Aditya-vardhan/dp/B08DYCW74N/ref=sr_1_4013?brr=1&dchild=1&qid=1634421390&rd=1&s=digital-skills&sr=1-4013", "Aditya reddy": "https://www.amazon.com/aditya-reddy-Aditya/dp/B08DYC2Z2C/ref=sr_1_4014?brr=1&dchild=1&qid=1634421390&rd=1&s=digital-skills&sr=1-4014", "Top Trumps Pub Quiz": "https://www.amazon.com/Voice-Interactive-Top-Trumps-Quiz/dp/B08DY9TV65/ref=sr_1_4015?brr=1&dchild=1&qid=1634421390&rd=1&s=digital-skills&sr=1-4015", "Dallas Green Book": "https://www.amazon.com/Own-What-You-Dallas-Green/dp/B08DY8ZZQD/ref=sr_1_4016?brr=1&dchild=1&qid=1634421390&rd=1&s=digital-skills&sr=1-4016"}