{"Anyland Online": "https://www.amazon.com/Marc-Derhammer-Anyland-Online/dp/B08DQSXZD2/ref=sr_1_4033?brr=1&dchild=1&qid=1634421396&rd=1&s=digital-skills&sr=1-4033", "Power Games": "https://www.amazon.com/AndyGoInc-Power-Games/dp/B08DNZB5SC/ref=sr_1_4034?brr=1&dchild=1&qid=1634421396&rd=1&s=digital-skills&sr=1-4034", "t. v. drama quiz": "https://www.amazon.com/Abhay-t-v-drama-quiz/dp/B08DNYSKJ8/ref=sr_1_4035?brr=1&dchild=1&qid=1634421396&rd=1&s=digital-skills&sr=1-4035", "Park World Radio": "https://www.amazon.com/theParkWorld-Park-World-Radio/dp/B08DNT4TR8/ref=sr_1_4036?brr=1&dchild=1&qid=1634421396&rd=1&s=digital-skills&sr=1-4036", "Kelly Reader": "https://www.amazon.com/Kelly-Choi-Reader/dp/B08DNPRFTH/ref=sr_1_4037?brr=1&dchild=1&qid=1634421396&rd=1&s=digital-skills&sr=1-4037", "Animals noise": "https://www.amazon.com/Smart-Skills-Animals-noise/dp/B08DNNNKT6/ref=sr_1_4038?brr=1&dchild=1&qid=1634421396&rd=1&s=digital-skills&sr=1-4038", "Epic Quotes": "https://www.amazon.com/noelio-Epic-Quotes/dp/B08DNKYGMG/ref=sr_1_4039?brr=1&dchild=1&qid=1634421396&rd=1&s=digital-skills&sr=1-4039", "fact of the day": "https://www.amazon.com/Akshat-Dalmia-fact-the-day/dp/B08DNGD7Z5/ref=sr_1_4040?brr=1&dchild=1&qid=1634421396&rd=1&s=digital-skills&sr=1-4040", "Celebrity Jeopardy": "https://www.amazon.com/huckIt-Celebrity-Jeopardy/dp/B08DN837L9/ref=sr_1_4041?brr=1&dchild=1&qid=1634421396&rd=1&s=digital-skills&sr=1-4041", "Jupi Claims": "https://www.amazon.com/JupiCode-Jupi-Claims/dp/B08DN4TDG5/ref=sr_1_4042?brr=1&dchild=1&qid=1634421396&rd=1&s=digital-skills&sr=1-4042", "The Music Trivia": "https://www.amazon.com/Naveen-The-Music-Trivia/dp/B08DMXL22K/ref=sr_1_4043?brr=1&dchild=1&qid=1634421396&rd=1&s=digital-skills&sr=1-4043", "Hip-Hop AdLibs": "https://www.amazon.com/huckIt-Hip-Hop-AdLibs/dp/B08DMQZBFV/ref=sr_1_4044?brr=1&dchild=1&qid=1634421396&rd=1&s=digital-skills&sr=1-4044", "GK Quiz": "https://www.amazon.com/Aiyush-Aggarwal-GK-Quiz/dp/B08DMK3TXX/ref=sr_1_4045?brr=1&dchild=1&qid=1634421396&rd=1&s=digital-skills&sr=1-4045", "Daily checkup": "https://www.amazon.com/MANIT-Bhopal-Daily-checkup/dp/B08DMFZB38/ref=sr_1_4046?brr=1&dchild=1&qid=1634421396&rd=1&s=digital-skills&sr=1-4046", "super hero quiz": "https://www.amazon.com/Sis-super-hero-quiz/dp/B08DL3Y951/ref=sr_1_4047?brr=1&dchild=1&qid=1634421396&rd=1&s=digital-skills&sr=1-4047", "Number Facts": "https://www.amazon.com/Harish-Kotra-Number-Facts/dp/B08DL11R3C/ref=sr_1_4048?brr=1&dchild=1&qid=1634421396&rd=1&s=digital-skills&sr=1-4048"}