{"Hamilton knowledge": "https://www.amazon.com/BaronGale-Hamilton-knowledge/dp/B08DD9LSB4/ref=sr_1_4065?brr=1&dchild=1&qid=1634421402&rd=1&s=digital-skills&sr=1-4065", "Whose Turn": "https://www.amazon.com/Brittney-Whose-Turn/dp/B08DD4964D/ref=sr_1_4066?brr=1&dchild=1&qid=1634421402&rd=1&s=digital-skills&sr=1-4066", "Ambulance sound": "https://www.amazon.com/Smart-Skills-Ambulance-sound/dp/B08DD2D75V/ref=sr_1_4067?brr=1&dchild=1&qid=1634421402&rd=1&s=digital-skills&sr=1-4067", "Aliya Birthday's Countdown": "https://www.amazon.com/Adiba-Aliya-Birthdays-Countdown/dp/B08DCVHT36/ref=sr_1_4068?brr=1&dchild=1&qid=1634421402&rd=1&s=digital-skills&sr=1-4068", "Magic Database": "https://www.amazon.com/ZEF-Development-Magic-Database/dp/B08DCPSHR2/ref=sr_1_4069?brr=1&dchild=1&qid=1634421402&rd=1&s=digital-skills&sr=1-4069", "Whose Turn1": "https://www.amazon.com/Alex-Whose-Turn1/dp/B08D9MQRX6/ref=sr_1_4070?brr=1&dchild=1&qid=1634421402&rd=1&s=digital-skills&sr=1-4070", "Kiddie Quiz": "https://www.amazon.com/Jai-Vasanth-Kiddie-Quiz/dp/B08D9L3WPF/ref=sr_1_4071?brr=1&dchild=1&qid=1634421402&rd=1&s=digital-skills&sr=1-4071", "Who plays Who": "https://www.amazon.com/BaronGale-Who-plays/dp/B08D9KDLX5/ref=sr_1_4072?brr=1&dchild=1&qid=1634421402&rd=1&s=digital-skills&sr=1-4072", "Random Picker": "https://www.amazon.com/Keith-Random-Picker/dp/B08D9989BW/ref=sr_1_4073?brr=1&dchild=1&qid=1634421402&rd=1&s=digital-skills&sr=1-4073", "My Game Show": "https://www.amazon.com/AJ-My-Game-Show/dp/B08D88Q5T5/ref=sr_1_4074?brr=1&dchild=1&qid=1634421402&rd=1&s=digital-skills&sr=1-4074", "Fortnite Assistant (Unofficial)": "https://www.amazon.com/Gadusing-Fortnite-Assistant-Unofficial/dp/B08D7W7YW4/ref=sr_1_4075?brr=1&dchild=1&qid=1634421402&rd=1&s=digital-skills&sr=1-4075", "hello vinay": "https://www.amazon.com/Computime-hello-vinay/dp/B08D7TXL58/ref=sr_1_4076?brr=1&dchild=1&qid=1634421402&rd=1&s=digital-skills&sr=1-4076", "This Thing Girl": "https://www.amazon.com/James-This-Thing-Girl/dp/B08D716T3F/ref=sr_1_4077?brr=1&dchild=1&qid=1634421402&rd=1&s=digital-skills&sr=1-4077", "Cuphead trivia": "https://www.amazon.com/Aidan-b-Cuphead-trivia/dp/B08D6RCT99/ref=sr_1_4078?brr=1&dchild=1&qid=1634421402&rd=1&s=digital-skills&sr=1-4078", "Cricket Fan Contest": "https://www.amazon.com/Sanket-Umredkar-Cricket-Fan-Contest/dp/B08D6QJDB3/ref=sr_1_4079?brr=1&dchild=1&qid=1634421402&rd=1&s=digital-skills&sr=1-4079", "Positive Vibes": "https://www.amazon.com/Jay-Positive-Vibes/dp/B08D6PSRF6/ref=sr_1_4080?brr=1&dchild=1&qid=1634421402&rd=1&s=digital-skills&sr=1-4080"}