{"Shuffle Poker": "https://www.amazon.com/TZ-TECHNO-Shuffle-Poker/dp/B08D682P6J/ref=sr_1_4081?brr=1&dchild=1&qid=1634421404&rd=1&s=digital-skills&sr=1-4081", "Why Not Sports": "https://www.amazon.com/WhyNotSports-w-D-Murph-Sports/dp/B08D65M8HS/ref=sr_1_4082?brr=1&dchild=1&qid=1634421404&rd=1&s=digital-skills&sr=1-4082", "Whose Turn": "https://www.amazon.com/Philip-Whose-Turn/dp/B08D61WXVJ/ref=sr_1_4083?brr=1&dchild=1&qid=1634421404&rd=1&s=digital-skills&sr=1-4083", "Speed Painting": "https://www.amazon.com/morninglatte-Speed-Painting/dp/B08D5H2FZW/ref=sr_1_4084?brr=1&dchild=1&qid=1634421404&rd=1&s=digital-skills&sr=1-4084", "Plant facts": "https://www.amazon.com/SurfinTech-Plant-facts/dp/B08D4TG2CD/ref=sr_1_4085?brr=1&dchild=1&qid=1634421404&rd=1&s=digital-skills&sr=1-4085", "Kaun Banega Crorepati(unofficial)": "https://www.amazon.com/nikhil-kumar-Banega-Crorepati-unofficial/dp/B08D3L5SQ8/ref=sr_1_4086?brr=1&dchild=1&qid=1634421404&rd=1&s=digital-skills&sr=1-4086", "Yellow Pages": "https://www.amazon.com/Thryv-Inc-Yellow-Pages/dp/B08D3KVGR6/ref=sr_1_4087?brr=1&dchild=1&qid=1634421404&rd=1&s=digital-skills&sr=1-4087", "Big Tic Tac Toe": "https://www.amazon.com/Micah-Jo-Big-Tic-Tac/dp/B08D38LNT2/ref=sr_1_4088?brr=1&dchild=1&qid=1634421404&rd=1&s=digital-skills&sr=1-4088", "Army General Orders": "https://www.amazon.com/Robert-White-Army-General-Orders/dp/B08CZSSH6N/ref=sr_1_4089?brr=1&dchild=1&qid=1634421404&rd=1&s=digital-skills&sr=1-4089", "Yup nope maybe": "https://www.amazon.com/An-average-person-nope-maybe/dp/B08CZJFVWR/ref=sr_1_4090?brr=1&dchild=1&qid=1634421404&rd=1&s=digital-skills&sr=1-4090", "Roblox Oof": "https://www.amazon.com/Eric-Huglen-Roblox-Oof/dp/B08CZBJN2T/ref=sr_1_4091?brr=1&dchild=1&qid=1634421404&rd=1&s=digital-skills&sr=1-4091", "The Werewolves Game": "https://www.amazon.com/clara-jr-The-Werewolves-Game/dp/B08CZ9XHG7/ref=sr_1_4092?brr=1&dchild=1&qid=1634421404&rd=1&s=digital-skills&sr=1-4092", "Pig Noises": "https://www.amazon.com/Nickopanther-Pig-Noises/dp/B08CY9PR8D/ref=sr_1_4093?brr=1&dchild=1&qid=1634421404&rd=1&s=digital-skills&sr=1-4093", "Test your Trivia": "https://www.amazon.com/Chris-B-Test-your-Trivia/dp/B08CY6YF6G/ref=sr_1_4094?brr=1&dchild=1&qid=1634421404&rd=1&s=digital-skills&sr=1-4094", "Lyric Lover": "https://www.amazon.com/Alpha-Apps-Lyric-Lover/dp/B08CY2KGCG/ref=sr_1_4095?brr=1&dchild=1&qid=1634421404&rd=1&s=digital-skills&sr=1-4095", "Spicy Burns by Mike blak": "https://www.amazon.com/Spicy-Burns-by-Mike-blak/dp/B08CY28X2K/ref=sr_1_4096?brr=1&dchild=1&qid=1634421404&rd=1&s=digital-skills&sr=1-4096"}