{"Medical Terminology Quiz": "https://www.amazon.com/John-Nolen-Medical-Terminology-Quiz/dp/B07FR7F8PW/ref=sr_1_401?brr=1&dchild=1&qid=1634420749&rd=1&s=digital-skills&sr=1-401", "Captivating Personality Quiz": "https://www.amazon.com/Create-Prayer-Pillow-Captivating-Personality/dp/B07FQCFC63/ref=sr_1_402?brr=1&dchild=1&qid=1634420749&rd=1&s=digital-skills&sr=1-402", "Music Man : Guess the Song": "https://www.amazon.com/Music-Man-Guess-the-Song/dp/B08DJCXJZQ/ref=sr_1_403?brr=1&dchild=1&qid=1634420749&rd=1&s=digital-skills&sr=1-403", "Drunk Device": "https://www.amazon.com/Fantastic-Choice-Drunk-Device/dp/B07KDT1PR6/ref=sr_1_404?brr=1&dchild=1&qid=1634420749&rd=1&s=digital-skills&sr=1-404", "Mark Eleven": "https://www.amazon.com/xeb-ai-Mark-Eleven/dp/B09JHGNP4F/ref=sr_1_405?brr=1&dchild=1&qid=1634420749&rd=1&s=digital-skills&sr=1-405", "The Bedtime Game": "https://www.amazon.com/JessetheGreen-The-Bedtime-Game/dp/B074TZCP7V/ref=sr_1_406?brr=1&dchild=1&qid=1634420749&rd=1&s=digital-skills&sr=1-406", "unofficial-pokemon-jeopardy": "https://www.amazon.com/Brian-Schlenker-unofficial-pokemon-jeopardy/dp/B07L2QFYC6/ref=sr_1_407?brr=1&dchild=1&qid=1634420749&rd=1&s=digital-skills&sr=1-407", "Harry Potter House Quiz": "https://www.amazon.com/Alex-Nicholls-Harry-Potter-House/dp/B075CGWG8C/ref=sr_1_408?brr=1&dchild=1&qid=1634420749&rd=1&s=digital-skills&sr=1-408", "Astronaut Fun Facts and Trivia": "https://www.amazon.com/Astronaut-Fun-Facts-and-Trivia/dp/B08LQSCC33/ref=sr_1_409?brr=1&dchild=1&qid=1634420749&rd=1&s=digital-skills&sr=1-409", "Eye spy": "https://www.amazon.com/Internet-Supermarket-Ltd-Eye-spy/dp/B07815KT6C/ref=sr_1_410?brr=1&dchild=1&qid=1634420749&rd=1&s=digital-skills&sr=1-410", "Rainstorm Ten Hours": "https://www.amazon.com/Axantic-Rainstorm-Ten-Hours/dp/B09HCFC78S/ref=sr_1_411?brr=1&dchild=1&qid=1634420749&rd=1&s=digital-skills&sr=1-411", "Rainstorm Sounds": "https://www.amazon.com/Axantic-Rainstorm-Sounds/dp/B09HC26QGB/ref=sr_1_412?brr=1&dchild=1&qid=1634420749&rd=1&s=digital-skills&sr=1-412", "Pioneer Trail": "https://www.amazon.com/Ear-Candy-Corp-Pioneer-Trail/dp/B09F9S5QCW/ref=sr_1_413?brr=1&dchild=1&qid=1634420749&rd=1&s=digital-skills&sr=1-413", "GTA Tricks": "https://www.amazon.com/Independent-GTA-Tricks/dp/B08R69NS1M/ref=sr_1_414?brr=1&dchild=1&qid=1634420749&rd=1&s=digital-skills&sr=1-414", "Hotel Transylvania Stories": "https://www.amazon.com/Sony-Pictures-Entertainment-Transylvania-Stories/dp/B07D9BG5ZD/ref=sr_1_415?brr=1&dchild=1&qid=1634420749&rd=1&s=digital-skills&sr=1-415", "The Bitcoin Drill": "https://www.amazon.com/Spokenpedia-The-Bitcoin-Drill/dp/B09DCN87VX/ref=sr_1_416?brr=1&dchild=1&qid=1634420749&rd=1&s=digital-skills&sr=1-416"}