{"DARK Netflix Fan Theories - Unofficial": "https://www.amazon.com/DARK-Netflix-Fan-Theories-Unofficial/dp/B08C71WY9B/ref=sr_1_4145?brr=1&dchild=1&qid=1634421416&rd=1&s=digital-skills&sr=1-4145", "The Country Giant - 104.3": "https://www.amazon.com/Media-Creek-Inc-Country-Giant/dp/B08C6S96J6/ref=sr_1_4146?brr=1&dchild=1&qid=1634421416&rd=1&s=digital-skills&sr=1-4146", "Clown Names": "https://www.amazon.com/Future-Skills-Clown-Names/dp/B08C6QL653/ref=sr_1_4147?brr=1&dchild=1&qid=1634421416&rd=1&s=digital-skills&sr=1-4147", "African American History Facts": "https://www.amazon.com/Own-What-You-African-American/dp/B08C6NMHVN/ref=sr_1_4148?brr=1&dchild=1&qid=1634421416&rd=1&s=digital-skills&sr=1-4148", "Tech Quiz": "https://www.amazon.com/TheFatBandit-Tech-Quiz/dp/B08C6NHPDV/ref=sr_1_4149?brr=1&dchild=1&qid=1634421416&rd=1&s=digital-skills&sr=1-4149", "Arrest Sequence": "https://www.amazon.com/Ben-Rudolph-Arrest-Sequence/dp/B08C6MY5CD/ref=sr_1_4150?brr=1&dchild=1&qid=1634421416&rd=1&s=digital-skills&sr=1-4150", "crazy-cat-castle": "https://www.amazon.com/Android-Technologies-Inc-crazy-cat-castle/dp/B08C6L75JR/ref=sr_1_4151?brr=1&dchild=1&qid=1634421416&rd=1&s=digital-skills&sr=1-4151", "my hosted name": "https://www.amazon.com/RLS-BCA-my-hosted-name/dp/B08C6L48H2/ref=sr_1_4152?brr=1&dchild=1&qid=1634421416&rd=1&s=digital-skills&sr=1-4152", "Seinfeld Quote Trivia": "https://www.amazon.com/Pinpoint-Digital-LLC-Seinfeld-Trivia/dp/B08C6KGB9P/ref=sr_1_4153?brr=1&dchild=1&qid=1634421416&rd=1&s=digital-skills&sr=1-4153", "Craze On the Go!": "https://www.amazon.com/Lakshmi-Priya-Craze-On-the/dp/B08C6HRJYD/ref=sr_1_4154?brr=1&dchild=1&qid=1634421416&rd=1&s=digital-skills&sr=1-4154", "Physics Facts": "https://www.amazon.com/shubhamkurkure-Physics-Facts/dp/B08C6DYQ48/ref=sr_1_4155?brr=1&dchild=1&qid=1634421416&rd=1&s=digital-skills&sr=1-4155", "LOL Machine": "https://www.amazon.com/SaltedMango-LOL-Machine/dp/B08C6BN39N/ref=sr_1_4156?brr=1&dchild=1&qid=1634421416&rd=1&s=digital-skills&sr=1-4156", "glasses facts": "https://www.amazon.com/shantam-glasses-facts/dp/B08C68XGDL/ref=sr_1_4157?brr=1&dchild=1&qid=1634421416&rd=1&s=digital-skills&sr=1-4157", "Cedar Ridge": "https://www.amazon.com/Robert-Namin-Cedar-Ridge/dp/B08C67D94M/ref=sr_1_4158?brr=1&dchild=1&qid=1634421416&rd=1&s=digital-skills&sr=1-4158", "Number Pirates": "https://www.amazon.com/BTB-GmbH-Number-Pirates/dp/B08C5J6CR2/ref=sr_1_4159?brr=1&dchild=1&qid=1634421416&rd=1&s=digital-skills&sr=1-4159", "Whose Turn": "https://www.amazon.com/Silas-Rude-Whose-Turn/dp/B08C5GQLH3/ref=sr_1_4160?brr=1&dchild=1&qid=1634421416&rd=1&s=digital-skills&sr=1-4160"}