{"Whose Turn": "https://www.amazon.com/J-Magana-Whose-Turn/dp/B08BQKLJHB/ref=sr_1_4195?brr=1&dchild=1&qid=1634421424&rd=1&s=digital-skills&sr=1-4195", "Thailand Quiz": "https://www.amazon.com/Wara-Thailand-Quiz/dp/B08BQPTVNV/ref=sr_1_4194?brr=1&dchild=1&qid=1634421424&rd=1&s=digital-skills&sr=1-4194", "o g hood": "https://www.amazon.com/Macks-autos-o-g-hood/dp/B08BQDXJRH/ref=sr_1_4196?brr=1&dchild=1&qid=1634421424&rd=1&s=digital-skills&sr=1-4196", "Chore chart": "https://www.amazon.com/Kevin-Chore-chart/dp/B08BQB1BK3/ref=sr_1_4197?brr=1&dchild=1&qid=1634421424&rd=1&s=digital-skills&sr=1-4197", "New Horizons Villager Quiz": "https://www.amazon.com/Data-the-dog-Horizons-Villager/dp/B08BNQFM4Y/ref=sr_1_4198?brr=1&dchild=1&qid=1634421424&rd=1&s=digital-skills&sr=1-4198", "Suggest Caption": "https://www.amazon.com/KC-USA-Suggest-Caption/dp/B08BNLWNB4/ref=sr_1_4199?brr=1&dchild=1&qid=1634421424&rd=1&s=digital-skills&sr=1-4199", "True or False Drinking Game": "https://www.amazon.com/True-or-False-Drinking-Game/dp/B08BNFGYRS/ref=sr_1_4200?brr=1&dchild=1&qid=1634421424&rd=1&s=digital-skills&sr=1-4200", "Unknown Places on Earth Facts - Top 30": "https://www.amazon.com/Places-Earth-Facts-Top-30/dp/B08BND79SC/ref=sr_1_4201?brr=1&dchild=1&qid=1634421424&rd=1&s=digital-skills&sr=1-4201", "How Many Days": "https://www.amazon.com/Noah-J-Perez-Many-Days/dp/B08BMV3XXJ/ref=sr_1_4202?brr=1&dchild=1&qid=1634421424&rd=1&s=digital-skills&sr=1-4202", "cool hello world": "https://www.amazon.com/Kle-societys-rls-bca-college/dp/B08BMTSQGL/ref=sr_1_4203?brr=1&dchild=1&qid=1634421424&rd=1&s=digital-skills&sr=1-4203", "Craft quiz": "https://www.amazon.com/pd-Craft-quiz/dp/B08BLX2PDN/ref=sr_1_4204?brr=1&dchild=1&qid=1634421424&rd=1&s=digital-skills&sr=1-4204", "GoBang": "https://www.amazon.com/john-allwork-GoBang/dp/B08BLQLZKF/ref=sr_1_4205?brr=1&dchild=1&qid=1634421424&rd=1&s=digital-skills&sr=1-4205", "simple maths": "https://www.amazon.com/snist-simple-maths/dp/B08BLPNHSC/ref=sr_1_4206?brr=1&dchild=1&qid=1634421424&rd=1&s=digital-skills&sr=1-4206", "My Fairy Tale": "https://www.amazon.com/Grandpa-My-Fairy-Tale/dp/B08BLPMY98/ref=sr_1_4207?brr=1&dchild=1&qid=1634421424&rd=1&s=digital-skills&sr=1-4207", "Sports Quotes": "https://www.amazon.com/Tortle-Turtle-Technology-Sports-Quotes/dp/B08BLGVLP9/ref=sr_1_4208?brr=1&dchild=1&qid=1634421424&rd=1&s=digital-skills&sr=1-4208"}