{"Famous Places": "https://www.amazon.com/KC-USA-Famous-Places/dp/B08BLF8PL8/ref=sr_1_4209?brr=1&dchild=1&qid=1634421427&rd=1&s=digital-skills&sr=1-4209", "Know yourself": "https://www.amazon.com/student-Know-yourself/dp/B08BLBBXSG/ref=sr_1_4210?brr=1&dchild=1&qid=1634421427&rd=1&s=digital-skills&sr=1-4210", "Unofficial Death Note Trivia": "https://www.amazon.com/ORION-STELLA-Unofficial-Death-Trivia/dp/B08BLB82Q2/ref=sr_1_4211?brr=1&dchild=1&qid=1634421427&rd=1&s=digital-skills&sr=1-4211", "Brain testing quiz": "https://www.amazon.com/Darren-choi-Brain-testing-quiz/dp/B08BL9XG14/ref=sr_1_4212?brr=1&dchild=1&qid=1634421427&rd=1&s=digital-skills&sr=1-4212", "GG Applications Life of Pi": "https://www.amazon.com/GG-Applications-Life-of-Pi/dp/B08BKQS16P/ref=sr_1_4213?brr=1&dchild=1&qid=1634421427&rd=1&s=digital-skills&sr=1-4213", "Real Claps": "https://www.amazon.com/KC-USA-Real-Claps/dp/B08BKPYPVD/ref=sr_1_4214?brr=1&dchild=1&qid=1634421427&rd=1&s=digital-skills&sr=1-4214", "Whose Next": "https://www.amazon.com/Blessing-Chinwendu-Whose-Next/dp/B08BKKB1TX/ref=sr_1_4215?brr=1&dchild=1&qid=1634421427&rd=1&s=digital-skills&sr=1-4215", "Seagull noise": "https://www.amazon.com/Smart-Skills-Seagull-noise/dp/B08BKJQWNH/ref=sr_1_4216?brr=1&dchild=1&qid=1634421427&rd=1&s=digital-skills&sr=1-4216", "America State Quiz": "https://www.amazon.com/Callum-Roberts-America-State-Quiz/dp/B08BKJ4ZM2/ref=sr_1_4217?brr=1&dchild=1&qid=1634421427&rd=1&s=digital-skills&sr=1-4217", "Cool Hello World": "https://www.amazon.com/RLS-BCA-Cool-Hello-World/dp/B08BK7CVJV/ref=sr_1_4218?brr=1&dchild=1&qid=1634421427&rd=1&s=digital-skills&sr=1-4218", "Whose Turn": "https://www.amazon.com/Francisca-Whose-Turn/dp/B08BJTZML7/ref=sr_1_4219?brr=1&dchild=1&qid=1634421427&rd=1&s=digital-skills&sr=1-4219", "Unofficial Marvel Trivia": "https://www.amazon.com/Joita-Mitra-Unofficial-Marvel-Trivia/dp/B08BJTYD6T/ref=sr_1_4220?brr=1&dchild=1&qid=1634421427&rd=1&s=digital-skills&sr=1-4220", "Game show": "https://www.amazon.com/Game-show/dp/B08BJTSY22/ref=sr_1_4221?brr=1&dchild=1&qid=1634421427&rd=1&s=digital-skills&sr=1-4221", "Smart Activity Picker": "https://www.amazon.com/Mayha-Ali-Smart-Activity-Picker/dp/B08BJSR21D/ref=sr_1_4222?brr=1&dchild=1&qid=1634421427&rd=1&s=digital-skills&sr=1-4222", "Open Door": "https://www.amazon.com/Opero-Open-Door/dp/B08BJQSBY8/ref=sr_1_4223?brr=1&dchild=1&qid=1634421427&rd=1&s=digital-skills&sr=1-4223", "Cop Sounds": "https://www.amazon.com/Brian-P-Cox-Cop-Sounds/dp/B08BJHP76Y/ref=sr_1_4224?brr=1&dchild=1&qid=1634421427&rd=1&s=digital-skills&sr=1-4224"}