{"Magic Crystal": "https://www.amazon.com/BluPenCodes-Magic-Crystal/dp/B08BJH9ZH1/ref=sr_1_4225?brr=1&dchild=1&qid=1634421430&rd=1&s=digital-skills&sr=1-4225", "End2EndTesting 1432656": "https://www.amazon.com/Amazon-End2EndTesting-1432656/dp/B08BJGWZCT/ref=sr_1_4226?brr=1&dchild=1&qid=1634421430&rd=1&s=digital-skills&sr=1-4226", "My Flashcards": "https://www.amazon.com/Polk-County-My-Flashcards/dp/B08BJ98Y4D/ref=sr_1_4227?brr=1&dchild=1&qid=1634421430&rd=1&s=digital-skills&sr=1-4227", "Cool Hello World": "https://www.amazon.com/KLE-College-BCA-RLSI-Belgaum/dp/B08BHRM49Z/ref=sr_1_4234?brr=1&dchild=1&qid=1634421430&rd=1&s=digital-skills&sr=1-4234", "Whose turn time": "https://www.amazon.com/Everyone-Whose-turn-time/dp/B08BJ3SRQ7/ref=sr_1_4230?brr=1&dchild=1&qid=1634421430&rd=1&s=digital-skills&sr=1-4230", "Adhvish Quiz": "https://www.amazon.com/Jai-Vasanth-Adhvish-Quiz/dp/B08BJ1152R/ref=sr_1_4232?brr=1&dchild=1&qid=1634421430&rd=1&s=digital-skills&sr=1-4232", "Movie Quiz by Film Companion": "https://www.amazon.com/Movie-Quiz-by-Film-Companion/dp/B08BHVS3M1/ref=sr_1_4233?brr=1&dchild=1&qid=1634421430&rd=1&s=digital-skills&sr=1-4233", "End2EndTesting 1432000": "https://www.amazon.com/Amazon-End2EndTesting-1432000/dp/B08BHM4VMR/ref=sr_1_4235?brr=1&dchild=1&qid=1634421430&rd=1&s=digital-skills&sr=1-4235", "BenGamerPro Updates": "https://www.amazon.com/BenGamerPro-Updates/dp/B08BH64FS2/ref=sr_1_4236?brr=1&dchild=1&qid=1634421430&rd=1&s=digital-skills&sr=1-4236", "Wizards Shizzle": "https://www.amazon.com/Jesse-Miniear-Wizards-Shizzle/dp/B08BH2R5D1/ref=sr_1_4237?brr=1&dchild=1&qid=1634421430&rd=1&s=digital-skills&sr=1-4237", "DRAGON FACTS": "https://www.amazon.com/Sri-Patlu-DRAGON-FACTS/dp/B08BG4F4YN/ref=sr_1_4238?brr=1&dchild=1&qid=1634421430&rd=1&s=digital-skills&sr=1-4238", "Animal Game": "https://www.amazon.com/Adrian-Brown-Animal-Game/dp/B08BFHVYDC/ref=sr_1_4239?brr=1&dchild=1&qid=1634421430&rd=1&s=digital-skills&sr=1-4239", "Commander Speedo - A voice controlled Arcade Skill": "https://www.amazon.com/Commander-Speedo-voice-controlled-Arcade/dp/B08BFCTDC7/ref=sr_1_4240?brr=1&dchild=1&qid=1634421430&rd=1&s=digital-skills&sr=1-4240"}