{"Whose Turn": "https://www.amazon.com/Benjamin-Thompson-Whose-Turn/dp/B08B542YGY/ref=sr_1_4273?brr=1&dchild=1&qid=1634421438&rd=1&s=digital-skills&sr=1-4273", "Prank Me!": "https://www.amazon.com/Deepanshu-Jain-Prank-Me/dp/B08B52X86P/ref=sr_1_4274?brr=1&dchild=1&qid=1634421438&rd=1&s=digital-skills&sr=1-4274", "my hosted name": "https://www.amazon.com/other-my-hosted-name/dp/B08B4LZH5V/ref=sr_1_4275?brr=1&dchild=1&qid=1634421438&rd=1&s=digital-skills&sr=1-4275", "Cool Hello World": "https://www.amazon.com/KLE-college-bca-rlsi-belagavi/dp/B08B4G6DHG/ref=sr_1_4277?brr=1&dchild=1&qid=1634421438&rd=1&s=digital-skills&sr=1-4277", "Random picker": "https://www.amazon.com/Gd-Random-picker/dp/B08B4G36SB/ref=sr_1_4278?brr=1&dchild=1&qid=1634421438&rd=1&s=digital-skills&sr=1-4278", "How To Train Your Dragon": "https://www.amazon.com/How-To-Train-Your-Dragon/dp/B08B49WPP6/ref=sr_1_4279?brr=1&dchild=1&qid=1634421438&rd=1&s=digital-skills&sr=1-4279", "Unofficial Animal Crossing NH Bell Cost Helper": "https://www.amazon.com/Unofficial-Animal-Crossing-Bell-Helper/dp/B08B45TRRR/ref=sr_1_4280?brr=1&dchild=1&qid=1634421438&rd=1&s=digital-skills&sr=1-4280", "DO NOT DELETE regionalization skill integ test": "https://www.amazon.com/DELETE-regionalization-skill-integ-test/dp/B08B45TKYS/ref=sr_1_4281?brr=1&dchild=1&qid=1634421438&rd=1&s=digital-skills&sr=1-4281", "Bollywood funny dialogues quiz": "https://www.amazon.com/Dilip-jain-Bollywood-funny-dialogues/dp/B08B3Y3ZQN/ref=sr_1_4282?brr=1&dchild=1&qid=1634421438&rd=1&s=digital-skills&sr=1-4282", "Learn English Grammer - word game": "https://www.amazon.com/Learn-English-Grammer-word-game/dp/B08B3Y1KGZ/ref=sr_1_4283?brr=1&dchild=1&qid=1634421438&rd=1&s=digital-skills&sr=1-4283", "Ramayan Quiz": "https://www.amazon.com/Dilip-jain-Ramayan-Quiz/dp/B08B3WJNW4/ref=sr_1_4284?brr=1&dchild=1&qid=1634421438&rd=1&s=digital-skills&sr=1-4284", "Two Pints Pub Quiz": "https://www.amazon.com/move-digital-ltd-Pints-Quiz/dp/B08B3W55JJ/ref=sr_1_4285?brr=1&dchild=1&qid=1634421438&rd=1&s=digital-skills&sr=1-4285", "rock paper scissors": "https://www.amazon.com/FINOLEX-ACADEMY-MANAGEMENT-AND-TECHNOLOGY/dp/B08B3TPQCB/ref=sr_1_4286?brr=1&dchild=1&qid=1634421438&rd=1&s=digital-skills&sr=1-4286", "Bird Translator": "https://www.amazon.com/coolkid5-Bird-Translator/dp/B08B2WS1G6/ref=sr_1_4287?brr=1&dchild=1&qid=1634421438&rd=1&s=digital-skills&sr=1-4287", "Who's turn": "https://www.amazon.com/Mia-gaytan-Whos-turn/dp/B08B2VGL9M/ref=sr_1_4288?brr=1&dchild=1&qid=1634421438&rd=1&s=digital-skills&sr=1-4288"}