{"Best Hello World": "https://www.amazon.com/Developer-Best-Hello-World/dp/B089YC5CR4/ref=sr_1_4305?brr=1&dchild=1&qid=1634421444&rd=1&s=digital-skills&sr=1-4305", "Bring It On": "https://www.amazon.com/Pingo-Bring-It-On/dp/B089XZHKT9/ref=sr_1_4306?brr=1&dchild=1&qid=1634421444&rd=1&s=digital-skills&sr=1-4306", "cool hello world": "https://www.amazon.com/KLE-College-BCA-RLSI-Belgaum/dp/B089T2M1Q1/ref=sr_1_4318?brr=1&dchild=1&qid=1634421444&rd=1&s=digital-skills&sr=1-4318", "Yes no": "https://www.amazon.com/Drazan-Potter-Yes-no/dp/B089WG2BGV/ref=sr_1_4308?brr=1&dchild=1&qid=1634421444&rd=1&s=digital-skills&sr=1-4308", "My name picker": "https://www.amazon.com/Lacey-Tiffany-My-name-picker/dp/B089WFZMTG/ref=sr_1_4309?brr=1&dchild=1&qid=1634421444&rd=1&s=digital-skills&sr=1-4309", "Who's next": "https://www.amazon.com/Amanda-Whos-next/dp/B089WFT9ZB/ref=sr_1_4310?brr=1&dchild=1&qid=1634421444&rd=1&s=digital-skills&sr=1-4310", "Ragatour": "https://www.amazon.com/Anusha-Sankar-Udith-Manohar-Ragatour/dp/B089W191G6/ref=sr_1_4311?brr=1&dchild=1&qid=1634421444&rd=1&s=digital-skills&sr=1-4311", "Yes or No - The Classic": "https://www.amazon.com/Yes-or-No-The-Classic/dp/B089VT4VXN/ref=sr_1_4312?brr=1&dchild=1&qid=1634421444&rd=1&s=digital-skills&sr=1-4312", "New Horizon: Unofficial Island Guide": "https://www.amazon.com/New-Horizon-Unofficial-Island-Guide/dp/B089VPQVQR/ref=sr_1_4313?brr=1&dchild=1&qid=1634421444&rd=1&s=digital-skills&sr=1-4313", "What Game": "https://www.amazon.com/Rjedi-Devs-What-Game/dp/B089TWY1WL/ref=sr_1_4314?brr=1&dchild=1&qid=1634421444&rd=1&s=digital-skills&sr=1-4314", "The Ultimate Trivia": "https://www.amazon.com/Sebastian-Moleta-The-ultimate-trivia/dp/B089T8FZ9S/ref=sr_1_4315?brr=1&dchild=1&qid=1634421444&rd=1&s=digital-skills&sr=1-4315", "Business Stories": "https://www.amazon.com/Mighty-Kaos-Business-Stories/dp/B089T7FP6C/ref=sr_1_4316?brr=1&dchild=1&qid=1634421444&rd=1&s=digital-skills&sr=1-4316", "Simon's Cat Sounds": "https://www.amazon.com/Voice-Interactive-Simons-Cat-Sounds/dp/B089T3M37Z/ref=sr_1_4317?brr=1&dchild=1&qid=1634421444&rd=1&s=digital-skills&sr=1-4317", "Whose Turn": "https://www.amazon.com/Lana-Whose-Turn/dp/B089T1N4BL/ref=sr_1_4319?brr=1&dchild=1&qid=1634421444&rd=1&s=digital-skills&sr=1-4319", "my hosted name": "https://www.amazon.com/Kle-societys-rls-BCA-college/dp/B089SZR8BM/ref=sr_1_4320?brr=1&dchild=1&qid=1634421444&rd=1&s=digital-skills&sr=1-4320"}