{"valorant agent picker": "https://www.amazon.com/Meme-Machine-valorant-agent-picker/dp/B089LX77FY/ref=sr_1_4353?brr=1&dchild=1&qid=1634421452&rd=1&s=digital-skills&sr=1-4353", "Cake Walk": "https://www.amazon.com/KLEs-college-BCA-RLSI-Belgaum/dp/B089K75WDX/ref=sr_1_4367?brr=1&dchild=1&qid=1634421452&rd=1&s=digital-skills&sr=1-4367", "Quiz on Superheros": "https://www.amazon.com/Rohith-Kumar-Quiz-on-Superheros/dp/B089LRXDNC/ref=sr_1_4355?brr=1&dchild=1&qid=1634421452&rd=1&s=digital-skills&sr=1-4355", "CS Pizza": "https://www.amazon.com/snist-CS-Pizza/dp/B089LGQJSJ/ref=sr_1_4359?brr=1&dchild=1&qid=1634421452&rd=1&s=digital-skills&sr=1-4359", "Kashmir Facts": "https://www.amazon.com/NaveedQ-Kashmir-Facts/dp/B089KSLKYV/ref=sr_1_4361?brr=1&dchild=1&qid=1634421452&rd=1&s=digital-skills&sr=1-4361", "Brain Games": "https://www.amazon.com/Vocala-co-Brain-Games/dp/B089KQSGC8/ref=sr_1_4364?brr=1&dchild=1&qid=1634421452&rd=1&s=digital-skills&sr=1-4364", "Whose turn": "https://www.amazon.com/Tote-Whose-turn/dp/B089KF6V3Q/ref=sr_1_4366?brr=1&dchild=1&qid=1634421452&rd=1&s=digital-skills&sr=1-4366", "Dinosaur World": "https://www.amazon.com/DinosaurWorld-Dinosaur-World/dp/B089K6869H/ref=sr_1_4368?brr=1&dchild=1&qid=1634421452&rd=1&s=digital-skills&sr=1-4368"}