{"Space rocket sound": "https://www.amazon.com/Smart-Skills-Space-rocket-sound/dp/B089K2FX66/ref=sr_1_4369?brr=1&dchild=1&qid=1634421455&rd=1&s=digital-skills&sr=1-4369", "Five Item Rush": "https://www.amazon.com/Stever-Five-Item-Rush/dp/B089JMSFRH/ref=sr_1_4370?brr=1&dchild=1&qid=1634421455&rd=1&s=digital-skills&sr=1-4370", "The Mandalorian Quiz": "https://www.amazon.com/KPN-The-Mandalorian-Quiz/dp/B089JLGSZ3/ref=sr_1_4371?brr=1&dchild=1&qid=1634421455&rd=1&s=digital-skills&sr=1-4371", "git schooled": "https://www.amazon.com/Sian-Culligan-git-schooled/dp/B089HZY743/ref=sr_1_4372?brr=1&dchild=1&qid=1634421455&rd=1&s=digital-skills&sr=1-4372", "Nauta Chrono": "https://www.amazon.com/Eduardo-Olvera-Nauta-Chrono/dp/B089HNPJPJ/ref=sr_1_4373?brr=1&dchild=1&qid=1634421455&rd=1&s=digital-skills&sr=1-4373", "This is your question": "https://www.amazon.com/Mindgeist-%C3%89sta-es-tu-pregunta/dp/B089H25957/ref=sr_1_4374?brr=1&dchild=1&qid=1634421455&rd=1&s=digital-skills&sr=1-4374", "Creed Thoughts": "https://www.amazon.com/UNDECODED-Creed-Thoughts/dp/B089GYT514/ref=sr_1_4375?brr=1&dchild=1&qid=1634421455&rd=1&s=digital-skills&sr=1-4375", "Internet Tricks": "https://www.amazon.com/Daniel-Balchin-Internet-Tricks/dp/B089GXCN2V/ref=sr_1_4376?brr=1&dchild=1&qid=1634421455&rd=1&s=digital-skills&sr=1-4376", "Cake Walk": "https://www.amazon.com/KLE-SOCIETYS-RLSI-INSTITUTE-BELGAUM/dp/B089GWQ4HH/ref=sr_1_4377?brr=1&dchild=1&qid=1634421455&rd=1&s=digital-skills&sr=1-4377", "Family Fun Trivia": "https://www.amazon.com/madgeek-Family-Fun-Trivia/dp/B089GW7HDL/ref=sr_1_4378?brr=1&dchild=1&qid=1634421455&rd=1&s=digital-skills&sr=1-4378", "Keeping Up": "https://www.amazon.com/MyFinancePal-Keeping-Up/dp/B089GVJQYS/ref=sr_1_4379?brr=1&dchild=1&qid=1634421455&rd=1&s=digital-skills&sr=1-4379", "stone paper scissor": "https://www.amazon.com/Yashodhan-Talekar-stone-paper-scissor/dp/B089GTDBP7/ref=sr_1_4380?brr=1&dchild=1&qid=1634421455&rd=1&s=digital-skills&sr=1-4380", "Sound of alien spaceship": "https://www.amazon.com/Smart-Skills-Sound-alien-spaceship/dp/B089GT4Z1M/ref=sr_1_4381?brr=1&dchild=1&qid=1634421455&rd=1&s=digital-skills&sr=1-4381", "Spice Hub": "https://www.amazon.com/Harsh-Saraiya-Spice-Hub/dp/B089GQLCHJ/ref=sr_1_4382?brr=1&dchild=1&qid=1634421455&rd=1&s=digital-skills&sr=1-4382", "my hosted name": "https://www.amazon.com/KLE-RLS-BCA-hosted-name/dp/B089GQGZQV/ref=sr_1_4383?brr=1&dchild=1&qid=1634421455&rd=1&s=digital-skills&sr=1-4383", "KBO Facts": "https://www.amazon.com/mind-KBO-Facts/dp/B089GPNWC4/ref=sr_1_4384?brr=1&dchild=1&qid=1634421455&rd=1&s=digital-skills&sr=1-4384"}