{"My bestie": "https://www.amazon.com/MarieZ-My-bestie/dp/B0894WB72M/ref=sr_1_4449?brr=1&dchild=1&qid=1634421469&rd=1&s=digital-skills&sr=1-4449", "Back future quiz": "https://www.amazon.com/Megan-Madara-Back-future-quiz/dp/B0894VDBKN/ref=sr_1_4450?brr=1&dchild=1&qid=1634421469&rd=1&s=digital-skills&sr=1-4450", "Interesting English Words": "https://www.amazon.com/Alexander-Grant-Interesting-English-Words/dp/B08945KB67/ref=sr_1_4451?brr=1&dchild=1&qid=1634421469&rd=1&s=digital-skills&sr=1-4451", "High Low Game": "https://www.amazon.com/POOJA-High-Low-Game/dp/B0893ZGG2F/ref=sr_1_4452?brr=1&dchild=1&qid=1634421469&rd=1&s=digital-skills&sr=1-4452", "siva facts": "https://www.amazon.com/student-siva-facts/dp/B0893V95V2/ref=sr_1_4453?brr=1&dchild=1&qid=1634421469&rd=1&s=digital-skills&sr=1-4453", "Multiple Face Dice": "https://www.amazon.com/TZ-TECHNO-Multiple-Face-Dice/dp/B0893TB5N3/ref=sr_1_4454?brr=1&dchild=1&qid=1634421469&rd=1&s=digital-skills&sr=1-4454", "Jose Mourinho quotes": "https://www.amazon.com/Mr-Robot-Jose-Mourinho-quotes/dp/B08937WPGS/ref=sr_1_4455?brr=1&dchild=1&qid=1634421469&rd=1&s=digital-skills&sr=1-4455", "Noise of the sea": "https://www.amazon.com/Smart-Skills-Noise-the-sea/dp/B0893517PJ/ref=sr_1_4456?brr=1&dchild=1&qid=1634421469&rd=1&s=digital-skills&sr=1-4456", "Whose Turn": "https://www.amazon.com/KyRasia-Charles-Whose-Turn/dp/B0892V3K59/ref=sr_1_4457?brr=1&dchild=1&qid=1634421469&rd=1&s=digital-skills&sr=1-4457", "Jersey Quiz Game": "https://www.amazon.com/Sherman-Charles-Jersey-Quiz-Game/dp/B0892TRJN4/ref=sr_1_4458?brr=1&dchild=1&qid=1634421469&rd=1&s=digital-skills&sr=1-4458", "Stimulus Package Facts": "https://www.amazon.com/YGN-Stimulus-Package-Facts/dp/B0892R7Q3V/ref=sr_1_4459?brr=1&dchild=1&qid=1634421469&rd=1&s=digital-skills&sr=1-4459", "Fun Facts": "https://www.amazon.com/PrismCode-Info-Solutions-Fun-Facts/dp/B0892MGYF6/ref=sr_1_4460?brr=1&dchild=1&qid=1634421469&rd=1&s=digital-skills&sr=1-4460", "rock paper scissors": "https://www.amazon.com/Rutuja-Chaudhari-rock-paper-scissors/dp/B0892GQM8N/ref=sr_1_4461?brr=1&dchild=1&qid=1634421469&rd=1&s=digital-skills&sr=1-4461", "Fairy Trivia": "https://www.amazon.com/Charmed-in-Company-Fairy-Trivia/dp/B08923QC8W/ref=sr_1_4462?brr=1&dchild=1&qid=1634421469&rd=1&s=digital-skills&sr=1-4462", "PopSnake!": "https://www.amazon.com/Geekycoders-PopSnake/dp/B0891W245Z/ref=sr_1_4463?brr=1&dchild=1&qid=1634421469&rd=1&s=digital-skills&sr=1-4463", "Literary Facts": "https://www.amazon.com/YGN-Literary-Facts/dp/B0891VYBCV/ref=sr_1_4464?brr=1&dchild=1&qid=1634421469&rd=1&s=digital-skills&sr=1-4464"}