{"Yeezy Quotes": "https://www.amazon.com/Kuttle-Yeezy-Quotes/dp/B088WP4DV1/ref=sr_1_4481?brr=1&dchild=1&qid=1634421474&rd=1&s=digital-skills&sr=1-4481", "My Stupid Ideas": "https://www.amazon.com/looneywood-My-Stupid-Ideas/dp/B088W9KZTN/ref=sr_1_4482?brr=1&dchild=1&qid=1634421474&rd=1&s=digital-skills&sr=1-4482", "Memories of Michael": "https://www.amazon.com/looneywood-Memories-of-Michael/dp/B088W9FRKS/ref=sr_1_4483?brr=1&dchild=1&qid=1634421474&rd=1&s=digital-skills&sr=1-4483", "Quiz Adventure": "https://www.amazon.com/Quiz-Adventure/dp/B088W5739B/ref=sr_1_4484?brr=1&dchild=1&qid=1634421474&rd=1&s=digital-skills&sr=1-4484", "Riley's United States Trivia": "https://www.amazon.com/RAWR-Rileys-United-States-Trivia/dp/B088VMFD42/ref=sr_1_4485?brr=1&dchild=1&qid=1634421474&rd=1&s=digital-skills&sr=1-4485", "Animal Sounds": "https://www.amazon.com/Deepanshu-Jain-Animal-Sounds/dp/B088TPGVXD/ref=sr_1_4486?brr=1&dchild=1&qid=1634421474&rd=1&s=digital-skills&sr=1-4486", "Kreeda Stats": "https://www.amazon.com/Abhi-Company-Kreeda-Stats/dp/B088T9Z7P1/ref=sr_1_4487?brr=1&dchild=1&qid=1634421474&rd=1&s=digital-skills&sr=1-4487", "Unofficial Pokemon TCG Facts": "https://www.amazon.com/Nickopanther-Unofficial-Pokemon-TCG-Facts/dp/B088T9Q24M/ref=sr_1_4488?brr=1&dchild=1&qid=1634421474&rd=1&s=digital-skills&sr=1-4488", "Noise of water bubbles": "https://www.amazon.com/Smart-Skills-Noise-water-bubbles/dp/B088SXY9YK/ref=sr_1_4489?brr=1&dchild=1&qid=1634421474&rd=1&s=digital-skills&sr=1-4489", "Zombie Fever": "https://www.amazon.com/sbiswas-Zombie-Fever/dp/B088STTG3D/ref=sr_1_4490?brr=1&dchild=1&qid=1634421474&rd=1&s=digital-skills&sr=1-4490", "shinobi nick": "https://www.amazon.com/Nucor-Buildings-Group-shinobi-nick/dp/B088SQW5KX/ref=sr_1_4491?brr=1&dchild=1&qid=1634421474&rd=1&s=digital-skills&sr=1-4491", "the hunter game": "https://www.amazon.com/Harmoniousmadness-the-hunter-game/dp/B088RLBY9M/ref=sr_1_4492?brr=1&dchild=1&qid=1634421474&rd=1&s=digital-skills&sr=1-4492", "Kaun Banega Crorepati": "https://www.amazon.com/Deepanshu-Jain-Kaun-Banega-Crorepati/dp/B088RG11C9/ref=sr_1_4493?brr=1&dchild=1&qid=1634421474&rd=1&s=digital-skills&sr=1-4493", "True False Science Quiz for Kids": "https://www.amazon.com/True-False-Science-Quiz-Kids/dp/B088R8JCJN/ref=sr_1_4494?brr=1&dchild=1&qid=1634421474&rd=1&s=digital-skills&sr=1-4494", "It's game time": "https://www.amazon.com/Riley-Fisher-Its-game-time/dp/B088R7SBR2/ref=sr_1_4495?brr=1&dchild=1&qid=1634421474&rd=1&s=digital-skills&sr=1-4495", "Microbiome Facts": "https://www.amazon.com/Jeremy-Erni-Microbiome-Facts/dp/B088QXLRW8/ref=sr_1_4496?brr=1&dchild=1&qid=1634421474&rd=1&s=digital-skills&sr=1-4496"}