{"New York Rangers": "https://www.amazon.com/The-Home-Studio-York-Rangers/dp/B088QXLJQC/ref=sr_1_4497?brr=1&dchild=1&qid=1634421477&rd=1&s=digital-skills&sr=1-4497", "Kill Bang Marry Game": "https://www.amazon.com/Default-User-Kill-Bang-Marry/dp/B088QQ2XJQ/ref=sr_1_4498?brr=1&dchild=1&qid=1634421477&rd=1&s=digital-skills&sr=1-4498", "natalka assistant": "https://www.amazon.com/chatbots-studio-natalka-assistant/dp/B088QNW4YY/ref=sr_1_4499?brr=1&dchild=1&qid=1634421477&rd=1&s=digital-skills&sr=1-4499", "Who's turn": "https://www.amazon.com/Amelia-Whos-turn/dp/B088QDRNY4/ref=sr_1_4500?brr=1&dchild=1&qid=1634421477&rd=1&s=digital-skills&sr=1-4500", "Doubles Trouble": "https://www.amazon.com/Seth-Doubles-Trouble/dp/B088QDH3G9/ref=sr_1_4501?brr=1&dchild=1&qid=1634421477&rd=1&s=digital-skills&sr=1-4501", "Inappropriate haiku": "https://www.amazon.com/alessandro-trezzi-Inappropriate-haiku/dp/B088Q8KXZS/ref=sr_1_4502?brr=1&dchild=1&qid=1634421477&rd=1&s=digital-skills&sr=1-4502", "Magical movie": "https://www.amazon.com/HardikDG-Magical-movie/dp/B088Q154KK/ref=sr_1_4503?brr=1&dchild=1&qid=1634421477&rd=1&s=digital-skills&sr=1-4503", "Future predicting time": "https://www.amazon.com/Larry-Garrett-Future-predicting-time/dp/B088PJ3Y6H/ref=sr_1_4504?brr=1&dchild=1&qid=1634421477&rd=1&s=digital-skills&sr=1-4504", "Portal Roast": "https://www.amazon.com/Eztli-X%C5%8Dchipilli-Portal-Roast/dp/B088PHM7WZ/ref=sr_1_4505?brr=1&dchild=1&qid=1634421477&rd=1&s=digital-skills&sr=1-4505", "Pick a kid": "https://www.amazon.com/Laura-Dark-Pick-a-kid/dp/B088PFVPV4/ref=sr_1_4506?brr=1&dchild=1&qid=1634421477&rd=1&s=digital-skills&sr=1-4506", "sensory training": "https://www.amazon.com/Alpha-Centauri-Technologies-LLC-training/dp/B088PBG57H/ref=sr_1_4507?brr=1&dchild=1&qid=1634421477&rd=1&s=digital-skills&sr=1-4507", "American Civics": "https://www.amazon.com/learner-American-Civics/dp/B088P6WV8B/ref=sr_1_4508?brr=1&dchild=1&qid=1634421477&rd=1&s=digital-skills&sr=1-4508", "bio facts": "https://www.amazon.com/Umang01-hash-bio-facts/dp/B088NNJKVZ/ref=sr_1_4509?brr=1&dchild=1&qid=1634421477&rd=1&s=digital-skills&sr=1-4509", "Cat fact": "https://www.amazon.com/Arun-G-K-Cat-fact/dp/B088NHJW4M/ref=sr_1_4510?brr=1&dchild=1&qid=1634421477&rd=1&s=digital-skills&sr=1-4510", "robo": "https://www.amazon.com/Airyan-robo/dp/B088NGWFS3/ref=sr_1_4511?brr=1&dchild=1&qid=1634421477&rd=1&s=digital-skills&sr=1-4511", "Cake Walk": "https://www.amazon.com/KLE-societys-degree-college-Nagarabhavi/dp/B088N9T76D/ref=sr_1_4512?brr=1&dchild=1&qid=1634421477&rd=1&s=digital-skills&sr=1-4512"}