{"Book discovery": "https://www.amazon.com/RobertoCeballos-Book-discovery/dp/B088N9NQHS/ref=sr_1_4513?brr=1&dchild=1&qid=1634421480&rd=1&s=digital-skills&sr=1-4513", "BuffaLoves Trivia": "https://www.amazon.com/Calista-Enterprises-BuffaLoves-Trivia/dp/B088MMTQKH/ref=sr_1_4514?brr=1&dchild=1&qid=1634421480&rd=1&s=digital-skills&sr=1-4514", "Whose turn": "https://www.amazon.com/Vincent-Whose-turn/dp/B088M5YRLK/ref=sr_1_4515?brr=1&dchild=1&qid=1634421480&rd=1&s=digital-skills&sr=1-4515", "Chain Snore": "https://www.amazon.com/Inner-Solutions-Chain-Snore/dp/B088LZR295/ref=sr_1_4516?brr=1&dchild=1&qid=1634421480&rd=1&s=digital-skills&sr=1-4516", "The Bollywood Trivia": "https://www.amazon.com/Akshita-Dixit-The-Bollywood-Trivia/dp/B088LZQDF2/ref=sr_1_4517?brr=1&dchild=1&qid=1634421480&rd=1&s=digital-skills&sr=1-4517", "Battle Animal Quiz": "https://www.amazon.com/Default-User-Battle-Animal-Quiz/dp/B088LXTGPR/ref=sr_1_4518?brr=1&dchild=1&qid=1634421480&rd=1&s=digital-skills&sr=1-4518", "Joke Today": "https://www.amazon.com/Steven-Foyston-Joke-Today/dp/B088KX8J2K/ref=sr_1_4519?brr=1&dchild=1&qid=1634421480&rd=1&s=digital-skills&sr=1-4519", "Last Dance - Unofficial": "https://www.amazon.com/West-Loop-Strategy-Last-Dance/dp/B088KV3PCM/ref=sr_1_4520?brr=1&dchild=1&qid=1634421480&rd=1&s=digital-skills&sr=1-4520", "Truth Questions": "https://www.amazon.com/emde2002-Truth-Questions/dp/B088KRNGKR/ref=sr_1_4521?brr=1&dchild=1&qid=1634421480&rd=1&s=digital-skills&sr=1-4521", "task me": "https://www.amazon.com/glaze-task-me/dp/B088KGVL1R/ref=sr_1_4522?brr=1&dchild=1&qid=1634421480&rd=1&s=digital-skills&sr=1-4522", "animal-sounds": "https://www.amazon.com/Sammy-animal-sounds/dp/B088KGJMKB/ref=sr_1_4523?brr=1&dchild=1&qid=1634421480&rd=1&s=digital-skills&sr=1-4523", "Rock Paper Scissors": "https://www.amazon.com/Voice-App-Developers-Paper-Scissors/dp/B088K854N7/ref=sr_1_4524?brr=1&dchild=1&qid=1634421480&rd=1&s=digital-skills&sr=1-4524", "Game Quiz": "https://www.amazon.com/Komal-Manoja-Game-Quiz/dp/B088K5M4W5/ref=sr_1_4525?brr=1&dchild=1&qid=1634421480&rd=1&s=digital-skills&sr=1-4525", "Night Thunder": "https://www.amazon.com/TZ-TECHNO-Night-Thunder/dp/B088K444L9/ref=sr_1_4526?brr=1&dchild=1&qid=1634421480&rd=1&s=digital-skills&sr=1-4526", "Curious Facts": "https://www.amazon.com/Curious-Ideas-Facts/dp/B088K3Z2B3/ref=sr_1_4527?brr=1&dchild=1&qid=1634421480&rd=1&s=digital-skills&sr=1-4527", "Whose Turn": "https://www.amazon.com/Angelyn-Almonte-Whose-Turn/dp/B088JWFWHX/ref=sr_1_4528?brr=1&dchild=1&qid=1634421480&rd=1&s=digital-skills&sr=1-4528"}