{"Quiz of the Day": "https://www.amazon.com/labworks-io-USA-Quiz-the-Day/dp/B088JHGHN4/ref=sr_1_4529?brr=1&dchild=1&qid=1634421483&rd=1&s=digital-skills&sr=1-4529", "Mazes of the World": "https://www.amazon.com/Accents-Mazes-of-the-World/dp/B088GRYPDK/ref=sr_1_4530?brr=1&dchild=1&qid=1634421483&rd=1&s=digital-skills&sr=1-4530", "Pick anyone": "https://www.amazon.com/Elizabeth-Pick-anyone/dp/B088GNG1MP/ref=sr_1_4531?brr=1&dchild=1&qid=1634421483&rd=1&s=digital-skills&sr=1-4531", "Word Jumble": "https://www.amazon.com/Vaibhav-Arora-Word-Jumble/dp/B088G2N1TB/ref=sr_1_4532?brr=1&dchild=1&qid=1634421483&rd=1&s=digital-skills&sr=1-4532", "Treasure venture": "https://www.amazon.com/Churuk%C3%AD-Treasure-venture/dp/B088G1T2KS/ref=sr_1_4533?brr=1&dchild=1&qid=1634421483&rd=1&s=digital-skills&sr=1-4533", "Geographic Trivia": "https://www.amazon.com/Deepak-chhipa-Geographic-Trivia/dp/B088FTXQ95/ref=sr_1_4534?brr=1&dchild=1&qid=1634421483&rd=1&s=digital-skills&sr=1-4534", "Night Firework": "https://www.amazon.com/TZ-TECHNO-Night-Firework/dp/B088FL5XH7/ref=sr_1_4535?brr=1&dchild=1&qid=1634421483&rd=1&s=digital-skills&sr=1-4535", "Zoo Quiz": "https://www.amazon.com/Maciej-Rudnicki-Zoo-Quiz/dp/B088F9G3GZ/ref=sr_1_4536?brr=1&dchild=1&qid=1634421483&rd=1&s=digital-skills&sr=1-4536", "Interesting History Facts": "https://www.amazon.com/SkilledSkills-Interesting-History-Facts/dp/B088F59VVC/ref=sr_1_4537?brr=1&dchild=1&qid=1634421483&rd=1&s=digital-skills&sr=1-4537", "my Haiku": "https://www.amazon.com/sawyer-productions-my-Haiku/dp/B088DWJVZP/ref=sr_1_4538?brr=1&dchild=1&qid=1634421483&rd=1&s=digital-skills&sr=1-4538", "Baseball History Quiz": "https://www.amazon.com/Whippersnap-Syndicate-Baseball-History-Quiz/dp/B088DR3LZR/ref=sr_1_4539?brr=1&dchild=1&qid=1634421483&rd=1&s=digital-skills&sr=1-4539", "Sedona Facts": "https://www.amazon.com/Hunter-Kuffel-Sedona-Facts/dp/B088DN97XW/ref=sr_1_4540?brr=1&dchild=1&qid=1634421483&rd=1&s=digital-skills&sr=1-4540", "Number Guessing Game II": "https://www.amazon.com/Black-Bulls-Number-Guessing-Game/dp/B088DKNPT9/ref=sr_1_4541?brr=1&dchild=1&qid=1634421483&rd=1&s=digital-skills&sr=1-4541", "Tribes Ascend": "https://www.amazon.com/ZEF-Development-Tribes-Ascend/dp/B088DK1RQX/ref=sr_1_4542?brr=1&dchild=1&qid=1634421483&rd=1&s=digital-skills&sr=1-4542", "My Butt": "https://www.amazon.com/Commarford-skills-My-Butt/dp/B088D3FTBB/ref=sr_1_4543?brr=1&dchild=1&qid=1634421483&rd=1&s=digital-skills&sr=1-4543", "dungeons and deloy": "https://www.amazon.com/George-dungeons-and-deloy/dp/B088CVD2W3/ref=sr_1_4544?brr=1&dchild=1&qid=1634421483&rd=1&s=digital-skills&sr=1-4544"}