{"Cramp Fable": "https://www.amazon.com/Anmol-and-Garima-Cramp-Fable/dp/B088C5S4LJ/ref=sr_1_4545?brr=1&dchild=1&qid=1634421486&rd=1&s=digital-skills&sr=1-4545", "Doubles Trouble": "https://www.amazon.com/Bean-Boy-Games-Doubles-Trouble/dp/B088C1TZWJ/ref=sr_1_4546?brr=1&dchild=1&qid=1634421486&rd=1&s=digital-skills&sr=1-4546", "Sea sound": "https://www.amazon.com/Smart-Skills-Sea-sound/dp/B088BW1QC2/ref=sr_1_4547?brr=1&dchild=1&qid=1634421486&rd=1&s=digital-skills&sr=1-4547", "Guess The Celeb": "https://www.amazon.com/Opero-Guess-The-Celeb/dp/B088BLDQHM/ref=sr_1_4548?brr=1&dchild=1&qid=1634421486&rd=1&s=digital-skills&sr=1-4548", "Funny Jokes": "https://www.amazon.com/Opero-Funny-Jokes/dp/B088BKLCZ1/ref=sr_1_4549?brr=1&dchild=1&qid=1634421486&rd=1&s=digital-skills&sr=1-4549", "Roger Federer Facts": "https://www.amazon.com/Shivam-Dutt-Sharma-Roger-Federer/dp/B088BDR7LV/ref=sr_1_4550?brr=1&dchild=1&qid=1634421486&rd=1&s=digital-skills&sr=1-4550", "Geography Quiz": "https://www.amazon.com/Opero-Geography-Quiz/dp/B088BBY5B2/ref=sr_1_4551?brr=1&dchild=1&qid=1634421486&rd=1&s=digital-skills&sr=1-4551", "#1 99 7 WOOF FM": "https://www.amazon.com/WOOF-Radio-Inc-99-FM/dp/B088B4GJYW/ref=sr_1_4552?brr=1&dchild=1&qid=1634421486&rd=1&s=digital-skills&sr=1-4552", "Welcome question game": "https://www.amazon.com/merlo-family-Welcome-question-game/dp/B088B4CHZ6/ref=sr_1_4553?brr=1&dchild=1&qid=1634421486&rd=1&s=digital-skills&sr=1-4553", "Hectic Quiz": "https://www.amazon.com/Hectic-Radio-Quiz/dp/B0888RFZRB/ref=sr_1_4554?brr=1&dchild=1&qid=1634421486&rd=1&s=digital-skills&sr=1-4554", "Number picker One Through Ten": "https://www.amazon.com/Number-picker-One-Through-Ten/dp/B08889RHQJ/ref=sr_1_4555?brr=1&dchild=1&qid=1634421486&rd=1&s=digital-skills&sr=1-4555", "Tornado Day": "https://www.amazon.com/TZ-TECHNO-Tornado-Day/dp/B088895YSC/ref=sr_1_4556?brr=1&dchild=1&qid=1634421486&rd=1&s=digital-skills&sr=1-4556", "Art Deco Trivia": "https://www.amazon.com/The-Wolfsonian-FIU-Art-Deco-Trivia/dp/B08883N8HY/ref=sr_1_4557?brr=1&dchild=1&qid=1634421486&rd=1&s=digital-skills&sr=1-4557", "Spooky Story Chapter One": "https://www.amazon.com/merlo-family-Spooky-Story-Chapter/dp/B0887ZKFV1/ref=sr_1_4558?brr=1&dchild=1&qid=1634421486&rd=1&s=digital-skills&sr=1-4558", "Ramayana Game- India's most loved story.": "https://www.amazon.com/Ramayana-Game-Indias-loved-story/dp/B0887YDKGR/ref=sr_1_4559?brr=1&dchild=1&qid=1634421486&rd=1&s=digital-skills&sr=1-4559", "Geographic quiz": "https://www.amazon.com/Dilip-jain-Geographic-quiz/dp/B0887XY126/ref=sr_1_4560?brr=1&dchild=1&qid=1634421486&rd=1&s=digital-skills&sr=1-4560"}