{"Docter Ammar Nakshawani": "https://www.amazon.com/Javed-Moloo-Docter-Ammar-Nakshawani/dp/B0887VDN57/ref=sr_1_4561?brr=1&dchild=1&qid=1634421488&rd=1&s=digital-skills&sr=1-4561", "Tech Facts": "https://www.amazon.com/Aaishika-Tech-Facts/dp/B08879KYTL/ref=sr_1_4562?brr=1&dchild=1&qid=1634421488&rd=1&s=digital-skills&sr=1-4562", "Spidy Facts": "https://www.amazon.com/Shivam-Tawari-Spidy-Facts/dp/B0886KDWHG/ref=sr_1_4563?brr=1&dchild=1&qid=1634421488&rd=1&s=digital-skills&sr=1-4563", "Hide and Seek": "https://www.amazon.com/Rising-Phoenix-Creations-Hide-Seek/dp/B0886HJ4P2/ref=sr_1_4564?brr=1&dchild=1&qid=1634421488&rd=1&s=digital-skills&sr=1-4564", "A Small Adventure": "https://www.amazon.com/Robinson-A-Small-Adventure/dp/B0886GNZV5/ref=sr_1_4565?brr=1&dchild=1&qid=1634421488&rd=1&s=digital-skills&sr=1-4565", "My compliments shine": "https://www.amazon.com/GRace-My-compliments-shine/dp/B08867ZFV6/ref=sr_1_4566?brr=1&dchild=1&qid=1634421488&rd=1&s=digital-skills&sr=1-4566", "k. h. c.": "https://www.amazon.com/Aditi-Nimbalkar-k-h-c/dp/B08867PRC2/ref=sr_1_4567?brr=1&dchild=1&qid=1634421488&rd=1&s=digital-skills&sr=1-4567", "Whose Turn": "https://www.amazon.com/CJs-Bakery-Whose-Turn/dp/B0885XD89Z/ref=sr_1_4572?brr=1&dchild=1&qid=1634421488&rd=1&s=digital-skills&sr=1-4572", "Nook-UP": "https://www.amazon.com/ChristopherLayton-Nook-UP/dp/B0886331DL/ref=sr_1_4569?brr=1&dchild=1&qid=1634421488&rd=1&s=digital-skills&sr=1-4569", "Game show": "https://www.amazon.com/Lilly-Game-show/dp/B0885ZDK9C/ref=sr_1_4570?brr=1&dchild=1&qid=1634421488&rd=1&s=digital-skills&sr=1-4570", "Bread Quiz": "https://www.amazon.com/Olga-Tsyba-Bread-Quiz/dp/B0885YP28R/ref=sr_1_4571?brr=1&dchild=1&qid=1634421488&rd=1&s=digital-skills&sr=1-4571", "Wally's World": "https://www.amazon.com/Cosmo-Wallys-World/dp/B0884DL8XK/ref=sr_1_4573?brr=1&dchild=1&qid=1634421488&rd=1&s=digital-skills&sr=1-4573", "k. b. c. a. quiz": "https://www.amazon.com/k-b-c-a-quiz/dp/B08841XDVS/ref=sr_1_4574?brr=1&dchild=1&qid=1634421488&rd=1&s=digital-skills&sr=1-4574", "Band Naming": "https://www.amazon.com/Charles-Merlo-Band-Naming/dp/B0883Z1FPG/ref=sr_1_4575?brr=1&dchild=1&qid=1634421488&rd=1&s=digital-skills&sr=1-4575", "Funny Kid Talk": "https://www.amazon.com/Sherman-Charles-Funny-Kid-Talk/dp/B0883BZD3Q/ref=sr_1_4576?brr=1&dchild=1&qid=1634421488&rd=1&s=digital-skills&sr=1-4576"}