{"Guess My Age": "https://www.amazon.com/Harish-Kotra-Guess-My-Age/dp/B087N22FW7/ref=sr_1_4657?brr=1&dchild=1&qid=1634421506&rd=1&s=digital-skills&sr=1-4657", "The Forgotten Legion": "https://www.amazon.com/The-Forgotten-Legion-Podcast/dp/B087MB3292/ref=sr_1_4658?brr=1&dchild=1&qid=1634421506&rd=1&s=digital-skills&sr=1-4658", "Capture the Flag (CTF) Facts": "https://www.amazon.com/ginkoid-CTF-Facts/dp/B087M9Q7S1/ref=sr_1_4659?brr=1&dchild=1&qid=1634421506&rd=1&s=digital-skills&sr=1-4659", "The Fart Quiz": "https://www.amazon.com/TVGuide-The-Fart-Quiz/dp/B087LWS8MY/ref=sr_1_4660?brr=1&dchild=1&qid=1634421506&rd=1&s=digital-skills&sr=1-4660", "Bangalore Trivia": "https://www.amazon.com/Shankar-V-Thiyagarajan-Bangalore-Trivia/dp/B087LRP9LR/ref=sr_1_4661?brr=1&dchild=1&qid=1634421506&rd=1&s=digital-skills&sr=1-4661", "Starship Facts": "https://www.amazon.com/SVCE-Starship-Facts/dp/B087L11JTC/ref=sr_1_4662?brr=1&dchild=1&qid=1634421506&rd=1&s=digital-skills&sr=1-4662", "AstroCounter": "https://www.amazon.com/NA-AstroCounter/dp/B087KXTKYV/ref=sr_1_4663?brr=1&dchild=1&qid=1634421506&rd=1&s=digital-skills&sr=1-4663", "Pre game motivation": "https://www.amazon.com/haritonch-Pre-game-motivation/dp/B087JTFTRF/ref=sr_1_4664?brr=1&dchild=1&qid=1634421506&rd=1&s=digital-skills&sr=1-4664", "Sound of the alien planet": "https://www.amazon.com/Sound-of-the-alien-planet/dp/B087JQ8MMC/ref=sr_1_4665?brr=1&dchild=1&qid=1634421506&rd=1&s=digital-skills&sr=1-4665", "Galaxy sound": "https://www.amazon.com/Smart-Skills-Galaxy-sound/dp/B087JL2J8L/ref=sr_1_4666?brr=1&dchild=1&qid=1634421506&rd=1&s=digital-skills&sr=1-4666", "Sound space station": "https://www.amazon.com/Smart-Skills-Sound-space-station/dp/B087JGVKWT/ref=sr_1_4667?brr=1&dchild=1&qid=1634421506&rd=1&s=digital-skills&sr=1-4667", "Humidifier sound": "https://www.amazon.com/Smart-Skills-Humidifier-sound/dp/B087JF9QX6/ref=sr_1_4668?brr=1&dchild=1&qid=1634421506&rd=1&s=digital-skills&sr=1-4668", "dice game": "https://www.amazon.com/Praveen-dice-game/dp/B087HYRXCP/ref=sr_1_4669?brr=1&dchild=1&qid=1634421506&rd=1&s=digital-skills&sr=1-4669", "You Pick": "https://www.amazon.com/Voice-Spark-You-Pick/dp/B087G43FWM/ref=sr_1_4670?brr=1&dchild=1&qid=1634421506&rd=1&s=digital-skills&sr=1-4670", "Knowledge Is Power": "https://www.amazon.com/Lee-Wymer-Knowledge-Is-Power/dp/B087FW3C2K/ref=sr_1_4671?brr=1&dchild=1&qid=1634421506&rd=1&s=digital-skills&sr=1-4671", "Sound of washing machine": "https://www.amazon.com/Smart-Skills-Sound-washing-machine/dp/B087F4K9YN/ref=sr_1_4672?brr=1&dchild=1&qid=1634421506&rd=1&s=digital-skills&sr=1-4672"}