{"This or That: Take a Turn": "https://www.amazon.com/VoyceNest-This-That-Take-Turn/dp/B087D3JPYV/ref=sr_1_4673?brr=1&dchild=1&qid=1634421509&rd=1&s=digital-skills&sr=1-4673", "bore guru": "https://www.amazon.com/k-bore-guru/dp/B087D2Z747/ref=sr_1_4674?brr=1&dchild=1&qid=1634421509&rd=1&s=digital-skills&sr=1-4674", "Daily Vocabulary (Learn a new word daily)": "https://www.amazon.com/Daily-Vocabulary-Learn-word-daily/dp/B087CVVR7X/ref=sr_1_4675?brr=1&dchild=1&qid=1634421509&rd=1&s=digital-skills&sr=1-4675", "PLUSHIE SERIES SHOW": "https://www.amazon.com/Creators-of-plushie-series-PLUSHIE/dp/B087CQBRG1/ref=sr_1_4676?brr=1&dchild=1&qid=1634421509&rd=1&s=digital-skills&sr=1-4676", "River Sounds": "https://www.amazon.com/LogixKore-LLC-River-Sounds/dp/B087CMH2K3/ref=sr_1_4677?brr=1&dchild=1&qid=1634421509&rd=1&s=digital-skills&sr=1-4677", "Chess Maven": "https://www.amazon.com/LC-Publishing-Chess-Maven/dp/B087C95C56/ref=sr_1_4678?brr=1&dchild=1&qid=1634421509&rd=1&s=digital-skills&sr=1-4678", "Aquarium sound": "https://www.amazon.com/Smart-Skills-Aquarium-sound/dp/B087C4P64Q/ref=sr_1_4679?brr=1&dchild=1&qid=1634421509&rd=1&s=digital-skills&sr=1-4679", "Server room sound": "https://www.amazon.com/Smart-Skills-Server-room-sound/dp/B087C4L265/ref=sr_1_4680?brr=1&dchild=1&qid=1634421509&rd=1&s=digital-skills&sr=1-4680", "Unofficial Item Value Reference New Horizons": "https://www.amazon.com/Unofficial-Item-Value-Reference-Horizons/dp/B087C4J3TS/ref=sr_1_4681?brr=1&dchild=1&qid=1634421509&rd=1&s=digital-skills&sr=1-4681", "amabie talk": "https://www.amazon.com/HideG-amabie-talk/dp/B087C44DZ3/ref=sr_1_4682?brr=1&dchild=1&qid=1634421509&rd=1&s=digital-skills&sr=1-4682", "Kennesaw State Basketball Trivia": "https://www.amazon.com/Kate-Norum-Kennesaw-Basketball-Trivia/dp/B087C3RHY4/ref=sr_1_4683?brr=1&dchild=1&qid=1634421509&rd=1&s=digital-skills&sr=1-4683", "Pink noise": "https://www.amazon.com/Smart-Skills-Pink-noise/dp/B087C3K42W/ref=sr_1_4684?brr=1&dchild=1&qid=1634421509&rd=1&s=digital-skills&sr=1-4684", "astro facts": "https://www.amazon.com/Chatterbox-astro-facts/dp/B087C2SP6R/ref=sr_1_4685?brr=1&dchild=1&qid=1634421509&rd=1&s=digital-skills&sr=1-4685", "Couples Quiz": "https://www.amazon.com/Kreeda-Apps-Couples-Quiz/dp/B087BZQN6K/ref=sr_1_4686?brr=1&dchild=1&qid=1634421509&rd=1&s=digital-skills&sr=1-4686", "t. v. detroit": "https://www.amazon.com/Code-Essential-t-v-detroit/dp/B087BZMT6H/ref=sr_1_4687?brr=1&dchild=1&qid=1634421509&rd=1&s=digital-skills&sr=1-4687", "Radio sound": "https://www.amazon.com/Smart-Skills-Radio-sound/dp/B087BYHQCM/ref=sr_1_4688?brr=1&dchild=1&qid=1634421509&rd=1&s=digital-skills&sr=1-4688"}