{"Blender sound": "https://www.amazon.com/Smart-Skills-Blender-sound/dp/B087BYC38F/ref=sr_1_4689?brr=1&dchild=1&qid=1634421511&rd=1&s=digital-skills&sr=1-4689", "sound of air conditioning": "https://www.amazon.com/Smart-Skills-sound-air-conditioning/dp/B087BXQ74R/ref=sr_1_4690?brr=1&dchild=1&qid=1634421511&rd=1&s=digital-skills&sr=1-4690", "My Own Adventure Story": "https://www.amazon.com/Kreeda-Apps-Own-Adventure-Story/dp/B087BWB2ZF/ref=sr_1_4691?brr=1&dchild=1&qid=1634421511&rd=1&s=digital-skills&sr=1-4691", "Whose Turn": "https://www.amazon.com/Jonsey-Whose-Turn/dp/B087BVK1Q2/ref=sr_1_4692?brr=1&dchild=1&qid=1634421511&rd=1&s=digital-skills&sr=1-4692", "My fable": "https://www.amazon.com/Kreeda-Apps-My-fable/dp/B087BJXLRK/ref=sr_1_4693?brr=1&dchild=1&qid=1634421511&rd=1&s=digital-skills&sr=1-4693", "Capital Trivia": "https://www.amazon.com/NIPUN-SHARMA-Capital-Trivia/dp/B087BHK2BN/ref=sr_1_4694?brr=1&dchild=1&qid=1634421511&rd=1&s=digital-skills&sr=1-4694", "Facts": "https://www.amazon.com/Non-Amazon-Developer-Facts/dp/B0879L34J2/ref=sr_1_4695?brr=1&dchild=1&qid=1634421511&rd=1&s=digital-skills&sr=1-4695", "Time Stream": "https://www.amazon.com/Eduardo-Olvera-Time-Stream/dp/B0879HMQNM/ref=sr_1_4696?brr=1&dchild=1&qid=1634421511&rd=1&s=digital-skills&sr=1-4696", "Sound dryer": "https://www.amazon.com/Smart-Skills-Sound-dryer/dp/B087971R2Q/ref=sr_1_4697?brr=1&dchild=1&qid=1634421511&rd=1&s=digital-skills&sr=1-4697", "Tap sound": "https://www.amazon.com/Smart-Skills-Tap-sound/dp/B087959LDV/ref=sr_1_4698?brr=1&dchild=1&qid=1634421511&rd=1&s=digital-skills&sr=1-4698", "Waterfall sound": "https://www.amazon.com/Smart-Skills-Waterfall-sound/dp/B08794RC9L/ref=sr_1_4699?brr=1&dchild=1&qid=1634421511&rd=1&s=digital-skills&sr=1-4699", "Television sound": "https://www.amazon.com/Smart-Skills-Television-sound/dp/B08793DLT1/ref=sr_1_4700?brr=1&dchild=1&qid=1634421511&rd=1&s=digital-skills&sr=1-4700", "Aspirator sound": "https://www.amazon.com/Smart-Skills-Aspirator-sound/dp/B087931X8P/ref=sr_1_4701?brr=1&dchild=1&qid=1634421511&rd=1&s=digital-skills&sr=1-4701", "Vinyl sound": "https://www.amazon.com/Smart-Skills-Vinyl-sound/dp/B08791GD8N/ref=sr_1_4702?brr=1&dchild=1&qid=1634421511&rd=1&s=digital-skills&sr=1-4702", "Sound hot tub": "https://www.amazon.com/Smart-Skills-Sound-hot-tub/dp/B08791CQX4/ref=sr_1_4703?brr=1&dchild=1&qid=1634421511&rd=1&s=digital-skills&sr=1-4703", "Sound of the engine room": "https://www.amazon.com/Sound-of-the-engine-room/dp/B0878YTDLT/ref=sr_1_4704?brr=1&dchild=1&qid=1634421511&rd=1&s=digital-skills&sr=1-4704"}