{"Computer fan sound": "https://www.amazon.com/Smart-Skills-Computer-fan-sound/dp/B0878XQLKP/ref=sr_1_4705?brr=1&dchild=1&qid=1634421514&rd=1&s=digital-skills&sr=1-4705", "Dishwasher sound": "https://www.amazon.com/Smart-Skills-Dishwasher-sound/dp/B0878W36VS/ref=sr_1_4706?brr=1&dchild=1&qid=1634421514&rd=1&s=digital-skills&sr=1-4706", "Sound of electricity": "https://www.amazon.com/Smart-Skills-Sound-of-electricity/dp/B0878W36CV/ref=sr_1_4707?brr=1&dchild=1&qid=1634421514&rd=1&s=digital-skills&sr=1-4707", "Sound Fan": "https://www.amazon.com/Smart-Skills-Sound-Fan/dp/B0878V26VZ/ref=sr_1_4708?brr=1&dchild=1&qid=1634421514&rd=1&s=digital-skills&sr=1-4708", "Hood sound": "https://www.amazon.com/Smart-Skills-Hood-sound/dp/B0878T5X5D/ref=sr_1_4709?brr=1&dchild=1&qid=1634421514&rd=1&s=digital-skills&sr=1-4709", "Fan sound": "https://www.amazon.com/Smart-Skills-Fan-sound/dp/B0878RN6B9/ref=sr_1_4710?brr=1&dchild=1&qid=1634421514&rd=1&s=digital-skills&sr=1-4710", "Whose Turn": "https://www.amazon.com/JNJ-Creations-Whose-Turn/dp/B0878QQBSJ/ref=sr_1_4711?brr=1&dchild=1&qid=1634421514&rd=1&s=digital-skills&sr=1-4711", "Santa's Letter": "https://www.amazon.com/Keagan-Santas-Letter/dp/B0877CLKZY/ref=sr_1_4712?brr=1&dchild=1&qid=1634421514&rd=1&s=digital-skills&sr=1-4712", "Master Synonym Quiz": "https://www.amazon.com/Samply-R3J-Master-Synonym-Quiz/dp/B0877B7623/ref=sr_1_4713?brr=1&dchild=1&qid=1634421514&rd=1&s=digital-skills&sr=1-4713", "Michigan Weather Facts": "https://www.amazon.com/Monica-Lesnau-Michigan-Weather-Facts/dp/B087789N4J/ref=sr_1_4714?brr=1&dchild=1&qid=1634421514&rd=1&s=digital-skills&sr=1-4714", "Vegan Bites": "https://www.amazon.com/Rachel-Plumb-Vegan-Bites/dp/B08777L7L8/ref=sr_1_4715?brr=1&dchild=1&qid=1634421514&rd=1&s=digital-skills&sr=1-4715", "number guess": "https://www.amazon.com/Chatterbox-number-guess/dp/B0876ZL7W2/ref=sr_1_4716?brr=1&dchild=1&qid=1634421514&rd=1&s=digital-skills&sr=1-4716", "Ice Makers": "https://www.amazon.com/Independence-Apps-Ice-Makers/dp/B0876XZSY9/ref=sr_1_4717?brr=1&dchild=1&qid=1634421514&rd=1&s=digital-skills&sr=1-4717", "National Pro Fastpitch": "https://www.amazon.com/Data-Driven-Design-National-Fastpitch/dp/B0876VPRVK/ref=sr_1_4718?brr=1&dchild=1&qid=1634421514&rd=1&s=digital-skills&sr=1-4718", "Fun things": "https://www.amazon.com/Katie-nelson-Fun-things/dp/B0876HDBSL/ref=sr_1_4719?brr=1&dchild=1&qid=1634421514&rd=1&s=digital-skills&sr=1-4719", "Fortune Teller": "https://www.amazon.com/r-antonio-Fortune-Teller/dp/B0876GW961/ref=sr_1_4720?brr=1&dchild=1&qid=1634421514&rd=1&s=digital-skills&sr=1-4720"}