{"Real Estate Jokes": "https://www.amazon.com/Virtual-Opens-Real-Estate-Jokes/dp/B0876GT8Z4/ref=sr_1_4721?brr=1&dchild=1&qid=1634421517&rd=1&s=digital-skills&sr=1-4721", "The Ultimate tech quiz": "https://www.amazon.com/The-Secret-tech-company-Ultimate/dp/B0876GDGC3/ref=sr_1_4722?brr=1&dchild=1&qid=1634421517&rd=1&s=digital-skills&sr=1-4722", "Music it": "https://www.amazon.com/B-G-Synthetics-Music-it/dp/B0876D489M/ref=sr_1_4723?brr=1&dchild=1&qid=1634421517&rd=1&s=digital-skills&sr=1-4723", "confirmation": "https://www.amazon.com/Wondercode-Labs-confirmation/dp/B0875J759R/ref=sr_1_4724?brr=1&dchild=1&qid=1634421517&rd=1&s=digital-skills&sr=1-4724", "Gerry Jokes": "https://www.amazon.com/Claire-Shevlin-Gerry-Jokes/dp/B0874VNC3W/ref=sr_1_4725?brr=1&dchild=1&qid=1634421517&rd=1&s=digital-skills&sr=1-4725", "Season Facts": "https://www.amazon.com/BIT-Season-Facts/dp/B0874VG52R/ref=sr_1_4726?brr=1&dchild=1&qid=1634421517&rd=1&s=digital-skills&sr=1-4726", "Cave sound": "https://www.amazon.com/Smart-Skills-Cave-sound/dp/B0874V1PBX/ref=sr_1_4727?brr=1&dchild=1&qid=1634421517&rd=1&s=digital-skills&sr=1-4727", "Proper Hand Washing": "https://www.amazon.com/Audio-UX-Proper-Hand-Washing/dp/B0874K663Q/ref=sr_1_4728?brr=1&dchild=1&qid=1634421517&rd=1&s=digital-skills&sr=1-4728", "Oven sound": "https://www.amazon.com/Smart-Skills-Oven-sound/dp/B08743Q2J2/ref=sr_1_4729?brr=1&dchild=1&qid=1634421517&rd=1&s=digital-skills&sr=1-4729", "Burn black hair": "https://www.amazon.com/People-burns-Burn-black-hair/dp/B0873VKFR8/ref=sr_1_4730?brr=1&dchild=1&qid=1634421517&rd=1&s=digital-skills&sr=1-4730", "Garden sound": "https://www.amazon.com/Smart-Skills-Garden-sound/dp/B0873998ZV/ref=sr_1_4731?brr=1&dchild=1&qid=1634421517&rd=1&s=digital-skills&sr=1-4731", "Yunas game review desk": "https://www.amazon.com/WECAST-AI-Yunas-game-review-desk/dp/B0873849CW/ref=sr_1_4732?brr=1&dchild=1&qid=1634421517&rd=1&s=digital-skills&sr=1-4732", "My Tachery": "https://www.amazon.com/monoceros-xyz-My-Tachery/dp/B08734K4G4/ref=sr_1_4733?brr=1&dchild=1&qid=1634421517&rd=1&s=digital-skills&sr=1-4733", "Shaktiman Quiz": "https://www.amazon.com/Nitin-Thakur-Shaktiman-Quiz/dp/B0872XY8B6/ref=sr_1_4734?brr=1&dchild=1&qid=1634421517&rd=1&s=digital-skills&sr=1-4734", "Whale sound": "https://www.amazon.com/Smart-Skills-Whale-sound/dp/B0872VRGP3/ref=sr_1_4735?brr=1&dchild=1&qid=1634421517&rd=1&s=digital-skills&sr=1-4735", "Quarantine thing": "https://www.amazon.com/Nikki-Veit-Quarantine-thing/dp/B0872SHMGF/ref=sr_1_4736?brr=1&dchild=1&qid=1634421517&rd=1&s=digital-skills&sr=1-4736"}