{"Dungeon Helper": "https://www.amazon.com/TRR-Dungeon-Helper/dp/B0872QDP8R/ref=sr_1_4737?brr=1&dchild=1&qid=1634421520&rd=1&s=digital-skills&sr=1-4737", "Diver sound": "https://www.amazon.com/Smart-Skills-Diver-sound/dp/B0872F2Q91/ref=sr_1_4738?brr=1&dchild=1&qid=1634421520&rd=1&s=digital-skills&sr=1-4738", "Precious Puppies Club": "https://www.amazon.com/AudioHooked-com-Precious-Puppies-Club/dp/B0872CVYZ6/ref=sr_1_4739?brr=1&dchild=1&qid=1634421520&rd=1&s=digital-skills&sr=1-4739", "Whose Turn": "https://www.amazon.com/Miguel-Whose-Turn/dp/B0872BV51M/ref=sr_1_4740?brr=1&dchild=1&qid=1634421520&rd=1&s=digital-skills&sr=1-4740", "Heartbeat sound": "https://www.amazon.com/Smart-Skills-Heartbeat-sound/dp/B0872BGXQV/ref=sr_1_4741?brr=1&dchild=1&qid=1634421520&rd=1&s=digital-skills&sr=1-4741", "Space base sound": "https://www.amazon.com/Smart-Skills-Space-base-sound/dp/B0872BCQDZ/ref=sr_1_4742?brr=1&dchild=1&qid=1634421520&rd=1&s=digital-skills&sr=1-4742", "Spatial sound": "https://www.amazon.com/Smart-Skills-Spatial-sound/dp/B0872B8XG2/ref=sr_1_4743?brr=1&dchild=1&qid=1634421520&rd=1&s=digital-skills&sr=1-4743", "Spaceship sound": "https://www.amazon.com/Smart-Skills-Spaceship-sound/dp/B08729SDVB/ref=sr_1_4744?brr=1&dchild=1&qid=1634421520&rd=1&s=digital-skills&sr=1-4744", "Universe sound": "https://www.amazon.com/Smart-Skills-Universe-sound/dp/B08729DT25/ref=sr_1_4745?brr=1&dchild=1&qid=1634421520&rd=1&s=digital-skills&sr=1-4745", "Space shuttle sound": "https://www.amazon.com/Smart-Skills-Space-shuttle-sound/dp/B08728NVYG/ref=sr_1_4746?brr=1&dchild=1&qid=1634421520&rd=1&s=digital-skills&sr=1-4746", "SMax": "https://www.amazon.com/Morgan-Inc-SMax/dp/B08725DWGW/ref=sr_1_4747?brr=1&dchild=1&qid=1634421520&rd=1&s=digital-skills&sr=1-4747", "Animal Says": "https://www.amazon.com/Brianna-Boyce-Animal-Says/dp/B0871Z7BFH/ref=sr_1_4748?brr=1&dchild=1&qid=1634421520&rd=1&s=digital-skills&sr=1-4748", "Mitchell Whose Turn": "https://www.amazon.com/Mitchell-Whose-Turn/dp/B0871TMR5W/ref=sr_1_4749?brr=1&dchild=1&qid=1634421520&rd=1&s=digital-skills&sr=1-4749", "Be Quiet": "https://www.amazon.com/Self-employed-Be-Quiet/dp/B0871P6G1R/ref=sr_1_4750?brr=1&dchild=1&qid=1634421520&rd=1&s=digital-skills&sr=1-4750", "Latest soccer trivia": "https://www.amazon.com/Chirayu-Garg-Latest-soccer-trivia/dp/B0871G287B/ref=sr_1_4751?brr=1&dchild=1&qid=1634421520&rd=1&s=digital-skills&sr=1-4751", "Isa Belle": "https://www.amazon.com/AppGrate-Isa-Belle/dp/B08719PS7H/ref=sr_1_4752?brr=1&dchild=1&qid=1634421520&rd=1&s=digital-skills&sr=1-4752"}