{"Jiya's Family Trivia": "https://www.amazon.com/Jiya-Pancholi-Jiyas-Family-Trivia/dp/B086X22LGB/ref=sr_1_4769?brr=1&dchild=1&qid=1634421526&rd=1&s=digital-skills&sr=1-4769", "My name picker": "https://www.amazon.com/Diego-My-name-picker/dp/B086WXJBXJ/ref=sr_1_4770?brr=1&dchild=1&qid=1634421526&rd=1&s=digital-skills&sr=1-4770", "Whose Turn": "https://www.amazon.com/Jules-Whose-Turn/dp/B086VNP2YD/ref=sr_1_4783?brr=1&dchild=1&qid=1634421526&rd=1&s=digital-skills&sr=1-4783", "Color Guesser": "https://www.amazon.com/Ginos-Pal-Color-Guesser/dp/B086WRZQS6/ref=sr_1_4773?brr=1&dchild=1&qid=1634421526&rd=1&s=digital-skills&sr=1-4773", "Diaper Change Decider": "https://www.amazon.com/chasescloud-Diaper-Change-Decider/dp/B086WQTF8K/ref=sr_1_4774?brr=1&dchild=1&qid=1634421526&rd=1&s=digital-skills&sr=1-4774", "How Many Days": "https://www.amazon.com/Yo-How-Many-Days/dp/B086WQQ1CN/ref=sr_1_4775?brr=1&dchild=1&qid=1634421526&rd=1&s=digital-skills&sr=1-4775", "The Future Fortune": "https://www.amazon.com/Ginos-Pal-The-Future-Fortune/dp/B086W2Y7XS/ref=sr_1_4778?brr=1&dchild=1&qid=1634421526&rd=1&s=digital-skills&sr=1-4778", "Pakistani Facts": "https://www.amazon.com/DN-Associates-Pakistani-Facts/dp/B086W1RR48/ref=sr_1_4779?brr=1&dchild=1&qid=1634421526&rd=1&s=digital-skills&sr=1-4779", "Bathroom Facts": "https://www.amazon.com/Jase-Cara-Bathroom-Facts/dp/B086VXKQPK/ref=sr_1_4780?brr=1&dchild=1&qid=1634421526&rd=1&s=digital-skills&sr=1-4780", "Time Travel Trivia": "https://www.amazon.com/Brayden-Time-Travel-Trivia/dp/B086VTPZZR/ref=sr_1_4781?brr=1&dchild=1&qid=1634421526&rd=1&s=digital-skills&sr=1-4781", "This is top secret": "https://www.amazon.com/FILM-FEST-GLOBAL-LTD-secret/dp/B086VPFNRB/ref=sr_1_4782?brr=1&dchild=1&qid=1634421526&rd=1&s=digital-skills&sr=1-4782", "Puzzle Game": "https://www.amazon.com/Prashant-Lodhi-Puzzle-Game/dp/B086VMTH8K/ref=sr_1_4784?brr=1&dchild=1&qid=1634421526&rd=1&s=digital-skills&sr=1-4784"}