{"ultra werewolf": "https://www.amazon.com/Flow-ai-ultra-werewolf/dp/B07BQHJB7D/ref=sr_1_465?brr=1&dchild=1&qid=1634420761&rd=1&s=digital-skills&sr=1-465", "7 Eleven 3860": "https://www.amazon.com/Ingress-Ventures-7-Eleven-3860/dp/B0992FFLMM/ref=sr_1_466?brr=1&dchild=1&qid=1634420761&rd=1&s=digital-skills&sr=1-466", "6 Swords": "https://www.amazon.com/TsaTsaTzu-6-Swords/dp/B01GVGVSM0/ref=sr_1_467?brr=1&dchild=1&qid=1634420761&rd=1&s=digital-skills&sr=1-467", "who\u00b4s the champion?": "https://www.amazon.com/tomachino-who%C2%B4s-the-champion/dp/B07ZHPCXC3/ref=sr_1_468?brr=1&dchild=1&qid=1634420761&rd=1&s=digital-skills&sr=1-468", "Descendants Challenge": "https://www.amazon.com/Disney-Descendants-Challenge/dp/B07ZRVZP75/ref=sr_1_469?brr=1&dchild=1&qid=1634420761&rd=1&s=digital-skills&sr=1-469", "My Favorite All Time International Football Player": "https://www.amazon.com/Favorite-Time-International-Football-Player/dp/B07J1GTB5K/ref=sr_1_470?brr=1&dchild=1&qid=1634420761&rd=1&s=digital-skills&sr=1-470", "Escape the Mad Scientist": "https://www.amazon.com/evergreen-Escape-the-Mad-Scientist/dp/B098M9WD4Q/ref=sr_1_471?brr=1&dchild=1&qid=1634420761&rd=1&s=digital-skills&sr=1-471", "Dangerous Animal Facts": "https://www.amazon.com/CGS-Dangerous-Animal-Facts/dp/B07HJ5S67Z/ref=sr_1_472?brr=1&dchild=1&qid=1634420761&rd=1&s=digital-skills&sr=1-472", "Daily Destiny": "https://www.amazon.com/Darvds-Daily-Destiny/dp/B075J4CPJQ/ref=sr_1_473?brr=1&dchild=1&qid=1634420761&rd=1&s=digital-skills&sr=1-473", "Best Vines": "https://www.amazon.com/Best-Vines/dp/B07LFV1TRK/ref=sr_1_474?brr=1&dchild=1&qid=1634420761&rd=1&s=digital-skills&sr=1-474", "Springfly Adventures": "https://www.amazon.com/Springfly-Adventures/dp/B07VPQK5CS/ref=sr_1_475?brr=1&dchild=1&qid=1634420761&rd=1&s=digital-skills&sr=1-475", "Unofficial Pokemon Quiz": "https://www.amazon.com/graciefulgirl-Unofficial-Pokemon-Quiz/dp/B077SSZNWG/ref=sr_1_476?brr=1&dchild=1&qid=1634420761&rd=1&s=digital-skills&sr=1-476", "Sesame Street": "https://www.amazon.com/Sesame-Workshop-Street/dp/B073XBBWRQ/ref=sr_1_477?brr=1&dchild=1&qid=1634420761&rd=1&s=digital-skills&sr=1-477", "MSD facts": "https://www.amazon.com/Ankit-Shukla-MSD-facts/dp/B07BNKJR5B/ref=sr_1_478?brr=1&dchild=1&qid=1634420761&rd=1&s=digital-skills&sr=1-478", "Dungeon Roller": "https://www.amazon.com/StormPooperSmith-Dungeon-Roller/dp/B0743BDWYP/ref=sr_1_479?brr=1&dchild=1&qid=1634420761&rd=1&s=digital-skills&sr=1-479", "World of Warcraft (WoW) TCG Price": "https://www.amazon.com/World-Warcraft-WoW-TCG-Price/dp/B07JB3TK7J/ref=sr_1_480?brr=1&dchild=1&qid=1634420761&rd=1&s=digital-skills&sr=1-480"}