{"Prince Lasher": "https://www.amazon.com/Lori-Prince-Lasher/dp/B086R6TLTN/ref=sr_1_4817?brr=1&dchild=1&qid=1634421534&rd=1&s=digital-skills&sr=1-4817", "The Family Bible game": "https://www.amazon.com/Timothy-Clark-Family-Bible-game/dp/B086R415TV/ref=sr_1_4818?brr=1&dchild=1&qid=1634421534&rd=1&s=digital-skills&sr=1-4818", "Water sound": "https://www.amazon.com/Smart-Skills-Water-sound/dp/B086R1RR96/ref=sr_1_4819?brr=1&dchild=1&qid=1634421534&rd=1&s=digital-skills&sr=1-4819", "Helicopter sound": "https://www.amazon.com/Smart-Skills-Helicopter-sound/dp/B086R1KB6V/ref=sr_1_4820?brr=1&dchild=1&qid=1634421534&rd=1&s=digital-skills&sr=1-4820", "Thunder sound": "https://www.amazon.com/Smart-Skills-Thunder-sound/dp/B086R183PM/ref=sr_1_4821?brr=1&dchild=1&qid=1634421534&rd=1&s=digital-skills&sr=1-4821", "Truck sound": "https://www.amazon.com/Smart-Skills-Truck-sound/dp/B086QZX5MR/ref=sr_1_4822?brr=1&dchild=1&qid=1634421534&rd=1&s=digital-skills&sr=1-4822", "Train sound": "https://www.amazon.com/Smart-Skills-Train-sound/dp/B086QZS533/ref=sr_1_4823?brr=1&dchild=1&qid=1634421534&rd=1&s=digital-skills&sr=1-4823", "Wind sound": "https://www.amazon.com/Smart-Skills-Wind-sound/dp/B086QZS4GV/ref=sr_1_4824?brr=1&dchild=1&qid=1634421534&rd=1&s=digital-skills&sr=1-4824", "Black Magic": "https://www.amazon.com/MSIM-Consulting-Black-Magic/dp/B086QZMY28/ref=sr_1_4825?brr=1&dchild=1&qid=1634421534&rd=1&s=digital-skills&sr=1-4825", "Submarine sound": "https://www.amazon.com/Smart-Skills-Submarine-sound/dp/B086QZHWMG/ref=sr_1_4826?brr=1&dchild=1&qid=1634421534&rd=1&s=digital-skills&sr=1-4826", "Night sound": "https://www.amazon.com/Smart-Skills-Night-sound/dp/B086QZ4RF9/ref=sr_1_4827?brr=1&dchild=1&qid=1634421534&rd=1&s=digital-skills&sr=1-4827", "Sound of the space station": "https://www.amazon.com/Sound-of-the-space-station/dp/B086QYB93G/ref=sr_1_4828?brr=1&dchild=1&qid=1634421534&rd=1&s=digital-skills&sr=1-4828", "Morning sound": "https://www.amazon.com/Smart-Skills-Morning-sound/dp/B086QY99VX/ref=sr_1_4829?brr=1&dchild=1&qid=1634421534&rd=1&s=digital-skills&sr=1-4829", "Creek sound": "https://www.amazon.com/Smart-Skills-Creek-sound/dp/B086QY96QP/ref=sr_1_4830?brr=1&dchild=1&qid=1634421534&rd=1&s=digital-skills&sr=1-4830", "Sound of bombing": "https://www.amazon.com/Smart-Skills-Sound-of-bombing/dp/B086QXGYWY/ref=sr_1_4831?brr=1&dchild=1&qid=1634421534&rd=1&s=digital-skills&sr=1-4831", "Microwave sound": "https://www.amazon.com/Smart-Skills-Microwave-sound/dp/B086QWMPB1/ref=sr_1_4832?brr=1&dchild=1&qid=1634421534&rd=1&s=digital-skills&sr=1-4832"}