{"Birds of Prey and Harley Quinn": "https://www.amazon.com/Princess-Charming-Inc-Birds-Harley/dp/B086JTFCZ9/ref=sr_1_4881?brr=1&dchild=1&qid=1634421545&rd=1&s=digital-skills&sr=1-4881", "Let's Get Quizzy": "https://www.amazon.com/Mike-L-Lets-Get-Quizzy/dp/B086JM5L9K/ref=sr_1_4882?brr=1&dchild=1&qid=1634421545&rd=1&s=digital-skills&sr=1-4882", "BEET FACTS": "https://www.amazon.com/bellakatalina-BEET-FACTS/dp/B086JL3514/ref=sr_1_4883?brr=1&dchild=1&qid=1634421545&rd=1&s=digital-skills&sr=1-4883", "Whose Turn": "https://www.amazon.com/Leslie-Ramirez-Whose-Turn/dp/B086GJRKR3/ref=sr_1_4895?brr=1&dchild=1&qid=1634421545&rd=1&s=digital-skills&sr=1-4895", "My Family Jokes": "https://www.amazon.com/Jacob-Baldwin-My-Family-Jokes/dp/B086JDCLMR/ref=sr_1_4885?brr=1&dchild=1&qid=1634421545&rd=1&s=digital-skills&sr=1-4885", "Story quiz": "https://www.amazon.com/Jacob-Baldwin-Story-quiz/dp/B086JBSN6T/ref=sr_1_4886?brr=1&dchild=1&qid=1634421545&rd=1&s=digital-skills&sr=1-4886", "TreatSelector": "https://www.amazon.com/Gary-Huang-TreatSelector/dp/B086J922BH/ref=sr_1_4887?brr=1&dchild=1&qid=1634421545&rd=1&s=digital-skills&sr=1-4887", "Computer Tech Quiz": "https://www.amazon.com/Prashant-Lodhi-Computer-Tech-Quiz/dp/B086J354YR/ref=sr_1_4888?brr=1&dchild=1&qid=1634421545&rd=1&s=digital-skills&sr=1-4888", "My Fortune": "https://www.amazon.com/Lynn-My-Fortune/dp/B086HW138L/ref=sr_1_4890?brr=1&dchild=1&qid=1634421545&rd=1&s=digital-skills&sr=1-4890", "Prayer time": "https://www.amazon.com/Analeah-Prayer-time/dp/B086H4K4PP/ref=sr_1_4891?brr=1&dchild=1&qid=1634421545&rd=1&s=digital-skills&sr=1-4891", "Ozzy Quote": "https://www.amazon.com/TerribleDev-Ozzy-Quote/dp/B086H188MY/ref=sr_1_4892?brr=1&dchild=1&qid=1634421545&rd=1&s=digital-skills&sr=1-4892", "Mortal Kombat Trivia": "https://www.amazon.com/SFM-Mortal-Kombat-Trivia/dp/B086GQDYM6/ref=sr_1_4893?brr=1&dchild=1&qid=1634421545&rd=1&s=digital-skills&sr=1-4893", "daisy the dog facts": "https://www.amazon.com/Marketingprosnw-daisy-the-dog-facts/dp/B086GK28GP/ref=sr_1_4894?brr=1&dchild=1&qid=1634421545&rd=1&s=digital-skills&sr=1-4894", "Sound of the fountain": "https://www.amazon.com/Smart-Skills-Sound-the-fountain/dp/B086GFS2FB/ref=sr_1_4896?brr=1&dchild=1&qid=1634421545&rd=1&s=digital-skills&sr=1-4896"}