{"Sound Bubbles of Water": "https://www.amazon.com/Smart-Skills-Sound-Bubbles-Water/dp/B086GFFT3W/ref=sr_1_4897?brr=1&dchild=1&qid=1634421548&rd=1&s=digital-skills&sr=1-4897", "uganda facts": "https://www.amazon.com/Pramod-uganda-facts/dp/B086D3XNX4/ref=sr_1_4898?brr=1&dchild=1&qid=1634421548&rd=1&s=digital-skills&sr=1-4898", "Crazy Facts": "https://www.amazon.com/Beth-Greenwood-Crazy-Facts/dp/B086D29R6B/ref=sr_1_4899?brr=1&dchild=1&qid=1634421548&rd=1&s=digital-skills&sr=1-4899", "Union Marketing Tips": "https://www.amazon.com/Union-Marketing-Tips/dp/B086D28G9Q/ref=sr_1_4900?brr=1&dchild=1&qid=1634421548&rd=1&s=digital-skills&sr=1-4900", "The Joker": "https://www.amazon.com/Out-of-Home-Insider-Joker/dp/B086D27DD1/ref=sr_1_4901?brr=1&dchild=1&qid=1634421548&rd=1&s=digital-skills&sr=1-4901", "Cruise Ship Quiz": "https://www.amazon.com/Simon-Behrendt-Cruise-Ship-Quiz/dp/B086D1DPL8/ref=sr_1_4902?brr=1&dchild=1&qid=1634421548&rd=1&s=digital-skills&sr=1-4902", "Thrissur Facts": "https://www.amazon.com/Dijo-Daiju-Thrissur-Facts/dp/B086CDNP8P/ref=sr_1_4903?brr=1&dchild=1&qid=1634421548&rd=1&s=digital-skills&sr=1-4903", "Drawing by Squares": "https://www.amazon.com/ArtiTalk-Drawing-by-Squares/dp/B086C1FBLK/ref=sr_1_4904?brr=1&dchild=1&qid=1634421548&rd=1&s=digital-skills&sr=1-4904", "Film Films Trivia": "https://www.amazon.com/Danny-Anderson-Film-Films-Trivia/dp/B086BGP6D2/ref=sr_1_4905?brr=1&dchild=1&qid=1634421548&rd=1&s=digital-skills&sr=1-4905", "avanka-py": "https://www.amazon.com/Adroitlogic-avanka-py/dp/B086B92DMW/ref=sr_1_4906?brr=1&dchild=1&qid=1634421548&rd=1&s=digital-skills&sr=1-4906", "Self Isolation Quiz": "https://www.amazon.com/StoryTime-Self-Isolation-Quiz/dp/B0869MZH6P/ref=sr_1_4907?brr=1&dchild=1&qid=1634421548&rd=1&s=digital-skills&sr=1-4907", "Soldier Quiz": "https://www.amazon.com/Kent-VanDyck-Soldier-Quiz/dp/B0869LKNJ8/ref=sr_1_4908?brr=1&dchild=1&qid=1634421548&rd=1&s=digital-skills&sr=1-4908", "Yak Talk Back!": "https://www.amazon.com/Reel2Media-Yak-Talk-Back/dp/B0869FTDRK/ref=sr_1_4909?brr=1&dchild=1&qid=1634421548&rd=1&s=digital-skills&sr=1-4909", "Dead Drop": "https://www.amazon.com/Ryan-Idrogo-Lam-Dead-Drop/dp/B086988P1B/ref=sr_1_4910?brr=1&dchild=1&qid=1634421548&rd=1&s=digital-skills&sr=1-4910", "Random Trivia Game": "https://www.amazon.com/SFM-Random-Trivia-Game/dp/B0868X9JTD/ref=sr_1_4911?brr=1&dchild=1&qid=1634421548&rd=1&s=digital-skills&sr=1-4911", "Survey Says": "https://www.amazon.com/Voice-Apps-LLC-Survey-Says/dp/B0868T2562/ref=sr_1_4912?brr=1&dchild=1&qid=1634421548&rd=1&s=digital-skills&sr=1-4912"}