{"Whose Turn": "https://www.amazon.com/gideon-sexton-Whose-Turn/dp/B0867S7HRT/ref=sr_1_4922?brr=1&dchild=1&qid=1634421551&rd=1&s=digital-skills&sr=1-4922", "Eve Navigator": "https://www.amazon.com/Zero-Dynamics-Eve-Navigator/dp/B0868PMS5H/ref=sr_1_4914?brr=1&dchild=1&qid=1634421551&rd=1&s=digital-skills&sr=1-4914", "Marvel Trivia (Unofficial)": "https://www.amazon.com/Bhuvneesh-Sayal-Marvel-Trivia-Unofficial/dp/B0868G2XCX/ref=sr_1_4915?brr=1&dchild=1&qid=1634421551&rd=1&s=digital-skills&sr=1-4915", "Fun Kids Quiz": "https://www.amazon.com/AVance-Fun-Kids-Quiz/dp/B0868DMLFS/ref=sr_1_4917?brr=1&dchild=1&qid=1634421551&rd=1&s=digital-skills&sr=1-4917", "Roast me": "https://www.amazon.com/Mads-Roast-me/dp/B0868325HQ/ref=sr_1_4919?brr=1&dchild=1&qid=1634421551&rd=1&s=digital-skills&sr=1-4919", "Tamil Nadu Trivia": "https://www.amazon.com/Shankar-V-Thiyagarajan-Tamil-Trivia/dp/B0867TN7C4/ref=sr_1_4920?brr=1&dchild=1&qid=1634421551&rd=1&s=digital-skills&sr=1-4920", "Fortune Teller": "https://www.amazon.com/Me-yo-Fortune-Teller/dp/B0867SJJ8V/ref=sr_1_4921?brr=1&dchild=1&qid=1634421551&rd=1&s=digital-skills&sr=1-4921", "My bestie two": "https://www.amazon.com/Agirl-My-bestie-two/dp/B0867RGCGW/ref=sr_1_4923?brr=1&dchild=1&qid=1634421551&rd=1&s=digital-skills&sr=1-4923", "Dale Bourque": "https://www.amazon.com/Dale-Bourque/dp/B0867HTB5P/ref=sr_1_4924?brr=1&dchild=1&qid=1634421551&rd=1&s=digital-skills&sr=1-4924", "Guess the language": "https://www.amazon.com/Avenir-Games-Limited-Guess-language/dp/B086698RZP/ref=sr_1_4925?brr=1&dchild=1&qid=1634421551&rd=1&s=digital-skills&sr=1-4925", "Cat Sounds": "https://www.amazon.com/Nickopanther-Cat-Sounds/dp/B08667R388/ref=sr_1_4926?brr=1&dchild=1&qid=1634421551&rd=1&s=digital-skills&sr=1-4926", "Crucible Quotes": "https://www.amazon.com/YouCantTouchThis-Crucible-Quotes/dp/B08655M7R5/ref=sr_1_4927?brr=1&dchild=1&qid=1634421551&rd=1&s=digital-skills&sr=1-4927", "Wasco Facts": "https://www.amazon.com/Isaacs-Company-Wasco-Facts/dp/B0864P2VQM/ref=sr_1_4928?brr=1&dchild=1&qid=1634421551&rd=1&s=digital-skills&sr=1-4928"}