{"Grizzly Quiz": "https://www.amazon.com/Volt14-Grizzly-Quiz/dp/B085Z5NGMX/ref=sr_1_4945?brr=1&dchild=1&qid=1634421557&rd=1&s=digital-skills&sr=1-4945", "Mockingbird": "https://www.amazon.com/Site-Bay-Limited-Mockingbird/dp/B085Y8CKSS/ref=sr_1_4946?brr=1&dchild=1&qid=1634421557&rd=1&s=digital-skills&sr=1-4946", "Buddy Thoughts": "https://www.amazon.com/Buddy-Cobb-Thoughts/dp/B085Y7WS18/ref=sr_1_4947?brr=1&dchild=1&qid=1634421557&rd=1&s=digital-skills&sr=1-4947", "Steve as a Service": "https://www.amazon.com/Steven-Moncada-Steve-as-Service/dp/B085Y7NL36/ref=sr_1_4948?brr=1&dchild=1&qid=1634421557&rd=1&s=digital-skills&sr=1-4948", "Tarantino Trivia": "https://www.amazon.com/Anthony-T-Tarantino-Trivia/dp/B085Y2P58L/ref=sr_1_4949?brr=1&dchild=1&qid=1634421557&rd=1&s=digital-skills&sr=1-4949", "Dogs Quiz": "https://www.amazon.com/Volt14-Dogs-Quiz/dp/B085XPQZH9/ref=sr_1_4950?brr=1&dchild=1&qid=1634421557&rd=1&s=digital-skills&sr=1-4950", "My Quiz": "https://www.amazon.com/Volt14-My-Quiz/dp/B085XNCPRL/ref=sr_1_4951?brr=1&dchild=1&qid=1634421557&rd=1&s=digital-skills&sr=1-4951", "Bandit Clicker": "https://www.amazon.com/TeamHaffey-Bandit-Clicker/dp/B085XMTJ67/ref=sr_1_4952?brr=1&dchild=1&qid=1634421557&rd=1&s=digital-skills&sr=1-4952", "Advisor": "https://www.amazon.com/Default-User-Advisor/dp/B085XGZMYR/ref=sr_1_4953?brr=1&dchild=1&qid=1634421557&rd=1&s=digital-skills&sr=1-4953", "Poughkeepsie quotes": "https://www.amazon.com/Spn-fan-Poughkeepsie-quotes/dp/B085XFWK18/ref=sr_1_4954?brr=1&dchild=1&qid=1634421557&rd=1&s=digital-skills&sr=1-4954", "best animes": "https://www.amazon.com/Bhavishay-Gulati-best-animes/dp/B085XDR4CJ/ref=sr_1_4955?brr=1&dchild=1&qid=1634421557&rd=1&s=digital-skills&sr=1-4955", "Tucker Family Trivia": "https://www.amazon.com/Jordan-Tucker-Family-Trivia/dp/B085X7Z98R/ref=sr_1_4956?brr=1&dchild=1&qid=1634421557&rd=1&s=digital-skills&sr=1-4956", "Gator Path": "https://www.amazon.com/Alec-Shears-Gator-Path/dp/B085X3DQZJ/ref=sr_1_4957?brr=1&dchild=1&qid=1634421557&rd=1&s=digital-skills&sr=1-4957", "Whose Turn": "https://www.amazon.com/Alexa-Blueprints-User-Whose-Turn/dp/B085X3B243/ref=sr_1_4958?brr=1&dchild=1&qid=1634421557&rd=1&s=digital-skills&sr=1-4958", "Cake Walk": "https://www.amazon.com/Naosha-Cake-Walk/dp/B085X2BLT9/ref=sr_1_4959?brr=1&dchild=1&qid=1634421557&rd=1&s=digital-skills&sr=1-4959", "Pr\u00f3kedex for Master Trainers": "https://www.amazon.com/Aut%C3%B4nomo-Pr%C3%B3kedex-for-Master-Trainers/dp/B085WSPYYD/ref=sr_1_4960?brr=1&dchild=1&qid=1634421557&rd=1&s=digital-skills&sr=1-4960"}