{"wish fun daily joke": "https://www.amazon.com/svadhyaya-info-wish-fun-daily-joke/dp/B085WQCHYN/ref=sr_1_4961?brr=1&dchild=1&qid=1634421560&rd=1&s=digital-skills&sr=1-4961", "Java Programming Quiz": "https://www.amazon.com/brunel-university-london-Java-Programming/dp/B085WFNCR7/ref=sr_1_4962?brr=1&dchild=1&qid=1634421560&rd=1&s=digital-skills&sr=1-4962", "Sherlock Holmes: The Great Game": "https://www.amazon.com/Sherlock-Holmes-The-Great-Game/dp/B085W8B1Y1/ref=sr_1_4963?brr=1&dchild=1&qid=1634421560&rd=1&s=digital-skills&sr=1-4963", "Memory verse": "https://www.amazon.com/Cooper-Memory-verse/dp/B085VXYSLB/ref=sr_1_4964?brr=1&dchild=1&qid=1634421560&rd=1&s=digital-skills&sr=1-4964", "Badger Behind The Counter": "https://www.amazon.com/AudioHooked-com-Badger-Behind-The-Counter/dp/B085VX2WJB/ref=sr_1_4965?brr=1&dchild=1&qid=1634421560&rd=1&s=digital-skills&sr=1-4965", "Fairy Birthday Party": "https://www.amazon.com/Michelle-Van-Campen-Fairy-Birthday/dp/B085VTY17X/ref=sr_1_4966?brr=1&dchild=1&qid=1634421560&rd=1&s=digital-skills&sr=1-4966", "Whose Turn": "https://www.amazon.com/Abby-Whose-Turn/dp/B085TJ4SLJ/ref=sr_1_4967?brr=1&dchild=1&qid=1634421560&rd=1&s=digital-skills&sr=1-4967", "Fortune alex": "https://www.amazon.com/Alex-Fortune-alex/dp/B085T8355P/ref=sr_1_4968?brr=1&dchild=1&qid=1634421560&rd=1&s=digital-skills&sr=1-4968", "Trouble Double": "https://www.amazon.com/Saksham-Trouble-Double/dp/B085S5WCQ5/ref=sr_1_4969?brr=1&dchild=1&qid=1634421560&rd=1&s=digital-skills&sr=1-4969", "Scale Helper": "https://www.amazon.com/AMEB-Scale-Helper/dp/B085RRL7YY/ref=sr_1_4970?brr=1&dchild=1&qid=1634421560&rd=1&s=digital-skills&sr=1-4970", "officer ranking": "https://www.amazon.com/Sasitorn-officer-ranking/dp/B085RLYBY3/ref=sr_1_4971?brr=1&dchild=1&qid=1634421560&rd=1&s=digital-skills&sr=1-4971", "Michelle's Birthday": "https://www.amazon.com/Michelles-world-Birthday/dp/B085RFJ5MB/ref=sr_1_4972?brr=1&dchild=1&qid=1634421560&rd=1&s=digital-skills&sr=1-4972", "Management Quotes": "https://www.amazon.com/treblelogic-Management-Quotes/dp/B085QNTVQF/ref=sr_1_4973?brr=1&dchild=1&qid=1634421560&rd=1&s=digital-skills&sr=1-4973", "Endgame Trivia Quiz (Unofficial)": "https://www.amazon.com/Omer-Inc-Endgame-Trivia-Unofficial/dp/B085QMWLR7/ref=sr_1_4974?brr=1&dchild=1&qid=1634421560&rd=1&s=digital-skills&sr=1-4974", "apex": "https://www.amazon.com/Bryan-apex/dp/B085QDPLW4/ref=sr_1_4975?brr=1&dchild=1&qid=1634421560&rd=1&s=digital-skills&sr=1-4975", "daily jokes": "https://www.amazon.com/Adam-man98-daily-jokes/dp/B085Q2F5H6/ref=sr_1_4976?brr=1&dchild=1&qid=1634421560&rd=1&s=digital-skills&sr=1-4976"}