{"Southern Grandma Trivia": "https://www.amazon.com/JulieDavisEDU-Southern-Grandma-Trivia/dp/B085CC4QZY/ref=sr_1_5009?brr=1&dchild=1&qid=1634421568&rd=1&s=digital-skills&sr=1-5009", "best football facts": "https://www.amazon.com/Shankha-Bhattacharya-best-football-facts/dp/B085C81HY5/ref=sr_1_5010?brr=1&dchild=1&qid=1634421568&rd=1&s=digital-skills&sr=1-5010", "Virology quizz": "https://www.amazon.com/EAB-Consulting-Virology-quizz/dp/B085C7HVJH/ref=sr_1_5011?brr=1&dchild=1&qid=1634421568&rd=1&s=digital-skills&sr=1-5011", "kevins quiz": "https://www.amazon.com/Faike-kevins-quiz/dp/B085C6XMGC/ref=sr_1_5012?brr=1&dchild=1&qid=1634421568&rd=1&s=digital-skills&sr=1-5012", "My Countdown": "https://www.amazon.com/Jace-lee-My-Countdown/dp/B085C6MCSL/ref=sr_1_5013?brr=1&dchild=1&qid=1634421568&rd=1&s=digital-skills&sr=1-5013", "Your Spirit Animal Personality Quiz": "https://www.amazon.com/Your-Spirit-Animal-Personality-Quiz/dp/B085C2PDCM/ref=sr_1_5014?brr=1&dchild=1&qid=1634421568&rd=1&s=digital-skills&sr=1-5014", "Season Four": "https://www.amazon.com/Faike-Season-Four/dp/B085BTZJG8/ref=sr_1_5015?brr=1&dchild=1&qid=1634421568&rd=1&s=digital-skills&sr=1-5015", "Whose Turn": "https://www.amazon.com/Joseph-P-Elwell-Whose-Turn/dp/B085BSRNL9/ref=sr_1_5016?brr=1&dchild=1&qid=1634421568&rd=1&s=digital-skills&sr=1-5016", "Weird Space Facts": "https://www.amazon.com/Voice-Games-Weird-Space-Facts/dp/B0859XVCWH/ref=sr_1_5017?brr=1&dchild=1&qid=1634421568&rd=1&s=digital-skills&sr=1-5017", "Bombers Workout": "https://www.amazon.com/By-The-Bombers-Workout/dp/B0859X7PV5/ref=sr_1_5018?brr=1&dchild=1&qid=1634421568&rd=1&s=digital-skills&sr=1-5018", "Trump Nickname Trivia": "https://www.amazon.com/Frank-Taylor-Trump-Nickname-Trivia/dp/B0859VSBK6/ref=sr_1_5019?brr=1&dchild=1&qid=1634421568&rd=1&s=digital-skills&sr=1-5019", "blindfold chess": "https://www.amazon.com/Laynr-blindfold-chess/dp/B0859QF8YL/ref=sr_1_5020?brr=1&dchild=1&qid=1634421568&rd=1&s=digital-skills&sr=1-5020", "Crooked Cavern": "https://www.amazon.com/Blue-Campfire-Crooked-Cavern/dp/B0859NTMV2/ref=sr_1_5021?brr=1&dchild=1&qid=1634421568&rd=1&s=digital-skills&sr=1-5021", "How Many Days": "https://www.amazon.com/Rebecca-How-Many-Days/dp/B0859CWM6S/ref=sr_1_5022?brr=1&dchild=1&qid=1634421568&rd=1&s=digital-skills&sr=1-5022", "American Sixties Radio": "https://www.amazon.com/Yimago-Radio-American-Sixties/dp/B08594VWY8/ref=sr_1_5023?brr=1&dchild=1&qid=1634421568&rd=1&s=digital-skills&sr=1-5023", "My mouse Trivia": "https://www.amazon.com/Angelshot555-My-mouse-Trivia/dp/B0858WHVK6/ref=sr_1_5024?brr=1&dchild=1&qid=1634421568&rd=1&s=digital-skills&sr=1-5024"}