{"Why Facts Depression should be taken seriously": "https://www.amazon.com/Facts-Depression-should-taken-seriously/dp/B0851ZRWXR/ref=sr_1_5057?brr=1&dchild=1&qid=1634421577&rd=1&s=digital-skills&sr=1-5057", "my quiz": "https://www.amazon.com/sherika-shaqqwaters-my-quiz/dp/B0851P3Z9V/ref=sr_1_5058?brr=1&dchild=1&qid=1634421577&rd=1&s=digital-skills&sr=1-5058", "Chore Chur": "https://www.amazon.com/P-Hill-Chore-Chur/dp/B0851B4F1D/ref=sr_1_5059?brr=1&dchild=1&qid=1634421577&rd=1&s=digital-skills&sr=1-5059", "Whose turn": "https://www.amazon.com/Sara-drake-Whose-turn/dp/B085162ZNX/ref=sr_1_5060?brr=1&dchild=1&qid=1634421577&rd=1&s=digital-skills&sr=1-5060", "trivia of dogs": "https://www.amazon.com/sherika-shaqqwaters-trivia-of-dogs/dp/B084ZZQDQL/ref=sr_1_5061?brr=1&dchild=1&qid=1634421577&rd=1&s=digital-skills&sr=1-5061", "Zone of Genius Quiz": "https://www.amazon.com/BOT-Employee-Zone-Genius-Quiz/dp/B084ZM4ZGM/ref=sr_1_5062?brr=1&dchild=1&qid=1634421577&rd=1&s=digital-skills&sr=1-5062", "Guess it?": "https://www.amazon.com/itachi_uchicha-Guess-it/dp/B084ZHZQYD/ref=sr_1_5063?brr=1&dchild=1&qid=1634421577&rd=1&s=digital-skills&sr=1-5063", "Electronic Quiz": "https://www.amazon.com/NS-Labs-Electronic-Quiz/dp/B084ZG5DKK/ref=sr_1_5064?brr=1&dchild=1&qid=1634421577&rd=1&s=digital-skills&sr=1-5064", "Tyro Tarot card of the day": "https://www.amazon.com/Outlook-Amusements-Inc-Tyro-Tarot/dp/B084ZDDPN2/ref=sr_1_5065?brr=1&dchild=1&qid=1634421577&rd=1&s=digital-skills&sr=1-5065", "Chore chart": "https://www.amazon.com/Alisha-Chore-chart/dp/B084Z78JP7/ref=sr_1_5066?brr=1&dchild=1&qid=1634421577&rd=1&s=digital-skills&sr=1-5066", "my randomizer thing": "https://www.amazon.com/ASFIhshfkasf-my-randomizer-thing/dp/B084Z69Q1L/ref=sr_1_5067?brr=1&dchild=1&qid=1634421577&rd=1&s=digital-skills&sr=1-5067", "ACG The Best Gaming Podcast": "https://www.amazon.com/ACG-The-Best-Gaming-Podcast/dp/B084YVR5GH/ref=sr_1_5068?brr=1&dchild=1&qid=1634421577&rd=1&s=digital-skills&sr=1-5068", "Blank Words": "https://www.amazon.com/Jack-Rains-Blank-Words/dp/B084YSS8K7/ref=sr_1_5069?brr=1&dchild=1&qid=1634421577&rd=1&s=digital-skills&sr=1-5069", "Haiku Poem": "https://www.amazon.com/Edasich-Haiku-Poem/dp/B084XB6DM3/ref=sr_1_5070?brr=1&dchild=1&qid=1634421577&rd=1&s=digital-skills&sr=1-5070", "Who's next": "https://www.amazon.com/Jazmin-Whos-next/dp/B084X6HNN2/ref=sr_1_5071?brr=1&dchild=1&qid=1634421577&rd=1&s=digital-skills&sr=1-5071", "Perfect Match": "https://www.amazon.com/JustForFun-Perfect-Match/dp/B084X5ST2Z/ref=sr_1_5072?brr=1&dchild=1&qid=1634421577&rd=1&s=digital-skills&sr=1-5072"}