{"Cat facts": "https://www.amazon.com/Fall1ngStar-Cat-facts/dp/B084TW6NPS/ref=sr_1_5089?brr=1&dchild=1&qid=1634421583&rd=1&s=digital-skills&sr=1-5089", "animal cognition": "https://www.amazon.com/Unnati-animal-cognition/dp/B084TSYT5Z/ref=sr_1_5090?brr=1&dchild=1&qid=1634421583&rd=1&s=digital-skills&sr=1-5090", "Cow Sounds": "https://www.amazon.com/Nickopanther-Cow-Sounds/dp/B084TSCMTY/ref=sr_1_5091?brr=1&dchild=1&qid=1634421583&rd=1&s=digital-skills&sr=1-5091", "Astonishing facts": "https://www.amazon.com/sgupta-Astonishing-facts/dp/B084TRM95M/ref=sr_1_5092?brr=1&dchild=1&qid=1634421583&rd=1&s=digital-skills&sr=1-5092", "facts on india": "https://www.amazon.com/VARUN-facts-on-india/dp/B084TQWF54/ref=sr_1_5093?brr=1&dchild=1&qid=1634421583&rd=1&s=digital-skills&sr=1-5093", "Toss a Coin": "https://www.amazon.com/Nitin-Thakur-Toss-a-Coin/dp/B084TMWZ7S/ref=sr_1_5094?brr=1&dchild=1&qid=1634421583&rd=1&s=digital-skills&sr=1-5094", "Whose Turn": "https://www.amazon.com/Yeyi-Whose-Turn/dp/B084TKSPGG/ref=sr_1_5095?brr=1&dchild=1&qid=1634421583&rd=1&s=digital-skills&sr=1-5095", "interesting facts": "https://www.amazon.com/Unnati-interesting-facts/dp/B084T994WV/ref=sr_1_5096?brr=1&dchild=1&qid=1634421583&rd=1&s=digital-skills&sr=1-5096", "Roll a Die": "https://www.amazon.com/Nitin-Thakur-Roll-a-Die/dp/B084T7CJ2J/ref=sr_1_5097?brr=1&dchild=1&qid=1634421583&rd=1&s=digital-skills&sr=1-5097", "Word Mix": "https://www.amazon.com/Trilogic-Word-Mix/dp/B084SZQ34F/ref=sr_1_5098?brr=1&dchild=1&qid=1634421583&rd=1&s=digital-skills&sr=1-5098", "psychological facts": "https://www.amazon.com/Unnati-psychological-facts/dp/B084SY1RM6/ref=sr_1_5099?brr=1&dchild=1&qid=1634421583&rd=1&s=digital-skills&sr=1-5099", "Name the Artist": "https://www.amazon.com/Iguana-ASD-Name-the-Artist/dp/B084SRZ69F/ref=sr_1_5100?brr=1&dchild=1&qid=1634421583&rd=1&s=digital-skills&sr=1-5100", "Movie Moments": "https://www.amazon.com/Iguana-ASD-Movie-Moments/dp/B084SPF9FX/ref=sr_1_5101?brr=1&dchild=1&qid=1634421583&rd=1&s=digital-skills&sr=1-5101", "Shine Racing": "https://www.amazon.com/Saz-Shine-Racing/dp/B084SDTPY3/ref=sr_1_5102?brr=1&dchild=1&qid=1634421583&rd=1&s=digital-skills&sr=1-5102", "Doubles Trouble": "https://www.amazon.com/Emma-Rivera-Doubles-Trouble/dp/B084RZWCVJ/ref=sr_1_5103?brr=1&dchild=1&qid=1634421583&rd=1&s=digital-skills&sr=1-5103", "Grannys show": "https://www.amazon.com/Charliemac-Grannys-show/dp/B084RNGGHX/ref=sr_1_5104?brr=1&dchild=1&qid=1634421583&rd=1&s=digital-skills&sr=1-5104"}