{"Downton Abbey": "https://www.amazon.com/Rodolfo-Bonucci-Downton-Abbey/dp/B081R9NCN5/ref=sr_1_497?brr=1&dchild=1&qid=1634420767&rd=1&s=digital-skills&sr=1-497", "Twister Auto Spinner (Unofficial)": "https://www.amazon.com/DryGarStudios-Twister-Auto-Spinner-Unofficial/dp/B08VJ8BJFZ/ref=sr_1_498?brr=1&dchild=1&qid=1634420767&rd=1&s=digital-skills&sr=1-498", "Apex drop": "https://www.amazon.com/Eric-Deyo-Apex-drop/dp/B082ZRDGWY/ref=sr_1_499?brr=1&dchild=1&qid=1634420767&rd=1&s=digital-skills&sr=1-499", "COD Warzone Drop": "https://www.amazon.com/Nate-Munk-COD-Warzone-Drop/dp/B0868JDNH2/ref=sr_1_500?brr=1&dchild=1&qid=1634420767&rd=1&s=digital-skills&sr=1-500", "Who Drinks - Drinking Game": "https://www.amazon.com/livecat-Who-Drinks-Drinking-Game/dp/B01NA87JOE/ref=sr_1_501?brr=1&dchild=1&qid=1634420767&rd=1&s=digital-skills&sr=1-501", "Memory Hero": "https://www.amazon.com/Stefan-Rebhan-Memory-Hero/dp/B081T5CL9H/ref=sr_1_502?brr=1&dchild=1&qid=1634420767&rd=1&s=digital-skills&sr=1-502", "Eighties Feel The Pressure": "https://www.amazon.com/Drew-Cosgrove-Eighties-Feel-Pressure/dp/B074J7M2P1/ref=sr_1_503?brr=1&dchild=1&qid=1634420767&rd=1&s=digital-skills&sr=1-503", "Categories Plus": "https://www.amazon.com/Verto-Lab-Categories-Plus/dp/B079GR2FSF/ref=sr_1_504?brr=1&dchild=1&qid=1634420767&rd=1&s=digital-skills&sr=1-504", "Sounds of Swanson": "https://www.amazon.com/Matthew-Wilde-Sounds-of-Swanson/dp/B078SZ29QQ/ref=sr_1_505?brr=1&dchild=1&qid=1634420767&rd=1&s=digital-skills&sr=1-505", "Finish The Phrase": "https://www.amazon.com/Alexa-Architects-Finish-The-Phrase/dp/B07W8J1GD3/ref=sr_1_506?brr=1&dchild=1&qid=1634420767&rd=1&s=digital-skills&sr=1-506", "doorbell sound": "https://www.amazon.com/Opero-doorbell-sound/dp/B08B8SJZLG/ref=sr_1_507?brr=1&dchild=1&qid=1634420767&rd=1&s=digital-skills&sr=1-507", "The Office Trivia Quiz": "https://www.amazon.com/LacyPark-The-Office-Trivia-Quiz/dp/B07HQQGJ64/ref=sr_1_508?brr=1&dchild=1&qid=1634420767&rd=1&s=digital-skills&sr=1-508", "Los Angeles Times Crossword": "https://www.amazon.com/Blutag-Inc-Angeles-Times-Crossword/dp/B08GXYZYDM/ref=sr_1_509?brr=1&dchild=1&qid=1634420767&rd=1&s=digital-skills&sr=1-509", "Amazing Sharks Facts": "https://www.amazon.com/Artek-Studio-Amazing-Sharks-Facts/dp/B07CXL3DKS/ref=sr_1_510?brr=1&dchild=1&qid=1634420767&rd=1&s=digital-skills&sr=1-510", "Killer Six": "https://www.amazon.com/Pressthe8-Killer-Six/dp/B08KHG41M2/ref=sr_1_511?brr=1&dchild=1&qid=1634420767&rd=1&s=digital-skills&sr=1-511", "White Field Stories: Animal Rescue": "https://www.amazon.com/White-Field-Stories-Animal-Rescue/dp/B07TKMMFCJ/ref=sr_1_512?brr=1&dchild=1&qid=1634420767&rd=1&s=digital-skills&sr=1-512"}