{"Smash Radio News Network": "https://www.amazon.com/Armbar-Studios-Smash-Radio-Network/dp/B084RGDGCY/ref=sr_1_5105?brr=1&dchild=1&qid=1634421586&rd=1&s=digital-skills&sr=1-5105", "BRAVO SIX": "https://www.amazon.com/Bob-Ross-BRAVO-SIX/dp/B084RFZ3FM/ref=sr_1_5106?brr=1&dchild=1&qid=1634421586&rd=1&s=digital-skills&sr=1-5106", "Rangers Fan Trivia": "https://www.amazon.com/DWILSYS-Rangers-Fan-Trivia/dp/B084RF2XWG/ref=sr_1_5107?brr=1&dchild=1&qid=1634421586&rd=1&s=digital-skills&sr=1-5107", "RISK": "https://www.amazon.com/Hasbro-Inc-RISK/dp/B084RCH8W6/ref=sr_1_5108?brr=1&dchild=1&qid=1634421586&rd=1&s=digital-skills&sr=1-5108", "Orc Name Generator": "https://www.amazon.com/Trevor-Smith-Orc-Name-Generator/dp/B084R9H8WK/ref=sr_1_5109?brr=1&dchild=1&qid=1634421586&rd=1&s=digital-skills&sr=1-5109", "METS Fan Trivia": "https://www.amazon.com/DWILSYS-METS-Fan-Trivia/dp/B084QJZXQS/ref=sr_1_5110?brr=1&dchild=1&qid=1634421586&rd=1&s=digital-skills&sr=1-5110", "Royals Fan Trivia": "https://www.amazon.com/DWILSYS-Royals-Fan-Trivia/dp/B084QJ7SJR/ref=sr_1_5111?brr=1&dchild=1&qid=1634421586&rd=1&s=digital-skills&sr=1-5111", "My Facts": "https://www.amazon.com/ssdf-My-Facts/dp/B084QD12SH/ref=sr_1_5112?brr=1&dchild=1&qid=1634421586&rd=1&s=digital-skills&sr=1-5112", "Calculate Chinese Zodiac By Year": "https://www.amazon.com/Calculate-Chinese-Zodiac-By-Year/dp/B084QCDH1V/ref=sr_1_5113?brr=1&dchild=1&qid=1634421586&rd=1&s=digital-skills&sr=1-5113", "this misunderstanding": "https://www.amazon.com/VayuVaidya-Bheemaiah-Anil-Kumar-misunderstanding/dp/B084QB451X/ref=sr_1_5114?brr=1&dchild=1&qid=1634421586&rd=1&s=digital-skills&sr=1-5114", "Diamondbacks Fan Trivia": "https://www.amazon.com/DWILSYS-Diamondbacks-Fan-Trivia/dp/B084Q83P55/ref=sr_1_5115?brr=1&dchild=1&qid=1634421586&rd=1&s=digital-skills&sr=1-5115", "Quizzy mania": "https://www.amazon.com/shubham-chaudhari-Quizzy-mania/dp/B084Q5B1DC/ref=sr_1_5116?brr=1&dchild=1&qid=1634421586&rd=1&s=digital-skills&sr=1-5116", "Radiation Island": "https://www.amazon.com/Jared-Radiation-Island/dp/B084PZZ2Q4/ref=sr_1_5117?brr=1&dchild=1&qid=1634421586&rd=1&s=digital-skills&sr=1-5117", "Nationals Fan Trivia": "https://www.amazon.com/DWILSYS-Nationals-Fan-Trivia/dp/B084PCFHMZ/ref=sr_1_5118?brr=1&dchild=1&qid=1634421586&rd=1&s=digital-skills&sr=1-5118", "How many letters?": "https://www.amazon.com/Rising-Phoenix-Creations-many-letters/dp/B084PBR5FZ/ref=sr_1_5119?brr=1&dchild=1&qid=1634421586&rd=1&s=digital-skills&sr=1-5119", "Energy Endgame": "https://www.amazon.com/National-Theatre-for-Children-Endgame/dp/B084P9PWP4/ref=sr_1_5120?brr=1&dchild=1&qid=1634421586&rd=1&s=digital-skills&sr=1-5120"}