{"Wild 'N Out": "https://www.amazon.com/MTV-Wild-N-Out/dp/B084NY1LFR/ref=sr_1_5121?brr=1&dchild=1&qid=1634421588&rd=1&s=digital-skills&sr=1-5121", "I Love You": "https://www.amazon.com/Nitin-Thakur-I-Love-You/dp/B084N8GZ8X/ref=sr_1_5122?brr=1&dchild=1&qid=1634421588&rd=1&s=digital-skills&sr=1-5122", "Categories Game": "https://www.amazon.com/Jon-Danford-Categories-Game/dp/B084MJ74PK/ref=sr_1_5123?brr=1&dchild=1&qid=1634421588&rd=1&s=digital-skills&sr=1-5123", "My Chores": "https://www.amazon.com/Chidvilas-My-Chores/dp/B084MHZ5RT/ref=sr_1_5124?brr=1&dchild=1&qid=1634421588&rd=1&s=digital-skills&sr=1-5124", "Vaping Information": "https://www.amazon.com/Jason-Vaping-Information/dp/B084MHLTX3/ref=sr_1_5125?brr=1&dchild=1&qid=1634421588&rd=1&s=digital-skills&sr=1-5125", "SnowDog Word Game": "https://www.amazon.com/Cameo-Anderson-SnowDog-Word-Game/dp/B084MGTV6G/ref=sr_1_5126?brr=1&dchild=1&qid=1634421588&rd=1&s=digital-skills&sr=1-5126", "Rock Fever": "https://www.amazon.com/Jordan-Rock-Fever/dp/B084MF9CD7/ref=sr_1_5127?brr=1&dchild=1&qid=1634421588&rd=1&s=digital-skills&sr=1-5127", "Whose Turn": "https://www.amazon.com/freddy-Whose-Turn/dp/B084LZSXNH/ref=sr_1_5130?brr=1&dchild=1&qid=1634421588&rd=1&s=digital-skills&sr=1-5130", "My Alzheimer\u2019s Facts": "https://www.amazon.com/Jonesware-My-Alzheimers-Facts/dp/B084MD4NN1/ref=sr_1_5129?brr=1&dchild=1&qid=1634421588&rd=1&s=digital-skills&sr=1-5129", "Prodapt Big Lots": "https://www.amazon.com/Prodapt-Big-Lots/dp/B084LFGXGD/ref=sr_1_5131?brr=1&dchild=1&qid=1634421588&rd=1&s=digital-skills&sr=1-5131", "Ice Cream Scoop": "https://www.amazon.com/Logan-K-Young-Cream-Scoop/dp/B084LDRMP6/ref=sr_1_5132?brr=1&dchild=1&qid=1634421588&rd=1&s=digital-skills&sr=1-5132", "Good Luck Trivia": "https://www.amazon.com/Oofer-junior-Good-Luck-Trivia/dp/B084L9RLV3/ref=sr_1_5133?brr=1&dchild=1&qid=1634421588&rd=1&s=digital-skills&sr=1-5133", "Random Overwatch picker (tank-damage-support)": "https://www.amazon.com/julian7165-Random-Overwatch-picker-tank-damage-support/dp/B084L22JS4/ref=sr_1_5134?brr=1&dchild=1&qid=1634421588&rd=1&s=digital-skills&sr=1-5134", "Unique Facts": "https://www.amazon.com/Peta-Unique-Facts/dp/B084L15FJ3/ref=sr_1_5135?brr=1&dchild=1&qid=1634421588&rd=1&s=digital-skills&sr=1-5135", "Doubles Trouble": "https://www.amazon.com/Meghan-French-Doubles-Trouble/dp/B084KZD487/ref=sr_1_5136?brr=1&dchild=1&qid=1634421588&rd=1&s=digital-skills&sr=1-5136"}