{"Pirates Fan Trivia": "https://www.amazon.com/DWILSYS-Pirates-Fan-Trivia/dp/B084KV4YVS/ref=sr_1_5137?brr=1&dchild=1&qid=1634421591&rd=1&s=digital-skills&sr=1-5137", "Vlog Squad trivia": "https://www.amazon.com/Kaleb-Vlog-Squad-trivia/dp/B084KP8NK4/ref=sr_1_5138?brr=1&dchild=1&qid=1634421591&rd=1&s=digital-skills&sr=1-5138", "Adam Facts": "https://www.amazon.com/PayPal-Adam-Facts/dp/B084JVM6WL/ref=sr_1_5139?brr=1&dchild=1&qid=1634421591&rd=1&s=digital-skills&sr=1-5139", "Wild Ranger": "https://www.amazon.com/Kevit-Technologies-Wild-Ranger/dp/B084JSDLZ8/ref=sr_1_5140?brr=1&dchild=1&qid=1634421591&rd=1&s=digital-skills&sr=1-5140", "Instill Distilling": "https://www.amazon.com/btotharye-Instill-Distilling/dp/B084JQXK6Q/ref=sr_1_5141?brr=1&dchild=1&qid=1634421591&rd=1&s=digital-skills&sr=1-5141", "Indian States Quiz Game": "https://www.amazon.com/Nitin-Thakur-Indian-States-Quiz/dp/B084JQTMLS/ref=sr_1_5142?brr=1&dchild=1&qid=1634421591&rd=1&s=digital-skills&sr=1-5142", "R S Bioethics": "https://www.amazon.com/Wasson-R-S-Bioethics/dp/B084JQM425/ref=sr_1_5143?brr=1&dchild=1&qid=1634421591&rd=1&s=digital-skills&sr=1-5143", "Rock, Paper, Scissors": "https://www.amazon.com/freeskill-Rock-Paper-Scissors/dp/B084JGXQJW/ref=sr_1_5148?brr=1&dchild=1&qid=1634421591&rd=1&s=digital-skills&sr=1-5148", "Motivate me": "https://www.amazon.com/PayPal-Motivate-me/dp/B084JNMT4P/ref=sr_1_5145?brr=1&dchild=1&qid=1634421591&rd=1&s=digital-skills&sr=1-5145", "Chef Lisa": "https://www.amazon.com/None-Chef-Lisa/dp/B084JJ3F73/ref=sr_1_5146?brr=1&dchild=1&qid=1634421591&rd=1&s=digital-skills&sr=1-5146", "FCF Tools": "https://www.amazon.com/Non-Local-FCF-Tools/dp/B084JHLV2N/ref=sr_1_5147?brr=1&dchild=1&qid=1634421591&rd=1&s=digital-skills&sr=1-5147", "My Facts Jan": "https://www.amazon.com/ssdf-My-Facts-Jan/dp/B084JF6ZSK/ref=sr_1_5149?brr=1&dchild=1&qid=1634421591&rd=1&s=digital-skills&sr=1-5149", "Couples Trouble": "https://www.amazon.com/Prayerson-Christian-Couples-Trouble/dp/B084HJHNKF/ref=sr_1_5150?brr=1&dchild=1&qid=1634421591&rd=1&s=digital-skills&sr=1-5150", "Top Bin - The Ultimate Soccer Challenge": "https://www.amazon.com/Top-Bin-Ultimate-Soccer-Challenge/dp/B084HC73L6/ref=sr_1_5151?brr=1&dchild=1&qid=1634421591&rd=1&s=digital-skills&sr=1-5151", "Number Facts": "https://www.amazon.com/Josey-Sandoval-Number-Facts/dp/B084H7263K/ref=sr_1_5152?brr=1&dchild=1&qid=1634421591&rd=1&s=digital-skills&sr=1-5152"}