{"logic master": "https://www.amazon.com/miniac-logic-master/dp/B084D9BLG4/ref=sr_1_5185?brr=1&dchild=1&qid=1634421600&rd=1&s=digital-skills&sr=1-5185", "Billy's Birthday Tracker": "https://www.amazon.com/Billy-Miller-Billys-Birthday-Tracker/dp/B084D6NFV3/ref=sr_1_5186?brr=1&dchild=1&qid=1634421600&rd=1&s=digital-skills&sr=1-5186", "Who's next": "https://www.amazon.com/Christopher-Lopez-Whos-next/dp/B084D4LHG1/ref=sr_1_5187?brr=1&dchild=1&qid=1634421600&rd=1&s=digital-skills&sr=1-5187", "Jewish Holiday Trivia": "https://www.amazon.com/Yitzchak-h-Jewish-Holiday-Trivia/dp/B084D3YJ4R/ref=sr_1_5188?brr=1&dchild=1&qid=1634421600&rd=1&s=digital-skills&sr=1-5188", "Phillies Fan Trivia": "https://www.amazon.com/DWILSYS-Phillies-Fan-Trivia/dp/B084D236C9/ref=sr_1_5189?brr=1&dchild=1&qid=1634421600&rd=1&s=digital-skills&sr=1-5189", "Lake ninety-eight point one": "https://www.amazon.com/Cool-Radio-Streaming-ninety-eight-point/dp/B084CV339R/ref=sr_1_5190?brr=1&dchild=1&qid=1634421600&rd=1&s=digital-skills&sr=1-5190", "Truth or Dare - Complete Edition": "https://www.amazon.com/Truth-or-Dare-Complete-Edition/dp/B084C3L1BH/ref=sr_1_5191?brr=1&dchild=1&qid=1634421600&rd=1&s=digital-skills&sr=1-5191", "Movie Plot": "https://www.amazon.com/Ujwala-Movie-Plot/dp/B084C2535V/ref=sr_1_5192?brr=1&dchild=1&qid=1634421600&rd=1&s=digital-skills&sr=1-5192", "World Smartz": "https://www.amazon.com/Tambron-Square-LLC-World-Smartz/dp/B084BTYXFW/ref=sr_1_5193?brr=1&dchild=1&qid=1634421600&rd=1&s=digital-skills&sr=1-5193", "Big Joker Bid Whist Card Game": "https://www.amazon.com/Big-Joker-Whist-Card-Game/dp/B084BSVCNY/ref=sr_1_5194?brr=1&dchild=1&qid=1634421600&rd=1&s=digital-skills&sr=1-5194", "Whose Turn": "https://www.amazon.com/Robot-Rejection-Whose-Turn/dp/B084BSFP8L/ref=sr_1_5195?brr=1&dchild=1&qid=1634421600&rd=1&s=digital-skills&sr=1-5195", "World War One Lessons Legacies Trivia": "https://www.amazon.com/World-War-Lessons-Legacies-Trivia/dp/B0849Y9DDB/ref=sr_1_5196?brr=1&dchild=1&qid=1634421600&rd=1&s=digital-skills&sr=1-5196", "Movies": "https://www.amazon.com/Saurabh-kumar-Movies/dp/B0849QXCCW/ref=sr_1_5197?brr=1&dchild=1&qid=1634421600&rd=1&s=digital-skills&sr=1-5197", "The Pugs test": "https://www.amazon.com/Pugsquadtech-The-Pugs-test/dp/B0849NJ5RP/ref=sr_1_5198?brr=1&dchild=1&qid=1634421600&rd=1&s=digital-skills&sr=1-5198", "The Love Test": "https://www.amazon.com/Vocala-co-The-Love-Test/dp/B0849N6G7Q/ref=sr_1_5199?brr=1&dchild=1&qid=1634421600&rd=1&s=digital-skills&sr=1-5199", "Eva's Garden Wellness Tips": "https://www.amazon.com/Dolivisa-Dev-Evas-Garden-Wellness/dp/B0849MN5V9/ref=sr_1_5200?brr=1&dchild=1&qid=1634421600&rd=1&s=digital-skills&sr=1-5200"}