{"Unleash Curiosity": "https://www.amazon.com/Gurprasad-Singh-Unleash-Curiosity/dp/B083NPM14W/ref=sr_1_5297?brr=1&dchild=1&qid=1634421620&rd=1&s=digital-skills&sr=1-5297", "Big Country Sports": "https://www.amazon.com/ShoutStreaming-Big-Country-Sports/dp/B083NJGZWS/ref=sr_1_5298?brr=1&dchild=1&qid=1634421620&rd=1&s=digital-skills&sr=1-5298", "Our Farm": "https://www.amazon.com/Widhey-Henrique-Our-Farm/dp/B083ND666Y/ref=sr_1_5299?brr=1&dchild=1&qid=1634421620&rd=1&s=digital-skills&sr=1-5299", "ip dip doo": "https://www.amazon.com/Josh-Hayward-ip-dip-doo/dp/B083M82WG2/ref=sr_1_5300?brr=1&dchild=1&qid=1634421620&rd=1&s=digital-skills&sr=1-5300", "Hello Dev": "https://www.amazon.com/MansimarSingh-Hello-Dev/dp/B083M644YH/ref=sr_1_5301?brr=1&dchild=1&qid=1634421620&rd=1&s=digital-skills&sr=1-5301", "Space Monkey": "https://www.amazon.com/TrulyGroup-Space-Monkey/dp/B083LSHZL8/ref=sr_1_5302?brr=1&dchild=1&qid=1634421620&rd=1&s=digital-skills&sr=1-5302", "Bedtime Story": "https://www.amazon.com/Ty-Bedtime-Story/dp/B083LLFKHZ/ref=sr_1_5303?brr=1&dchild=1&qid=1634421620&rd=1&s=digital-skills&sr=1-5303", "Whose Turn": "https://www.amazon.com/iostodeo-Whose-Turn/dp/B083LKBVZN/ref=sr_1_5304?brr=1&dchild=1&qid=1634421620&rd=1&s=digital-skills&sr=1-5304", "love's one birthday": "https://www.amazon.com/Default-User-loves-one-birthday/dp/B083L9Y4KZ/ref=sr_1_5305?brr=1&dchild=1&qid=1634421620&rd=1&s=digital-skills&sr=1-5305", "What we have": "https://www.amazon.com/Mike-assassin-What-we-have/dp/B083KN6JMW/ref=sr_1_5306?brr=1&dchild=1&qid=1634421620&rd=1&s=digital-skills&sr=1-5306", "Magic Oracle": "https://www.amazon.com/Inflated-Games-Magic-Oracle/dp/B083KBGQP3/ref=sr_1_5307?brr=1&dchild=1&qid=1634421620&rd=1&s=digital-skills&sr=1-5307", "Orc Pendulum": "https://www.amazon.com/Bubble-Logix-Orc-Pendulum/dp/B083K9QQGQ/ref=sr_1_5308?brr=1&dchild=1&qid=1634421620&rd=1&s=digital-skills&sr=1-5308", "Snakes and Ladders": "https://www.amazon.com/TeratekApp-Snakes-and-Ladders/dp/B083K8C21S/ref=sr_1_5309?brr=1&dchild=1&qid=1634421620&rd=1&s=digital-skills&sr=1-5309", "Double Dice": "https://www.amazon.com/Anthony-Penn-Double-Dice/dp/B083K5MZTV/ref=sr_1_5310?brr=1&dchild=1&qid=1634421620&rd=1&s=digital-skills&sr=1-5310", "Mental Calculator": "https://www.amazon.com/Independent-developer-Mental-Calculator/dp/B083K5JX3K/ref=sr_1_5311?brr=1&dchild=1&qid=1634421620&rd=1&s=digital-skills&sr=1-5311", "Superhero Info": "https://www.amazon.com/j_devil-Superhero-Info/dp/B083JY1MK9/ref=sr_1_5312?brr=1&dchild=1&qid=1634421620&rd=1&s=digital-skills&sr=1-5312"}