{"Tadpole Returns": "https://www.amazon.com/VayuVaidya-Dr-Bheemaiah-Anil-Kumar/dp/B083JQP46T/ref=sr_1_5313?brr=1&dchild=1&qid=1634421623&rd=1&s=digital-skills&sr=1-5313", "My Miranda Pancake": "https://www.amazon.com/VayuVaidya-Dr-Bheemaiah-Anil-Kumar/dp/B083JLXKPY/ref=sr_1_5314?brr=1&dchild=1&qid=1634421623&rd=1&s=digital-skills&sr=1-5314", "My Tadpole Story": "https://www.amazon.com/VayuVaidya-Dr-Bheemaiah-Anil-Kumar/dp/B083JLHYL9/ref=sr_1_5315?brr=1&dchild=1&qid=1634421623&rd=1&s=digital-skills&sr=1-5315", "Pyramid of Memory": "https://www.amazon.com/Particular-Pyramid-of-Memory/dp/B083JJ4LZG/ref=sr_1_5316?brr=1&dchild=1&qid=1634421623&rd=1&s=digital-skills&sr=1-5316", "Bad Jokes": "https://www.amazon.com/I-hate-u-Bad-Jokes/dp/B083JCYLW6/ref=sr_1_5317?brr=1&dchild=1&qid=1634421623&rd=1&s=digital-skills&sr=1-5317", "Just a quiz": "https://www.amazon.com/Jordan-Martin-Just-a-quiz/dp/B083HXHM8M/ref=sr_1_5318?brr=1&dchild=1&qid=1634421623&rd=1&s=digital-skills&sr=1-5318", "Whose Turn": "https://www.amazon.com/Claudia-Whose-Turn/dp/B083HN4MZ8/ref=sr_1_5321?brr=1&dchild=1&qid=1634421623&rd=1&s=digital-skills&sr=1-5321", "Ham Test": "https://www.amazon.com/Sally-Ham-Test/dp/B083HT6CSH/ref=sr_1_5320?brr=1&dchild=1&qid=1634421623&rd=1&s=digital-skills&sr=1-5320", "Catan Dice": "https://www.amazon.com/Anthony-Penn-Catan-Dice/dp/B083HJ29B7/ref=sr_1_5322?brr=1&dchild=1&qid=1634421623&rd=1&s=digital-skills&sr=1-5322", "Connor's Creature Report and other random fun fact": "https://www.amazon.com/Connors-Creature-Report-other-random/dp/B083HD7VCM/ref=sr_1_5323?brr=1&dchild=1&qid=1634421623&rd=1&s=digital-skills&sr=1-5323", "My Chess Companion": "https://www.amazon.com/Empire-developers-My-Chess-Companion/dp/B083HCHDRP/ref=sr_1_5324?brr=1&dchild=1&qid=1634421623&rd=1&s=digital-skills&sr=1-5324", "Whose Turn picker": "https://www.amazon.com/Madison-SM-Whose-Turn-picker/dp/B083HBY2GC/ref=sr_1_5325?brr=1&dchild=1&qid=1634421623&rd=1&s=digital-skills&sr=1-5325", "My Ghosty Story": "https://www.amazon.com/VayuVaidya-Dr-Bheemaiah-Anil-Kumar/dp/B083H9ZYCR/ref=sr_1_5326?brr=1&dchild=1&qid=1634421623&rd=1&s=digital-skills&sr=1-5326", "Michigan Fun Facts": "https://www.amazon.com/Tyler-Zyngier-Michigan-Fun-Facts/dp/B083H933Q6/ref=sr_1_5327?brr=1&dchild=1&qid=1634421623&rd=1&s=digital-skills&sr=1-5327", "Office Etiquette": "https://www.amazon.com/NA-Office-Etiquette/dp/B083H8B9BG/ref=sr_1_5328?brr=1&dchild=1&qid=1634421623&rd=1&s=digital-skills&sr=1-5328"}