{"Game of Thrones trivia": "https://www.amazon.com/Wills-Skills-Game-Thrones-trivia/dp/B083DM5V1J/ref=sr_1_5345?brr=1&dchild=1&qid=1634421629&rd=1&s=digital-skills&sr=1-5345", "Burger man story": "https://www.amazon.com/Caleb-Burger-man-story/dp/B083DJC8VD/ref=sr_1_5346?brr=1&dchild=1&qid=1634421629&rd=1&s=digital-skills&sr=1-5346", "Random Picker": "https://www.amazon.com/knp-Random-Picker/dp/B083DJ7R4B/ref=sr_1_5347?brr=1&dchild=1&qid=1634421629&rd=1&s=digital-skills&sr=1-5347", "Ship Mystery": "https://www.amazon.com/paperpanks-Ship-Mystery/dp/B083DHTDR3/ref=sr_1_5348?brr=1&dchild=1&qid=1634421629&rd=1&s=digital-skills&sr=1-5348", "My Name Picker": "https://www.amazon.com/Ava-richarte-My-Name-Picker/dp/B083DGS5TX/ref=sr_1_5349?brr=1&dchild=1&qid=1634421629&rd=1&s=digital-skills&sr=1-5349", "Champions Trivia": "https://www.amazon.com/appym-Champions-Trivia/dp/B083DG2MV9/ref=sr_1_5350?brr=1&dchild=1&qid=1634421629&rd=1&s=digital-skills&sr=1-5350", "Classic Rock": "https://www.amazon.com/Justin-Classic-Rock/dp/B083DFYPD6/ref=sr_1_5351?brr=1&dchild=1&qid=1634421629&rd=1&s=digital-skills&sr=1-5351", "Chore chart": "https://www.amazon.com/Momma-Chore-chart/dp/B083DF2NXX/ref=sr_1_5352?brr=1&dchild=1&qid=1634421629&rd=1&s=digital-skills&sr=1-5352", "Whose Turn": "https://www.amazon.com/Adrian-Whose-Turn/dp/B083DD1YT6/ref=sr_1_5355?brr=1&dchild=1&qid=1634421629&rd=1&s=digital-skills&sr=1-5355", "guess prime number": "https://www.amazon.com/Yinlin-Chen-guess-prime-number/dp/B083DD7JBG/ref=sr_1_5354?brr=1&dchild=1&qid=1634421629&rd=1&s=digital-skills&sr=1-5354", "Asher\u2019s Historical Trivia": "https://www.amazon.com/Asher-Bejar-Ashers-Historical-Trivia/dp/B083D8KHR3/ref=sr_1_5356?brr=1&dchild=1&qid=1634421629&rd=1&s=digital-skills&sr=1-5356", "EchoesOfNature": "https://www.amazon.com/TO-EchoesOfNature/dp/B083D8HM58/ref=sr_1_5357?brr=1&dchild=1&qid=1634421629&rd=1&s=digital-skills&sr=1-5357", "Knock on Door": "https://www.amazon.com/Nickopanther-Knock-on-Door/dp/B083D7Y2Y3/ref=sr_1_5358?brr=1&dchild=1&qid=1634421629&rd=1&s=digital-skills&sr=1-5358", "quizz sur velo": "https://www.amazon.com/gasar498-quizz-sur-velo/dp/B083D24N2K/ref=sr_1_5359?brr=1&dchild=1&qid=1634421629&rd=1&s=digital-skills&sr=1-5359", "Whose turn": "https://www.amazon.com/Samantha-Whose-turn/dp/B083C6C9F9/ref=sr_1_5360?brr=1&dchild=1&qid=1634421629&rd=1&s=digital-skills&sr=1-5360"}