{"Christian Music Trivia": "https://www.amazon.com/Chris-Gilland-Christian-Music-Trivia/dp/B0839D1TPX/ref=sr_1_5377?brr=1&dchild=1&qid=1634421635&rd=1&s=digital-skills&sr=1-5377", "Brock trivia": "https://www.amazon.com/Brock-trivia/dp/B08395673D/ref=sr_1_5378?brr=1&dchild=1&qid=1634421635&rd=1&s=digital-skills&sr=1-5378", "Who's next Pray": "https://www.amazon.com/Jesse-McFall-Whos-next-Pray/dp/B083953BFT/ref=sr_1_5379?brr=1&dchild=1&qid=1634421635&rd=1&s=digital-skills&sr=1-5379", "There's No Game": "https://www.amazon.com/Nirav-Multani-Theres-No-Game/dp/B08391T4YY/ref=sr_1_5380?brr=1&dchild=1&qid=1634421635&rd=1&s=digital-skills&sr=1-5380", "Family Trivia": "https://www.amazon.com/Luke-Family-Trivia/dp/B08391NLSQ/ref=sr_1_5381?brr=1&dchild=1&qid=1634421635&rd=1&s=digital-skills&sr=1-5381", "Whose Turn": "https://www.amazon.com/Eric-Whose-Turn/dp/B0838NLM6W/ref=sr_1_5390?brr=1&dchild=1&qid=1634421635&rd=1&s=digital-skills&sr=1-5390", "Buzz Quiz Show": "https://www.amazon.com/Thomas-Bernard-Buzz-Quiz-Show/dp/B083918SXD/ref=sr_1_5383?brr=1&dchild=1&qid=1634421635&rd=1&s=digital-skills&sr=1-5383", "Couples Time": "https://www.amazon.com/Kathan-Shah-Couples-Time/dp/B0839144MW/ref=sr_1_5384?brr=1&dchild=1&qid=1634421635&rd=1&s=digital-skills&sr=1-5384", "List Five Game": "https://www.amazon.com/KyLei-Scott-List-Five-Game/dp/B0838ZSYVV/ref=sr_1_5385?brr=1&dchild=1&qid=1634421635&rd=1&s=digital-skills&sr=1-5385", "Jets Chant": "https://www.amazon.com/Nickopanther-Jets-Chant/dp/B0838ZQZYT/ref=sr_1_5386?brr=1&dchild=1&qid=1634421635&rd=1&s=digital-skills&sr=1-5386", "Game Of Thrones Facts": "https://www.amazon.com/DSC-Game-Of-Thrones-Facts/dp/B0838XR1X4/ref=sr_1_5387?brr=1&dchild=1&qid=1634421635&rd=1&s=digital-skills&sr=1-5387", "Lucky Trivia": "https://www.amazon.com/Cloud-Nine-Sounds-Lucky-Trivia/dp/B0838WP3PV/ref=sr_1_5388?brr=1&dchild=1&qid=1634421635&rd=1&s=digital-skills&sr=1-5388", "cool quiz": "https://www.amazon.com/jakereekie-cool-quiz/dp/B0838VKNRM/ref=sr_1_5389?brr=1&dchild=1&qid=1634421635&rd=1&s=digital-skills&sr=1-5389", "Rock Paper Scissors Lizard Spock": "https://www.amazon.com/Rock-Paper-Scissors-Lizard-Spock/dp/B0838MR73R/ref=sr_1_5391?brr=1&dchild=1&qid=1634421635&rd=1&s=digital-skills&sr=1-5391", "Dhoni Fan": "https://www.amazon.com/Sankalp-Dhoni-Fan/dp/B0838KDMZT/ref=sr_1_5392?brr=1&dchild=1&qid=1634421635&rd=1&s=digital-skills&sr=1-5392"}