{"Premier League Show (unofficial)": "https://www.amazon.com/Sunveg-Nalwar-Premier-League-unofficial/dp/B0838BXBTK/ref=sr_1_5393?brr=1&dchild=1&qid=1634421637&rd=1&s=digital-skills&sr=1-5393", "Classical Dance": "https://www.amazon.com/DreamPixels-Classical-Dance/dp/B0838BP3JW/ref=sr_1_5394?brr=1&dchild=1&qid=1634421637&rd=1&s=digital-skills&sr=1-5394", "Chore chart": "https://www.amazon.com/Selah-Chore-chart/dp/B0838BHYK9/ref=sr_1_5395?brr=1&dchild=1&qid=1634421637&rd=1&s=digital-skills&sr=1-5395", "Pubg Trivia": "https://www.amazon.com/Nand-Kishor-Pubg-Trivia/dp/B0838B12YG/ref=sr_1_5396?brr=1&dchild=1&qid=1634421637&rd=1&s=digital-skills&sr=1-5396", "Couple's Troubles": "https://www.amazon.com/Paschal-Achonye-Couples-Troubles/dp/B08389PZ42/ref=sr_1_5397?brr=1&dchild=1&qid=1634421637&rd=1&s=digital-skills&sr=1-5397", "Dog's Best Friend": "https://www.amazon.com/Iguana-ASD-Dogs-Best-Friend/dp/B08384V111/ref=sr_1_5398?brr=1&dchild=1&qid=1634421637&rd=1&s=digital-skills&sr=1-5398", "The PL expert": "https://www.amazon.com/Sunveg-Nalwar-The-PL-expert/dp/B0837X62BM/ref=sr_1_5399?brr=1&dchild=1&qid=1634421637&rd=1&s=digital-skills&sr=1-5399", "Truth or Dare": "https://www.amazon.com/Iguana-ASD-Truth-or-Dare/dp/B0837LRF1R/ref=sr_1_5400?brr=1&dchild=1&qid=1634421637&rd=1&s=digital-skills&sr=1-5400", "IPL Quiz": "https://www.amazon.com/Sankalp-IPL-Quiz/dp/B0837LN97W/ref=sr_1_5401?brr=1&dchild=1&qid=1634421637&rd=1&s=digital-skills&sr=1-5401", "Fun Quiz": "https://www.amazon.com/bwind-Fun-Quiz/dp/B0837KWKDZ/ref=sr_1_5402?brr=1&dchild=1&qid=1634421637&rd=1&s=digital-skills&sr=1-5402", "Bollywood Dhamaal": "https://www.amazon.com/DataVizz-Bollywood-Dhamaal/dp/B0837J22YK/ref=sr_1_5403?brr=1&dchild=1&qid=1634421637&rd=1&s=digital-skills&sr=1-5403", "PUBG-MOBILE": "https://www.amazon.com/Anshul-Gupta-PUBG-MOBILE/dp/B0837FK8LH/ref=sr_1_5404?brr=1&dchild=1&qid=1634421637&rd=1&s=digital-skills&sr=1-5404", "Unicorn poo": "https://www.amazon.com/Matthew-M-Crain-Unicorn-poo/dp/B08378RXJZ/ref=sr_1_5405?brr=1&dchild=1&qid=1634421637&rd=1&s=digital-skills&sr=1-5405", "Who's next": "https://www.amazon.com/Shannon-Whos-next/dp/B083753XND/ref=sr_1_5406?brr=1&dchild=1&qid=1634421637&rd=1&s=digital-skills&sr=1-5406", "First Letter": "https://www.amazon.com/LightningThug-First-Letter/dp/B0837523T8/ref=sr_1_5407?brr=1&dchild=1&qid=1634421637&rd=1&s=digital-skills&sr=1-5407", "Chore Picker": "https://www.amazon.com/LightningThug-Chore-Picker/dp/B0836TV5J6/ref=sr_1_5408?brr=1&dchild=1&qid=1634421637&rd=1&s=digital-skills&sr=1-5408"}