{"Whose Turn": "https://www.amazon.com/Tyler-Whose-Turn/dp/B0836H48WM/ref=sr_1_5412?brr=1&dchild=1&qid=1634421640&rd=1&s=digital-skills&sr=1-5412", "Supporting Me": "https://www.amazon.com/Alaunu-Supporting-Me/dp/B0836PVY4S/ref=sr_1_5410?brr=1&dchild=1&qid=1634421640&rd=1&s=digital-skills&sr=1-5410", "The Best Game": "https://www.amazon.com/ck-heik-The-Best-Game/dp/B0836HD31C/ref=sr_1_5411?brr=1&dchild=1&qid=1634421640&rd=1&s=digital-skills&sr=1-5411", "Fire the Missile": "https://www.amazon.com/Nickopanther-Fire-the-Missile/dp/B0836DY97V/ref=sr_1_5413?brr=1&dchild=1&qid=1634421640&rd=1&s=digital-skills&sr=1-5413", "poe news": "https://www.amazon.com/RedVex-poe-news/dp/B0836BPT21/ref=sr_1_5414?brr=1&dchild=1&qid=1634421640&rd=1&s=digital-skills&sr=1-5414", "Texas history hunter": "https://www.amazon.com/mglass21-Texas-history-hunter/dp/B0836BMC2K/ref=sr_1_5415?brr=1&dchild=1&qid=1634421640&rd=1&s=digital-skills&sr=1-5415", "knowledge test": "https://www.amazon.com/kuldipsinh-chavda-knowledge-test/dp/B08369PFQG/ref=sr_1_5416?brr=1&dchild=1&qid=1634421640&rd=1&s=digital-skills&sr=1-5416", "Random picker": "https://www.amazon.com/Bruce-v-Random-picker/dp/B08357C711/ref=sr_1_5417?brr=1&dchild=1&qid=1634421640&rd=1&s=digital-skills&sr=1-5417", "Golf Love with Coach Wendy Hart": "https://www.amazon.com/Golf-Love-Coach-Wendy-Hart/dp/B0835518TG/ref=sr_1_5418?brr=1&dchild=1&qid=1634421640&rd=1&s=digital-skills&sr=1-5418", "Football Facts": "https://www.amazon.com/RahulMahesh62-Football-Facts/dp/B08354KYDK/ref=sr_1_5419?brr=1&dchild=1&qid=1634421640&rd=1&s=digital-skills&sr=1-5419", "Indian Mythology Quiz": "https://www.amazon.com/Shankar-V-Thiyagarajan-Indian-Mythology/dp/B0834Q6X39/ref=sr_1_5420?brr=1&dchild=1&qid=1634421640&rd=1&s=digital-skills&sr=1-5420", "My Quiz": "https://www.amazon.com/Cason-My-Quiz/dp/B0834Q4QWD/ref=sr_1_5421?brr=1&dchild=1&qid=1634421640&rd=1&s=digital-skills&sr=1-5421", "cake walk": "https://www.amazon.com/Raj-Bhalala-cake-walk/dp/B0834PRSJH/ref=sr_1_5422?brr=1&dchild=1&qid=1634421640&rd=1&s=digital-skills&sr=1-5422", "Doubles Trouble Friends": "https://www.amazon.com/Hannah-White-Doubles-Trouble-Friends/dp/B0834P9CNY/ref=sr_1_5423?brr=1&dchild=1&qid=1634421640&rd=1&s=digital-skills&sr=1-5423", "Testo one": "https://www.amazon.com/Sebastien-Testo-one/dp/B0834NZHH5/ref=sr_1_5424?brr=1&dchild=1&qid=1634421640&rd=1&s=digital-skills&sr=1-5424"}