{"Daily Quiz": "https://www.amazon.com/nikhil-kumar-Daily-Quiz/dp/B0833CT82B/ref=sr_1_5441?brr=1&dchild=1&qid=1634421646&rd=1&s=digital-skills&sr=1-5441", "Turn Chooser": "https://www.amazon.com/Alex-Briffett-Turn-Chooser/dp/B08339XHXB/ref=sr_1_5442?brr=1&dchild=1&qid=1634421646&rd=1&s=digital-skills&sr=1-5442", "RPS101": "https://www.amazon.com/TZ-TECHNO-RPS101/dp/B0832QZJSK/ref=sr_1_5443?brr=1&dchild=1&qid=1634421646&rd=1&s=digital-skills&sr=1-5443", "Mark's City Guide": "https://www.amazon.com/Carrier-Access-IT-Marks-Guide/dp/B0832QKBY6/ref=sr_1_5444?brr=1&dchild=1&qid=1634421646&rd=1&s=digital-skills&sr=1-5444", "Talk Like an Aussie": "https://www.amazon.com/Iguana-ASD-Talk-Like-Aussie/dp/B0832N1LL8/ref=sr_1_5445?brr=1&dchild=1&qid=1634421646&rd=1&s=digital-skills&sr=1-5445", "walk on cake": "https://www.amazon.com/vasuvg-walk-on-cake/dp/B0832KK5RG/ref=sr_1_5446?brr=1&dchild=1&qid=1634421646&rd=1&s=digital-skills&sr=1-5446", "Letter Game (Europe Edition)": "https://www.amazon.com/Adil-Shaik-Letter-Europe-Edition/dp/B0832HDZSJ/ref=sr_1_5447?brr=1&dchild=1&qid=1634421646&rd=1&s=digital-skills&sr=1-5447", "Pick someone": "https://www.amazon.com/Beth-Pick-someone/dp/B0832FSXGJ/ref=sr_1_5448?brr=1&dchild=1&qid=1634421646&rd=1&s=digital-skills&sr=1-5448", "Hip hop quotes": "https://www.amazon.com/Tony-Diaz-Hip-hop-quotes/dp/B0832CLZXF/ref=sr_1_5449?brr=1&dchild=1&qid=1634421646&rd=1&s=digital-skills&sr=1-5449", "Code Mash": "https://www.amazon.com/Jeff-Blankenburg-Code-Mash/dp/B0831NFP97/ref=sr_1_5450?brr=1&dchild=1&qid=1634421646&rd=1&s=digital-skills&sr=1-5450", "cake walk": "https://www.amazon.com/vasu-cake-walk/dp/B0831LJ84C/ref=sr_1_5451?brr=1&dchild=1&qid=1634421646&rd=1&s=digital-skills&sr=1-5451", "footballskill": "https://www.amazon.com/Hash1868-footballskill/dp/B0831LHX71/ref=sr_1_5452?brr=1&dchild=1&qid=1634421646&rd=1&s=digital-skills&sr=1-5452", "RPS5": "https://www.amazon.com/TZ-TECHNO-RPS5/dp/B0831L1ZWW/ref=sr_1_5453?brr=1&dchild=1&qid=1634421646&rd=1&s=digital-skills&sr=1-5453", "walk cake": "https://www.amazon.com/Raj-Bhalala-walk-cake/dp/B0831KV4MG/ref=sr_1_5454?brr=1&dchild=1&qid=1634421646&rd=1&s=digital-skills&sr=1-5454", "cake walking": "https://www.amazon.com/vasu-cake-walking/dp/B0831KFYN3/ref=sr_1_5455?brr=1&dchild=1&qid=1634421646&rd=1&s=digital-skills&sr=1-5455", "Family words": "https://www.amazon.com/Ramesh-Family-words/dp/B0831JDD46/ref=sr_1_5456?brr=1&dchild=1&qid=1634421646&rd=1&s=digital-skills&sr=1-5456"}