{"walk cake": "https://www.amazon.com/vasuvg-walk-cake/dp/B0831BWH54/ref=sr_1_5457?brr=1&dchild=1&qid=1634421649&rd=1&s=digital-skills&sr=1-5457", "Family Jokes": "https://www.amazon.com/Darius-and-cococ-Family-Jokes/dp/B082ZXWYNM/ref=sr_1_5461?brr=1&dchild=1&qid=1634421649&rd=1&s=digital-skills&sr=1-5461", "Kelli's Holiday Challenge": "https://www.amazon.com/Butterscotch-Blueprints-Kellis-Holiday-Challenge/dp/B08317TZMQ/ref=sr_1_5459?brr=1&dchild=1&qid=1634421649&rd=1&s=digital-skills&sr=1-5459", "Family Games": "https://www.amazon.com/NA-Family-Games/dp/B08312LG21/ref=sr_1_5460?brr=1&dchild=1&qid=1634421649&rd=1&s=digital-skills&sr=1-5460", "Howling Dogs": "https://www.amazon.com/Nickopanther-Howling-Dogs/dp/B082ZSTLCQ/ref=sr_1_5462?brr=1&dchild=1&qid=1634421649&rd=1&s=digital-skills&sr=1-5462", "british posh slang": "https://www.amazon.com/Noise-Vapours-british-posh-slang/dp/B082ZR7D77/ref=sr_1_5463?brr=1&dchild=1&qid=1634421649&rd=1&s=digital-skills&sr=1-5463", "mad desire": "https://www.amazon.com/by-Siddharth-Gaur-mad-desire/dp/B082ZQTLBG/ref=sr_1_5464?brr=1&dchild=1&qid=1634421649&rd=1&s=digital-skills&sr=1-5464", "How Many Days": "https://www.amazon.com/DAVID-TANT-How-Many-Days/dp/B082ZN2FR5/ref=sr_1_5465?brr=1&dchild=1&qid=1634421649&rd=1&s=digital-skills&sr=1-5465", "Siege Roulette": "https://www.amazon.com/Vaporstrike-Siege-Roulette/dp/B082ZMT6PX/ref=sr_1_5466?brr=1&dchild=1&qid=1634421649&rd=1&s=digital-skills&sr=1-5466", "My Holiday Story": "https://www.amazon.com/Gb-My-Holiday-Story/dp/B082ZJWSPH/ref=sr_1_5467?brr=1&dchild=1&qid=1634421649&rd=1&s=digital-skills&sr=1-5467", "Random Picker": "https://www.amazon.com/Mike-Random-Picker/dp/B082ZGJ9CK/ref=sr_1_5468?brr=1&dchild=1&qid=1634421649&rd=1&s=digital-skills&sr=1-5468", "Scare time": "https://www.amazon.com/FUN-services-Scare-time/dp/B082ZG9YCM/ref=sr_1_5469?brr=1&dchild=1&qid=1634421649&rd=1&s=digital-skills&sr=1-5469", "Unauthorised Naruto Quiz": "https://www.amazon.com/Rakshit-Kadam-Unauthorised-Naruto-Quiz/dp/B082ZDPTH3/ref=sr_1_5470?brr=1&dchild=1&qid=1634421649&rd=1&s=digital-skills&sr=1-5470", "FRIENDS T. V. SHOW QUIZ": "https://www.amazon.com/FRIENDS-T-V-SHOW-QUIZ/dp/B082ZD9NQT/ref=sr_1_5471?brr=1&dchild=1&qid=1634421649&rd=1&s=digital-skills&sr=1-5471", "Cinema D'Amore": "https://www.amazon.com/Cinema-DAmore/dp/B082Z9WMKY/ref=sr_1_5472?brr=1&dchild=1&qid=1634421649&rd=1&s=digital-skills&sr=1-5472"}