{"Quick Question (unofficial)": "https://www.amazon.com/Zach-Peters-Quick-Question-unofficial/dp/B082Z6878T/ref=sr_1_5473?brr=1&dchild=1&qid=1634421652&rd=1&s=digital-skills&sr=1-5473", "Historical Facts": "https://www.amazon.com/Techgecs-Historical-Facts/dp/B082Z28T1N/ref=sr_1_5474?brr=1&dchild=1&qid=1634421652&rd=1&s=digital-skills&sr=1-5474", "Bollywood Facts": "https://www.amazon.com/Techgecs-Bollywood-Facts/dp/B082YZYNG8/ref=sr_1_5475?brr=1&dchild=1&qid=1634421652&rd=1&s=digital-skills&sr=1-5475", "My Cephalon - Warframe Companion": "https://www.amazon.com/Anthony-Bryan-My-Cephalon-Companion/dp/B082YYQ2V2/ref=sr_1_5476?brr=1&dchild=1&qid=1634421652&rd=1&s=digital-skills&sr=1-5476", "Juked Esports Briefing": "https://www.amazon.com/Juked-Esports-Briefing/dp/B082YRR1H9/ref=sr_1_5477?brr=1&dchild=1&qid=1634421652&rd=1&s=digital-skills&sr=1-5477", "Whose Turn": "https://www.amazon.com/Saiful-Whose-Turn/dp/B082YRKG42/ref=sr_1_5478?brr=1&dchild=1&qid=1634421652&rd=1&s=digital-skills&sr=1-5478", "Quinten's Birthday Quiz": "https://www.amazon.com/Beau-Quintens-Birthday-Quiz/dp/B082YP71TP/ref=sr_1_5479?brr=1&dchild=1&qid=1634421652&rd=1&s=digital-skills&sr=1-5479", "Who is next": "https://www.amazon.com/Mahdi-Who-is-next/dp/B082YNW45H/ref=sr_1_5480?brr=1&dchild=1&qid=1634421652&rd=1&s=digital-skills&sr=1-5480", "Economic facts": "https://www.amazon.com/Techgecs-Economic-facts/dp/B082Y4WSTT/ref=sr_1_5481?brr=1&dchild=1&qid=1634421652&rd=1&s=digital-skills&sr=1-5481", "Ramanujan's Number": "https://www.amazon.com/gsahadev-Ramanujans-Number/dp/B082Y2DH47/ref=sr_1_5482?brr=1&dchild=1&qid=1634421652&rd=1&s=digital-skills&sr=1-5482", "Name Suggestions": "https://www.amazon.com/gsahadev-Name-Suggestions/dp/B082Y1TSD6/ref=sr_1_5483?brr=1&dchild=1&qid=1634421652&rd=1&s=digital-skills&sr=1-5483", "Smith Family Office Trivia": "https://www.amazon.com/Tim-and-Twila-Smith-Family/dp/B082XXM4V1/ref=sr_1_5484?brr=1&dchild=1&qid=1634421652&rd=1&s=digital-skills&sr=1-5484", "Dream Weaver Diaries: Unlocked": "https://www.amazon.com/EricJohnsonWriter-Dream-Weaver-Diaries-Unlocked/dp/B082XSXQCL/ref=sr_1_5485?brr=1&dchild=1&qid=1634421652&rd=1&s=digital-skills&sr=1-5485", "All you want": "https://www.amazon.com/Xavier-strong-man-All-want/dp/B082XRMF9G/ref=sr_1_5486?brr=1&dchild=1&qid=1634421652&rd=1&s=digital-skills&sr=1-5486", "Decision maker": "https://www.amazon.com/Vicente-Decision-maker/dp/B082XR177D/ref=sr_1_5487?brr=1&dchild=1&qid=1634421652&rd=1&s=digital-skills&sr=1-5487", "Programming Quiz": "https://www.amazon.com/Kuljeet-Singh-Programming-Quiz/dp/B082XJ7SZP/ref=sr_1_5488?brr=1&dchild=1&qid=1634421652&rd=1&s=digital-skills&sr=1-5488"}