{"Warm Wishes": "https://www.amazon.com/Your-Loved-Ones-Share-Kickers/dp/B082VPFKV7/ref=sr_1_5505?brr=1&dchild=1&qid=1634421657&rd=1&s=digital-skills&sr=1-5505", "GET MADE": "https://www.amazon.com/Your-Loved-Ones-Share-Kickers/dp/B082VN9W1C/ref=sr_1_5506?brr=1&dchild=1&qid=1634421657&rd=1&s=digital-skills&sr=1-5506", "Whose the BOSS": "https://www.amazon.com/Your-Loved-Ones-Share-Kickers/dp/B082VMDKK1/ref=sr_1_5507?brr=1&dchild=1&qid=1634421657&rd=1&s=digital-skills&sr=1-5507", "Whose Turn": "https://www.amazon.com/Pavel-Reyes-Whose-Turn/dp/B082TNP5WQ/ref=sr_1_5519?brr=1&dchild=1&qid=1634421657&rd=1&s=digital-skills&sr=1-5519", "Hangman Pro": "https://www.amazon.com/ESCENIT-Hangman-Pro/dp/B082VFC1RM/ref=sr_1_5509?brr=1&dchild=1&qid=1634421657&rd=1&s=digital-skills&sr=1-5509", "Indian Tech Quiz": "https://www.amazon.com/Adarsh-R-Indian-Tech-Quiz/dp/B082VDNBZQ/ref=sr_1_5510?brr=1&dchild=1&qid=1634421657&rd=1&s=digital-skills&sr=1-5510", "Movie Antakshari - Multiplayer Game of Movie Names": "https://www.amazon.com/Movie-Antakshari-Game-Names/dp/B082VC2FG8/ref=sr_1_5511?brr=1&dchild=1&qid=1634421657&rd=1&s=digital-skills&sr=1-5511", "Kidz Bop Star": "https://www.amazon.com/KIDZ-BOP-Star/dp/B082VBZSQJ/ref=sr_1_5512?brr=1&dchild=1&qid=1634421657&rd=1&s=digital-skills&sr=1-5512", "ISL Quiz": "https://www.amazon.com/Adarsh-R-ISL-Quiz/dp/B082VB91F5/ref=sr_1_5513?brr=1&dchild=1&qid=1634421657&rd=1&s=digital-skills&sr=1-5513", "Twist My Tongue": "https://www.amazon.com/Student-Twist-My-Tongue/dp/B082V8RKX8/ref=sr_1_5514?brr=1&dchild=1&qid=1634421657&rd=1&s=digital-skills&sr=1-5514", "My Favourite Chess Player": "https://www.amazon.com/Lalit-Borse-SAVIC-tech-Favourite/dp/B082V4HG5M/ref=sr_1_5515?brr=1&dchild=1&qid=1634421657&rd=1&s=digital-skills&sr=1-5515", "Delhi Quiz": "https://www.amazon.com/Udit-Chauhan-Delhi-Quiz/dp/B082V1VX3X/ref=sr_1_5516?brr=1&dchild=1&qid=1634421657&rd=1&s=digital-skills&sr=1-5516", "My Bad man": "https://www.amazon.com/Lawrencescarito-My-Bad-man/dp/B082TRV27W/ref=sr_1_5517?brr=1&dchild=1&qid=1634421657&rd=1&s=digital-skills&sr=1-5517", "GetDcHeros": "https://www.amazon.com/sravan-GetDcHeros/dp/B082TPJR5M/ref=sr_1_5518?brr=1&dchild=1&qid=1634421657&rd=1&s=digital-skills&sr=1-5518", "Mr Burns' Burns": "https://www.amazon.com/Alexander-Szeremeta-Mr-Burns/dp/B082TL2T66/ref=sr_1_5520?brr=1&dchild=1&qid=1634421657&rd=1&s=digital-skills&sr=1-5520"}