{"Metal Gear Quiz": "https://www.amazon.com/Anushk-Vijayvargiya-Metal-Gear-Quiz/dp/B082T47VGT/ref=sr_1_5521?brr=1&dchild=1&qid=1634421660&rd=1&s=digital-skills&sr=1-5521", "Geography Quiz": "https://www.amazon.com/AK-skills-World-Geography-Quiz/dp/B082SZSHBN/ref=sr_1_5522?brr=1&dchild=1&qid=1634421660&rd=1&s=digital-skills&sr=1-5522", "Super Funny Word Jokes That Will Make You Laugh": "https://www.amazon.com/Super-Funny-Word-Jokes-Laugh/dp/B082SW1P77/ref=sr_1_5523?brr=1&dchild=1&qid=1634421660&rd=1&s=digital-skills&sr=1-5523", "Voice Stories": "https://www.amazon.com/Volley-Inc-Voice-Stories/dp/B082SQHRJK/ref=sr_1_5524?brr=1&dchild=1&qid=1634421660&rd=1&s=digital-skills&sr=1-5524", "RoyaleStats": "https://www.amazon.com/Tutorialwork-RoyaleStats/dp/B082SQ1HQP/ref=sr_1_5525?brr=1&dchild=1&qid=1634421660&rd=1&s=digital-skills&sr=1-5525", "Whose Turn": "https://www.amazon.com/Nina-perez-Whose-Turn/dp/B082SK7NJV/ref=sr_1_5526?brr=1&dchild=1&qid=1634421660&rd=1&s=digital-skills&sr=1-5526", "SHEEP FARM": "https://www.amazon.com/TZ-TECHNO-SHEEP-FARM/dp/B082SHLLY1/ref=sr_1_5527?brr=1&dchild=1&qid=1634421660&rd=1&s=digital-skills&sr=1-5527", "Cake Walk": "https://www.amazon.com/McCoy-Jamison-Cake-Walk/dp/B082S1D7KN/ref=sr_1_5528?brr=1&dchild=1&qid=1634421660&rd=1&s=digital-skills&sr=1-5528", "Royal Africa Facts": "https://www.amazon.com/DVG-Media-Royal-Africa-Facts/dp/B082RYQBGB/ref=sr_1_5529?brr=1&dchild=1&qid=1634421660&rd=1&s=digital-skills&sr=1-5529", "Dare Me?": "https://www.amazon.com/Budgie-Dare-Me/dp/B082RWZF88/ref=sr_1_5530?brr=1&dchild=1&qid=1634421660&rd=1&s=digital-skills&sr=1-5530", "dragon quiz": "https://www.amazon.com/sahil9001-dragon-quiz/dp/B082RWCC56/ref=sr_1_5531?brr=1&dchild=1&qid=1634421660&rd=1&s=digital-skills&sr=1-5531", "Listening Past Tense": "https://www.amazon.com/Charmtop-Consultants-Limited-Listening-Tense/dp/B082RTH52P/ref=sr_1_5532?brr=1&dchild=1&qid=1634421660&rd=1&s=digital-skills&sr=1-5532", "world facts": "https://www.amazon.com/Star-labs-world-facts/dp/B082RPTV2C/ref=sr_1_5533?brr=1&dchild=1&qid=1634421660&rd=1&s=digital-skills&sr=1-5533", "Quartz systems": "https://www.amazon.com/Emeraldmystic-Quartz-systems/dp/B082RMVQ8P/ref=sr_1_5534?brr=1&dchild=1&qid=1634421660&rd=1&s=digital-skills&sr=1-5534", "Tic Tac Toe Pro": "https://www.amazon.com/TheJamhead-Tic-Tac-Toe-Pro/dp/B082RDTHJD/ref=sr_1_5535?brr=1&dchild=1&qid=1634421660&rd=1&s=digital-skills&sr=1-5535", "My Tense Quiz": "https://www.amazon.com/Charmtop-Consultants-Limited-Tense-Quiz/dp/B082RCZ2JY/ref=sr_1_5536?brr=1&dchild=1&qid=1634421660&rd=1&s=digital-skills&sr=1-5536"}