{"Alkali Metals Trivia": "https://www.amazon.com/Hari-Alkali-Metals-Trivia/dp/B073JJ85GQ/ref=sr_1_545?brr=1&dchild=1&qid=1634420775&rd=1&s=digital-skills&sr=1-545", "Checkers Helper": "https://www.amazon.com/Cyrus-Vachha-Checkers-Helper/dp/B073Z6J852/ref=sr_1_546?brr=1&dchild=1&qid=1634420775&rd=1&s=digital-skills&sr=1-546", "Unofficial The Walking Dead Quiz": "https://www.amazon.com/Unofficial-The-Walking-Dead-Quiz/dp/B01N5GWLAV/ref=sr_1_547?brr=1&dchild=1&qid=1634420775&rd=1&s=digital-skills&sr=1-547", "Exit Zero": "https://www.amazon.com/1989-Exit-Zero/dp/B074PFCMND/ref=sr_1_548?brr=1&dchild=1&qid=1634420775&rd=1&s=digital-skills&sr=1-548", "Swimming Fact Generator": "https://www.amazon.com/Bannie-Pan-Swimming-Fact-Generator/dp/B072JLV6KB/ref=sr_1_549?brr=1&dchild=1&qid=1634420775&rd=1&s=digital-skills&sr=1-549", "Bollywood quiz": "https://www.amazon.com/Dilip-jain-Bollywood-quiz/dp/B07YSM7YYR/ref=sr_1_550?brr=1&dchild=1&qid=1634420775&rd=1&s=digital-skills&sr=1-550", "Serial killer trivia": "https://www.amazon.com/Alexa-Blueprints-User-Serial-killer/dp/B07QF7VSN6/ref=sr_1_551?brr=1&dchild=1&qid=1634420775&rd=1&s=digital-skills&sr=1-551", "Top Free from Apple UK Unofficial": "https://www.amazon.com/Top-Free-Apple-UK-Unofficial/dp/B07KQGLWL9/ref=sr_1_552?brr=1&dchild=1&qid=1634420775&rd=1&s=digital-skills&sr=1-552", "Holly bush Store 645": "https://www.amazon.com/Ingress-Ventures-Holly-bush-Store/dp/B098BBJJ7J/ref=sr_1_553?brr=1&dchild=1&qid=1634420775&rd=1&s=digital-skills&sr=1-553", "Mizzou Chant": "https://www.amazon.com/Duck-snort-Mizzou-Chant/dp/B078ZLS7VQ/ref=sr_1_554?brr=1&dchild=1&qid=1634420775&rd=1&s=digital-skills&sr=1-554", "Nim's Number Game": "https://www.amazon.com/eleven-dev-Nims-Number-Game/dp/B07V6BKCB4/ref=sr_1_555?brr=1&dchild=1&qid=1634420775&rd=1&s=digital-skills&sr=1-555", "Iceland Facts": "https://www.amazon.com/Rhall-Iceland-Facts/dp/B07JHT4PDK/ref=sr_1_556?brr=1&dchild=1&qid=1634420775&rd=1&s=digital-skills&sr=1-556", "Tales of Sasha: The Interactive Audio Game": "https://www.amazon.com/Tales-Sasha-Interactive-Audio-Game/dp/B09BN4M13F/ref=sr_1_557?brr=1&dchild=1&qid=1634420775&rd=1&s=digital-skills&sr=1-557", "Chatter Facts": "https://www.amazon.com/Chatterbox-Chatter-Facts/dp/B08R6LX4J2/ref=sr_1_558?brr=1&dchild=1&qid=1634420775&rd=1&s=digital-skills&sr=1-558", "Last Word": "https://www.amazon.com/Zhenhua-Last-Word/dp/B01MYEITCJ/ref=sr_1_559?brr=1&dchild=1&qid=1634420775&rd=1&s=digital-skills&sr=1-559", "Math Rap": "https://www.amazon.com/Ali-Abouelatta-Math-Rap/dp/B06XTN2WXQ/ref=sr_1_560?brr=1&dchild=1&qid=1634420775&rd=1&s=digital-skills&sr=1-560"}