{"Ocean Facts": "https://www.amazon.com/kalpit-pokra-Ocean-Facts/dp/B082BHZS6W/ref=sr_1_5617?brr=1&dchild=1&qid=1634421677&rd=1&s=digital-skills&sr=1-5617", "True or False": "https://www.amazon.com/labworks-io-USA-True-or-False/dp/B082BHYZNR/ref=sr_1_5618?brr=1&dchild=1&qid=1634421677&rd=1&s=digital-skills&sr=1-5618", "Python Quick Facts": "https://www.amazon.com/Sourav-Sharma-Python-Quick-Facts/dp/B082BG1XLB/ref=sr_1_5619?brr=1&dchild=1&qid=1634421677&rd=1&s=digital-skills&sr=1-5619", "Random Questions": "https://www.amazon.com/megasoft78-Random-Questions/dp/B0829W6T6S/ref=sr_1_5620?brr=1&dchild=1&qid=1634421677&rd=1&s=digital-skills&sr=1-5620", "Python Quiz": "https://www.amazon.com/Sourav-Sharma-Python-Quiz/dp/B0829TVQHH/ref=sr_1_5621?brr=1&dchild=1&qid=1634421677&rd=1&s=digital-skills&sr=1-5621", "Whose Turn": "https://www.amazon.com/Drugs-in-bugs-Whose-Turn/dp/B0829KJMLL/ref=sr_1_5625?brr=1&dchild=1&qid=1634421677&rd=1&s=digital-skills&sr=1-5625", "How Many Days": "https://www.amazon.com/Sami-How-Many-Days/dp/B0829QGZL9/ref=sr_1_5623?brr=1&dchild=1&qid=1634421677&rd=1&s=digital-skills&sr=1-5623", "Princess Penelope": "https://www.amazon.com/Jennifer-McPeak-Princess-Penelope/dp/B0829LXYGQ/ref=sr_1_5624?brr=1&dchild=1&qid=1634421677&rd=1&s=digital-skills&sr=1-5624", "Attractions Mikecrack": "https://www.amazon.com/SainzGamerYT-Attractions-Mikecrack/dp/B0829DZN65/ref=sr_1_5626?brr=1&dchild=1&qid=1634421677&rd=1&s=digital-skills&sr=1-5626", "Game choice": "https://www.amazon.com/Mr-Brown-Game-choice/dp/B08293N28V/ref=sr_1_5627?brr=1&dchild=1&qid=1634421677&rd=1&s=digital-skills&sr=1-5627", "Cross Country": "https://www.amazon.com/BB-Labs-Cross-Country/dp/B08292QVL1/ref=sr_1_5628?brr=1&dchild=1&qid=1634421677&rd=1&s=digital-skills&sr=1-5628", "Story Seeker": "https://www.amazon.com/Robert-Geil-Story-Seeker/dp/B0828V3DD9/ref=sr_1_5629?brr=1&dchild=1&qid=1634421677&rd=1&s=digital-skills&sr=1-5629", "My Ten Fact": "https://www.amazon.com/AMI-SECURITY-My-Ten-Fact/dp/B0828M3SXN/ref=sr_1_5630?brr=1&dchild=1&qid=1634421677&rd=1&s=digital-skills&sr=1-5630", "Who's next": "https://www.amazon.com/Tania-P-Whos-next/dp/B0828HTMWX/ref=sr_1_5631?brr=1&dchild=1&qid=1634421677&rd=1&s=digital-skills&sr=1-5631", "chemical flash cards": "https://www.amazon.com/Saransh-Paliwal-chemical-flash-cards/dp/B0827SGGMH/ref=sr_1_5632?brr=1&dchild=1&qid=1634421677&rd=1&s=digital-skills&sr=1-5632"}