{"Rift Companion": "https://www.amazon.com/fdd-Rift-Companion/dp/B0821P61JT/ref=sr_1_5681?brr=1&dchild=1&qid=1634421689&rd=1&s=digital-skills&sr=1-5681", "Tips for saving water": "https://www.amazon.com/edgarbelda-Tips-for-saving-water/dp/B0821MR9KH/ref=sr_1_5682?brr=1&dchild=1&qid=1634421689&rd=1&s=digital-skills&sr=1-5682", "Fortune Teller": "https://www.amazon.com/upper-batley-high-school-Fortune/dp/B0821MR6D9/ref=sr_1_5683?brr=1&dchild=1&qid=1634421689&rd=1&s=digital-skills&sr=1-5683", "Chess Quiz": "https://www.amazon.com/Tanha-Patel-Chess-Quiz/dp/B0821KX4ZK/ref=sr_1_5684?brr=1&dchild=1&qid=1634421689&rd=1&s=digital-skills&sr=1-5684", "The Housewives Test": "https://www.amazon.com/Oxygen-Box-The-Housewives-Test/dp/B0821F5J4V/ref=sr_1_5685?brr=1&dchild=1&qid=1634421689&rd=1&s=digital-skills&sr=1-5685", "Tanha's Chess Mania": "https://www.amazon.com/Tanha-Patel-Tanhas-Chess-Mania/dp/B0821828WY/ref=sr_1_5686?brr=1&dchild=1&qid=1634421689&rd=1&s=digital-skills&sr=1-5686", "Clue with the Ghost of Mrs. White": "https://www.amazon.com/Hasbro-Inc-Clue-Ghost-White/dp/B08215Y1Y7/ref=sr_1_5687?brr=1&dchild=1&qid=1634421689&rd=1&s=digital-skills&sr=1-5687", "Cricket Classics": "https://www.amazon.com/Code-Warriors-Cricket-Classics/dp/B08215W4MB/ref=sr_1_5688?brr=1&dchild=1&qid=1634421689&rd=1&s=digital-skills&sr=1-5688", "poke facts": "https://www.amazon.com/Antskill-poke-facts/dp/B08213D7YF/ref=sr_1_5689?brr=1&dchild=1&qid=1634421689&rd=1&s=digital-skills&sr=1-5689", "Constellation Facts": "https://www.amazon.com/OlioEngr-Development-Constellation-Facts/dp/B081ZXZX9W/ref=sr_1_5690?brr=1&dchild=1&qid=1634421689&rd=1&s=digital-skills&sr=1-5690", "Science Facts": "https://www.amazon.com/Mohit-Singh-Shaktawat-Science-Facts/dp/B081ZVMRYQ/ref=sr_1_5691?brr=1&dchild=1&qid=1634421689&rd=1&s=digital-skills&sr=1-5691", "Quiz Cult": "https://www.amazon.com/FunDii-Quiz-Cult/dp/B081ZS1D9L/ref=sr_1_5692?brr=1&dchild=1&qid=1634421689&rd=1&s=digital-skills&sr=1-5692", "magic game": "https://www.amazon.com/Romada-magic-game/dp/B081ZRPKQT/ref=sr_1_5693?brr=1&dchild=1&qid=1634421689&rd=1&s=digital-skills&sr=1-5693", "Basic Physics Quiz": "https://www.amazon.com/Siddharth-Mishra-Basic-Physics-Quiz/dp/B081ZJD6JT/ref=sr_1_5694?brr=1&dchild=1&qid=1634421689&rd=1&s=digital-skills&sr=1-5694", "Mash Up Adventures": "https://www.amazon.com/Touch-Press-Mash-Up-Adventures/dp/B081ZHCNP7/ref=sr_1_5695?brr=1&dchild=1&qid=1634421689&rd=1&s=digital-skills&sr=1-5695", "Neko Atsume": "https://www.amazon.com/Zone-Net-Neko-Atsume/dp/B081ZCYW42/ref=sr_1_5696?brr=1&dchild=1&qid=1634421689&rd=1&s=digital-skills&sr=1-5696"}