{"Black Quiz": "https://www.amazon.com/Jeffrey-Peralte-Black-Quiz/dp/B081XZLSC4/ref=sr_1_5713?brr=1&dchild=1&qid=1634421694&rd=1&s=digital-skills&sr=1-5713", "Harry Potter Quiz": "https://www.amazon.com/Tushar-Sethi-Harry-Potter-Quiz/dp/B081XZHH8V/ref=sr_1_5714?brr=1&dchild=1&qid=1634421694&rd=1&s=digital-skills&sr=1-5714", "Fact Trivia": "https://www.amazon.com/Aflah-Fact-Trivia/dp/B081XV6MV9/ref=sr_1_5715?brr=1&dchild=1&qid=1634421694&rd=1&s=digital-skills&sr=1-5715", "New Year Countdown": "https://www.amazon.com/Charmi-Mehta-New-Year-Countdown/dp/B081XTZQ3J/ref=sr_1_5716?brr=1&dchild=1&qid=1634421694&rd=1&s=digital-skills&sr=1-5716", "Laugh Out Loud": "https://www.amazon.com/College-Laugh-Out-Loud/dp/B081XSW9CR/ref=sr_1_5717?brr=1&dchild=1&qid=1634421694&rd=1&s=digital-skills&sr=1-5717", "My Advice": "https://www.amazon.com/BWSELF-My-Advice/dp/B081XSNGB6/ref=sr_1_5718?brr=1&dchild=1&qid=1634421694&rd=1&s=digital-skills&sr=1-5718", "Ralph Phrases": "https://www.amazon.com/Carlos-makes-Skills-Ralph-Phrases/dp/B081XS8Y19/ref=sr_1_5719?brr=1&dchild=1&qid=1634421694&rd=1&s=digital-skills&sr=1-5719", "Cod Facts": "https://www.amazon.com/Entertainers-Cod-Facts/dp/B081XGWHWW/ref=sr_1_5720?brr=1&dchild=1&qid=1634421694&rd=1&s=digital-skills&sr=1-5720", "Cricket_Facts": "https://www.amazon.com/Ratul-Cricket_Facts/dp/B081X8489X/ref=sr_1_5721?brr=1&dchild=1&qid=1634421694&rd=1&s=digital-skills&sr=1-5721", "Family quiz": "https://www.amazon.com/keerthi-Family-quiz/dp/B081WTFHW7/ref=sr_1_5722?brr=1&dchild=1&qid=1634421694&rd=1&s=digital-skills&sr=1-5722", "Action movies": "https://www.amazon.com/App-Sonia-Action-movies/dp/B081WR2CKF/ref=sr_1_5723?brr=1&dchild=1&qid=1634421694&rd=1&s=digital-skills&sr=1-5723", "First Letter": "https://www.amazon.com/Sleinous-First-Letter/dp/B081WF7FT6/ref=sr_1_5724?brr=1&dchild=1&qid=1634421694&rd=1&s=digital-skills&sr=1-5724", "Batley Facts": "https://www.amazon.com/MrAhmed-Batley-Facts/dp/B081W8V6BF/ref=sr_1_5725?brr=1&dchild=1&qid=1634421694&rd=1&s=digital-skills&sr=1-5725", "Hello there": "https://www.amazon.com/gansta-INC-Hello-there/dp/B081W8FSMZ/ref=sr_1_5726?brr=1&dchild=1&qid=1634421694&rd=1&s=digital-skills&sr=1-5726", "super quiz": "https://www.amazon.com/Teche_dude-super-quiz/dp/B081W7WFVH/ref=sr_1_5727?brr=1&dchild=1&qid=1634421694&rd=1&s=digital-skills&sr=1-5727", "its your turn": "https://www.amazon.com/Aman-jan-its-your-turn/dp/B081W6988B/ref=sr_1_5728?brr=1&dchild=1&qid=1634421694&rd=1&s=digital-skills&sr=1-5728"}