{"Broken English Films Podcast": "https://www.amazon.com/Broken-English-Films-Podcast/dp/B081V7ZCYB/ref=sr_1_5745?brr=1&dchild=1&qid=1634421700&rd=1&s=digital-skills&sr=1-5745", "We All Love Superheroes": "https://www.amazon.com/Little-White-Dog-inc-Superheroes/dp/B081V245YT/ref=sr_1_5746?brr=1&dchild=1&qid=1634421700&rd=1&s=digital-skills&sr=1-5746", "Discount Calculator": "https://www.amazon.com/bvcoe-new-delhi-Discount-Calculator/dp/B081TZ1N8P/ref=sr_1_5747?brr=1&dchild=1&qid=1634421700&rd=1&s=digital-skills&sr=1-5747", "Choice companion": "https://www.amazon.com/Lafontaine-Choice-companion/dp/B081TYDZRL/ref=sr_1_5748?brr=1&dchild=1&qid=1634421700&rd=1&s=digital-skills&sr=1-5748", "Rock, Paper, Scissors Xtreme": "https://www.amazon.com/kuraicm-Rock-Paper-Scissors-Xtreme/dp/B081TXMH52/ref=sr_1_5749?brr=1&dchild=1&qid=1634421700&rd=1&s=digital-skills&sr=1-5749", "Birthday Trivia Francis": "https://www.amazon.com/FOCKY-Birthday-Trivia-Francis/dp/B081TSCJ3M/ref=sr_1_5750?brr=1&dchild=1&qid=1634421700&rd=1&s=digital-skills&sr=1-5750", "Quote of the Day": "https://www.amazon.com/Adrian-Pal-Company-Quote-the/dp/B081TJXD8V/ref=sr_1_5751?brr=1&dchild=1&qid=1634421700&rd=1&s=digital-skills&sr=1-5751", "Very Tricky Dice": "https://www.amazon.com/Own-Very-Tricky-Dice/dp/B081THQV5F/ref=sr_1_5752?brr=1&dchild=1&qid=1634421700&rd=1&s=digital-skills&sr=1-5752", "The Decisive Dice": "https://www.amazon.com/V-The-decision-maker/dp/B081THM7G3/ref=sr_1_5753?brr=1&dchild=1&qid=1634421700&rd=1&s=digital-skills&sr=1-5753", "Colour Dice": "https://www.amazon.com/APUESTASFREE-SL-Colour-Dice/dp/B081TH6KS2/ref=sr_1_5754?brr=1&dchild=1&qid=1634421700&rd=1&s=digital-skills&sr=1-5754", "One dice": "https://www.amazon.com/MASINTERACTIVA-SL-One-dice/dp/B081TGCZPJ/ref=sr_1_5755?brr=1&dchild=1&qid=1634421700&rd=1&s=digital-skills&sr=1-5755", "Task turn": "https://www.amazon.com/Lafontaine-Task-turn/dp/B081TBPCMD/ref=sr_1_5756?brr=1&dchild=1&qid=1634421700&rd=1&s=digital-skills&sr=1-5756", "Indian Air Force": "https://www.amazon.com/Shaleen-Govil-Indian-Air-Force/dp/B081TB4H96/ref=sr_1_5757?brr=1&dchild=1&qid=1634421700&rd=1&s=digital-skills&sr=1-5757", "Fun Facts": "https://www.amazon.com/Damian-Fun-Facts/dp/B081T85BJ2/ref=sr_1_5758?brr=1&dchild=1&qid=1634421700&rd=1&s=digital-skills&sr=1-5758", "Joker Joke": "https://www.amazon.com/kuraicm-Joker-Joke/dp/B081T7VWWV/ref=sr_1_5759?brr=1&dchild=1&qid=1634421700&rd=1&s=digital-skills&sr=1-5759", "Alphabet game": "https://www.amazon.com/Avenir-Games-Limited-Alphabet-game/dp/B081T2N8X7/ref=sr_1_5760?brr=1&dchild=1&qid=1634421700&rd=1&s=digital-skills&sr=1-5760"}