{"Random Anime": "https://www.amazon.com/Michele-Random-Anime/dp/B081RRB96K/ref=sr_1_5777?brr=1&dchild=1&qid=1634421706&rd=1&s=digital-skills&sr=1-5777", "Quiz Game": "https://www.amazon.com/Debajit-Quiz-Game/dp/B081RN9XXS/ref=sr_1_5778?brr=1&dchild=1&qid=1634421706&rd=1&s=digital-skills&sr=1-5778", "PES - Soccer shootout": "https://www.amazon.com/Underground-Studios-S-r-l-PES-shootout/dp/B081RMDGCQ/ref=sr_1_5779?brr=1&dchild=1&qid=1634421706&rd=1&s=digital-skills&sr=1-5779", "Guess the Tamil Movie": "https://www.amazon.com/Shankar-V-Thiyagarajan-Guess-Tamil/dp/B081RKP368/ref=sr_1_5780?brr=1&dchild=1&qid=1634421706&rd=1&s=digital-skills&sr=1-5780", "Curiosities of Oviedo": "https://www.amazon.com/enolgargon-Curiosities-of-Oviedo/dp/B081RKD6LZ/ref=sr_1_5781?brr=1&dchild=1&qid=1634421706&rd=1&s=digital-skills&sr=1-5781", "funfackts": "https://www.amazon.com/loliconics-funfackts/dp/B081RJPT7T/ref=sr_1_5782?brr=1&dchild=1&qid=1634421706&rd=1&s=digital-skills&sr=1-5782", "spanish proverbs": "https://www.amazon.com/wayfactory-spanish-proverbs/dp/B081RJCKKB/ref=sr_1_5783?brr=1&dchild=1&qid=1634421706&rd=1&s=digital-skills&sr=1-5783", "Chistes de Lepe": "https://www.amazon.com/Manolo-Chistes-de-Lepe/dp/B081RGQWVM/ref=sr_1_5784?brr=1&dchild=1&qid=1634421706&rd=1&s=digital-skills&sr=1-5784", "Jokes on you": "https://www.amazon.com/Alejandro-Gimenez-Jokes-on-you/dp/B081RFRWZ1/ref=sr_1_5785?brr=1&dchild=1&qid=1634421706&rd=1&s=digital-skills&sr=1-5785", "ash list": "https://www.amazon.com/Anant-Rungta-ash-list/dp/B081RDTPNC/ref=sr_1_5786?brr=1&dchild=1&qid=1634421706&rd=1&s=digital-skills&sr=1-5786", "Twelve-sided dice": "https://www.amazon.com/Davidapps-Twelve-sided-dice/dp/B081RDS3Y5/ref=sr_1_5787?brr=1&dchild=1&qid=1634421706&rd=1&s=digital-skills&sr=1-5787", "the queen quiz": "https://www.amazon.com/queen-fan-the-quiz/dp/B081RC9JWS/ref=sr_1_5788?brr=1&dchild=1&qid=1634421706&rd=1&s=digital-skills&sr=1-5788", "Talking buddy": "https://www.amazon.com/Hemendra-Khatik-Talking-buddy/dp/B081RB8L75/ref=sr_1_5789?brr=1&dchild=1&qid=1634421706&rd=1&s=digital-skills&sr=1-5789", "Random App": "https://www.amazon.com/regtrh-Random-App/dp/B081R5SZGJ/ref=sr_1_5790?brr=1&dchild=1&qid=1634421706&rd=1&s=digital-skills&sr=1-5790", "superhero name": "https://www.amazon.com/Anant-Rungta-superhero-name/dp/B081R5CT42/ref=sr_1_5791?brr=1&dchild=1&qid=1634421706&rd=1&s=digital-skills&sr=1-5791", "Pygmy Mining: Relaxing Mining Sound Game": "https://www.amazon.com/Pygmy-Mining-Relaxing-Sound-Game/dp/B081QXHF4F/ref=sr_1_5792?brr=1&dchild=1&qid=1634421706&rd=1&s=digital-skills&sr=1-5792"}