{"Space Facts": "https://www.amazon.com/developer-Space-Facts/dp/B081NCTNPZ/ref=sr_1_5825?brr=1&dchild=1&qid=1634421715&rd=1&s=digital-skills&sr=1-5825", "Hero Info": "https://www.amazon.com/Coders-Mine-Hero-Info/dp/B081NBQYC8/ref=sr_1_5826?brr=1&dchild=1&qid=1634421715&rd=1&s=digital-skills&sr=1-5826", "Space Of Facts": "https://www.amazon.com/Student-Space-Of-Facts/dp/B081N85B5J/ref=sr_1_5827?brr=1&dchild=1&qid=1634421715&rd=1&s=digital-skills&sr=1-5827", "Hand Game": "https://www.amazon.com/Belorcio-Hand-Game/dp/B081N7F7GC/ref=sr_1_5828?brr=1&dchild=1&qid=1634421715&rd=1&s=digital-skills&sr=1-5828", "Roll A Dice": "https://www.amazon.com/Rishabh-dinkar-Roll-A-Dice/dp/B081N6HTJ8/ref=sr_1_5829?brr=1&dchild=1&qid=1634421715&rd=1&s=digital-skills&sr=1-5829", "Snack Facts": "https://www.amazon.com/University-of-Illinois-at-Urbana-Champaign/dp/B081N6HM3D/ref=sr_1_5830?brr=1&dchild=1&qid=1634421715&rd=1&s=digital-skills&sr=1-5830", "My Zoo": "https://www.amazon.com/Iguana-ASD-My-Zoo/dp/B081N4F633/ref=sr_1_5831?brr=1&dchild=1&qid=1634421715&rd=1&s=digital-skills&sr=1-5831", "Ho Ho Ho": "https://www.amazon.com/The-Appy-Slappers-Ho/dp/B081N3JKZ6/ref=sr_1_5832?brr=1&dchild=1&qid=1634421715&rd=1&s=digital-skills&sr=1-5832", "Dice for games": "https://www.amazon.com/Davidapps-Dice-for-games/dp/B081N262ZB/ref=sr_1_5833?brr=1&dchild=1&qid=1634421715&rd=1&s=digital-skills&sr=1-5833", "Whose Turn": "https://www.amazon.com/MedicineMan-Whose-Turn/dp/B081MV1RCJ/ref=sr_1_5836?brr=1&dchild=1&qid=1634421715&rd=1&s=digital-skills&sr=1-5836", "Maybee yes": "https://www.amazon.com/Alexs-Apps-Maybee-yes/dp/B081MSLWN3/ref=sr_1_5837?brr=1&dchild=1&qid=1634421715&rd=1&s=digital-skills&sr=1-5837", "Fiesty chooser": "https://www.amazon.com/Upper-Batley-High-School-chooser/dp/B081MRB7Q6/ref=sr_1_5838?brr=1&dchild=1&qid=1634421715&rd=1&s=digital-skills&sr=1-5838", "Score Counter": "https://www.amazon.com/Guillermo-Rivas-Score-Counter/dp/B081MQ7TRB/ref=sr_1_5839?brr=1&dchild=1&qid=1634421715&rd=1&s=digital-skills&sr=1-5839", "Who": "https://www.amazon.com/Xander-Caleb-Garcia-Who/dp/B081MBVZW1/ref=sr_1_5840?brr=1&dchild=1&qid=1634421715&rd=1&s=digital-skills&sr=1-5840"}