{"Superhero Trivia": "https://www.amazon.com/Codengg-Superhero-Trivia/dp/B081M33XHB/ref=sr_1_5846?brr=1&dchild=1&qid=1634421718&rd=1&s=digital-skills&sr=1-5846", "Quiz Master": "https://www.amazon.com/GALGOTIAS-UNIVERSITY-Quiz-Master/dp/B081M83FZX/ref=sr_1_5842?brr=1&dchild=1&qid=1634421718&rd=1&s=digital-skills&sr=1-5842", "30 Sided Dice": "https://www.amazon.com/perroviejo-30-Sided-Dice/dp/B081M7HN7L/ref=sr_1_5843?brr=1&dchild=1&qid=1634421718&rd=1&s=digital-skills&sr=1-5843", "millionare facts": "https://www.amazon.com/Rohan-sharma-millionare-facts/dp/B081M3P7PR/ref=sr_1_5844?brr=1&dchild=1&qid=1634421718&rd=1&s=digital-skills&sr=1-5844", "Blague One": "https://www.amazon.com/Stargate-Blague-One/dp/B081M3D6PG/ref=sr_1_5845?brr=1&dchild=1&qid=1634421718&rd=1&s=digital-skills&sr=1-5845", "Fact Skill": "https://www.amazon.com/Xiexiao-Luo-Fact-Skill/dp/B081M32VJR/ref=sr_1_5847?brr=1&dchild=1&qid=1634421718&rd=1&s=digital-skills&sr=1-5847", "Space facts": "https://www.amazon.com/Danyal-Zaidi-Space-facts/dp/B081LZPYQT/ref=sr_1_5848?brr=1&dchild=1&qid=1634421718&rd=1&s=digital-skills&sr=1-5848", "Two Dices": "https://www.amazon.com/MASINTERACTIVA-SL-Two-Dices/dp/B081LZG9HH/ref=sr_1_5849?brr=1&dchild=1&qid=1634421718&rd=1&s=digital-skills&sr=1-5849", "Space Facts": "https://www.amazon.com/Inderprastha-Engineering-College-Space-Facts/dp/B081LYYJGX/ref=sr_1_5850?brr=1&dchild=1&qid=1634421718&rd=1&s=digital-skills&sr=1-5850", "First Voice": "https://www.amazon.com/Galgotiyas-University-First-Voice/dp/B081LYY69B/ref=sr_1_5851?brr=1&dchild=1&qid=1634421718&rd=1&s=digital-skills&sr=1-5851", "Random Facts": "https://www.amazon.com/Navneet-Singh-Negi-Random-Facts/dp/B081LYH2MZ/ref=sr_1_5852?brr=1&dchild=1&qid=1634421718&rd=1&s=digital-skills&sr=1-5852", "Surgut Quiz": "https://www.amazon.com/Firkat-Surgut-Quiz/dp/B081LX8K9P/ref=sr_1_5853?brr=1&dchild=1&qid=1634421718&rd=1&s=digital-skills&sr=1-5853", "What Is My Spirit Animal": "https://www.amazon.com/What-Is-My-Spirit-Animal/dp/B081LWBTSN/ref=sr_1_5854?brr=1&dchild=1&qid=1634421718&rd=1&s=digital-skills&sr=1-5854", "International Soccer Manager": "https://www.amazon.com/Pressthe8-International-Soccer-Manager/dp/B081LTSSKR/ref=sr_1_5855?brr=1&dchild=1&qid=1634421718&rd=1&s=digital-skills&sr=1-5855", "The Aptitude Guy": "https://www.amazon.com/Vanshul-Bhasker-The-Aptitude-Guy/dp/B081LTHJ1L/ref=sr_1_5856?brr=1&dchild=1&qid=1634421718&rd=1&s=digital-skills&sr=1-5856"}