{"Cricket facts": "https://www.amazon.com/Md-Faiz-Cricket-facts/dp/B081FLJ9NS/ref=sr_1_5905?brr=1&dchild=1&qid=1634421730&rd=1&s=digital-skills&sr=1-5905", "My Nicolas": "https://www.amazon.com/Nicolas-Gabriel-My/dp/B081FJ1B6M/ref=sr_1_5906?brr=1&dchild=1&qid=1634421730&rd=1&s=digital-skills&sr=1-5906", "Roll your Spell": "https://www.amazon.com/Lauralaima-Roll-your-Spell/dp/B081FHHL6N/ref=sr_1_5907?brr=1&dchild=1&qid=1634421730&rd=1&s=digital-skills&sr=1-5907", "W.D.W. Trivia Quiz": "https://www.amazon.com/stephen2203-W-D-W-Trivia-Quiz/dp/B081FG94HG/ref=sr_1_5908?brr=1&dchild=1&qid=1634421730&rd=1&s=digital-skills&sr=1-5908", "Whose Turn is it now": "https://www.amazon.com/Whose-Turn-is-it-now/dp/B081FFK7QW/ref=sr_1_5909?brr=1&dchild=1&qid=1634421730&rd=1&s=digital-skills&sr=1-5909", "Splendid Facts": "https://www.amazon.com/Vedant-Splendid-Facts/dp/B081FF42M5/ref=sr_1_5910?brr=1&dchild=1&qid=1634421730&rd=1&s=digital-skills&sr=1-5910", "Random number (1-10)": "https://www.amazon.com/Erinni-Random-number-1-10/dp/B081FDW5RZ/ref=sr_1_5911?brr=1&dchild=1&qid=1634421730&rd=1&s=digital-skills&sr=1-5911", "Throw dices": "https://www.amazon.com/Alvea-Throw-dices/dp/B081F6GCN1/ref=sr_1_5912?brr=1&dchild=1&qid=1634421730&rd=1&s=digital-skills&sr=1-5912", "fun trivia": "https://www.amazon.com/Tall-Street-fun-trivia/dp/B081F668Q2/ref=sr_1_5913?brr=1&dchild=1&qid=1634421730&rd=1&s=digital-skills&sr=1-5913", "space facts": "https://www.amazon.com/Manaal-Mishra-space-facts/dp/B081F5GFK2/ref=sr_1_5914?brr=1&dchild=1&qid=1634421730&rd=1&s=digital-skills&sr=1-5914", "Fortnite Where We Droppin' for Chapter 2": "https://www.amazon.com/Fortnite-Where-We-Droppin-Chapter/dp/B081F2KW6W/ref=sr_1_5915?brr=1&dchild=1&qid=1634421730&rd=1&s=digital-skills&sr=1-5915", "90's Movie Trivia": "https://www.amazon.com/Steve-Vasquez-90s-Movie-Trivia/dp/B081DYYR68/ref=sr_1_5916?brr=1&dchild=1&qid=1634421730&rd=1&s=digital-skills&sr=1-5916", "flip a coin": "https://www.amazon.com/SergioA-flip-a-coin/dp/B081DRZNCP/ref=sr_1_5917?brr=1&dchild=1&qid=1634421730&rd=1&s=digital-skills&sr=1-5917", "knock knock jokes!": "https://www.amazon.com/moosetube123-knock-jokes/dp/B081DQLN1N/ref=sr_1_5918?brr=1&dchild=1&qid=1634421730&rd=1&s=digital-skills&sr=1-5918", "Murloc": "https://www.amazon.com/Dustin-Hanke-Murloc/dp/B081DLRJKW/ref=sr_1_5919?brr=1&dchild=1&qid=1634421730&rd=1&s=digital-skills&sr=1-5919", "Narendra Modi Facts": "https://www.amazon.com/Niketan-Mangulley-Narendra-Modi-Facts/dp/B081D9TQBB/ref=sr_1_5920?brr=1&dchild=1&qid=1634421730&rd=1&s=digital-skills&sr=1-5920"}