{"random state": "https://www.amazon.com/SergioA-random-state/dp/B081B1ZGHC/ref=sr_1_5937?brr=1&dchild=1&qid=1634421736&rd=1&s=digital-skills&sr=1-5937", "Curiosidades Errantes": "https://www.amazon.com/ElBigfootErrante-S-A-Curiosidades-Errantes/dp/B081B1XNF6/ref=sr_1_5938?brr=1&dchild=1&qid=1634421736&rd=1&s=digital-skills&sr=1-5938", "Push Up": "https://www.amazon.com/Baconator99-Push-Up/dp/B0819YKNHJ/ref=sr_1_5939?brr=1&dchild=1&qid=1634421736&rd=1&s=digital-skills&sr=1-5939", "State Capital Trivia": "https://www.amazon.com/Nate-Munk-State-Capital-Trivia/dp/B0819WY8WH/ref=sr_1_5940?brr=1&dchild=1&qid=1634421736&rd=1&s=digital-skills&sr=1-5940", "Programming Cheat Sheet": "https://www.amazon.com/Samarthya-Jaiswal-Programming-Cheat-Sheet/dp/B0819V4HWZ/ref=sr_1_5941?brr=1&dchild=1&qid=1634421736&rd=1&s=digital-skills&sr=1-5941", "united kingdom bigger cities": "https://www.amazon.com/Sergio-Alcaraz-S%C3%A1nchez-united-kingdom/dp/B0819TLJMT/ref=sr_1_5942?brr=1&dchild=1&qid=1634421736&rd=1&s=digital-skills&sr=1-5942", "Xtreme jokes": "https://www.amazon.com/manumanumanu-Productions-Xtreme-jokes/dp/B0819MRGYV/ref=sr_1_5943?brr=1&dchild=1&qid=1634421736&rd=1&s=digital-skills&sr=1-5943", "Family Jokes": "https://www.amazon.com/Jay-Raikhere-Family-Jokes/dp/B0819M478Q/ref=sr_1_5944?brr=1&dchild=1&qid=1634421736&rd=1&s=digital-skills&sr=1-5944", "Michael trivia button": "https://www.amazon.com/michael-foster-Michael-trivia-button/dp/B0819LB4Y3/ref=sr_1_5945?brr=1&dchild=1&qid=1634421736&rd=1&s=digital-skills&sr=1-5945", "Astronomical Quiz": "https://www.amazon.com/Ninad-Kalanke-Astronomical-Quiz/dp/B0819JRJYN/ref=sr_1_5946?brr=1&dchild=1&qid=1634421736&rd=1&s=digital-skills&sr=1-5946", "Rock Paper Scissors Shoot! By RUG": "https://www.amazon.com/Rock-Paper-Scissors-Shoot-RUG/dp/B0819JGXJJ/ref=sr_1_5947?brr=1&dchild=1&qid=1634421736&rd=1&s=digital-skills&sr=1-5947", "Random Words": "https://www.amazon.com/eres-Random-Words/dp/B0819HFQV6/ref=sr_1_5948?brr=1&dchild=1&qid=1634421736&rd=1&s=digital-skills&sr=1-5948", "My Quiz": "https://www.amazon.com/Jay-Raikhere-My-Quiz/dp/B0819CNTHG/ref=sr_1_5949?brr=1&dchild=1&qid=1634421736&rd=1&s=digital-skills&sr=1-5949", "My Facts": "https://www.amazon.com/Jay-Raikhere-My-Facts/dp/B08192NP9G/ref=sr_1_5950?brr=1&dchild=1&qid=1634421736&rd=1&s=digital-skills&sr=1-5950", "test my knowledge": "https://www.amazon.com/Vijayalakshmi-test-my-knowledge/dp/B0818W8HX9/ref=sr_1_5951?brr=1&dchild=1&qid=1634421736&rd=1&s=digital-skills&sr=1-5951", "ELC Influencer Experience": "https://www.amazon.com/The-Eagle-Learning-Center-Influencer/dp/B0818T2DV3/ref=sr_1_5952?brr=1&dchild=1&qid=1634421736&rd=1&s=digital-skills&sr=1-5952"}