{"Yes No Maybe": "https://www.amazon.com/KHALI-GRAHAM-Yes-No-Maybe/dp/B0818RLPZX/ref=sr_1_5953?brr=1&dchild=1&qid=1634421739&rd=1&s=digital-skills&sr=1-5953", "American Baseball Facts": "https://www.amazon.com/Aaron-Holness-American-Baseball-Facts/dp/B0818QFGDH/ref=sr_1_5954?brr=1&dchild=1&qid=1634421739&rd=1&s=digital-skills&sr=1-5954", "Her Story": "https://www.amazon.com/Virtual-News-Center-Her-Story/dp/B0818KN136/ref=sr_1_5955?brr=1&dchild=1&qid=1634421739&rd=1&s=digital-skills&sr=1-5955", "Impossible Trivia": "https://www.amazon.com/The-Sluice-Gate-Impossible-Trivia/dp/B0818FJP54/ref=sr_1_5956?brr=1&dchild=1&qid=1634421739&rd=1&s=digital-skills&sr=1-5956", "Never have I ever game (+400 Questions)": "https://www.amazon.com/Never-have-ever-game-Questions/dp/B08189GMV6/ref=sr_1_5957?brr=1&dchild=1&qid=1634421739&rd=1&s=digital-skills&sr=1-5957", "Rub some bacon": "https://www.amazon.com/77hatmanamos-Rub-some-bacon/dp/B08188698W/ref=sr_1_5958?brr=1&dchild=1&qid=1634421739&rd=1&s=digital-skills&sr=1-5958", "General Quiz": "https://www.amazon.com/AKASH-RAJAN-VERMA-General-Quiz/dp/B08184P8J2/ref=sr_1_5959?brr=1&dchild=1&qid=1634421739&rd=1&s=digital-skills&sr=1-5959", "Who's next": "https://www.amazon.com/Prakhar-Whos-next/dp/B0817XTL29/ref=sr_1_5960?brr=1&dchild=1&qid=1634421739&rd=1&s=digital-skills&sr=1-5960", "Random Weird Facts": "https://www.amazon.com/Abhishek-Bhosale-Random-Weird-Facts/dp/B0817XPM99/ref=sr_1_5961?brr=1&dchild=1&qid=1634421739&rd=1&s=digital-skills&sr=1-5961", "mind masher": "https://www.amazon.com/Lee-Haigh-mind-masher/dp/B0817PXJM2/ref=sr_1_5962?brr=1&dchild=1&qid=1634421739&rd=1&s=digital-skills&sr=1-5962", "Mini Quiz": "https://www.amazon.com/japusa-Mini-Quiz/dp/B0817MTBRM/ref=sr_1_5963?brr=1&dchild=1&qid=1634421739&rd=1&s=digital-skills&sr=1-5963", "Lie Like a Rug": "https://www.amazon.com/Iguana-ASD-Lie-Like-Rug/dp/B0817MGW7L/ref=sr_1_5964?brr=1&dchild=1&qid=1634421739&rd=1&s=digital-skills&sr=1-5964", "Number Game": "https://www.amazon.com/Deals-Number-Game/dp/B0817M8L4V/ref=sr_1_5965?brr=1&dchild=1&qid=1634421739&rd=1&s=digital-skills&sr=1-5965", "Flip a bitcoin": "https://www.amazon.com/edgarbelda-Flip-a-bitcoin/dp/B0817BK7QZ/ref=sr_1_5966?brr=1&dchild=1&qid=1634421739&rd=1&s=digital-skills&sr=1-5966", "My Business Facts": "https://www.amazon.com/Avinash-Gupta-My-Business-Facts/dp/B08177QBJW/ref=sr_1_5967?brr=1&dchild=1&qid=1634421739&rd=1&s=digital-skills&sr=1-5967", "Ticket to Ride Europe": "https://www.amazon.com/Days-of-Wonder-Ticket-Europe/dp/B081775X6C/ref=sr_1_5968?brr=1&dchild=1&qid=1634421739&rd=1&s=digital-skills&sr=1-5968"}