{"Make Me Dumb": "https://www.amazon.com/Waste-of-Time-Productions-Make/dp/B0813PT9TG/ref=sr_1_6001?brr=1&dchild=1&qid=1634421748&rd=1&s=digital-skills&sr=1-6001", "Mark Twain Quotes": "https://www.amazon.com/mitt-Mark-Twain-Quotes/dp/B0813NW67T/ref=sr_1_6002?brr=1&dchild=1&qid=1634421748&rd=1&s=digital-skills&sr=1-6002", "So Many Problems Daily": "https://www.amazon.com/Join-In-Games-Problems-Daily/dp/B0813MHDHT/ref=sr_1_6003?brr=1&dchild=1&qid=1634421748&rd=1&s=digital-skills&sr=1-6003", "Vegetable Facts": "https://www.amazon.com/simon-smith-Vegetable-Facts/dp/B0813H5KFZ/ref=sr_1_6004?brr=1&dchild=1&qid=1634421748&rd=1&s=digital-skills&sr=1-6004", "Curiosities of Barcelona": "https://www.amazon.com/hylo-Curiosities-of-Barcelona/dp/B0813FG4TP/ref=sr_1_6005?brr=1&dchild=1&qid=1634421748&rd=1&s=digital-skills&sr=1-6005", "Z Facts": "https://www.amazon.com/Strudul-Z-Facts/dp/B0813DLKDS/ref=sr_1_6006?brr=1&dchild=1&qid=1634421748&rd=1&s=digital-skills&sr=1-6006", "Ant": "https://www.amazon.com/Antskill-Ant/dp/B0813B53FV/ref=sr_1_6007?brr=1&dchild=1&qid=1634421748&rd=1&s=digital-skills&sr=1-6007", "The Boring Quiz": "https://www.amazon.com/Vishal-Singh-The-Boring-Quiz/dp/B081397KGL/ref=sr_1_6008?brr=1&dchild=1&qid=1634421748&rd=1&s=digital-skills&sr=1-6008", "Check My Luck!": "https://www.amazon.com/DSS-Check-My-Luck/dp/B08138DSZN/ref=sr_1_6009?brr=1&dchild=1&qid=1634421748&rd=1&s=digital-skills&sr=1-6009", "Madrid facts": "https://www.amazon.com/okeimakei-Madrid-facts/dp/B08136VKB2/ref=sr_1_6010?brr=1&dchild=1&qid=1634421748&rd=1&s=digital-skills&sr=1-6010", "my new quiz": "https://www.amazon.com/Chynna-Pirrone-my-new-quiz/dp/B0812D11LD/ref=sr_1_6011?brr=1&dchild=1&qid=1634421748&rd=1&s=digital-skills&sr=1-6011", "Whose Turn": "https://www.amazon.com/Snehal-Biju-Whose-Turn/dp/B08129717M/ref=sr_1_6012?brr=1&dchild=1&qid=1634421748&rd=1&s=digital-skills&sr=1-6012", "Super phrases": "https://www.amazon.com/4StarSkills-Super-phrases/dp/B08127KW29/ref=sr_1_6013?brr=1&dchild=1&qid=1634421748&rd=1&s=digital-skills&sr=1-6013", "Dragon cave": "https://www.amazon.com/Chris-Dragon-cave/dp/B08126F3FG/ref=sr_1_6014?brr=1&dchild=1&qid=1634421748&rd=1&s=digital-skills&sr=1-6014", "Princess Fairy Tale": "https://www.amazon.com/Jahnavi-Niketan-Princess-Fairy-Tale/dp/B08124YR4D/ref=sr_1_6015?brr=1&dchild=1&qid=1634421748&rd=1&s=digital-skills&sr=1-6015", "Eeny, meeny, miny, moe": "https://www.amazon.com/Gean-Martinez-Eeny-meeny-miny/dp/B0812379XL/ref=sr_1_6016?brr=1&dchild=1&qid=1634421748&rd=1&s=digital-skills&sr=1-6016"}