{"Quiz Master": "https://www.amazon.com/roberto-Quiz-Master/dp/B08122PGZ1/ref=sr_1_6017?brr=1&dchild=1&qid=1634421751&rd=1&s=digital-skills&sr=1-6017", "Lol Facts": "https://www.amazon.com/argxdev-Lol-Facts/dp/B08121Q3S8/ref=sr_1_6018?brr=1&dchild=1&qid=1634421751&rd=1&s=digital-skills&sr=1-6018", "Flick Finder": "https://www.amazon.com/Sirsendu-Mohanta-Flick-Finder/dp/B08121GKTB/ref=sr_1_6019?brr=1&dchild=1&qid=1634421751&rd=1&s=digital-skills&sr=1-6019", "WordSnake!": "https://www.amazon.com/Geekycoders-WordSnake/dp/B081215FMF/ref=sr_1_6020?brr=1&dchild=1&qid=1634421751&rd=1&s=digital-skills&sr=1-6020", "Letter Linker": "https://www.amazon.com/Shackamaxon-Technologies-Letter-Linker/dp/B0811ZXQ3L/ref=sr_1_6021?brr=1&dchild=1&qid=1634421751&rd=1&s=digital-skills&sr=1-6021", "World Population Facts": "https://www.amazon.com/Rob-Jones-World-Population-Facts/dp/B0811XZVH7/ref=sr_1_6022?brr=1&dchild=1&qid=1634421751&rd=1&s=digital-skills&sr=1-6022", "random phrase": "https://www.amazon.com/Marcos-random-phrase/dp/B0811X7L1P/ref=sr_1_6023?brr=1&dchild=1&qid=1634421751&rd=1&s=digital-skills&sr=1-6023", "Obscure Facts": "https://www.amazon.com/Andy-Ayala-Obscure-Facts/dp/B0811WZ455/ref=sr_1_6024?brr=1&dchild=1&qid=1634421751&rd=1&s=digital-skills&sr=1-6024", "Who's turn": "https://www.amazon.com/Shannon-Whos-turn/dp/B0811WX6PZ/ref=sr_1_6025?brr=1&dchild=1&qid=1634421751&rd=1&s=digital-skills&sr=1-6025", "Ice Pick Escape": "https://www.amazon.com/Alan-Young-Ice-Pick-Escape/dp/B0811P3H7K/ref=sr_1_6026?brr=1&dchild=1&qid=1634421751&rd=1&s=digital-skills&sr=1-6026", "Tolkien Trivia": "https://www.amazon.com/Akerbeltz-Tolkien-Trivia/dp/B0811NDZXS/ref=sr_1_6027?brr=1&dchild=1&qid=1634421751&rd=1&s=digital-skills&sr=1-6027", "javascript facts": "https://www.amazon.com/The-Bohemian-Geek-javascript-facts/dp/B0811LR7Y8/ref=sr_1_6028?brr=1&dchild=1&qid=1634421751&rd=1&s=digital-skills&sr=1-6028", "Galactic wars": "https://www.amazon.com/aleian19-Galactic-wars/dp/B0811KLKTN/ref=sr_1_6029?brr=1&dchild=1&qid=1634421751&rd=1&s=digital-skills&sr=1-6029", "xiaomi facts": "https://www.amazon.com/Jahnavi-Niketan-xiaomi-facts/dp/B0811CWMDW/ref=sr_1_6030?brr=1&dchild=1&qid=1634421751&rd=1&s=digital-skills&sr=1-6030", "Final Fantasy Quotes": "https://www.amazon.com/JoseHawk-Final-Fantasy-Quotes/dp/B07ZZLL1XG/ref=sr_1_6031?brr=1&dchild=1&qid=1634421751&rd=1&s=digital-skills&sr=1-6031", "BINGO MAN": "https://www.amazon.com/TZ-TECHNO-BINGO-MAN/dp/B07ZZGQ8X3/ref=sr_1_6032?brr=1&dchild=1&qid=1634421751&rd=1&s=digital-skills&sr=1-6032"}