{"My Country Facts": "https://www.amazon.com/merlo-family-My-Country-Facts/dp/B07ZXP5PRM/ref=sr_1_6049?brr=1&dchild=1&qid=1634421757&rd=1&s=digital-skills&sr=1-6049", "Star Trek Online SRS Fleet": "https://www.amazon.com/Star-Trek-Online-SRS-Fleet/dp/B07ZXGN2GQ/ref=sr_1_6050?brr=1&dchild=1&qid=1634421757&rd=1&s=digital-skills&sr=1-6050", "India Trivia": "https://www.amazon.com/Sandip-Palit-India-Trivia/dp/B07ZX56QYD/ref=sr_1_6051?brr=1&dchild=1&qid=1634421757&rd=1&s=digital-skills&sr=1-6051", "Uttarpara Trivia": "https://www.amazon.com/Sandip-Palit-Uttarpara-Trivia/dp/B07ZX3K5YH/ref=sr_1_6052?brr=1&dchild=1&qid=1634421757&rd=1&s=digital-skills&sr=1-6052", "Gaming facts": "https://www.amazon.com/Amazon-Dev-Gaming-facts/dp/B07ZWFJQWX/ref=sr_1_6053?brr=1&dchild=1&qid=1634421757&rd=1&s=digital-skills&sr=1-6053", "quick chelsea quiz": "https://www.amazon.com/Arafat-S-quick-chelsea-quiz/dp/B07ZWD6YSS/ref=sr_1_6054?brr=1&dchild=1&qid=1634421757&rd=1&s=digital-skills&sr=1-6054", "Book Marketing Quiz [Watch out Shakespeare: Funny]": "https://www.amazon.com/Book-Marketing-Quiz-Watch-Shakespeare/dp/B07ZVY2BV8/ref=sr_1_6055?brr=1&dchild=1&qid=1634421757&rd=1&s=digital-skills&sr=1-6055", "color trivial fun fact": "https://www.amazon.com/JUN4ID-color-trivial-fun-fact/dp/B07ZVSJW28/ref=sr_1_6056?brr=1&dchild=1&qid=1634421757&rd=1&s=digital-skills&sr=1-6056", "Memory": "https://www.amazon.com/D-P-Software-Industry-Memory/dp/B07ZVLP55J/ref=sr_1_6057?brr=1&dchild=1&qid=1634421757&rd=1&s=digital-skills&sr=1-6057", "The Christmas Quiz": "https://www.amazon.com/Sleepy-Sound-The-Christmas-Quiz/dp/B07ZTYYF2T/ref=sr_1_6058?brr=1&dchild=1&qid=1634421757&rd=1&s=digital-skills&sr=1-6058", "Ultimate comics quiz": "https://www.amazon.com/Captain-Swift-Ultimate-comics-quiz/dp/B07ZTXKZWS/ref=sr_1_6059?brr=1&dchild=1&qid=1634421757&rd=1&s=digital-skills&sr=1-6059", "Chocolate facts": "https://www.amazon.com/Unknown-Chocolate-facts/dp/B07ZTVKQ3K/ref=sr_1_6060?brr=1&dchild=1&qid=1634421757&rd=1&s=digital-skills&sr=1-6060", "Copilot Axel": "https://www.amazon.com/CoughingLouse-Copilot-Axel/dp/B07ZTNVPXR/ref=sr_1_6061?brr=1&dchild=1&qid=1634421757&rd=1&s=digital-skills&sr=1-6061", "Random Number": "https://www.amazon.com/Marcos-Andi%C3%B3n-Random-Number/dp/B07ZTMJ4D6/ref=sr_1_6062?brr=1&dchild=1&qid=1634421757&rd=1&s=digital-skills&sr=1-6062", "Invest advice": "https://www.amazon.com/edgarbelda-Invest-advice/dp/B07ZTGHYVR/ref=sr_1_6063?brr=1&dchild=1&qid=1634421757&rd=1&s=digital-skills&sr=1-6063", "Fact Facts": "https://www.amazon.com/Fernando-Machado-Fact-Facts/dp/B07ZT9LKT5/ref=sr_1_6064?brr=1&dchild=1&qid=1634421757&rd=1&s=digital-skills&sr=1-6064"}