{"The 100 quotes": "https://www.amazon.com/Jesus-Gomez-Sanz-The-quotes/dp/B07ZN31PZQ/ref=sr_1_6113?brr=1&dchild=1&qid=1634421768&rd=1&s=digital-skills&sr=1-6113", "My Favorite Chess Player": "https://www.amazon.com/Cooper-My-Favorite-Chess-Player/dp/B07ZN1945V/ref=sr_1_6114?brr=1&dchild=1&qid=1634421768&rd=1&s=digital-skills&sr=1-6114", "Extreme Ownership Inspiration": "https://www.amazon.com/StuffSphere-Extreme-Ownership-Inspiration/dp/B07ZMZGV9F/ref=sr_1_6115?brr=1&dchild=1&qid=1634421768&rd=1&s=digital-skills&sr=1-6115", "Facts of Rajasthan": "https://www.amazon.com/Rahul-Gambhir-Facts-of-Rajasthan/dp/B07ZMZ25NQ/ref=sr_1_6116?brr=1&dchild=1&qid=1634421768&rd=1&s=digital-skills&sr=1-6116", "The Beatles Quiz": "https://www.amazon.com/Sergio-Palumbo-The-Beatles-Quiz/dp/B07ZMYWVW9/ref=sr_1_6117?brr=1&dchild=1&qid=1634421768&rd=1&s=digital-skills&sr=1-6117", "SabinaQuotes": "https://www.amazon.com/JoseHawk-SabinaQuotes/dp/B07ZMYQB84/ref=sr_1_6118?brr=1&dchild=1&qid=1634421768&rd=1&s=digital-skills&sr=1-6118", "Facts about the World": "https://www.amazon.com/Rahul-Gambhir-Facts-about-World/dp/B07ZMX5FYX/ref=sr_1_6119?brr=1&dchild=1&qid=1634421768&rd=1&s=digital-skills&sr=1-6119", "Aaron": "https://www.amazon.com/Aaron/dp/B07ZMWCF9V/ref=sr_1_6120?brr=1&dchild=1&qid=1634421768&rd=1&s=digital-skills&sr=1-6120", "Joke Generator": "https://www.amazon.com/Sharpy-Joke-Generator/dp/B07ZMVZ7PD/ref=sr_1_6121?brr=1&dchild=1&qid=1634421768&rd=1&s=digital-skills&sr=1-6121", "Hello Academy": "https://www.amazon.com/Akshat-Agrawal-Hello-Academy/dp/B07ZMTF6DP/ref=sr_1_6122?brr=1&dchild=1&qid=1634421768&rd=1&s=digital-skills&sr=1-6122", "Spaceopedia's Hilarious Space Jokes": "https://www.amazon.com/Arctic-Cougar-Enterprises-Spaceopedias-Hilarious/dp/B07ZMT59ZT/ref=sr_1_6123?brr=1&dchild=1&qid=1634421768&rd=1&s=digital-skills&sr=1-6123", "kinda a quiz": "https://www.amazon.com/Harvey-Kirkhope-kinda-a-quiz/dp/B07ZMSNTB6/ref=sr_1_6124?brr=1&dchild=1&qid=1634421768&rd=1&s=digital-skills&sr=1-6124", "Shed Seven Facts": "https://www.amazon.com/RickyOtter-Shed-Seven-Facts/dp/B07ZMS16F4/ref=sr_1_6125?brr=1&dchild=1&qid=1634421768&rd=1&s=digital-skills&sr=1-6125", "Nice dice": "https://www.amazon.com/jlaguna-dev-Nice-dice/dp/B07ZMRXV2F/ref=sr_1_6126?brr=1&dchild=1&qid=1634421768&rd=1&s=digital-skills&sr=1-6126", "Joke Teller": "https://www.amazon.com/M-P-Manohar-Joke-Teller/dp/B07ZMRB6WS/ref=sr_1_6127?brr=1&dchild=1&qid=1634421768&rd=1&s=digital-skills&sr=1-6127", "joke say what": "https://www.amazon.com/VST-joke-say-what/dp/B07ZMKVV51/ref=sr_1_6128?brr=1&dchild=1&qid=1634421768&rd=1&s=digital-skills&sr=1-6128"}