{"Heads Tails": "https://www.amazon.com/Mattys-Works-Heads-Tails/dp/B07ZMJHCRX/ref=sr_1_6129?brr=1&dchild=1&qid=1634421771&rd=1&s=digital-skills&sr=1-6129", "Fact of the day": "https://www.amazon.com/LCSO-Fact-of-the-day/dp/B07ZMC9KN7/ref=sr_1_6130?brr=1&dchild=1&qid=1634421771&rd=1&s=digital-skills&sr=1-6130", "War games": "https://www.amazon.com/kolinaeh-War-games/dp/B07ZMB7JMB/ref=sr_1_6131?brr=1&dchild=1&qid=1634421771&rd=1&s=digital-skills&sr=1-6131", "Random Phrases": "https://www.amazon.com/4StarSkills-Random-Phrases/dp/B07ZM9JCCQ/ref=sr_1_6132?brr=1&dchild=1&qid=1634421771&rd=1&s=digital-skills&sr=1-6132", "Cave Johnsons' Phrases": "https://www.amazon.com/The-Carlos-Developments-Johnsons-Phrases/dp/B07ZM9FQBK/ref=sr_1_6133?brr=1&dchild=1&qid=1634421771&rd=1&s=digital-skills&sr=1-6133", "cake walk": "https://www.amazon.com/Jessica-cake-walk/dp/B07ZM94MB8/ref=sr_1_6134?brr=1&dchild=1&qid=1634421771&rd=1&s=digital-skills&sr=1-6134", "Pokedex (unofficial)": "https://www.amazon.com/Thomas-Wilkinson-Pokedex-unofficial/dp/B07ZM7KPT3/ref=sr_1_6135?brr=1&dchild=1&qid=1634421771&rd=1&s=digital-skills&sr=1-6135", "Straight Facts edition": "https://www.amazon.com/Aureliusf-Straight-Facts-edition/dp/B07ZLVGTPQ/ref=sr_1_6136?brr=1&dchild=1&qid=1634421771&rd=1&s=digital-skills&sr=1-6136", "Interesting facts about India": "https://www.amazon.com/Rahul-Gambhir-Interesting-facts-about/dp/B07ZLTPSZF/ref=sr_1_6137?brr=1&dchild=1&qid=1634421771&rd=1&s=digital-skills&sr=1-6137", "Quote of the Day": "https://www.amazon.com/AlexM-Quote-of-the-Day/dp/B07ZLMBBVZ/ref=sr_1_6138?brr=1&dchild=1&qid=1634421771&rd=1&s=digital-skills&sr=1-6138", "Play Random Number": "https://www.amazon.com/JuanMariAPP-Play-Random-Number/dp/B07ZLHFQJ1/ref=sr_1_6139?brr=1&dchild=1&qid=1634421771&rd=1&s=digital-skills&sr=1-6139", "the eight ball": "https://www.amazon.com/Siddhant-Bane-the-eight-ball/dp/B07ZL3TSMY/ref=sr_1_6140?brr=1&dchild=1&qid=1634421771&rd=1&s=digital-skills&sr=1-6140", "Whose Turn": "https://www.amazon.com/Bhavn-Whose-Turn/dp/B07ZL3QD6T/ref=sr_1_6141?brr=1&dchild=1&qid=1634421771&rd=1&s=digital-skills&sr=1-6141", "Cat Facts": "https://www.amazon.com/Ulimi-Cat-Facts/dp/B07ZL2D6RG/ref=sr_1_6142?brr=1&dchild=1&qid=1634421771&rd=1&s=digital-skills&sr=1-6142", "roll the dice": "https://www.amazon.com/Siddhant-Bane-roll-the-dice/dp/B07ZL111JG/ref=sr_1_6143?brr=1&dchild=1&qid=1634421771&rd=1&s=digital-skills&sr=1-6143", "Whose It": "https://www.amazon.com/Wilson-LTD-Whose-It/dp/B07ZKYBJQ4/ref=sr_1_6144?brr=1&dchild=1&qid=1634421771&rd=1&s=digital-skills&sr=1-6144"}