{"D12": "https://www.amazon.com/Darryl-D12/dp/B07ZKWYJ97/ref=sr_1_6145?brr=1&dchild=1&qid=1634421774&rd=1&s=digital-skills&sr=1-6145", "The Drinking Game": "https://www.amazon.com/MSIM-Consulting-The-Drinking-Game/dp/B07ZKTPQ3T/ref=sr_1_6146?brr=1&dchild=1&qid=1634421774&rd=1&s=digital-skills&sr=1-6146", "Head or Tails": "https://www.amazon.com/FanthomStudios-Head-or-Tails/dp/B07ZKTHMSB/ref=sr_1_6147?brr=1&dchild=1&qid=1634421774&rd=1&s=digital-skills&sr=1-6147", "heads or tails": "https://www.amazon.com/Aritz-heads-or-tails/dp/B07ZKSV98N/ref=sr_1_6148?brr=1&dchild=1&qid=1634421774&rd=1&s=digital-skills&sr=1-6148", "space phrases": "https://www.amazon.com/diako-space-phrases/dp/B07ZKSCD69/ref=sr_1_6149?brr=1&dchild=1&qid=1634421774&rd=1&s=digital-skills&sr=1-6149", "Basketball Trivia": "https://www.amazon.com/Sleepy-Sound-Basketball-Trivia/dp/B07ZKSBJD1/ref=sr_1_6150?brr=1&dchild=1&qid=1634421774&rd=1&s=digital-skills&sr=1-6150", "Even or Odd": "https://www.amazon.com/David-G%C3%B3mez-Even-or-Odd/dp/B07ZKPJDSC/ref=sr_1_6151?brr=1&dchild=1&qid=1634421774&rd=1&s=digital-skills&sr=1-6151", "Rock Paper Scissors": "https://www.amazon.com/Rishabh-Thukral-Rock-Paper-Scissors/dp/B07ZKPH16K/ref=sr_1_6152?brr=1&dchild=1&qid=1634421774&rd=1&s=digital-skills&sr=1-6152", "Soccer Trivia": "https://www.amazon.com/Sleepy-Sound-Soccer-Trivia/dp/B07ZKNHVQ1/ref=sr_1_6153?brr=1&dchild=1&qid=1634421774&rd=1&s=digital-skills&sr=1-6153", "Technical Quiz": "https://www.amazon.com/Vikas-Kumar-Technical-Quiz/dp/B07ZKH9BT1/ref=sr_1_6154?brr=1&dchild=1&qid=1634421774&rd=1&s=digital-skills&sr=1-6154", "Tell me a joke": "https://www.amazon.com/Mohammad-Ahmad-Tell-me-joke/dp/B07ZKH6N1D/ref=sr_1_6155?brr=1&dchild=1&qid=1634421774&rd=1&s=digital-skills&sr=1-6155", "Basic math quiz": "https://www.amazon.com/kadenon-Basic-math-quiz/dp/B07ZKF29FY/ref=sr_1_6156?brr=1&dchild=1&qid=1634421774&rd=1&s=digital-skills&sr=1-6156", "PokeInfo": "https://www.amazon.com/DiegoG-PokeInfo/dp/B07ZKB38N3/ref=sr_1_6157?brr=1&dchild=1&qid=1634421774&rd=1&s=digital-skills&sr=1-6157", "choose one": "https://www.amazon.com/the_saver-choose-one/dp/B07ZK9G2W7/ref=sr_1_6158?brr=1&dchild=1&qid=1634421774&rd=1&s=digital-skills&sr=1-6158", "My lord": "https://www.amazon.com/N1ko-My-lord/dp/B07ZK8B9SN/ref=sr_1_6159?brr=1&dchild=1&qid=1634421774&rd=1&s=digital-skills&sr=1-6159", "Heads or Tails": "https://www.amazon.com/David-G%C3%B3mez-Heads-or-Tails/dp/B07ZK6YJMK/ref=sr_1_6160?brr=1&dchild=1&qid=1634421774&rd=1&s=digital-skills&sr=1-6160"}