{"Random Fun": "https://www.amazon.com/Raghav-Dhingra-Random-Fun/dp/B07ZG5FK6R/ref=sr_1_6209?brr=1&dchild=1&qid=1634421786&rd=1&s=digital-skills&sr=1-6209", "Whose Turn": "https://www.amazon.com/tifftiff-Whose-Turn/dp/B07ZFYV195/ref=sr_1_6224?brr=1&dchild=1&qid=1634421786&rd=1&s=digital-skills&sr=1-6224", "entrepreneur quotes": "https://www.amazon.com/Guilo-corporation-entrepreneur-quotes/dp/B07ZG4XFNK/ref=sr_1_6211?brr=1&dchild=1&qid=1634421786&rd=1&s=digital-skills&sr=1-6211", "Pratik's Second Quiz": "https://www.amazon.com/Pratik-Lunagaria-Pratiks-Second-Quiz/dp/B07ZG4JS9G/ref=sr_1_6212?brr=1&dchild=1&qid=1634421786&rd=1&s=digital-skills&sr=1-6212", "Alaska Nine Quiz": "https://www.amazon.com/John-OB-Alaska-Nine-Quiz/dp/B07ZG49MK1/ref=sr_1_6214?brr=1&dchild=1&qid=1634421786&rd=1&s=digital-skills&sr=1-6214", "Pratik's Quiz": "https://www.amazon.com/Pratik-Lunagaria-Pratiks-Quiz/dp/B07ZG3R7XV/ref=sr_1_6216?brr=1&dchild=1&qid=1634421786&rd=1&s=digital-skills&sr=1-6216", "Hello World wide": "https://www.amazon.com/Richy78-Hello-World-wide/dp/B07ZG342KV/ref=sr_1_6217?brr=1&dchild=1&qid=1634421786&rd=1&s=digital-skills&sr=1-6217", "Bad Simpsons Quiz": "https://www.amazon.com/Jordan-Bad-Simpsons-Quiz/dp/B07ZG1GB76/ref=sr_1_6219?brr=1&dchild=1&qid=1634421786&rd=1&s=digital-skills&sr=1-6219", "Rock Paper Scissors Lizard Spock": "https://www.amazon.com/Rock-Paper-Scissors-Lizard-Spock/dp/B07ZG195J8/ref=sr_1_6221?brr=1&dchild=1&qid=1634421786&rd=1&s=digital-skills&sr=1-6221", "Who's next": "https://www.amazon.com/Sleinous-Whos-next/dp/B07ZFZRJFQ/ref=sr_1_6222?brr=1&dchild=1&qid=1634421786&rd=1&s=digital-skills&sr=1-6222"}