{"Kim Petras Facts": "https://www.amazon.com/Hector-Neustart-Kim-Petras-Facts/dp/B07ZF6SV9H/ref=sr_1_6241?brr=1&dchild=1&qid=1634421791&rd=1&s=digital-skills&sr=1-6241", "Nextstream": "https://www.amazon.com/Nextstream/dp/B07ZF6G5T3/ref=sr_1_6242?brr=1&dchild=1&qid=1634421791&rd=1&s=digital-skills&sr=1-6242", "Whose Turn": "https://www.amazon.com/Fiibonacci-Whose-Turn/dp/B07ZF6CHNS/ref=sr_1_6243?brr=1&dchild=1&qid=1634421791&rd=1&s=digital-skills&sr=1-6243", "Soccer Penalty": "https://www.amazon.com/chase-Bouknight-Soccer-Penalty/dp/B07ZF58FPX/ref=sr_1_6244?brr=1&dchild=1&qid=1634421791&rd=1&s=digital-skills&sr=1-6244", "Joker laugh (Unofficial)": "https://www.amazon.com/Mauro-De-Vito-Joker-Unofficial/dp/B07ZF1YWBC/ref=sr_1_6245?brr=1&dchild=1&qid=1634421791&rd=1&s=digital-skills&sr=1-6245", "Quiz Master": "https://www.amazon.com/MyFACompany-Quiz-Master/dp/B07ZF18ZZP/ref=sr_1_6246?brr=1&dchild=1&qid=1634421791&rd=1&s=digital-skills&sr=1-6246", "Unanswerable Questions to Blow Your Mind!": "https://www.amazon.com/Unanswerable-Questions-Blow-Your-Mind/dp/B07ZDZ91ZM/ref=sr_1_6247?brr=1&dchild=1&qid=1634421791&rd=1&s=digital-skills&sr=1-6247", "Spanish Facts": "https://www.amazon.com/xyz331-Spanish-Facts/dp/B07ZDVVG58/ref=sr_1_6248?brr=1&dchild=1&qid=1634421791&rd=1&s=digital-skills&sr=1-6248", "version_upgrade_test_3": "https://www.amazon.com/Bored-panda-version_upgrade_test_3/dp/B07ZDM313V/ref=sr_1_6249?brr=1&dchild=1&qid=1634421791&rd=1&s=digital-skills&sr=1-6249", "Five Item Speed": "https://www.amazon.com/Jordan-Five-Item-Speed/dp/B07ZDLSDHH/ref=sr_1_6250?brr=1&dchild=1&qid=1634421791&rd=1&s=digital-skills&sr=1-6250", "Quote of the Day": "https://www.amazon.com/OceaneT-Quote-of-the-Day/dp/B07ZDL7CF8/ref=sr_1_6251?brr=1&dchild=1&qid=1634421791&rd=1&s=digital-skills&sr=1-6251", "Butter game": "https://www.amazon.com/Snefnuggis-Butter-game/dp/B07ZDKPHC4/ref=sr_1_6252?brr=1&dchild=1&qid=1634421791&rd=1&s=digital-skills&sr=1-6252", "Wales Facts": "https://www.amazon.com/N-Porter-Wales-Facts/dp/B07ZDJ4G8R/ref=sr_1_6253?brr=1&dchild=1&qid=1634421791&rd=1&s=digital-skills&sr=1-6253", "My Birthday Trivia": "https://www.amazon.com/AE-My-Birthday-Trivia/dp/B07ZDGR57K/ref=sr_1_6254?brr=1&dchild=1&qid=1634421791&rd=1&s=digital-skills&sr=1-6254", "Joey Tribbiani Quiz": "https://www.amazon.com/N-Porter-Joey-Tribbiani-Quiz/dp/B07ZDFSHJ9/ref=sr_1_6255?brr=1&dchild=1&qid=1634421791&rd=1&s=digital-skills&sr=1-6255", "Puzzler": "https://www.amazon.com/Vocala-co-Puzzler/dp/B07ZDFGWN3/ref=sr_1_6256?brr=1&dchild=1&qid=1634421791&rd=1&s=digital-skills&sr=1-6256"}