{"Cat facts": "https://www.amazon.com/DMG-Cat-facts/dp/B07ZB9C14G/ref=sr_1_6305?brr=1&dchild=1&qid=1634421803&rd=1&s=digital-skills&sr=1-6305", "movies fact": "https://www.amazon.com/Meet-shingala-movies-fact/dp/B07ZB72BJ5/ref=sr_1_6306?brr=1&dchild=1&qid=1634421803&rd=1&s=digital-skills&sr=1-6306", "quiz Trivia": "https://www.amazon.com/yosrajtolearn-quiz-Trivia/dp/B07ZB6BXMJ/ref=sr_1_6307?brr=1&dchild=1&qid=1634421803&rd=1&s=digital-skills&sr=1-6307", "Guess The Sound": "https://www.amazon.com/nzt-Guess-The-Sound/dp/B07ZB3H5GQ/ref=sr_1_6308?brr=1&dchild=1&qid=1634421803&rd=1&s=digital-skills&sr=1-6308", "MAMAMOO Trivia": "https://www.amazon.com/Phu-Quy-Felicia-Trinh-MAMAMOO-Trivia/dp/B07ZB2QP5Q/ref=sr_1_6309?brr=1&dchild=1&qid=1634421803&rd=1&s=digital-skills&sr=1-6309", "CardGame_V3": "https://www.amazon.com/Xiangyu-CardGame_V3/dp/B07ZB229W3/ref=sr_1_6310?brr=1&dchild=1&qid=1634421803&rd=1&s=digital-skills&sr=1-6310", "Get color game": "https://www.amazon.com/peludialmo-Get-color-game/dp/B07Z9WCG1C/ref=sr_1_6311?brr=1&dchild=1&qid=1634421803&rd=1&s=digital-skills&sr=1-6311", "Queen Kara": "https://www.amazon.com/Princess-Ro-Queen-Kara/dp/B07Z9PWYZ4/ref=sr_1_6312?brr=1&dchild=1&qid=1634421803&rd=1&s=digital-skills&sr=1-6312", "Random Dice": "https://www.amazon.com/Oxtaku-Random-Dice/dp/B07Z9PN59L/ref=sr_1_6313?brr=1&dchild=1&qid=1634421803&rd=1&s=digital-skills&sr=1-6313", "PUBG Quiz": "https://www.amazon.com/Harsh-Gaur-PUBG-Quiz/dp/B07Z9PC6ZD/ref=sr_1_6314?brr=1&dchild=1&qid=1634421803&rd=1&s=digital-skills&sr=1-6314", "The apartment is Lava": "https://www.amazon.com/Voice-Apps-That-Rock-Flat/dp/B07Z9MQD1F/ref=sr_1_6315?brr=1&dchild=1&qid=1634421803&rd=1&s=digital-skills&sr=1-6315", "Truth or Dare": "https://www.amazon.com/Guava-Solutions-Truth-or-Dare/dp/B07Z9K7N3K/ref=sr_1_6316?brr=1&dchild=1&qid=1634421803&rd=1&s=digital-skills&sr=1-6316", "country facts": "https://www.amazon.com/Vishal-Kumar-country-facts/dp/B07Z9H712D/ref=sr_1_6317?brr=1&dchild=1&qid=1634421803&rd=1&s=digital-skills&sr=1-6317", "Whose Turn": "https://www.amazon.com/Wendi-may-Whose-Turn/dp/B07Z9GTF2Y/ref=sr_1_6318?brr=1&dchild=1&qid=1634421803&rd=1&s=digital-skills&sr=1-6318", "Sacred Games Trivia": "https://www.amazon.com/Harsh-Gaur-Sacred-Games-Trivia/dp/B07Z9FGXH6/ref=sr_1_6319?brr=1&dchild=1&qid=1634421803&rd=1&s=digital-skills&sr=1-6319", "Star Quiz": "https://www.amazon.com/Fade-Star-Quiz/dp/B07Z9DN57W/ref=sr_1_6320?brr=1&dchild=1&qid=1634421803&rd=1&s=digital-skills&sr=1-6320"}