{"Mikey B Football Quiz": "https://www.amazon.com/Double-D-Creative-Ltd-Football/dp/B07Z6PPNSW/ref=sr_1_6337?brr=1&dchild=1&qid=1634421808&rd=1&s=digital-skills&sr=1-6337", "Ultimate Slogan Quiz": "https://www.amazon.com/tecbuzz-India-Ultimate-Slogan-Quiz/dp/B07Z6GJLQD/ref=sr_1_6338?brr=1&dchild=1&qid=1634421808&rd=1&s=digital-skills&sr=1-6338", "Countdown a punch": "https://www.amazon.com/Dipin-Countdown-a-punch/dp/B07Z6D5TGB/ref=sr_1_6339?brr=1&dchild=1&qid=1634421808&rd=1&s=digital-skills&sr=1-6339", "Mushroom Facts": "https://www.amazon.com/skillz-Mushroom-Facts/dp/B07Z6CB18F/ref=sr_1_6340?brr=1&dchild=1&qid=1634421808&rd=1&s=digital-skills&sr=1-6340", "Wife Love Meter": "https://www.amazon.com/Anns-Rahim-Wife-Love-Meter/dp/B07Z69M66G/ref=sr_1_6341?brr=1&dchild=1&qid=1634421808&rd=1&s=digital-skills&sr=1-6341", "Fortune Cookie": "https://www.amazon.com/Serede-Sixty-Six-Fortune-Cookie/dp/B07Z66YBP4/ref=sr_1_6342?brr=1&dchild=1&qid=1634421808&rd=1&s=digital-skills&sr=1-6342", "Country Riddle Game": "https://www.amazon.com/Adrien-Chan-Country-Riddle-Game/dp/B07Z621XDR/ref=sr_1_6343?brr=1&dchild=1&qid=1634421808&rd=1&s=digital-skills&sr=1-6343", "Beach Tycoon": "https://www.amazon.com/Stefan-Rebhan-Mein-Strand-Strandmanager/dp/B07Z5W522V/ref=sr_1_6344?brr=1&dchild=1&qid=1634421808&rd=1&s=digital-skills&sr=1-6344", "First Ray Gun": "https://www.amazon.com/skillz-First-Ray-Gun/dp/B07Z5TP111/ref=sr_1_6345?brr=1&dchild=1&qid=1634421808&rd=1&s=digital-skills&sr=1-6345", "Ninety Trivia": "https://www.amazon.com/Ganpy-Ninety-Trivia/dp/B07Z5Q2D65/ref=sr_1_6346?brr=1&dchild=1&qid=1634421808&rd=1&s=digital-skills&sr=1-6346", "Whose Turn": "https://www.amazon.com/jonathan-Whose-Turn/dp/B07Z5JRWRY/ref=sr_1_6347?brr=1&dchild=1&qid=1634421808&rd=1&s=digital-skills&sr=1-6347", "League Of Legends Facts": "https://www.amazon.com/mllamas-League-Of-Legends-Facts/dp/B07Z5JBBJN/ref=sr_1_6348?brr=1&dchild=1&qid=1634421808&rd=1&s=digital-skills&sr=1-6348", "Indian Facts": "https://www.amazon.com/Shweta-Goyal-Indian-Facts/dp/B07Z5J92CG/ref=sr_1_6349?brr=1&dchild=1&qid=1634421808&rd=1&s=digital-skills&sr=1-6349", "The Daily Oracle": "https://www.amazon.com/Tavi-Tavino-The-Daily-Oracle/dp/B07Z5H92TL/ref=sr_1_6350?brr=1&dchild=1&qid=1634421808&rd=1&s=digital-skills&sr=1-6350", "pew die pie": "https://www.amazon.com/Lwyx-pew-die-pie/dp/B07Z5DKSD5/ref=sr_1_6351?brr=1&dchild=1&qid=1634421808&rd=1&s=digital-skills&sr=1-6351", "Cricket Trivia": "https://www.amazon.com/Shweta-Goyal-Cricket-Trivia/dp/B07Z5CZF96/ref=sr_1_6352?brr=1&dchild=1&qid=1634421808&rd=1&s=digital-skills&sr=1-6352"}