{"Keyboard Tips": "https://www.amazon.com/lob94-Keyboard-Tips/dp/B07Z5CKKH2/ref=sr_1_6353?brr=1&dchild=1&qid=1634421811&rd=1&s=digital-skills&sr=1-6353", "Llama Facts": "https://www.amazon.com/Aitor-SL-Llama-Facts/dp/B07Z5CK51L/ref=sr_1_6354?brr=1&dchild=1&qid=1634421811&rd=1&s=digital-skills&sr=1-6354", "Cake Walk": "https://www.amazon.com/erdanieee-Cake-Walk/dp/B07Z5BCSQ6/ref=sr_1_6355?brr=1&dchild=1&qid=1634421811&rd=1&s=digital-skills&sr=1-6355", "Quiz Masteringo": "https://www.amazon.com/Cheboladen-Quiz-Masteringo/dp/B07Z595TYS/ref=sr_1_6356?brr=1&dchild=1&qid=1634421811&rd=1&s=digital-skills&sr=1-6356", "What Occurred First?": "https://www.amazon.com/Little-White-Dog-inc-Occurred/dp/B07Z4YPHLS/ref=sr_1_6357?brr=1&dchild=1&qid=1634421811&rd=1&s=digital-skills&sr=1-6357", "Game of Phones": "https://www.amazon.com/Aavesh-Game-of-Phones/dp/B07Z4T5ZGQ/ref=sr_1_6358?brr=1&dchild=1&qid=1634421811&rd=1&s=digital-skills&sr=1-6358", "Engagement Party and Quiz": "https://www.amazon.com/Meghan-Sills-Engagement-Party-Quiz/dp/B07Z4MC1Q5/ref=sr_1_6359?brr=1&dchild=1&qid=1634421811&rd=1&s=digital-skills&sr=1-6359", "STEM Familia": "https://www.amazon.com/Influents-Innovations-STEM-Familia/dp/B07Z4MBNV6/ref=sr_1_6360?brr=1&dchild=1&qid=1634421811&rd=1&s=digital-skills&sr=1-6360", "monkeys' secrets": "https://www.amazon.com/alessio-giacobbe-monkeys-secrets/dp/B07Z4M38YK/ref=sr_1_6361?brr=1&dchild=1&qid=1634421811&rd=1&s=digital-skills&sr=1-6361", "Movie Night": "https://www.amazon.com/farminf-Movie-Night/dp/B07Z4LPGRJ/ref=sr_1_6362?brr=1&dchild=1&qid=1634421811&rd=1&s=digital-skills&sr=1-6362", "rock paper scissors": "https://www.amazon.com/Rahul-rock-paper-scissors/dp/B07Z3YF4NR/ref=sr_1_6363?brr=1&dchild=1&qid=1634421811&rd=1&s=digital-skills&sr=1-6363", "GoatFacts": "https://www.amazon.com/Santiago-Moreno-GoatFacts/dp/B07Z3WSMWR/ref=sr_1_6364?brr=1&dchild=1&qid=1634421811&rd=1&s=digital-skills&sr=1-6364", "Unofficial Pokemon Of The Day (Flash Briefing)": "https://www.amazon.com/Unofficial-Pokemon-Day-Flash-Briefing/dp/B07Z3WJ213/ref=sr_1_6365?brr=1&dchild=1&qid=1634421811&rd=1&s=digital-skills&sr=1-6365", "Game Show Five": "https://www.amazon.com/chase-Bouknight-Game-Show-Five/dp/B07Z3WF4GS/ref=sr_1_6366?brr=1&dchild=1&qid=1634421811&rd=1&s=digital-skills&sr=1-6366", "Countries Quiz": "https://www.amazon.com/chase-Bouknight-Countries-Quiz/dp/B07Z3W7TTS/ref=sr_1_6367?brr=1&dchild=1&qid=1634421811&rd=1&s=digital-skills&sr=1-6367", "Severe injuries": "https://www.amazon.com/Jawier-Severe-injuries/dp/B07Z3TN6N6/ref=sr_1_6368?brr=1&dchild=1&qid=1634421811&rd=1&s=digital-skills&sr=1-6368"}