{"Kanye Quote": "https://www.amazon.com/Alessandra-Santomassimo-Kanye-Quote/dp/B07Z3RWXFX/ref=sr_1_6369?brr=1&dchild=1&qid=1634421814&rd=1&s=digital-skills&sr=1-6369", "Inky Pinky": "https://www.amazon.com/Pintail-Studio-Inky-Pinky/dp/B07Z3PDS6T/ref=sr_1_6370?brr=1&dchild=1&qid=1634421814&rd=1&s=digital-skills&sr=1-6370", "The Phantom of the Opera Broadway": "https://www.amazon.com/satisfi-Phantom-Opera-Broadway/dp/B07Z3GWZDZ/ref=sr_1_6371?brr=1&dchild=1&qid=1634421814&rd=1&s=digital-skills&sr=1-6371", "Whose Turn": "https://www.amazon.com/Michael-Martinez-Whose-Turn/dp/B07Z3GKDQG/ref=sr_1_6372?brr=1&dchild=1&qid=1634421814&rd=1&s=digital-skills&sr=1-6372", "Luffy Attacks": "https://www.amazon.com/ojaswa1942-Luffy-Attacks/dp/B07Z3D99GN/ref=sr_1_6373?brr=1&dchild=1&qid=1634421814&rd=1&s=digital-skills&sr=1-6373", "Jingle Bells": "https://www.amazon.com/Bytez-Jingle-Bells/dp/B07Z3CV3CF/ref=sr_1_6374?brr=1&dchild=1&qid=1634421814&rd=1&s=digital-skills&sr=1-6374", "Raccoon Trivia": "https://www.amazon.com/alessio-giacobbe-Raccoon-Trivia/dp/B07Z3CD4HZ/ref=sr_1_6375?brr=1&dchild=1&qid=1634421814&rd=1&s=digital-skills&sr=1-6375", "Jimin quiz": "https://www.amazon.com/Tanjul-Jain-Jimin-quiz/dp/B07Z2V1BJ5/ref=sr_1_6376?brr=1&dchild=1&qid=1634421814&rd=1&s=digital-skills&sr=1-6376", "Mason spooky story": "https://www.amazon.com/trey-fender-Mason-spooky-story/dp/B07Z2RRVNV/ref=sr_1_6377?brr=1&dchild=1&qid=1634421814&rd=1&s=digital-skills&sr=1-6377", "facts about dogs": "https://www.amazon.com/alessio-giacobbe-facts-about-dogs/dp/B07Z2R9MCF/ref=sr_1_6378?brr=1&dchild=1&qid=1634421814&rd=1&s=digital-skills&sr=1-6378", "Token Tracker": "https://www.amazon.com/Ryan-Whitwell-Token-Tracker/dp/B07Z2R5DY7/ref=sr_1_6379?brr=1&dchild=1&qid=1634421814&rd=1&s=digital-skills&sr=1-6379", "toss up": "https://www.amazon.com/Anurag-Sachdeva-toss-up/dp/B07Z2PMRL1/ref=sr_1_6380?brr=1&dchild=1&qid=1634421814&rd=1&s=digital-skills&sr=1-6380", "who will": "https://www.amazon.com/Anurag-Sachdeva-who-will/dp/B07Z2P5M6K/ref=sr_1_6381?brr=1&dchild=1&qid=1634421814&rd=1&s=digital-skills&sr=1-6381", "food facts": "https://www.amazon.com/Sharda-University-food-facts/dp/B07Z2KD4Z1/ref=sr_1_6382?brr=1&dchild=1&qid=1634421814&rd=1&s=digital-skills&sr=1-6382", "Rock Paper Scissor": "https://www.amazon.com/Yudhishtir-Sharma-Rock-Paper-Scissor/dp/B07Z1XDR8Q/ref=sr_1_6383?brr=1&dchild=1&qid=1634421814&rd=1&s=digital-skills&sr=1-6383", "Estonia Facts": "https://www.amazon.com/Sille-Celik-Estonia-Facts/dp/B07Z1WVXB4/ref=sr_1_6384?brr=1&dchild=1&qid=1634421814&rd=1&s=digital-skills&sr=1-6384"}