{"Sorting hat": "https://www.amazon.com/VandanaK-Sorting-hat/dp/B0748CF8R5/ref=sr_1_49?brr=1&dchild=1&qid=1634420688&rd=1&s=digital-skills&sr=1-49", "Find my Cat -> Your Cat will love it :)": "https://www.amazon.com/Smart-Voice-Studio-Find-Cat/dp/B07G499VCZ/ref=sr_1_50?brr=1&dchild=1&qid=1634420688&rd=1&s=digital-skills&sr=1-50", "True or False": "https://www.amazon.com/labworks-io-ltd-True-or-False/dp/B073VNDBGC/ref=sr_1_51?brr=1&dchild=1&qid=1634420688&rd=1&s=digital-skills&sr=1-51", "Scary Halloween Sounds": "https://www.amazon.com/Chatty-Creations-Scary-Halloween-Sounds/dp/B07J9Y2YMC/ref=sr_1_52?brr=1&dchild=1&qid=1634420688&rd=1&s=digital-skills&sr=1-52", "Vectrex Wiki": "https://www.amazon.com/KokosApps-Vectrex-Wiki/dp/B01E3IK5LI/ref=sr_1_53?brr=1&dchild=1&qid=1634420688&rd=1&s=digital-skills&sr=1-53", "Baseball Live": "https://www.amazon.com/Chris-Schlitt-Baseball-Live/dp/B01J4FPGHI/ref=sr_1_54?brr=1&dchild=1&qid=1634420688&rd=1&s=digital-skills&sr=1-54", "Heads Up!": "https://www.amazon.com/The-Ellen-DeGeneres-Show-Heads/dp/B077NHJ7QM/ref=sr_1_55?brr=1&dchild=1&qid=1634420688&rd=1&s=digital-skills&sr=1-55", "Santa Tracker": "https://www.amazon.com/Noel-Ginty-Santa-Tracker/dp/B07K9CLDW8/ref=sr_1_56?brr=1&dchild=1&qid=1634420688&rd=1&s=digital-skills&sr=1-56", "Top Albums from Apple Music US Unofficial": "https://www.amazon.com/Top-Albums-Apple-Music-Unofficial/dp/B07KQMYMFX/ref=sr_1_57?brr=1&dchild=1&qid=1634420688&rd=1&s=digital-skills&sr=1-57", "Are You Smarter Than A 5th Grader?": "https://www.amazon.com/Are-You-Smarter-Than-Grader/dp/B08NR9YN13/ref=sr_1_58?brr=1&dchild=1&qid=1634420688&rd=1&s=digital-skills&sr=1-58", "Halloween Trivia": "https://www.amazon.com/mcc-Halloween-Trivia/dp/B07Z9BZ8PD/ref=sr_1_59?brr=1&dchild=1&qid=1634420688&rd=1&s=digital-skills&sr=1-59", "Freeze Dance": "https://www.amazon.com/Appy-Sloth-Inc-Freeze-Dance/dp/B078S3DHXC/ref=sr_1_60?brr=1&dchild=1&qid=1634420688&rd=1&s=digital-skills&sr=1-60", "Box full of Cats - Sounds that cats love": "https://www.amazon.com/Smart-Voice-Studio-full-Cats/dp/B07G3BSTJD/ref=sr_1_61?brr=1&dchild=1&qid=1634420688&rd=1&s=digital-skills&sr=1-61", "Fastest Finger": "https://www.amazon.com/CleverClogs-Fastest-Finger/dp/B07LCGH7XQ/ref=sr_1_62?brr=1&dchild=1&qid=1634420688&rd=1&s=digital-skills&sr=1-62", "Unofficial's Apple Music Top 10 Country Songs": "https://www.amazon.com/Unofficials-Apple-Music-Country-Songs/dp/B07N95CPLR/ref=sr_1_63?brr=1&dchild=1&qid=1634420688&rd=1&s=digital-skills&sr=1-63", "Christmas Song Quiz": "https://www.amazon.com/Jack-Chervet-Christmas-Song-Quiz/dp/B077RMHDD1/ref=sr_1_64?brr=1&dchild=1&qid=1634420688&rd=1&s=digital-skills&sr=1-64"}