{"Black Cat Fortune Teller Game": "https://www.amazon.com/Black-Cat-Fortune-Teller-Game/dp/B07PKQ6KWX/ref=sr_1_641?brr=1&dchild=1&qid=1634420792&rd=1&s=digital-skills&sr=1-641", "Pot Quiz": "https://www.amazon.com/VOXOGENIC-TECHNOLOGIES-PVT-LTD-Quiz/dp/B07G742MGG/ref=sr_1_642?brr=1&dchild=1&qid=1634420792&rd=1&s=digital-skills&sr=1-642", "Horse Race for Echo Buttons": "https://www.amazon.com/Horse-Race-for-Echo-Buttons/dp/B078LLCN9L/ref=sr_1_643?brr=1&dchild=1&qid=1634420792&rd=1&s=digital-skills&sr=1-643", "Ultimate Pok\u00e9dex (Unofficial) by Magic Beagle": "https://www.amazon.com/Ultimate-Pok%C3%A9dex-Unofficial-Magic-Beagle/dp/B01N2252GK/ref=sr_1_644?brr=1&dchild=1&qid=1634420792&rd=1&s=digital-skills&sr=1-644", "Blind Date Bot": "https://www.amazon.com/VERSA-Voice-Labs-Blind-Date/dp/B07NY3WQRG/ref=sr_1_645?brr=1&dchild=1&qid=1634420792&rd=1&s=digital-skills&sr=1-645", "Space Wiz": "https://www.amazon.com/Shashank-Space-Wiz/dp/B07CQRMS34/ref=sr_1_646?brr=1&dchild=1&qid=1634420792&rd=1&s=digital-skills&sr=1-646", "Game Instructions": "https://www.amazon.com/paradigm-Game-Instructions/dp/B07D7KN8R1/ref=sr_1_647?brr=1&dchild=1&qid=1634420792&rd=1&s=digital-skills&sr=1-647", "Wiz Quiz": "https://www.amazon.com/Ryan-Plant-Wiz-Quiz/dp/B078Q46GN6/ref=sr_1_648?brr=1&dchild=1&qid=1634420792&rd=1&s=digital-skills&sr=1-648", "Soundcheck Hero": "https://www.amazon.com/Volley-Inc-Soundcheck-Hero/dp/B08FSQTY52/ref=sr_1_649?brr=1&dchild=1&qid=1634420792&rd=1&s=digital-skills&sr=1-649", "Fleet Battle - Pen and Paper Battleship game": "https://www.amazon.com/Fleet-Battle-Paper-Battleship-game/dp/B08B59ZDTJ/ref=sr_1_650?brr=1&dchild=1&qid=1634420792&rd=1&s=digital-skills&sr=1-650", "Animal Kingdom Game": "https://www.amazon.com/RajeevGM-Animal-Kingdom-Game/dp/B07JCSZG5J/ref=sr_1_651?brr=1&dchild=1&qid=1634420792&rd=1&s=digital-skills&sr=1-651", "Trivia Hero": "https://www.amazon.com/labworks-io-USA-Trivia-Hero/dp/B07DNQRN29/ref=sr_1_652?brr=1&dchild=1&qid=1634420792&rd=1&s=digital-skills&sr=1-652", "Ninja Turtles Info": "https://www.amazon.com/Nick-Ninja-Turtles-Info/dp/B075WDPB76/ref=sr_1_653?brr=1&dchild=1&qid=1634420792&rd=1&s=digital-skills&sr=1-653", "Quiz o Kid": "https://www.amazon.com/rbs-Quiz-o-Kid/dp/B07DCPFKFX/ref=sr_1_654?brr=1&dchild=1&qid=1634420792&rd=1&s=digital-skills&sr=1-654", "BrainPickers! Pop Song Challenge": "https://www.amazon.com/Geekycoders-BrainPickers-Pop-Song-Challenge/dp/B07Q993BXH/ref=sr_1_655?brr=1&dchild=1&qid=1634420792&rd=1&s=digital-skills&sr=1-655", "Citadel FM Comfort Inn Grove City PA 118": "https://www.amazon.com/Citadel-Comfort-Inn-Grove-City/dp/B0972HCJ46/ref=sr_1_656?brr=1&dchild=1&qid=1634420792&rd=1&s=digital-skills&sr=1-656"}