{"Drug Info Facts": "https://www.amazon.com/BUCOP-Drug-Info-Facts/dp/B07TRDQSBD/ref=sr_1_657?brr=1&dchild=1&qid=1634420795&rd=1&s=digital-skills&sr=1-657", "Deep Thoughts": "https://www.amazon.com/BlogAndCode-Deep-Thoughts/dp/B01M0SP3QN/ref=sr_1_658?brr=1&dchild=1&qid=1634420795&rd=1&s=digital-skills&sr=1-658", "Chile Facts": "https://www.amazon.com/Rhall-Chile-Facts/dp/B07JH532C3/ref=sr_1_659?brr=1&dchild=1&qid=1634420795&rd=1&s=digital-skills&sr=1-659", "Tell Lord Vader": "https://www.amazon.com/Mark-Mattione-Tell-Lord-Vader/dp/B01N4QKCUD/ref=sr_1_660?brr=1&dchild=1&qid=1634420795&rd=1&s=digital-skills&sr=1-660", "Ballistic Nuke Countdown": "https://www.amazon.com/SolarAstronaut-Ballistic-Nuke-Countdown/dp/B08QVRS7GH/ref=sr_1_661?brr=1&dchild=1&qid=1634420795&rd=1&s=digital-skills&sr=1-661", "Zelda Recipes": "https://www.amazon.com/KineticSDK-Zelda-Recipes/dp/B072Q7HD38/ref=sr_1_662?brr=1&dchild=1&qid=1634420795&rd=1&s=digital-skills&sr=1-662", "Diamond Slots Game": "https://www.amazon.com/Pro-Games-Diamond-Slots-Game/dp/B07SJ74YC2/ref=sr_1_663?brr=1&dchild=1&qid=1634420795&rd=1&s=digital-skills&sr=1-663", "Unofficial Netflix Roulette": "https://www.amazon.com/Steve-Vasquez-Unofficial-Netflix-Roulette/dp/B08K7JCYXB/ref=sr_1_664?brr=1&dchild=1&qid=1634420795&rd=1&s=digital-skills&sr=1-664", "Premier League Trivia": "https://www.amazon.com/Donald-Juicy-Premier-League-Trivia/dp/B092Q2Y7V1/ref=sr_1_665?brr=1&dchild=1&qid=1634420795&rd=1&s=digital-skills&sr=1-665", "Interesting Facts About United States Coins": "https://www.amazon.com/Interesting-Facts-About-United-States/dp/B07NYD3K7S/ref=sr_1_666?brr=1&dchild=1&qid=1634420795&rd=1&s=digital-skills&sr=1-666", "The Great Trivia Race": "https://www.amazon.com/Pen-Development-Great-Trivia-Race/dp/B07J4K9D1S/ref=sr_1_667?brr=1&dchild=1&qid=1634420795&rd=1&s=digital-skills&sr=1-667", "Unofficial Google Facts": "https://www.amazon.com/Sai-Pc-Unofficial-Google-Facts/dp/B01M0QVNR1/ref=sr_1_668?brr=1&dchild=1&qid=1634420795&rd=1&s=digital-skills&sr=1-668", "Yes Majesty!": "https://www.amazon.com/Drew-Cosgrove-Yes-Majesty/dp/B07B68J3QT/ref=sr_1_669?brr=1&dchild=1&qid=1634420795&rd=1&s=digital-skills&sr=1-669", "Police Siren": "https://www.amazon.com/ROAR-Police-Siren/dp/B078R6PBTD/ref=sr_1_670?brr=1&dchild=1&qid=1634420795&rd=1&s=digital-skills&sr=1-670", "smart home facts": "https://www.amazon.com/Ring-smart-home-facts/dp/B0891R525W/ref=sr_1_671?brr=1&dchild=1&qid=1634420795&rd=1&s=digital-skills&sr=1-671", "Fart!": "https://www.amazon.com/Biagio-Ruotolo-Fart/dp/B07N35NBF3/ref=sr_1_672?brr=1&dchild=1&qid=1634420795&rd=1&s=digital-skills&sr=1-672"}