{"Sharp Memory": "https://www.amazon.com/Giancarlo-Lucca-Sharp-Memory/dp/B08WQ2ZFVY/ref=sr_1_673?brr=1&dchild=1&qid=1634420798&rd=1&s=digital-skills&sr=1-673", "Forever Lasting game for kids": "https://www.amazon.com/Forever-Lasting-game-for-kids/dp/B078SMCRN6/ref=sr_1_674?brr=1&dchild=1&qid=1634420798&rd=1&s=digital-skills&sr=1-674", "Yak Yak Quiz": "https://www.amazon.com/Vocala-co-Yak-Quiz/dp/B0791KY85N/ref=sr_1_675?brr=1&dchild=1&qid=1634420798&rd=1&s=digital-skills&sr=1-675", "GAME SHOT Fun Virtual Shot Audio Player Skill Game": "https://www.amazon.com/GAME-Virtual-Audio-Player-Skill/dp/B07H6CG5Y3/ref=sr_1_676?brr=1&dchild=1&qid=1634420798&rd=1&s=digital-skills&sr=1-676", "Dungeon Roll": "https://www.amazon.com/Ertay-Shashko-Dungeon-Roll/dp/B0872F4LT5/ref=sr_1_677?brr=1&dchild=1&qid=1634420798&rd=1&s=digital-skills&sr=1-677", "Ghost Sound": "https://www.amazon.com/Bobo-works-Ghost-Sound/dp/B093BH4223/ref=sr_1_678?brr=1&dchild=1&qid=1634420798&rd=1&s=digital-skills&sr=1-678", "LOST LEGENDS OF REDWALL\u2122: Escape the Gloomer": "https://www.amazon.com/LOST-LEGENDS-REDWALLTM-Escape-Gloomer/dp/B07RMC51Z4/ref=sr_1_679?brr=1&dchild=1&qid=1634420798&rd=1&s=digital-skills&sr=1-679", "Eevee Sounds": "https://www.amazon.com/Facilitation-Technologies-LLC-Eevee-Sounds/dp/B08S33B8YH/ref=sr_1_680?brr=1&dchild=1&qid=1634420798&rd=1&s=digital-skills&sr=1-680", "Lost in Space quotes": "https://www.amazon.com/Brian-G-Walsh-Space-quotes/dp/B07FG1T42X/ref=sr_1_681?brr=1&dchild=1&qid=1634420798&rd=1&s=digital-skills&sr=1-681", "Country Music Quiz - Guess the Song Trivia": "https://www.amazon.com/Country-Music-Quiz-Guess-Trivia/dp/B07G5GWVYC/ref=sr_1_682?brr=1&dchild=1&qid=1634420798&rd=1&s=digital-skills&sr=1-682", "Little Tikes Play Big Skill": "https://www.amazon.com/Little-Tikes-Play-Big-Skill/dp/B07TD7NHYF/ref=sr_1_683?brr=1&dchild=1&qid=1634420798&rd=1&s=digital-skills&sr=1-683", "Music Quiz": "https://www.amazon.com/VoiceCities-Pty-Ltd-Music-Quiz/dp/B07C23LHJN/ref=sr_1_684?brr=1&dchild=1&qid=1634420798&rd=1&s=digital-skills&sr=1-684", "Top Free iPad Apps - Mexico Unofficial": "https://www.amazon.com/Top-Free-iPad-Apps-Unofficial/dp/B07KQHRYT4/ref=sr_1_685?brr=1&dchild=1&qid=1634420798&rd=1&s=digital-skills&sr=1-685", "Hoodie Dot! The game show challenge!": "https://www.amazon.com/Hoodie-Dot-game-show-challenge/dp/B07C6YGFH8/ref=sr_1_686?brr=1&dchild=1&qid=1634420798&rd=1&s=digital-skills&sr=1-686", "Haunted House": "https://www.amazon.com/Game-Energy-LLC-Haunted-House/dp/B01LW9TQ1Y/ref=sr_1_687?brr=1&dchild=1&qid=1634420798&rd=1&s=digital-skills&sr=1-687", "Horror Sounds": "https://www.amazon.com/Smart-Skills-Horror-Sounds/dp/B093SWPPBG/ref=sr_1_688?brr=1&dchild=1&qid=1634420798&rd=1&s=digital-skills&sr=1-688"}