{"Custom Car Trivia": "https://www.amazon.com/ABC-Custom-Car-Trivia/dp/B073ZMHCPK/ref=sr_1_689?brr=1&dchild=1&qid=1634420800&rd=1&s=digital-skills&sr=1-689", "Top Free iPad Apps - Spain Unofficial": "https://www.amazon.com/Top-Free-iPad-Apps-Unofficial/dp/B07KQJ2BW3/ref=sr_1_690?brr=1&dchild=1&qid=1634420800&rd=1&s=digital-skills&sr=1-690", "Fretboard Trainer": "https://www.amazon.com/ShaiRod-Fretboard-Trainer/dp/B07HHY92DD/ref=sr_1_691?brr=1&dchild=1&qid=1634420800&rd=1&s=digital-skills&sr=1-691", "Fun Parent Test": "https://www.amazon.com/Joan-Rogers-Fun-Parent-Test/dp/B07XBR1HWS/ref=sr_1_692?brr=1&dchild=1&qid=1634420800&rd=1&s=digital-skills&sr=1-692", "File Transfer Facts": "https://www.amazon.com/Steve-Luebbe-File-Transfer-Facts/dp/B07KG8T6WJ/ref=sr_1_693?brr=1&dchild=1&qid=1634420800&rd=1&s=digital-skills&sr=1-693", "DARK Netflix quotes - Unofficial": "https://www.amazon.com/KC-USA-DARK-Netflix-quotes-Unofficial/dp/B08C6G3W8Y/ref=sr_1_694?brr=1&dchild=1&qid=1634420800&rd=1&s=digital-skills&sr=1-694", "Copy Me": "https://www.amazon.com/Nara-Won-Copy-Me/dp/B0759M2GV3/ref=sr_1_695?brr=1&dchild=1&qid=1634420800&rd=1&s=digital-skills&sr=1-695", "Christmas Party Quiz": "https://www.amazon.com/Paul-Ainsworth-Christmas-Party-Quiz/dp/B078HBFJXZ/ref=sr_1_696?brr=1&dchild=1&qid=1634420800&rd=1&s=digital-skills&sr=1-696", "A great speaker": "https://www.amazon.com/EC-Web-A-great-speaker/dp/B08T78CTH7/ref=sr_1_697?brr=1&dchild=1&qid=1634420800&rd=1&s=digital-skills&sr=1-697", "Sunflower Facts": "https://www.amazon.com/CyberCode-Twins-Sunflower-Facts/dp/B01LXI6DSZ/ref=sr_1_698?brr=1&dchild=1&qid=1634420800&rd=1&s=digital-skills&sr=1-698", "Shoe Picker": "https://www.amazon.com/Dinesh-Reddy-Shoe-Picker/dp/B07JC5CVCL/ref=sr_1_699?brr=1&dchild=1&qid=1634420800&rd=1&s=digital-skills&sr=1-699", "Little Big Words": "https://www.amazon.com/Create-A-Prayer-Pillow-Little/dp/B07D84BXKX/ref=sr_1_700?brr=1&dchild=1&qid=1634420800&rd=1&s=digital-skills&sr=1-700", "XCOM MIssion": "https://www.amazon.com/Sanctuary-Software-Studio-Inc-MIssion/dp/B07D3Y1Y4H/ref=sr_1_701?brr=1&dchild=1&qid=1634420800&rd=1&s=digital-skills&sr=1-701", "WDW Quiz": "https://www.amazon.com/Stephen-Brown-WDW-Quiz/dp/B079G2RGFD/ref=sr_1_702?brr=1&dchild=1&qid=1634420800&rd=1&s=digital-skills&sr=1-702", "Derek's Magic Cube": "https://www.amazon.com/Magic-by-Derek-Dereks-Cube/dp/B07WKB71SQ/ref=sr_1_703?brr=1&dchild=1&qid=1634420800&rd=1&s=digital-skills&sr=1-703", "What's Special Today": "https://www.amazon.com/Amruta-Saraf-Whats-Special-Today/dp/B074D9YLQH/ref=sr_1_704?brr=1&dchild=1&qid=1634420800&rd=1&s=digital-skills&sr=1-704"}