{"The Tragedy of Darth Plagueis the Wise Unofficial": "https://www.amazon.com/Tragedy-Darth-Plagueis-Wise-Unofficial/dp/B06XNVJJ1Y/ref=sr_1_705?brr=1&dchild=1&qid=1634420803&rd=1&s=digital-skills&sr=1-705", "Klondike Solitaire Card Game for Echo Show": "https://www.amazon.com/Klondike-Solitaire-Card-Game-Echo/dp/B07DL7TH1S/ref=sr_1_706?brr=1&dchild=1&qid=1634420803&rd=1&s=digital-skills&sr=1-706", "Yak Yak Games": "https://www.amazon.com/Vocala-co-Yak-Games/dp/B08SCF2LHV/ref=sr_1_707?brr=1&dchild=1&qid=1634420803&rd=1&s=digital-skills&sr=1-707", "Math Quiz": "https://www.amazon.com/TechEm-Studios-Math-Quiz/dp/B073G83DHQ/ref=sr_1_708?brr=1&dchild=1&qid=1634420803&rd=1&s=digital-skills&sr=1-708", "Unofficial Which Narcos Character Are You? Quiz": "https://www.amazon.com/Unofficial-Which-Narcos-Character-Quiz/dp/B01LZ1CQZ8/ref=sr_1_709?brr=1&dchild=1&qid=1634420803&rd=1&s=digital-skills&sr=1-709", "Unofficial Narcos Facts": "https://www.amazon.com/Cloudy-Labs-Unofficial-Narcos-Facts/dp/B01LWCA8KK/ref=sr_1_710?brr=1&dchild=1&qid=1634420803&rd=1&s=digital-skills&sr=1-710", "Commercial Real Estate Glossary": "https://www.amazon.com/dp/B09JLMQ2HD/ref=sr_1_711?brr=1&dchild=1&qid=1634420803&rd=1&s=digital-skills&sr=1-711", "Red Light Green Light": "https://www.amazon.com/Sea-Pigeon-Red-Light-Green/dp/B09JC7PG5V/ref=sr_1_712?brr=1&dchild=1&qid=1634420803&rd=1&s=digital-skills&sr=1-712", "skillmix": "https://www.amazon.com/Techno-Wings-skillmix/dp/B09JBXXJBF/ref=sr_1_713?brr=1&dchild=1&qid=1634420803&rd=1&s=digital-skills&sr=1-713", "me where the last golden ticket is": "https://www.amazon.com/me-where-last-golden-ticket/dp/B09J9YKBNN/ref=sr_1_714?brr=1&dchild=1&qid=1634420803&rd=1&s=digital-skills&sr=1-714", "Cullys Market 2345": "https://www.amazon.com/Ingress-Ventures-Cullys-Market-2345/dp/B09J947MHN/ref=sr_1_715?brr=1&dchild=1&qid=1634420803&rd=1&s=digital-skills&sr=1-715", "Best Western Dos Rios 244": "https://www.amazon.com/Best-Western-Dos-Rios-244/dp/B09J91JYN9/ref=sr_1_716?brr=1&dchild=1&qid=1634420803&rd=1&s=digital-skills&sr=1-716", "Days Inn 79": "https://www.amazon.com/Ingress-Ventures-Days-Inn-79/dp/B09J8ZCLQR/ref=sr_1_717?brr=1&dchild=1&qid=1634420803&rd=1&s=digital-skills&sr=1-717", "Cornerstone Market 5054": "https://www.amazon.com/Ingress-Ventures-Cornerstone-Market-5054/dp/B09J8Z6CVP/ref=sr_1_718?brr=1&dchild=1&qid=1634420803&rd=1&s=digital-skills&sr=1-718", "Phillips Food Store 6926": "https://www.amazon.com/Ingress-Ventures-Phillips-Food-Store/dp/B09J8YM7YS/ref=sr_1_719?brr=1&dchild=1&qid=1634420803&rd=1&s=digital-skills&sr=1-719", "Super 8 by Wyndham Diamondville 3": "https://www.amazon.com/Super-8-Wyndham-Diamondville-3/dp/B09J8YK9W8/ref=sr_1_720?brr=1&dchild=1&qid=1634420803&rd=1&s=digital-skills&sr=1-720"}