{"Microtel Inn Suites 2771": "https://www.amazon.com/Ingress-Ventures-Microtel-Suites-2771/dp/B09J8Y7YWN/ref=sr_1_721?brr=1&dchild=1&qid=1634420806&rd=1&s=digital-skills&sr=1-721", "Econo Lodge Inn Suites 7424": "https://www.amazon.com/Econo-Lodge-Inn-Suites-7424/dp/B09J8X5Z2F/ref=sr_1_722?brr=1&dchild=1&qid=1634420806&rd=1&s=digital-skills&sr=1-722", "Smoking Joes 4437": "https://www.amazon.com/Ingress-Ventures-Smoking-Joes-4437/dp/B09J8WJPYY/ref=sr_1_723?brr=1&dchild=1&qid=1634420806&rd=1&s=digital-skills&sr=1-723", "Lancaster Welcome Inn 420": "https://www.amazon.com/Ingress-Ventures-Lancaster-Welcome-Inn/dp/B09J8WH337/ref=sr_1_724?brr=1&dchild=1&qid=1634420806&rd=1&s=digital-skills&sr=1-724", "Island Oasis Mart 540": "https://www.amazon.com/Ingress-Ventures-Island-Oasis-Mart/dp/B09J8VLW3Y/ref=sr_1_725?brr=1&dchild=1&qid=1634420806&rd=1&s=digital-skills&sr=1-725", "Split Mountain Motel 1015": "https://www.amazon.com/Ingress-Ventures-Split-Mountain-Motel/dp/B09J8V52PT/ref=sr_1_726?brr=1&dchild=1&qid=1634420806&rd=1&s=digital-skills&sr=1-726", "Mobile Gas Station 203": "https://www.amazon.com/Ingress-Ventures-Mobile-Gas-Station/dp/B09J8SB37G/ref=sr_1_727?brr=1&dchild=1&qid=1634420806&rd=1&s=digital-skills&sr=1-727", "Energy Market 10598": "https://www.amazon.com/Ingress-Ventures-Energy-Market-10598/dp/B09J8S2J6B/ref=sr_1_728?brr=1&dchild=1&qid=1634420806&rd=1&s=digital-skills&sr=1-728", "Deluxe Inn Suites 1004": "https://www.amazon.com/Ingress-Ventures-Deluxe-Suites-1004/dp/B09J8RF57K/ref=sr_1_729?brr=1&dchild=1&qid=1634420806&rd=1&s=digital-skills&sr=1-729", "Discount Smoke Shop 1621": "https://www.amazon.com/Ingress-Ventures-Discount-Smoke-Shop/dp/B09J8Q2Y1S/ref=sr_1_730?brr=1&dchild=1&qid=1634420806&rd=1&s=digital-skills&sr=1-730", "Tobacco Barn 15": "https://www.amazon.com/Ingress-Ventures-Tobacco-Barn-15/dp/B09J8PDMVV/ref=sr_1_731?brr=1&dchild=1&qid=1634420806&rd=1&s=digital-skills&sr=1-731", "EXXON TRUCK STOP 2560": "https://www.amazon.com/Ingress-Ventures-EXXON-TRUCK-STOP/dp/B09J8NQ4WL/ref=sr_1_732?brr=1&dchild=1&qid=1634420806&rd=1&s=digital-skills&sr=1-732", "Citgo 4801": "https://www.amazon.com/Ingress-Ventures-Citgo-4801/dp/B09J8MQSPZ/ref=sr_1_733?brr=1&dchild=1&qid=1634420806&rd=1&s=digital-skills&sr=1-733", "Best Western Smoky Mountain Inn 130": "https://www.amazon.com/Best-Western-Smoky-Mountain-Inn/dp/B09J8MLD4Z/ref=sr_1_734?brr=1&dchild=1&qid=1634420806&rd=1&s=digital-skills&sr=1-734", "MJ Liquor Wine Beer 3209": "https://www.amazon.com/MJ-Liquor-Wine-Beer-3209/dp/B09J8M1Y6C/ref=sr_1_735?brr=1&dchild=1&qid=1634420806&rd=1&s=digital-skills&sr=1-735", "Best Western Plus Crawfordsville Hotel 2600": "https://www.amazon.com/Best-Western-Plus-Crawfordsville-Hotel/dp/B09J8L48JK/ref=sr_1_736?brr=1&dchild=1&qid=1634420806&rd=1&s=digital-skills&sr=1-736"}