{"rock paper scissors": "https://www.amazon.com/Bilqees-Khwaja-rock-paper-scissors/dp/B09J186454/ref=sr_1_784?brr=1&dchild=1&qid=1634420815&rd=1&s=digital-skills&sr=1-784", "PlantRobotTrivia": "https://www.amazon.com/Texas-A-Intramural-Sports-PlantRobotTrivia/dp/B09J4SD2YK/ref=sr_1_770?brr=1&dchild=1&qid=1634420815&rd=1&s=digital-skills&sr=1-770", "Tiki Taka Stories": "https://www.amazon.com/Santosh-Singh-Tiki-Taka-Stories/dp/B09J4QRWHM/ref=sr_1_771?brr=1&dchild=1&qid=1634420815&rd=1&s=digital-skills&sr=1-771", "Rock paper scissors": "https://www.amazon.com/rd-batch-lila-Poonawalla-Foundation/dp/B09J3JXJC9/ref=sr_1_773?brr=1&dchild=1&qid=1634420815&rd=1&s=digital-skills&sr=1-773", "fps test": "https://www.amazon.com/LPF-fps-test/dp/B09J1C3TFS/ref=sr_1_781?brr=1&dchild=1&qid=1634420815&rd=1&s=digital-skills&sr=1-781", "Car chess": "https://www.amazon.com/LGTi-Car-chess/dp/B09J1CVVD8/ref=sr_1_780?brr=1&dchild=1&qid=1634420815&rd=1&s=digital-skills&sr=1-780", "Americas Best Value Inn Suites Sidney 2115": "https://www.amazon.com/Americas-Best-Value-Suites-Sidney/dp/B09J19JG16/ref=sr_1_782?brr=1&dchild=1&qid=1634420815&rd=1&s=digital-skills&sr=1-782", "50 Off Cards and gifts 2140": "https://www.amazon.com/50-Off-Cards-gifts-2140/dp/B09J195CH5/ref=sr_1_783?brr=1&dchild=1&qid=1634420815&rd=1&s=digital-skills&sr=1-783"}