{"Top TV Episodes from Apple TV US Unofficial": "https://www.amazon.com/Top-TV-Episodes-Apple-Unofficial/dp/B07KQHDVTH/ref=sr_1_65?brr=1&dchild=1&qid=1634420690&rd=1&s=digital-skills&sr=1-65", "Insult Generator": "https://www.amazon.com/Noor-Syed-Insult-Generator/dp/B06W5GWD3R/ref=sr_1_66?brr=1&dchild=1&qid=1634420690&rd=1&s=digital-skills&sr=1-66", "Hypixel Stats": "https://www.amazon.com/RJ-Hypixel-Stats/dp/B08N13B3CT/ref=sr_1_67?brr=1&dchild=1&qid=1634420690&rd=1&s=digital-skills&sr=1-67", "Cute Kid Rock Paper Scissors": "https://www.amazon.com/Cute-Kid-Rock-Paper-Scissors/dp/B07D9MWGCF/ref=sr_1_68?brr=1&dchild=1&qid=1634420690&rd=1&s=digital-skills&sr=1-68", "Either Or": "https://www.amazon.com/Would-You-Rather-for-Family/dp/B06WGV16HR/ref=sr_1_69?brr=1&dchild=1&qid=1634420690&rd=1&s=digital-skills&sr=1-69", "Sample Olympia Subs": "https://www.amazon.com/ABC-Sample-Olympia-Subs/dp/B09C8BRTQL/ref=sr_1_70?brr=1&dchild=1&qid=1634420690&rd=1&s=digital-skills&sr=1-70", "YouVersion Bible Challenge": "https://www.amazon.com/Life-Church-YouVersion-Bible-Challenge/dp/B07MFQ5Z83/ref=sr_1_71?brr=1&dchild=1&qid=1634420690&rd=1&s=digital-skills&sr=1-71", "Quiz of the Day skill for Amazon Alexa": "https://www.amazon.com/Aawaz-Quiz-of-the-Day/dp/B07D6NWVKW/ref=sr_1_72?brr=1&dchild=1&qid=1634420690&rd=1&s=digital-skills&sr=1-72", "Disney Quote of the Day": "https://www.amazon.com/Disney-Quote-of-the-Day/dp/B072WMM3LT/ref=sr_1_73?brr=1&dchild=1&qid=1634420690&rd=1&s=digital-skills&sr=1-73", "Popcorn Tycoon": "https://www.amazon.com/Volley-Inc-Popcorn-Tycoon/dp/B07VF6CTCD/ref=sr_1_74?brr=1&dchild=1&qid=1634420690&rd=1&s=digital-skills&sr=1-74", "Skill of the Day": "https://www.amazon.com/Volley-Inc-Skill-the-Day/dp/B079P7CBLP/ref=sr_1_75?brr=1&dchild=1&qid=1634420690&rd=1&s=digital-skills&sr=1-75", "Emby": "https://www.amazon.com/Emby/dp/B07F8VC9F9/ref=sr_1_76?brr=1&dchild=1&qid=1634420690&rd=1&s=digital-skills&sr=1-76", "Texas Hold'em Skill": "https://www.amazon.com/Ethan-Rivett-Texas-Holdem-Skill/dp/B07JNP89H5/ref=sr_1_77?brr=1&dchild=1&qid=1634420690&rd=1&s=digital-skills&sr=1-77", "Disney Trivia": "https://www.amazon.com/Disney-Trivia/dp/B07H44968P/ref=sr_1_78?brr=1&dchild=1&qid=1634420690&rd=1&s=digital-skills&sr=1-78", "Common Knowledge": "https://www.amazon.com/Game-Show-Network-Common-Knowledge/dp/B07ZDJ38JG/ref=sr_1_79?brr=1&dchild=1&qid=1634420690&rd=1&s=digital-skills&sr=1-79", "OSRS Stat Calculator": "https://www.amazon.com/Stone-OSRS-Stat-Calculator/dp/B074TS24KY/ref=sr_1_80?brr=1&dchild=1&qid=1634420690&rd=1&s=digital-skills&sr=1-80"}