{"Holiday Inn Express ONeill an IHG Hotel 1020": "https://www.amazon.com/Holiday-Express-ONeill-Hotel-1020/dp/B09HXJ7Z9H/ref=sr_1_833?brr=1&dchild=1&qid=1634420826&rd=1&s=digital-skills&sr=1-833", "SK Mart": "https://www.amazon.com/Ingress-Ventures-SK-Mart/dp/B09HXHGS8S/ref=sr_1_834?brr=1&dchild=1&qid=1634420826&rd=1&s=digital-skills&sr=1-834", "Americas Best Value Inn Roosevelt 2203": "https://www.amazon.com/Americas-Best-Value-Roosevelt-2203/dp/B09HXHG9QK/ref=sr_1_835?brr=1&dchild=1&qid=1634420826&rd=1&s=digital-skills&sr=1-835", "Comfort Inn Ballard Roosevelt 2197": "https://www.amazon.com/Comfort-Inn-Ballard-Roosevelt-2197/dp/B09HXH7CGJ/ref=sr_1_836?brr=1&dchild=1&qid=1634420826&rd=1&s=digital-skills&sr=1-836", "Dickinson Deli 248": "https://www.amazon.com/Ingress-Ventures-Dickinson-Deli-248/dp/B09HXFQV8B/ref=sr_1_837?brr=1&dchild=1&qid=1634420826&rd=1&s=digital-skills&sr=1-837", "Quality Inn Suites 100": "https://www.amazon.com/Ingress-Ventures-Quality-Inn-Suites/dp/B09HXDDXFX/ref=sr_1_838?brr=1&dchild=1&qid=1634420826&rd=1&s=digital-skills&sr=1-838", "Americas Best Value Inn Rawlins 1392": "https://www.amazon.com/Americas-Best-Value-Rawlins-1392/dp/B09HXDCWX7/ref=sr_1_839?brr=1&dchild=1&qid=1634420826&rd=1&s=digital-skills&sr=1-839", "Econo Lodge Moreno Valley 24412": "https://www.amazon.com/Econo-Lodge-Moreno-Valley-24412/dp/B09HXCBQ7S/ref=sr_1_840?brr=1&dchild=1&qid=1634420826&rd=1&s=digital-skills&sr=1-840", "Ganesh Convenience 1197": "https://www.amazon.com/Ingress-Ventures-Ganesh-Convenience-1197/dp/B09HXBB5S6/ref=sr_1_841?brr=1&dchild=1&qid=1634420826&rd=1&s=digital-skills&sr=1-841", "Best Western New Albany 400": "https://www.amazon.com/Best-Western-New-Albany-400/dp/B09HX68GPB/ref=sr_1_842?brr=1&dchild=1&qid=1634420826&rd=1&s=digital-skills&sr=1-842", "Willy Mart 20551": "https://www.amazon.com/Ingress-Ventures-Willy-Mart-20551/dp/B09HTX221V/ref=sr_1_843?brr=1&dchild=1&qid=1634420826&rd=1&s=digital-skills&sr=1-843", "Ocean Waves Sounds": "https://www.amazon.com/Axantic-Ocean-Waves-Sounds/dp/B09HTVXBS2/ref=sr_1_844?brr=1&dchild=1&qid=1634420826&rd=1&s=digital-skills&sr=1-844", "Tibetan Bowls Sounds": "https://www.amazon.com/Axantic-Tibetan-Bowls-Sounds/dp/B09HTSNJLZ/ref=sr_1_845?brr=1&dchild=1&qid=1634420826&rd=1&s=digital-skills&sr=1-845", "Mountain River Sounds": "https://www.amazon.com/Axantic-Mountain-River-Sounds/dp/B09HTR5MHD/ref=sr_1_846?brr=1&dchild=1&qid=1634420826&rd=1&s=digital-skills&sr=1-846", "Air Conditioner White Noise": "https://www.amazon.com/Axantic-Air-Conditioner-White-Noise/dp/B09HTQFN4J/ref=sr_1_847?brr=1&dchild=1&qid=1634420826&rd=1&s=digital-skills&sr=1-847", "Rockholds Pit Stop 9209": "https://www.amazon.com/Ingress-Ventures-Rockholds-Stop-9209/dp/B09HTD5DLQ/ref=sr_1_848?brr=1&dchild=1&qid=1634420826&rd=1&s=digital-skills&sr=1-848"}