{"Best Western Plus Columbus 4027": "https://www.amazon.com/Best-Western-Plus-Columbus-4027/dp/B09HSHK8YB/ref=sr_1_849?brr=1&dchild=1&qid=1634420829&rd=1&s=digital-skills&sr=1-849", "Super 8 112": "https://www.amazon.com/Ingress-Ventures-Super-8-112/dp/B09HSGNFXG/ref=sr_1_850?brr=1&dchild=1&qid=1634420829&rd=1&s=digital-skills&sr=1-850", "Number count": "https://www.amazon.com/Ghaanaa-Number-count/dp/B09HSG5XH6/ref=sr_1_851?brr=1&dchild=1&qid=1634420829&rd=1&s=digital-skills&sr=1-851", "Auntie Anne's 5538": "https://www.amazon.com/Ingress-Ventures-Auntie-Annes-5538/dp/B09HSFZPGL/ref=sr_1_852?brr=1&dchild=1&qid=1634420829&rd=1&s=digital-skills&sr=1-852", "Quality Inn Suites 1705": "https://www.amazon.com/Ingress-Ventures-Quality-Suites-1705/dp/B09HSFVJ5M/ref=sr_1_853?brr=1&dchild=1&qid=1634420829&rd=1&s=digital-skills&sr=1-853", "Subway 2449": "https://www.amazon.com/Ingress-Ventures-Subway-2449/dp/B09HSFKMDD/ref=sr_1_854?brr=1&dchild=1&qid=1634420829&rd=1&s=digital-skills&sr=1-854", "Motel 6 4760": "https://www.amazon.com/Ingress-Ventures-Motel-6-4760/dp/B09HSFFPH6/ref=sr_1_855?brr=1&dchild=1&qid=1634420829&rd=1&s=digital-skills&sr=1-855", "Crossroads Motel 6476": "https://www.amazon.com/Ingress-Ventures-Crossroads-Motel-6476/dp/B09HSFDPVB/ref=sr_1_856?brr=1&dchild=1&qid=1634420829&rd=1&s=digital-skills&sr=1-856", "Subway 2113": "https://www.amazon.com/Ingress-Ventures-Subway-2113/dp/B09HSFCTY7/ref=sr_1_857?brr=1&dchild=1&qid=1634420829&rd=1&s=digital-skills&sr=1-857", "Spaceship Sounds": "https://www.amazon.com/Axantic-Spaceship-Sounds/dp/B09HSF137T/ref=sr_1_858?brr=1&dchild=1&qid=1634420829&rd=1&s=digital-skills&sr=1-858", "Clarion Hotel 626": "https://www.amazon.com/Ingress-Ventures-Clarion-Hotel-626/dp/B09HSDZJVQ/ref=sr_1_859?brr=1&dchild=1&qid=1634420829&rd=1&s=digital-skills&sr=1-859", "Subway 75": "https://www.amazon.com/Ingress-Ventures-Subway-75/dp/B09HSDX955/ref=sr_1_860?brr=1&dchild=1&qid=1634420829&rd=1&s=digital-skills&sr=1-860", "Motel 6 797": "https://www.amazon.com/Ingress-Ventures-Motel-6-797/dp/B09HSDVX5Z/ref=sr_1_861?brr=1&dchild=1&qid=1634420829&rd=1&s=digital-skills&sr=1-861", "Zeros Subs 410": "https://www.amazon.com/Ingress-Ventures-Zeros-Subs-410/dp/B09HSDPC7H/ref=sr_1_862?brr=1&dchild=1&qid=1634420829&rd=1&s=digital-skills&sr=1-862", "Red Roof Inn Suites 1659": "https://www.amazon.com/Red-Roof-Inn-Suites-1659/dp/B09HSDHSTN/ref=sr_1_863?brr=1&dchild=1&qid=1634420829&rd=1&s=digital-skills&sr=1-863", "Rain Fan Sounds": "https://www.amazon.com/Axantic-Rain-Fan-Sounds/dp/B09HSCWQQR/ref=sr_1_864?brr=1&dchild=1&qid=1634420829&rd=1&s=digital-skills&sr=1-864"}