{"Best Western Plus 100": "https://www.amazon.com/Ingress-Ventures-Best-Western-Plus/dp/B09GFZNFB8/ref=sr_1_1009?brr=1&dchild=1&qid=1634420857&rd=1&s=digital-skills&sr=1-1009", "BP 1200": "https://www.amazon.com/Ingress-Ventures-BP-1200/dp/B09GFXYDT8/ref=sr_1_1010?brr=1&dchild=1&qid=1634420857&rd=1&s=digital-skills&sr=1-1010", "Facts Twenty Five": "https://www.amazon.com/Dinesh-Thangaraj-Facts-Twenty-Five/dp/B09GFFBX3N/ref=sr_1_1011?brr=1&dchild=1&qid=1634420857&rd=1&s=digital-skills&sr=1-1011", "The Important Numbers Drill": "https://www.amazon.com/Spokenpedia-The-Important-Numbers-Drill/dp/B09GBH4XQ7/ref=sr_1_1012?brr=1&dchild=1&qid=1634420857&rd=1&s=digital-skills&sr=1-1012", "Econo Lodge Inn Suites 715": "https://www.amazon.com/Econo-Lodge-Inn-Suites-715/dp/B09GBF2SNG/ref=sr_1_1013?brr=1&dchild=1&qid=1634420857&rd=1&s=digital-skills&sr=1-1013", "Speed Stop Sunoco 281": "https://www.amazon.com/Ingress-Ventures-Speed-Stop-Sunoco/dp/B09GBC3XLW/ref=sr_1_1014?brr=1&dchild=1&qid=1634420857&rd=1&s=digital-skills&sr=1-1014", "Big Creek Market 102": "https://www.amazon.com/Ingress-Ventures-Big-Creek-Market/dp/B09GB9LVCJ/ref=sr_1_1015?brr=1&dchild=1&qid=1634420857&rd=1&s=digital-skills&sr=1-1015", "Shell 219": "https://www.amazon.com/Ingress-Ventures-Shell-219/dp/B09GB65742/ref=sr_1_1016?brr=1&dchild=1&qid=1634420857&rd=1&s=digital-skills&sr=1-1016", "Roulette between friends": "https://www.amazon.com/Edgar-Jonathan-Martinez-Rodriguez-Roulette/dp/B09GB28D8M/ref=sr_1_1017?brr=1&dchild=1&qid=1634420857&rd=1&s=digital-skills&sr=1-1017", "citadel f. m. Sun Rise Food Mart 2307": "https://www.amazon.com/citadel-Rise-Food-Mart-2307/dp/B09G9X51L8/ref=sr_1_1018?brr=1&dchild=1&qid=1634420857&rd=1&s=digital-skills&sr=1-1018", "Quality Fuels 430": "https://www.amazon.com/Ingress-Ventures-Quality-Fuels-430/dp/B09G9WF6BY/ref=sr_1_1019?brr=1&dchild=1&qid=1634420857&rd=1&s=digital-skills&sr=1-1019", "Dons Convenience Store 520": "https://www.amazon.com/Ingress-Ventures-Dons-Convenience-Store/dp/B09G9TKCRQ/ref=sr_1_1020?brr=1&dchild=1&qid=1634420857&rd=1&s=digital-skills&sr=1-1020", "Decherd Food Tobacco 1813": "https://www.amazon.com/Ingress-Ventures-Decherd-Food-Tobacco/dp/B09G9T877D/ref=sr_1_1021?brr=1&dchild=1&qid=1634420857&rd=1&s=digital-skills&sr=1-1021", "Convenience Plus 177": "https://www.amazon.com/Ingress-Ventures-Convenience-Plus-177/dp/B09G9T4SCP/ref=sr_1_1022?brr=1&dchild=1&qid=1634420857&rd=1&s=digital-skills&sr=1-1022", "random letter 2": "https://www.amazon.com/Juan-Ortega-random-letter-2/dp/B09G76J8DN/ref=sr_1_1023?brr=1&dchild=1&qid=1634420857&rd=1&s=digital-skills&sr=1-1023", "House of Tobacco Beverage 806": "https://www.amazon.com/House-of-Tobacco-Beverage-806/dp/B09G6XM6SP/ref=sr_1_1024?brr=1&dchild=1&qid=1634420857&rd=1&s=digital-skills&sr=1-1024"}