{"Casa Royal Inn 610": "https://www.amazon.com/Ingress-Ventures-Casa-Royal-Inn/dp/B09G6XHMJN/ref=sr_1_1025?brr=1&dchild=1&qid=1634420860&rd=1&s=digital-skills&sr=1-1025", "Best Western Executive Hotel 7007": "https://www.amazon.com/Best-Western-Executive-Hotel-7007/dp/B09G6WG38J/ref=sr_1_1026?brr=1&dchild=1&qid=1634420860&rd=1&s=digital-skills&sr=1-1026", "Anytime Convenience 5215": "https://www.amazon.com/Ingress-Ventures-Anytime-Convenience-5215/dp/B09G6VY7J1/ref=sr_1_1027?brr=1&dchild=1&qid=1634420860&rd=1&s=digital-skills&sr=1-1027", "Suburban Extended Stay Hotel 930": "https://www.amazon.com/Suburban-Extended-Stay-Hotel-930/dp/B09G6SBYRT/ref=sr_1_1028?brr=1&dchild=1&qid=1634420860&rd=1&s=digital-skills&sr=1-1028", "Super 8 6529": "https://www.amazon.com/Ingress-Ventures-Super-8-6529/dp/B09G6RMT9L/ref=sr_1_1029?brr=1&dchild=1&qid=1634420860&rd=1&s=digital-skills&sr=1-1029", "Best Western Van Buren Inn 1903": "https://www.amazon.com/Best-Western-Van-Buren-1903/dp/B09G6Q4J6L/ref=sr_1_1030?brr=1&dchild=1&qid=1634420860&rd=1&s=digital-skills&sr=1-1030", "Perfect Smooth Jazz": "https://www.amazon.com/FastCast-DWC-LLC-Perfect-Smooth-Jazz/dp/B09G6PN3MD/ref=sr_1_1031?brr=1&dchild=1&qid=1634420860&rd=1&s=digital-skills&sr=1-1031", "La Quinta Inn Suites 303": "https://www.amazon.com/La-Quinta-Inn-Suites-303/dp/B09G6P7YFN/ref=sr_1_1032?brr=1&dchild=1&qid=1634420860&rd=1&s=digital-skills&sr=1-1032", "7 Eleven 517": "https://www.amazon.com/Ingress-Ventures-7-Eleven-517/dp/B09G6P223R/ref=sr_1_1033?brr=1&dchild=1&qid=1634420860&rd=1&s=digital-skills&sr=1-1033", "Best Western Plus Coldwater Hotel 630": "https://www.amazon.com/Best-Western-Plus-Coldwater-Hotel/dp/B09G6NTQ43/ref=sr_1_1034?brr=1&dchild=1&qid=1634420860&rd=1&s=digital-skills&sr=1-1034", "Speedy Mart 95": "https://www.amazon.com/Ingress-Ventures-Speedy-Mart-95/dp/B09G6MTYJK/ref=sr_1_1035?brr=1&dchild=1&qid=1634420860&rd=1&s=digital-skills&sr=1-1035", "Best Western Long Beach Inn 500": "https://www.amazon.com/Best-Western-Long-Beach-Inn/dp/B09G6J83QH/ref=sr_1_1036?brr=1&dchild=1&qid=1634420860&rd=1&s=digital-skills&sr=1-1036", "One Energy 2949": "https://www.amazon.com/Ingress-Ventures-One-Energy-2949/dp/B09G6HRZ47/ref=sr_1_1037?brr=1&dchild=1&qid=1634420860&rd=1&s=digital-skills&sr=1-1037", "Food N Fuel 873": "https://www.amazon.com/Ingress-Ventures-Food-Fuel-873/dp/B09G6HJ5LY/ref=sr_1_1038?brr=1&dchild=1&qid=1634420860&rd=1&s=digital-skills&sr=1-1038", "Liberty Gasoline Station Beer and Wine 668": "https://www.amazon.com/Liberty-Gasoline-Station-Beer-Wine/dp/B09G6BJJQX/ref=sr_1_1039?brr=1&dchild=1&qid=1634420860&rd=1&s=digital-skills&sr=1-1039", "Super 8 20": "https://www.amazon.com/Ingress-Ventures-Super-8-20/dp/B09G6B9BZS/ref=sr_1_1040?brr=1&dchild=1&qid=1634420860&rd=1&s=digital-skills&sr=1-1040"}