{"Fireplace Sounds": "https://www.amazon.com/Smart-Skills-Fireplace-Sounds/dp/B09F6QNJ77/ref=sr_1_1121?brr=1&dchild=1&qid=1634420877&rd=1&s=digital-skills&sr=1-1121", "Citgo 1801": "https://www.amazon.com/Ingress-Ventures-Citgo-1801/dp/B09F6QGVWH/ref=sr_1_1122?brr=1&dchild=1&qid=1634420877&rd=1&s=digital-skills&sr=1-1122", "Shell 4193": "https://www.amazon.com/Ingress-Ventures-Shell-4193/dp/B09F6Q5MJS/ref=sr_1_1123?brr=1&dchild=1&qid=1634420877&rd=1&s=digital-skills&sr=1-1123", "Spy Ninjas - Ultimate Fan Quiz! (Unofficial)": "https://www.amazon.com/Spy-Ninjas-Ultimate-Quiz-Unofficial/dp/B09F6PMTV3/ref=sr_1_1124?brr=1&dchild=1&qid=1634420877&rd=1&s=digital-skills&sr=1-1124", "Tampico Motel 7201": "https://www.amazon.com/Ingress-Ventures-Tampico-Motel-7201/dp/B09F6P6G61/ref=sr_1_1125?brr=1&dchild=1&qid=1634420877&rd=1&s=digital-skills&sr=1-1125", "Microtel Inn Suites 111": "https://www.amazon.com/Ingress-Ventures-Microtel-Inn-Suites/dp/B09F6NLNFW/ref=sr_1_1126?brr=1&dchild=1&qid=1634420877&rd=1&s=digital-skills&sr=1-1126", "Baymont Wyndham Galveston 2826": "https://www.amazon.com/Ingress-Ventures-Baymont-Wyndham-Galveston/dp/B09F6NFRXR/ref=sr_1_1127?brr=1&dchild=1&qid=1634420877&rd=1&s=digital-skills&sr=1-1127", "Downsview Coin Laundry 2732": "https://www.amazon.com/Ingress-Ventures-Downsview-Coin-Laundry/dp/B09F6N3S1R/ref=sr_1_1128?brr=1&dchild=1&qid=1634420877&rd=1&s=digital-skills&sr=1-1128", "Motel 6 Mineral Wells 105": "https://www.amazon.com/Motel-6-Mineral-Wells-105/dp/B09F6MZ1DH/ref=sr_1_1129?brr=1&dchild=1&qid=1634420877&rd=1&s=digital-skills&sr=1-1129", "Estuary Market Place 1550": "https://www.amazon.com/Ingress-Ventures-Estuary-Market-Place/dp/B09F6MX3WW/ref=sr_1_1130?brr=1&dchild=1&qid=1634420877&rd=1&s=digital-skills&sr=1-1130", "Monahans Country Inn 808": "https://www.amazon.com/Ingress-Ventures-Monahans-Country-Inn/dp/B09F6MTR22/ref=sr_1_1131?brr=1&dchild=1&qid=1634420877&rd=1&s=digital-skills&sr=1-1131", "Red Carpet Inn 2050": "https://www.amazon.com/Ingress-Ventures-Red-Carpet-2050/dp/B09F6MRS3M/ref=sr_1_1132?brr=1&dchild=1&qid=1634420877&rd=1&s=digital-skills&sr=1-1132", "Heaven Liquors 3700": "https://www.amazon.com/Ingress-Ventures-Heaven-Liquors-3700/dp/B09F6MK46D/ref=sr_1_1133?brr=1&dchild=1&qid=1634420877&rd=1&s=digital-skills&sr=1-1133", "Budget Inn 305": "https://www.amazon.com/Ingress-Ventures-Budget-Inn-305/dp/B09F6MCFQR/ref=sr_1_1134?brr=1&dchild=1&qid=1634420877&rd=1&s=digital-skills&sr=1-1134", "Super 8 2315": "https://www.amazon.com/Ingress-Ventures-Super-8-2315/dp/B09F6KTH6B/ref=sr_1_1135?brr=1&dchild=1&qid=1634420877&rd=1&s=digital-skills&sr=1-1135", "Classic Coin Laundry 2396": "https://www.amazon.com/Ingress-Ventures-Classic-Coin-Laundry/dp/B09F6KLHS3/ref=sr_1_1136?brr=1&dchild=1&qid=1634420877&rd=1&s=digital-skills&sr=1-1136"}