{"Milly Package 917": "https://www.amazon.com/Ingress-Ventures-Milly-Package-917/dp/B09F6JRHMF/ref=sr_1_1137?brr=1&dchild=1&qid=1634420880&rd=1&s=digital-skills&sr=1-1137", "Legacy Inn Sumner 101": "https://www.amazon.com/Ingress-Ventures-Legacy-Inn-Sumner/dp/B09F6J7CZL/ref=sr_1_1138?brr=1&dchild=1&qid=1634420880&rd=1&s=digital-skills&sr=1-1138", "Pats Cigarettes 491": "https://www.amazon.com/Ingress-Ventures-Pats-Cigarettes-491/dp/B09F6J4KQ2/ref=sr_1_1139?brr=1&dchild=1&qid=1634420880&rd=1&s=digital-skills&sr=1-1139", "Best Western Lindsay Inn Suites 14114": "https://www.amazon.com/Best-Western-Lindsay-Suites-14114/dp/B09F6FXQR3/ref=sr_1_1140?brr=1&dchild=1&qid=1634420880&rd=1&s=digital-skills&sr=1-1140", "citadel f. m. Best Western Brewton Inn 1115": "https://www.amazon.com/citadel-Best-Western-Brewton-1115/dp/B09F6F3612/ref=sr_1_1141?brr=1&dchild=1&qid=1634420880&rd=1&s=digital-skills&sr=1-1141", "citadel f. m. Downsview Coin Laundry 2732": "https://www.amazon.com/citadel-Downsview-Coin-Laundry-2732/dp/B09F6D1PY8/ref=sr_1_1142?brr=1&dchild=1&qid=1634420880&rd=1&s=digital-skills&sr=1-1142", "Puff N Stuff 20370": "https://www.amazon.com/Ingress-Ventures-Puff-Stuff-20370/dp/B09F692ZF7/ref=sr_1_1143?brr=1&dchild=1&qid=1634420880&rd=1&s=digital-skills&sr=1-1143", "Subway 205": "https://www.amazon.com/Ingress-Ventures-Subway-205/dp/B09F68FJ6X/ref=sr_1_1144?brr=1&dchild=1&qid=1634420880&rd=1&s=digital-skills&sr=1-1144", "Coin Laundry 800": "https://www.amazon.com/Ingress-Ventures-Coin-Laundry-800/dp/B09F65M69L/ref=sr_1_1145?brr=1&dchild=1&qid=1634420880&rd=1&s=digital-skills&sr=1-1145", "Whose Turn": "https://www.amazon.com/Grama-Heth-Whose-Turn/dp/B09F5SJLPB/ref=sr_1_1146?brr=1&dchild=1&qid=1634420880&rd=1&s=digital-skills&sr=1-1146", "citadel f. m. Cove Road Wine Liquor 675": "https://www.amazon.com/citadel-Cove-Road-Wine-Liquor/dp/B09F38NDYK/ref=sr_1_1147?brr=1&dchild=1&qid=1634420880&rd=1&s=digital-skills&sr=1-1147", "VGO CAMDEN 2295": "https://www.amazon.com/Ingress-Ventures-VGO-CAMDEN-2295/dp/B09F3626DT/ref=sr_1_1148?brr=1&dchild=1&qid=1634420880&rd=1&s=digital-skills&sr=1-1148", "Puff n Sip Liquor Tobacco Cigars": "https://www.amazon.com/Puff-Sip-Liquor-Tobacco-Cigars/dp/B09F2ZR617/ref=sr_1_1149?brr=1&dchild=1&qid=1634420880&rd=1&s=digital-skills&sr=1-1149", "citadel f. m. Stamford Wine Liquor 583": "https://www.amazon.com/citadel-Stamford-Wine-Liquor-583/dp/B09F2XQVH4/ref=sr_1_1150?brr=1&dchild=1&qid=1634420880&rd=1&s=digital-skills&sr=1-1150", "Crazy Grapes 491": "https://www.amazon.com/Ingress-Ventures-Crazy-Grapes-491/dp/B09F2M9RC6/ref=sr_1_1151?brr=1&dchild=1&qid=1634420880&rd=1&s=digital-skills&sr=1-1151", "citadel f. m. Crazy Grapes Stamford 565": "https://www.amazon.com/citadel-Crazy-Grapes-Stamford-565/dp/B09F2M1DK6/ref=sr_1_1152?brr=1&dchild=1&qid=1634420880&rd=1&s=digital-skills&sr=1-1152"}