{"Rodeway Inn 1710": "https://www.amazon.com/Ingress-Ventures-Rodeway-Inn-1710/dp/B09DSCHS32/ref=sr_1_1169?brr=1&dchild=1&qid=1634420886&rd=1&s=digital-skills&sr=1-1169", "City Sound": "https://www.amazon.com/Smart-Skills-City-Sound/dp/B09DRT2JXL/ref=sr_1_1170?brr=1&dchild=1&qid=1634420886&rd=1&s=digital-skills&sr=1-1170", "Rainforest Sound": "https://www.amazon.com/Smart-Skills-Rainforest-Sound/dp/B09DQ666FW/ref=sr_1_1171?brr=1&dchild=1&qid=1634420886&rd=1&s=digital-skills&sr=1-1171", "Spa Music": "https://www.amazon.com/Smart-Skills-Spa-Music/dp/B09DQ3TS6L/ref=sr_1_1172?brr=1&dchild=1&qid=1634420886&rd=1&s=digital-skills&sr=1-1172", "The Computer Science drill": "https://www.amazon.com/Spokenpedia-The-Computer-Science-drill/dp/B09DQ22TB7/ref=sr_1_1173?brr=1&dchild=1&qid=1634420886&rd=1&s=digital-skills&sr=1-1173", "Didgeridoo Sound": "https://www.amazon.com/Smart-Skills-Didgeridoo-Sound/dp/B09DQ1QHTV/ref=sr_1_1174?brr=1&dchild=1&qid=1634420886&rd=1&s=digital-skills&sr=1-1174", "Get Started": "https://www.amazon.com/Amazon-Get-Started/dp/B09DPZXHSV/ref=sr_1_1175?brr=1&dchild=1&qid=1634420886&rd=1&s=digital-skills&sr=1-1175", "Rodeway Inn 7930": "https://www.amazon.com/Ingress-Ventures-Rodeway-Inn-7930/dp/B09DPZQ2LM/ref=sr_1_1176?brr=1&dchild=1&qid=1634420886&rd=1&s=digital-skills&sr=1-1176", "Vaak Food Mart 1009": "https://www.amazon.com/Ingress-Ventures-Vaak-Food-Mart/dp/B09DPX421P/ref=sr_1_1177?brr=1&dchild=1&qid=1634420886&rd=1&s=digital-skills&sr=1-1177", "citadel f. m. Best Western Plus 2709": "https://www.amazon.com/citadel-Best-Western-Plus-2709/dp/B09DPTDFJN/ref=sr_1_1178?brr=1&dchild=1&qid=1634420886&rd=1&s=digital-skills&sr=1-1178", "Sunoco Gas Station 114": "https://www.amazon.com/Ingress-Ventures-Sunoco-Gas-Station/dp/B09DPS8QGT/ref=sr_1_1179?brr=1&dchild=1&qid=1634420886&rd=1&s=digital-skills&sr=1-1179", "Quick Pantry Citgo 2198": "https://www.amazon.com/Ingress-Ventures-Quick-Pantry-Citgo/dp/B09DPQX14D/ref=sr_1_1180?brr=1&dchild=1&qid=1634420886&rd=1&s=digital-skills&sr=1-1180", "Royal Inn 19071": "https://www.amazon.com/Ingress-Ventures-Royal-Inn-19071/dp/B09DPQK4WM/ref=sr_1_1181?brr=1&dchild=1&qid=1634420886&rd=1&s=digital-skills&sr=1-1181", "Discount Tobacco Liquor 284": "https://www.amazon.com/Ingress-Ventures-Discount-Tobacco-Liquor/dp/B09DPPPFY3/ref=sr_1_1182?brr=1&dchild=1&qid=1634420886&rd=1&s=digital-skills&sr=1-1182", "Text Quest": "https://www.amazon.com/Steven-Foyston-Text-Quest/dp/B09DP7SFRM/ref=sr_1_1183?brr=1&dchild=1&qid=1634420886&rd=1&s=digital-skills&sr=1-1183", "Meditation Sounds": "https://www.amazon.com/Smart-Skills-Meditation-Sounds/dp/B09DLDD327/ref=sr_1_1184?brr=1&dchild=1&qid=1634420886&rd=1&s=digital-skills&sr=1-1184"}