{"Sterns Tobacco 923": "https://www.amazon.com/Ingress-Ventures-Sterns-Tobacco-923/dp/B09DKR46HF/ref=sr_1_1185?brr=1&dchild=1&qid=1634420889&rd=1&s=digital-skills&sr=1-1185", "Fart Hub": "https://www.amazon.com/Steven-Foyston-Fart-Hub/dp/B09DGMQPDD/ref=sr_1_1186?brr=1&dchild=1&qid=1634420889&rd=1&s=digital-skills&sr=1-1186", "Tobacco 77": "https://www.amazon.com/Ingress-Ventures-Tobacco-77/dp/B09DGLXL9V/ref=sr_1_1187?brr=1&dchild=1&qid=1634420889&rd=1&s=digital-skills&sr=1-1187", "AM PM Liquors 1550": "https://www.amazon.com/Ingress-Ventures-AM-Liquors-1550/dp/B09DGKVCVP/ref=sr_1_1188?brr=1&dchild=1&qid=1634420889&rd=1&s=digital-skills&sr=1-1188", "Citgo 6619": "https://www.amazon.com/Ingress-Ventures-Citgo-6619/dp/B09DGKPM1N/ref=sr_1_1189?brr=1&dchild=1&qid=1634420889&rd=1&s=digital-skills&sr=1-1189", "Citgo 17": "https://www.amazon.com/Ingress-Ventures-Citgo-17/dp/B09DGKN7K7/ref=sr_1_1190?brr=1&dchild=1&qid=1634420889&rd=1&s=digital-skills&sr=1-1190", "Smoke Vape 5315": "https://www.amazon.com/Ingress-Ventures-Smoke-Vape-5315/dp/B09DGJG9DM/ref=sr_1_1191?brr=1&dchild=1&qid=1634420889&rd=1&s=digital-skills&sr=1-1191", "citadel f. m. Ardwick Liquors 8307": "https://www.amazon.com/citadel-f-Ardwick-Liquors-8307/dp/B09DGJ8NHY/ref=sr_1_1192?brr=1&dchild=1&qid=1634420889&rd=1&s=digital-skills&sr=1-1192", "Espot NV North Peak Climbing": "https://www.amazon.com/Espot-NV-North-Peak-Climbing/dp/B09DGD615Z/ref=sr_1_1193?brr=1&dchild=1&qid=1634420889&rd=1&s=digital-skills&sr=1-1193", "citadel f. m. RK Wines Spirits 3974": "https://www.amazon.com/citadel-f-Wines-Spirits-3974/dp/B09DG8PQB1/ref=sr_1_1194?brr=1&dchild=1&qid=1634420889&rd=1&s=digital-skills&sr=1-1194", "citadel f. m. AMPM Spirits Wine Tobacco 901": "https://www.amazon.com/citadel-AMPM-Spirits-Wine-Tobacco/dp/B09DG8BYZ6/ref=sr_1_1195?brr=1&dchild=1&qid=1634420889&rd=1&s=digital-skills&sr=1-1195", "Citadel FM Americas Best Value Inn Suites 6138": "https://www.amazon.com/Citadel-Americas-Best-Value-Suites/dp/B09DG69VXY/ref=sr_1_1196?brr=1&dchild=1&qid=1634420889&rd=1&s=digital-skills&sr=1-1196", "Marathon Gas 6055": "https://www.amazon.com/Ingress-Ventures-Marathon-Gas-6055/dp/B09DG58ZZV/ref=sr_1_1197?brr=1&dchild=1&qid=1634420889&rd=1&s=digital-skills&sr=1-1197", "citadel f. m. Vienna Travel Center 1527": "https://www.amazon.com/citadel-Vienna-Travel-Center-1527/dp/B09DG3YH2P/ref=sr_1_1198?brr=1&dchild=1&qid=1634420889&rd=1&s=digital-skills&sr=1-1198", "Stop Go 87": "https://www.amazon.com/Ingress-Ventures-Stop-Go-87/dp/B09DG39SNQ/ref=sr_1_1199?brr=1&dchild=1&qid=1634420889&rd=1&s=digital-skills&sr=1-1199", "Citadel FM Edisto Pantry Deli 1971": "https://www.amazon.com/Citadel-Edisto-Pantry-Deli-1971/dp/B09DG1D2TW/ref=sr_1_1200?brr=1&dchild=1&qid=1634420889&rd=1&s=digital-skills&sr=1-1200"}