{"Champion Liquor 7385": "https://www.amazon.com/Ingress-Ventures-Champion-Liquor-7385/dp/B09DFYP7J2/ref=sr_1_1201?brr=1&dchild=1&qid=1634420892&rd=1&s=digital-skills&sr=1-1201", "Who's your turn": "https://www.amazon.com/Qui%C3%A9n-va-Whos-your-turn/dp/B09DDKQDTZ/ref=sr_1_1205?brr=1&dchild=1&qid=1634420892&rd=1&s=digital-skills&sr=1-1205", "Edisto Liquor 204": "https://www.amazon.com/Ingress-Ventures-Edisto-Liquor-204/dp/B09DFN2XBJ/ref=sr_1_1203?brr=1&dchild=1&qid=1634420892&rd=1&s=digital-skills&sr=1-1203", "Test-IR": "https://www.amazon.com/we45-Test-IR/dp/B09DFMM6FG/ref=sr_1_1204?brr=1&dchild=1&qid=1634420892&rd=1&s=digital-skills&sr=1-1204", "AA Shell Food Mart 820": "https://www.amazon.com/AA-Shell-Food-Mart-820/dp/B09DD4NBYR/ref=sr_1_1206?brr=1&dchild=1&qid=1634420892&rd=1&s=digital-skills&sr=1-1206", "Days Inn 1092": "https://www.amazon.com/Ingress-Ventures-Days-Inn-1092/dp/B09DD3H2HD/ref=sr_1_1207?brr=1&dchild=1&qid=1634420892&rd=1&s=digital-skills&sr=1-1207", "My Pirate": "https://www.amazon.com/Volley-Inc-My-Pirate/dp/B09DD3CL68/ref=sr_1_1208?brr=1&dchild=1&qid=1634420892&rd=1&s=digital-skills&sr=1-1208", "EZ Corner 1004": "https://www.amazon.com/Ingress-Ventures-EZ-Corner-1004/dp/B09DD38DXB/ref=sr_1_1209?brr=1&dchild=1&qid=1634420892&rd=1&s=digital-skills&sr=1-1209", "A P Mini Mart 702": "https://www.amazon.com/A-P-Mini-Mart-702/dp/B09DD2WRWQ/ref=sr_1_1210?brr=1&dchild=1&qid=1634420892&rd=1&s=digital-skills&sr=1-1210", "citadel f. m. Ely Laundry Express 1129": "https://www.amazon.com/citadel-Ely-Laundry-Express-1129/dp/B09DD281Z8/ref=sr_1_1211?brr=1&dchild=1&qid=1634420892&rd=1&s=digital-skills&sr=1-1211", "Minors Fast Fuel 15360": "https://www.amazon.com/Ingress-Ventures-Minors-Fast-15360/dp/B09DD27QXM/ref=sr_1_1212?brr=1&dchild=1&qid=1634420892&rd=1&s=digital-skills&sr=1-1212", "Lazy Days Market 645": "https://www.amazon.com/Ingress-Ventures-Lazy-Days-Market/dp/B09DD26XLC/ref=sr_1_1213?brr=1&dchild=1&qid=1634420892&rd=1&s=digital-skills&sr=1-1213", "STUDIO 6 1607": "https://www.amazon.com/Ingress-Ventures-STUDIO-6-1607/dp/B09DD1F51H/ref=sr_1_1214?brr=1&dchild=1&qid=1634420892&rd=1&s=digital-skills&sr=1-1214", "Subway 1329": "https://www.amazon.com/Ingress-Ventures-Subway-1329/dp/B09DD13ZPG/ref=sr_1_1215?brr=1&dchild=1&qid=1634420892&rd=1&s=digital-skills&sr=1-1215", "Mikes 4301": "https://www.amazon.com/Ingress-Ventures-Mikes-4301/dp/B09DCZPY31/ref=sr_1_1216?brr=1&dchild=1&qid=1634420892&rd=1&s=digital-skills&sr=1-1216"}