{"Qp Express 1000": "https://www.amazon.com/Ingress-Ventures-Qp-Express-1000/dp/B09D3C9MHS/ref=sr_1_1233?brr=1&dchild=1&qid=1634420898&rd=1&s=digital-skills&sr=1-1233", "Springhill Suite 8840": "https://www.amazon.com/Ingress-Ventures-Springhill-Suite-8840/dp/B09D37SDS3/ref=sr_1_1234?brr=1&dchild=1&qid=1634420898&rd=1&s=digital-skills&sr=1-1234", "Citadel FM Sportsman Motel 16093": "https://www.amazon.com/Citadel-FM-Sportsman-Motel-16093/dp/B09D36BZFV/ref=sr_1_1235?brr=1&dchild=1&qid=1634420898&rd=1&s=digital-skills&sr=1-1235", "Days Inn by Wyndham 919": "https://www.amazon.com/Days-Inn-by-Wyndham-919/dp/B09D356CM7/ref=sr_1_1236?brr=1&dchild=1&qid=1634420898&rd=1&s=digital-skills&sr=1-1236", "Blue Bay Inn Suites 901": "https://www.amazon.com/Blue-Bay-Inn-Suites-901/dp/B09D2NPDZV/ref=sr_1_1237?brr=1&dchild=1&qid=1634420898&rd=1&s=digital-skills&sr=1-1237", "Ed Grocery 910": "https://www.amazon.com/Ingress-Ventures-Ed-Grocery-910/dp/B09D2DWWGJ/ref=sr_1_1238?brr=1&dchild=1&qid=1634420898&rd=1&s=digital-skills&sr=1-1238", "Rock, Paper, Scissors": "https://www.amazon.com/Relaxing-Sleep-Sounds-LLC-Scissors/dp/B09CZ8G7SW/ref=sr_1_1239?brr=1&dchild=1&qid=1634420898&rd=1&s=digital-skills&sr=1-1239", "Days Inn 1505": "https://www.amazon.com/Ingress-Ventures-Days-Inn-1505/dp/B09CZ4MT16/ref=sr_1_1240?brr=1&dchild=1&qid=1634420898&rd=1&s=digital-skills&sr=1-1240", "Quality Inn 668": "https://www.amazon.com/Ingress-Ventures-Quality-Inn-668/dp/B09CYXQ53F/ref=sr_1_1241?brr=1&dchild=1&qid=1634420898&rd=1&s=digital-skills&sr=1-1241", "Noors Fine Foods 838": "https://www.amazon.com/Ingress-Ventures-Noors-Fine-Foods/dp/B09CYVRF1T/ref=sr_1_1242?brr=1&dchild=1&qid=1634420898&rd=1&s=digital-skills&sr=1-1242", "Bear tooth Inn 2513": "https://www.amazon.com/Ingress-Ventures-Bear-tooth-2513/dp/B09CYTQ436/ref=sr_1_1243?brr=1&dchild=1&qid=1634420898&rd=1&s=digital-skills&sr=1-1243", "Yes Way 1910": "https://www.amazon.com/Ingress-Ventures-Yes-Way-1910/dp/B09CYQCX2Y/ref=sr_1_1244?brr=1&dchild=1&qid=1634420898&rd=1&s=digital-skills&sr=1-1244", "Ex 105": "https://www.amazon.com/Ingress-Ventures-Ex-105/dp/B09CYH6YBQ/ref=sr_1_1245?brr=1&dchild=1&qid=1634420898&rd=1&s=digital-skills&sr=1-1245", "X Press Mart 1023": "https://www.amazon.com/Ingress-Ventures-Press-Mart-1023/dp/B09CYG3MG1/ref=sr_1_1246?brr=1&dchild=1&qid=1634420898&rd=1&s=digital-skills&sr=1-1246", "Jessica Simpson Essay Announcement": "https://www.amazon.com/Amazon-ILLC-Jessica-Simpson-Announcement/dp/B09CXNZS87/ref=sr_1_1247?brr=1&dchild=1&qid=1634420898&rd=1&s=digital-skills&sr=1-1247", "Residence Inn 7024": "https://www.amazon.com/Ingress-Ventures-Residence-Inn-7024/dp/B09CV2X97K/ref=sr_1_1248?brr=1&dchild=1&qid=1634420898&rd=1&s=digital-skills&sr=1-1248"}