{"Citadel FM Racer Food Mart 14525": "https://www.amazon.com/Citadel-Racer-Food-Mart-14525/dp/B09CH3KR62/ref=sr_1_1329?brr=1&dchild=1&qid=1634420915&rd=1&s=digital-skills&sr=1-1329", "Citadel FM La Quinta Inn Suites 3581": "https://www.amazon.com/Citadel-Quinta-Inn-Suites-3581/dp/B09CH2XDGJ/ref=sr_1_1330?brr=1&dchild=1&qid=1634420915&rd=1&s=digital-skills&sr=1-1330", "Quality Inn 806": "https://www.amazon.com/Ingress-Ventures-Quality-Inn-806/dp/B09CH2TR8N/ref=sr_1_1331?brr=1&dchild=1&qid=1634420915&rd=1&s=digital-skills&sr=1-1331", "Vegas Place 1155": "https://www.amazon.com/Ingress-Ventures-Vegas-Place-1155/dp/B09CH2JSCB/ref=sr_1_1332?brr=1&dchild=1&qid=1634420915&rd=1&s=digital-skills&sr=1-1332", "Citadel FM Motel 6 Amarillo 4301": "https://www.amazon.com/Citadel-FM-Motel-Amarillo-4301/dp/B09CH26QLG/ref=sr_1_1333?brr=1&dchild=1&qid=1634420915&rd=1&s=digital-skills&sr=1-1333", "Comfort Suites Westchase Houston Energy Corridor": "https://www.amazon.com/Comfort-Suites-Westchase-Houston-Corridor/dp/B09CH1FWR8/ref=sr_1_1334?brr=1&dchild=1&qid=1634420915&rd=1&s=digital-skills&sr=1-1334", "Days Inn 30": "https://www.amazon.com/Ingress-Ventures-Days-Inn-30/dp/B09CGZQ4PP/ref=sr_1_1335?brr=1&dchild=1&qid=1634420915&rd=1&s=digital-skills&sr=1-1335", "Subway 529": "https://www.amazon.com/Ingress-Ventures-Subway-529/dp/B09CGXVV94/ref=sr_1_1336?brr=1&dchild=1&qid=1634420915&rd=1&s=digital-skills&sr=1-1336", "Citadel FM Hotel South Tampa Suites 3314": "https://www.amazon.com/Citadel-Hotel-South-Tampa-Suites/dp/B09CGXVCCK/ref=sr_1_1337?brr=1&dchild=1&qid=1634420915&rd=1&s=digital-skills&sr=1-1337", "Countryside Inn 501": "https://www.amazon.com/Ingress-Ventures-Countryside-Inn-501/dp/B09CGVCZ4L/ref=sr_1_1338?brr=1&dchild=1&qid=1634420915&rd=1&s=digital-skills&sr=1-1338", "Sleep Inn & Suites 3101": "https://www.amazon.com/Ingress-Ventures-Sleep-Suites-3101/dp/B09CGJ7WCQ/ref=sr_1_1339?brr=1&dchild=1&qid=1634420915&rd=1&s=digital-skills&sr=1-1339", "Suites at Sunchase 1004": "https://www.amazon.com/Ingress-Ventures-Suites-Sunchase-1004/dp/B09CGHYGYY/ref=sr_1_1340?brr=1&dchild=1&qid=1634420915&rd=1&s=digital-skills&sr=1-1340", "Simple Rewards Inn 711": "https://www.amazon.com/Ingress-Ventures-Simple-Rewards-Inn/dp/B09CGHL2T2/ref=sr_1_1341?brr=1&dchild=1&qid=1634420915&rd=1&s=digital-skills&sr=1-1341", "Marathon 2064": "https://www.amazon.com/Ingress-Ventures-Marathon-2064/dp/B09CGFM5NH/ref=sr_1_1342?brr=1&dchild=1&qid=1634420915&rd=1&s=digital-skills&sr=1-1342", "Vegas Place 1287": "https://www.amazon.com/Ingress-Ventures-Vegas-Place-1287/dp/B09CGFHKYC/ref=sr_1_1343?brr=1&dchild=1&qid=1634420915&rd=1&s=digital-skills&sr=1-1343", "Deluxe Inn Suites 450": "https://www.amazon.com/Ingress-Ventures-Deluxe-Inn-Suites/dp/B09CGDWJX5/ref=sr_1_1344?brr=1&dchild=1&qid=1634420915&rd=1&s=digital-skills&sr=1-1344"}