{"Citadel FM Days Inn 7200": "https://www.amazon.com/Citadel-FM-Days-Inn-7200/dp/B09CGCQRJH/ref=sr_1_1345?brr=1&dchild=1&qid=1634420918&rd=1&s=digital-skills&sr=1-1345", "Oak Ridge Food Mart 5290": "https://www.amazon.com/Oak-Ridge-Food-Mart-5290/dp/B09CG9RFLQ/ref=sr_1_1346?brr=1&dchild=1&qid=1634420918&rd=1&s=digital-skills&sr=1-1346", "A Wyoming Inn 720": "https://www.amazon.com/Ingress-Ventures-Wyoming-Inn-720/dp/B09CG8FJ5W/ref=sr_1_1347?brr=1&dchild=1&qid=1634420918&rd=1&s=digital-skills&sr=1-1347", "Citadel FM Renaissance Hotel 5445": "https://www.amazon.com/Citadel-FM-Renaissance-Hotel-5445/dp/B09CG77PB4/ref=sr_1_1348?brr=1&dchild=1&qid=1634420918&rd=1&s=digital-skills&sr=1-1348", "Quality Inn 1190": "https://www.amazon.com/Ingress-Ventures-Quality-Inn-1190/dp/B09CG5PXWB/ref=sr_1_1349?brr=1&dchild=1&qid=1634420918&rd=1&s=digital-skills&sr=1-1349", "Royal Budget Inn 6016": "https://www.amazon.com/Ingress-Ventures-Royal-Budget-6016/dp/B09CG34ZJV/ref=sr_1_1350?brr=1&dchild=1&qid=1634420918&rd=1&s=digital-skills&sr=1-1350", "Citadel FM Quality Inn Suites 4319": "https://www.amazon.com/Citadel-Quality-Inn-Suites-4319/dp/B09CFZ8V5R/ref=sr_1_1351?brr=1&dchild=1&qid=1634420918&rd=1&s=digital-skills&sr=1-1351", "Astro City Motel 2415": "https://www.amazon.com/Ingress-Ventures-Astro-City-Motel/dp/B09CFY7WMV/ref=sr_1_1352?brr=1&dchild=1&qid=1634420918&rd=1&s=digital-skills&sr=1-1352", "Country Side Inn 12732": "https://www.amazon.com/Ingress-Ventures-Country-Side-12732/dp/B09CFWHZDG/ref=sr_1_1353?brr=1&dchild=1&qid=1634420918&rd=1&s=digital-skills&sr=1-1353", "Subway 2": "https://www.amazon.com/Ingress-Ventures-Subway-2/dp/B09CFQRF3N/ref=sr_1_1354?brr=1&dchild=1&qid=1634420918&rd=1&s=digital-skills&sr=1-1354", "The Cellar 212": "https://www.amazon.com/Ingress-Ventures-The-Cellar-212/dp/B09CDNZFG4/ref=sr_1_1355?brr=1&dchild=1&qid=1634420918&rd=1&s=digital-skills&sr=1-1355", "Chevron 3600": "https://www.amazon.com/Ingress-Ventures-Chevron-3600/dp/B09CDNQRY3/ref=sr_1_1356?brr=1&dchild=1&qid=1634420918&rd=1&s=digital-skills&sr=1-1356", "Quick Pantry 4 3911": "https://www.amazon.com/Ingress-Ventures-Quick-Pantry-3911/dp/B09CDNQ7NW/ref=sr_1_1357?brr=1&dchild=1&qid=1634420918&rd=1&s=digital-skills&sr=1-1357", "Chevron 4098": "https://www.amazon.com/Ingress-Ventures-Chevron-4098/dp/B09CDNJDS6/ref=sr_1_1358?brr=1&dchild=1&qid=1634420918&rd=1&s=digital-skills&sr=1-1358", "Monrovia Marathon 7150": "https://www.amazon.com/Ingress-Ventures-Monrovia-Marathon-7150/dp/B09CDMV55K/ref=sr_1_1359?brr=1&dchild=1&qid=1634420918&rd=1&s=digital-skills&sr=1-1359", "Bishops Travel Center 7827": "https://www.amazon.com/Ingress-Ventures-Bishops-Travel-Center/dp/B09CDLHKG9/ref=sr_1_1360?brr=1&dchild=1&qid=1634420918&rd=1&s=digital-skills&sr=1-1360"}