{"Chevron 1251": "https://www.amazon.com/Ingress-Ventures-Chevron-1251/dp/B09CDL1BVB/ref=sr_1_1361?brr=1&dchild=1&qid=1634420921&rd=1&s=digital-skills&sr=1-1361", "Super 8 1040": "https://www.amazon.com/Ingress-Ventures-Super-8-1040/dp/B09CDHH38M/ref=sr_1_1362?brr=1&dchild=1&qid=1634420921&rd=1&s=digital-skills&sr=1-1362", "Smokers Stop 1620": "https://www.amazon.com/Ingress-Ventures-Smokers-Stop-1620/dp/B09CDDXX3N/ref=sr_1_1363?brr=1&dchild=1&qid=1634420921&rd=1&s=digital-skills&sr=1-1363", "Aurora Wine Spirit 1669": "https://www.amazon.com/Ingress-Ventures-Aurora-Wine-Spirit/dp/B09CDDM3TR/ref=sr_1_1364?brr=1&dchild=1&qid=1634420921&rd=1&s=digital-skills&sr=1-1364", "Quick Pantry 105": "https://www.amazon.com/Ingress-Ventures-Quick-Pantry-105/dp/B09CDD8WRX/ref=sr_1_1365?brr=1&dchild=1&qid=1634420921&rd=1&s=digital-skills&sr=1-1365", "Jug Town 684": "https://www.amazon.com/Ingress-Ventures-Jug-Town-684/dp/B09CDCR7HL/ref=sr_1_1366?brr=1&dchild=1&qid=1634420921&rd=1&s=digital-skills&sr=1-1366", "QP Liquors 6058": "https://www.amazon.com/Ingress-Ventures-QP-Liquors-6058/dp/B09CDCPQCS/ref=sr_1_1367?brr=1&dchild=1&qid=1634420921&rd=1&s=digital-skills&sr=1-1367", "Quick Pantry 42 100": "https://www.amazon.com/Ingress-Ventures-Quick-Pantry-100/dp/B09CDCBLM1/ref=sr_1_1368?brr=1&dchild=1&qid=1634420921&rd=1&s=digital-skills&sr=1-1368", "Citadel FM Quick Pantry 105 6058": "https://www.amazon.com/Citadel-Quick-Pantry-105-6058/dp/B09CDB68M2/ref=sr_1_1369?brr=1&dchild=1&qid=1634420921&rd=1&s=digital-skills&sr=1-1369", "Citadel FM Quality Inn Suites Orlando FL 3956": "https://www.amazon.com/Citadel-Quality-Suites-Orlando-3956/dp/B09CDB2BG7/ref=sr_1_1370?brr=1&dchild=1&qid=1634420921&rd=1&s=digital-skills&sr=1-1370", "Quick Pantry 5 019": "https://www.amazon.com/Ingress-Ventures-Quick-Pantry-019/dp/B09CD8HL8W/ref=sr_1_1371?brr=1&dchild=1&qid=1634420921&rd=1&s=digital-skills&sr=1-1371", "Smart Baby": "https://www.amazon.com/Elevate-Media-Smart-Baby/dp/B09CD8DBRS/ref=sr_1_1372?brr=1&dchild=1&qid=1634420921&rd=1&s=digital-skills&sr=1-1372", "Citadel FM Grand Oak Mail Center 5036": "https://www.amazon.com/Citadel-Grand-Mail-Center-5036/dp/B09CD75L6N/ref=sr_1_1373?brr=1&dchild=1&qid=1634420921&rd=1&s=digital-skills&sr=1-1373", "Citadel FM Country Side Inn 12732": "https://www.amazon.com/Citadel-Country-Side-Inn-12732/dp/B09CD6ZM41/ref=sr_1_1374?brr=1&dchild=1&qid=1634420921&rd=1&s=digital-skills&sr=1-1374", "Quick Pantry 4 3911": "https://www.amazon.com/Ingress-Ventures-Quick-Pantry-3911/dp/B09CD6VGDL/ref=sr_1_1375?brr=1&dchild=1&qid=1634420921&rd=1&s=digital-skills&sr=1-1375", "BP 1112": "https://www.amazon.com/Ingress-Ventures-BP-1112/dp/B09CD6PVG5/ref=sr_1_1376?brr=1&dchild=1&qid=1634420921&rd=1&s=digital-skills&sr=1-1376"}