{"Dekalb Liquor 444": "https://www.amazon.com/Ingress-Ventures-Dekalb-Liquor-444/dp/B09C66XV9P/ref=sr_1_1393?brr=1&dchild=1&qid=1634420927&rd=1&s=digital-skills&sr=1-1393", "Midland Market Deli 9022": "https://www.amazon.com/Ingress-Ventures-Midland-Market-Deli/dp/B09C65C2M1/ref=sr_1_1394?brr=1&dchild=1&qid=1634420927&rd=1&s=digital-skills&sr=1-1394", "Otis Lee Liquors 1026": "https://www.amazon.com/Ingress-Ventures-Otis-Liquors-1026/dp/B09C6225JC/ref=sr_1_1395?brr=1&dchild=1&qid=1634420927&rd=1&s=digital-skills&sr=1-1395", "Whose Turn Now": "https://www.amazon.com/Richard-Renna-Whose-Turn-Now/dp/B09C5YVNXB/ref=sr_1_1396?brr=1&dchild=1&qid=1634420927&rd=1&s=digital-skills&sr=1-1396", "Whose Goes Now": "https://www.amazon.com/Richard-Renna-Whose-Goes-Now/dp/B09C5Y6GZK/ref=sr_1_1397?brr=1&dchild=1&qid=1634420927&rd=1&s=digital-skills&sr=1-1397", "Spur Market 6802": "https://www.amazon.com/Ingress-Ventures-Spur-Market-6802/dp/B09C5X4DTR/ref=sr_1_1398?brr=1&dchild=1&qid=1634420927&rd=1&s=digital-skills&sr=1-1398", "Daily Brain Fuel": "https://www.amazon.com/Inner-Genius-Daily-Brain-Fuel/dp/B09C5W2RH3/ref=sr_1_1399?brr=1&dchild=1&qid=1634420927&rd=1&s=digital-skills&sr=1-1399", "Beehive Liquors 208": "https://www.amazon.com/Ingress-Ventures-Beehive-Liquors-208/dp/B09C5TKN9R/ref=sr_1_1400?brr=1&dchild=1&qid=1634420927&rd=1&s=digital-skills&sr=1-1400", "Redi Go Food Mart 426": "https://www.amazon.com/Redi-Go-Food-Mart-426/dp/B09C5TJ3C6/ref=sr_1_1401?brr=1&dchild=1&qid=1634420927&rd=1&s=digital-skills&sr=1-1401", "Citadel FM Pleasant Valley Superette 298": "https://www.amazon.com/Citadel-Pleasant-Valley-Superette-298/dp/B09C5QQ1MF/ref=sr_1_1402?brr=1&dchild=1&qid=1634420927&rd=1&s=digital-skills&sr=1-1402", "Authors Born": "https://www.amazon.com/SN-forward-Authors-Born/dp/B09C5Q6FSJ/ref=sr_1_1403?brr=1&dchild=1&qid=1634420927&rd=1&s=digital-skills&sr=1-1403", "Dog Trivia": "https://www.amazon.com/FXPRO-Dog-Trivia/dp/B09C5P5RQ5/ref=sr_1_1404?brr=1&dchild=1&qid=1634420927&rd=1&s=digital-skills&sr=1-1404", "Lobby Shop 500": "https://www.amazon.com/Ingress-Ventures-Lobby-Shop-500/dp/B09C5MVQY5/ref=sr_1_1405?brr=1&dchild=1&qid=1634420927&rd=1&s=digital-skills&sr=1-1405", "BJ Quick Shop 905": "https://www.amazon.com/Ingress-Ventures-Quick-Shop-905/dp/B09C5LY1DS/ref=sr_1_1406?brr=1&dchild=1&qid=1634420927&rd=1&s=digital-skills&sr=1-1406", "Subway 4406": "https://www.amazon.com/Ingress-Ventures-Subway-4406/dp/B09C5LSVDR/ref=sr_1_1407?brr=1&dchild=1&qid=1634420927&rd=1&s=digital-skills&sr=1-1407", "Ameri Stop Food Mart 730": "https://www.amazon.com/Ameri-Stop-Food-Mart-730/dp/B09C5KLKG5/ref=sr_1_1408?brr=1&dchild=1&qid=1634420927&rd=1&s=digital-skills&sr=1-1408"}