{"Twenty Questions": "https://www.amazon.com/Amazon-Twenty-Questions/dp/B01C3CO48G/ref=sr_1_129?brr=1&dchild=1&qid=1634420702&rd=1&s=digital-skills&sr=1-129", "Spider Man Trivia": "https://www.amazon.com/Justin-Hohertz-Spider-Man-Trivia/dp/B07PRRL4R8/ref=sr_1_130?brr=1&dchild=1&qid=1634420702&rd=1&s=digital-skills&sr=1-130", "Meme Review": "https://www.amazon.com/LiamSorta-Meme-Review/dp/B07NCCVLF5/ref=sr_1_131?brr=1&dchild=1&qid=1634420702&rd=1&s=digital-skills&sr=1-131", "Rock Paper Scissors Marathon": "https://www.amazon.com/Prashun-Rock-Paper-Scissors-Marathon/dp/B07VZLJYP3/ref=sr_1_132?brr=1&dchild=1&qid=1634420702&rd=1&s=digital-skills&sr=1-132", "Kid Dancer": "https://www.amazon.com/Flammily-Games-Kid-Dancer/dp/B083V22CYH/ref=sr_1_133?brr=1&dchild=1&qid=1634420702&rd=1&s=digital-skills&sr=1-133", "Computer Science Tips Skill": "https://www.amazon.com/Clutch-Inc-Computer-Science-Skill/dp/B072Q5PJJY/ref=sr_1_134?brr=1&dchild=1&qid=1634420702&rd=1&s=digital-skills&sr=1-134", "Quiz Of The Day": "https://www.amazon.com/William-James-Development-Quiz-The/dp/B07JMZSXFZ/ref=sr_1_135?brr=1&dchild=1&qid=1634420702&rd=1&s=digital-skills&sr=1-135", "Unofficial Disney Trivia": "https://www.amazon.com/OnionSoft-Unofficial-Disney-Trivia/dp/B072HKFJTB/ref=sr_1_136?brr=1&dchild=1&qid=1634420702&rd=1&s=digital-skills&sr=1-136", "Unofficial Disney Parks Trivia": "https://www.amazon.com/Brian-Dial-Unofficial-Disney-Trivia/dp/B077RTTDJR/ref=sr_1_137?brr=1&dchild=1&qid=1634420702&rd=1&s=digital-skills&sr=1-137", "Unofficial Disney Trivia Game": "https://www.amazon.com/Casey-Doyle-Unofficial-Disney-Trivia/dp/B073NM3Y65/ref=sr_1_138?brr=1&dchild=1&qid=1634420702&rd=1&s=digital-skills&sr=1-138", "Who's that Disney Character (Unofficial)": "https://www.amazon.com/Whos-that-Disney-Character-Unofficial/dp/B0863W34M3/ref=sr_1_139?brr=1&dchild=1&qid=1634420702&rd=1&s=digital-skills&sr=1-139", "Story Time": "https://www.amazon.com/Thomas-Yuill-Story-Time/dp/B07JKCHPCP/ref=sr_1_140?brr=1&dchild=1&qid=1634420702&rd=1&s=digital-skills&sr=1-140", "Hansel and Gretel - Interactive Story for kids": "https://www.amazon.com/Hansel-Gretel-Interactive-Story-kids/dp/B07CNFKGTD/ref=sr_1_141?brr=1&dchild=1&qid=1634420702&rd=1&s=digital-skills&sr=1-141", "Trick or Treat": "https://www.amazon.com/xeb-ai-Trick-or-Treat/dp/B076314QQH/ref=sr_1_142?brr=1&dchild=1&qid=1634420702&rd=1&s=digital-skills&sr=1-142", "Staying Sharp Memory Game From AARP": "https://www.amazon.com/Staying-Sharp-Memory-Game-AARP/dp/B07XJJNZK1/ref=sr_1_143?brr=1&dchild=1&qid=1634420702&rd=1&s=digital-skills&sr=1-143", "Deck of Many Things": "https://www.amazon.com/Patrick-Bender-Deck-Many-Things/dp/B088FDCX9C/ref=sr_1_144?brr=1&dchild=1&qid=1634420702&rd=1&s=digital-skills&sr=1-144"}