{"Executive Suites 1411": "https://www.amazon.com/Ingress-Ventures-Executive-Suites-1411/dp/B09C24MRT8/ref=sr_1_1425?brr=1&dchild=1&qid=1634420932&rd=1&s=digital-skills&sr=1-1425", "Citadel FM Sure stay Best Western 825": "https://www.amazon.com/Citadel-Sure-stay-Best-Western/dp/B09C2431H2/ref=sr_1_1426?brr=1&dchild=1&qid=1634420932&rd=1&s=digital-skills&sr=1-1426", "Citadel FM Americas Best Value Inn 7364": "https://www.amazon.com/Citadel-Americas-Best-Value-7364/dp/B09C241135/ref=sr_1_1427?brr=1&dchild=1&qid=1634420932&rd=1&s=digital-skills&sr=1-1427", "Open Sorcery": "https://www.amazon.com/VUI-Open-Sorcery/dp/B09C236K64/ref=sr_1_1428?brr=1&dchild=1&qid=1634420932&rd=1&s=digital-skills&sr=1-1428", "Boca Chica Suites 3280": "https://www.amazon.com/Ingress-Ventures-Boca-Chica-Suites/dp/B09C235GZR/ref=sr_1_1429?brr=1&dchild=1&qid=1634420932&rd=1&s=digital-skills&sr=1-1429", "My sidekick": "https://www.amazon.com/Monita-My-sidekick/dp/B09C1XX251/ref=sr_1_1430?brr=1&dchild=1&qid=1634420932&rd=1&s=digital-skills&sr=1-1430", "Random Facts": "https://www.amazon.com/dumb-Random-Facts/dp/B09BYZKP3F/ref=sr_1_1431?brr=1&dchild=1&qid=1634420932&rd=1&s=digital-skills&sr=1-1431", "Who's your turn": "https://www.amazon.com/Jeselina-de-Jes%C3%BAs-moreno-Whos/dp/B09BY92PQ9/ref=sr_1_1432?brr=1&dchild=1&qid=1634420932&rd=1&s=digital-skills&sr=1-1432", "Higganum Smoke Shop 26": "https://www.amazon.com/Ingress-Ventures-Higganum-Smoke-Shop/dp/B09BVRN46Z/ref=sr_1_1433?brr=1&dchild=1&qid=1634420932&rd=1&s=digital-skills&sr=1-1433", "Lodge Suites 2022": "https://www.amazon.com/Ingress-Ventures-Lodge-Suites-2022/dp/B09BVPTBSM/ref=sr_1_1434?brr=1&dchild=1&qid=1634420932&rd=1&s=digital-skills&sr=1-1434", "Citadel FM CLM Discount Tobacco 208": "https://www.amazon.com/Citadel-CLM-Discount-Tobacco-208/dp/B09BVM84S3/ref=sr_1_1435?brr=1&dchild=1&qid=1634420932&rd=1&s=digital-skills&sr=1-1435", "Cigar & Smoke 2420": "https://www.amazon.com/Ingress-Ventures-Cigar-Smoke-2420/dp/B09BVLSZSC/ref=sr_1_1436?brr=1&dchild=1&qid=1634420932&rd=1&s=digital-skills&sr=1-1436", "Smoke Shop 16049": "https://www.amazon.com/Ingress-Ventures-Smoke-Shop-16049/dp/B09BVG361B/ref=sr_1_1437?brr=1&dchild=1&qid=1634420932&rd=1&s=digital-skills&sr=1-1437", "Value Suites 1821": "https://www.amazon.com/Ingress-Ventures-Value-Suites-1821/dp/B09BV8Y34F/ref=sr_1_1438?brr=1&dchild=1&qid=1634420932&rd=1&s=digital-skills&sr=1-1438", "Citadel FM Wind Water Marina 5701": "https://www.amazon.com/Citadel-Wind-Water-Marina-5701/dp/B09BV7989P/ref=sr_1_1439?brr=1&dchild=1&qid=1634420932&rd=1&s=digital-skills&sr=1-1439", "Citadel FM Quality Inn Harlingen 1002": "https://www.amazon.com/Citadel-Quality-Inn-Harlingen-1002/dp/B09BV3YQNG/ref=sr_1_1440?brr=1&dchild=1&qid=1634420932&rd=1&s=digital-skills&sr=1-1440"}