{"Circle K 1918": "https://www.amazon.com/Ingress-Ventures-Circle-K-1918/dp/B09BN29FN9/ref=sr_1_1473?brr=1&dchild=1&qid=1634420941&rd=1&s=digital-skills&sr=1-1473", "Hudson Quick Stop 99": "https://www.amazon.com/Ingress-Ventures-Hudson-Quick-Stop/dp/B09BN24MCV/ref=sr_1_1474?brr=1&dchild=1&qid=1634420941&rd=1&s=digital-skills&sr=1-1474", "Dairy Mart 160": "https://www.amazon.com/Ingress-Ventures-Dairy-Mart-160/dp/B09BN19V96/ref=sr_1_1475?brr=1&dchild=1&qid=1634420941&rd=1&s=digital-skills&sr=1-1475", "Highland Convenience 95": "https://www.amazon.com/Ingress-Ventures-Highland-Convenience-95/dp/B09BMZ29RF/ref=sr_1_1476?brr=1&dchild=1&qid=1634420941&rd=1&s=digital-skills&sr=1-1476", "A2z Liquors 1243": "https://www.amazon.com/Ingress-Ventures-A2z-Liquors-1243/dp/B09BM4Y1YC/ref=sr_1_1477?brr=1&dchild=1&qid=1634420941&rd=1&s=digital-skills&sr=1-1477", "US Tobacco & Vape 1105": "https://www.amazon.com/Ingress-Ventures-Tobacco-Vape-1105/dp/B09BM3HR64/ref=sr_1_1478?brr=1&dchild=1&qid=1634420941&rd=1&s=digital-skills&sr=1-1478", "Midtown Wine & Spirits 83": "https://www.amazon.com/Ingress-Ventures-Midtown-Wine-Spirits/dp/B09BM2BFLG/ref=sr_1_1479?brr=1&dchild=1&qid=1634420941&rd=1&s=digital-skills&sr=1-1479", "Super 8 5246": "https://www.amazon.com/Ingress-Ventures-Super-8-5246/dp/B09BJ2K22M/ref=sr_1_1480?brr=1&dchild=1&qid=1634420941&rd=1&s=digital-skills&sr=1-1480", "Royal Inn 3015": "https://www.amazon.com/Ingress-Ventures-Royal-Inn-3015/dp/B09BHXSRJL/ref=sr_1_1481?brr=1&dchild=1&qid=1634420941&rd=1&s=digital-skills&sr=1-1481", "Citadel FM Best Western Plus Austin Central 919": "https://www.amazon.com/Citadel-Best-Western-Austin-Central/dp/B09BHMK8FS/ref=sr_1_1482?brr=1&dchild=1&qid=1634420941&rd=1&s=digital-skills&sr=1-1482", "Victoria Facts": "https://www.amazon.com/Rocky-Victoria-Facts/dp/B09BGBG2QK/ref=sr_1_1483?brr=1&dchild=1&qid=1634420941&rd=1&s=digital-skills&sr=1-1483", "rock paper scissors": "https://www.amazon.com/Neha-Shelar-rock-paper-scissors/dp/B09BG37FMT/ref=sr_1_1484?brr=1&dchild=1&qid=1634420941&rd=1&s=digital-skills&sr=1-1484", "Harbor Food Liquor 644": "https://www.amazon.com/Ingress-Ventures-Harbor-Food-Liquor/dp/B09BFRMN6R/ref=sr_1_1485?brr=1&dchild=1&qid=1634420941&rd=1&s=digital-skills&sr=1-1485", "US Tobacco & Cigar 328": "https://www.amazon.com/Ingress-Ventures-Tobacco-Cigar-328/dp/B09BFRM6CC/ref=sr_1_1486?brr=1&dchild=1&qid=1634420941&rd=1&s=digital-skills&sr=1-1486", "Mythical Creature Personality Quiz": "https://www.amazon.com/Justine-Leach-Mythical-Creature-Personality/dp/B09BFQMNJP/ref=sr_1_1487?brr=1&dchild=1&qid=1634420941&rd=1&s=digital-skills&sr=1-1487", "Citadel FM Hawthorn Suites 1323": "https://www.amazon.com/Citadel-FM-Hawthorn-Suites-1323/dp/B09BFL8WLH/ref=sr_1_1488?brr=1&dchild=1&qid=1634420941&rd=1&s=digital-skills&sr=1-1488"}