{"Convenient Store 6007": "https://www.amazon.com/Ingress-Ventures-Convenient-Store-6007/dp/B09B6Z98HT/ref=sr_1_1505?brr=1&dchild=1&qid=1634420946&rd=1&s=digital-skills&sr=1-1505", "Magnolia Suites 701": "https://www.amazon.com/Ingress-Ventures-Magnolia-Suites-701/dp/B09B6Z6XZC/ref=sr_1_1506?brr=1&dchild=1&qid=1634420946&rd=1&s=digital-skills&sr=1-1506", "Citadel FM Best Western Twins Falls 1377": "https://www.amazon.com/Citadel-Best-Western-Twins-Falls/dp/B09B6YZXZ1/ref=sr_1_1507?brr=1&dchild=1&qid=1634420946&rd=1&s=digital-skills&sr=1-1507", "Citadel FM Best Western Dodgeville Suites 1130": "https://www.amazon.com/Citadel-Best-Western-Dodgeville-Suites/dp/B09B6YT6Q9/ref=sr_1_1508?brr=1&dchild=1&qid=1634420946&rd=1&s=digital-skills&sr=1-1508", "Captains Corner 727": "https://www.amazon.com/Ingress-Ventures-Captains-Corner-727/dp/B09B6YHGZY/ref=sr_1_1509?brr=1&dchild=1&qid=1634420946&rd=1&s=digital-skills&sr=1-1509", "One Stop Market 7990": "https://www.amazon.com/Ingress-Ventures-Stop-Market-7990/dp/B09B6Y4WH8/ref=sr_1_1510?brr=1&dchild=1&qid=1634420946&rd=1&s=digital-skills&sr=1-1510", "Chevron 4529": "https://www.amazon.com/Ingress-Ventures-Chevron-4529/dp/B09B6XRG14/ref=sr_1_1511?brr=1&dchild=1&qid=1634420946&rd=1&s=digital-skills&sr=1-1511", "Shell 2360": "https://www.amazon.com/Ingress-Ventures-Shell-2360/dp/B09B6WPMQ8/ref=sr_1_1512?brr=1&dchild=1&qid=1634420946&rd=1&s=digital-skills&sr=1-1512", "Sure Stay Twin Falls 1260": "https://www.amazon.com/Sure-Stay-Twin-Falls-1260/dp/B09B6WNBQ3/ref=sr_1_1513?brr=1&dchild=1&qid=1634420946&rd=1&s=digital-skills&sr=1-1513", "Red Roof Inn 889": "https://www.amazon.com/Ingress-Ventures-Red-Roof-Inn/dp/B09B6WLM2M/ref=sr_1_1514?brr=1&dchild=1&qid=1634420946&rd=1&s=digital-skills&sr=1-1514", "Ample Habitat 1529": "https://www.amazon.com/Ingress-Ventures-Ample-Habitat-1529/dp/B09B6WJD7G/ref=sr_1_1515?brr=1&dchild=1&qid=1634420946&rd=1&s=digital-skills&sr=1-1515", "Tex 205": "https://www.amazon.com/Ingress-Ventures-Tex-205/dp/B09B5XJ452/ref=sr_1_1516?brr=1&dchild=1&qid=1634420946&rd=1&s=digital-skills&sr=1-1516", "Escape Trivia": "https://www.amazon.com/Joseph-Votto-Escape-Trivia/dp/B09B5WNWBY/ref=sr_1_1517?brr=1&dchild=1&qid=1634420946&rd=1&s=digital-skills&sr=1-1517", "SCP Foundation": "https://www.amazon.com/VUI-SCP-Foundation/dp/B09B4HVM3J/ref=sr_1_1518?brr=1&dchild=1&qid=1634420946&rd=1&s=digital-skills&sr=1-1518", "Awesome Sparrow facts": "https://www.amazon.com/Rocky-Awesome-Sparrow-facts/dp/B09B4GFVMQ/ref=sr_1_1519?brr=1&dchild=1&qid=1634420946&rd=1&s=digital-skills&sr=1-1519", "E.S.O. prices": "https://www.amazon.com/Sentamugo7-E-S-O-prices/dp/B09B3QTJJ9/ref=sr_1_1520?brr=1&dchild=1&qid=1634420946&rd=1&s=digital-skills&sr=1-1520"}