{"Citadel FM La Quinta Suites 200": "https://www.amazon.com/Citadel-FM-Quinta-Suites-200/dp/B09B3DYD6X/ref=sr_1_1521?brr=1&dchild=1&qid=1634420949&rd=1&s=digital-skills&sr=1-1521", "Save A Ton 4334": "https://www.amazon.com/Ingress-Ventures-Save-Ton-4334/dp/B09B3D68MM/ref=sr_1_1522?brr=1&dchild=1&qid=1634420949&rd=1&s=digital-skills&sr=1-1522", "Ex 30": "https://www.amazon.com/Ingress-Ventures-Ex-30/dp/B09B3BXWKR/ref=sr_1_1523?brr=1&dchild=1&qid=1634420949&rd=1&s=digital-skills&sr=1-1523", "Fun Facts": "https://www.amazon.com/leema-inc-Fun-Facts/dp/B09B2XK66V/ref=sr_1_1524?brr=1&dchild=1&qid=1634420949&rd=1&s=digital-skills&sr=1-1524", "SHFavoritesWidgetSkill-Prod": "https://www.amazon.com/Amazon-SHFavoritesWidgetSkill-Prod/dp/B09B2Q2VWL/ref=sr_1_1525?brr=1&dchild=1&qid=1634420949&rd=1&s=digital-skills&sr=1-1525", "Sun 7482": "https://www.amazon.com/Ingress-Ventures-Sun-7482/dp/B09B2GMJR4/ref=sr_1_1526?brr=1&dchild=1&qid=1634420949&rd=1&s=digital-skills&sr=1-1526", "Citadel FM CD One Price Cleaners 1387": "https://www.amazon.com/Citadel-One-Price-Cleaners-1387/dp/B09B2G25HD/ref=sr_1_1527?brr=1&dchild=1&qid=1634420949&rd=1&s=digital-skills&sr=1-1527", "Subway 9100": "https://www.amazon.com/Ingress-Ventures-Subway-9100/dp/B09B2DTWN4/ref=sr_1_1528?brr=1&dchild=1&qid=1634420949&rd=1&s=digital-skills&sr=1-1528", "ESPOT TUTERA GROUP": "https://www.amazon.com/ESPOT-INC-TUTERA-GROUP/dp/B09B2D9FBC/ref=sr_1_1529?brr=1&dchild=1&qid=1634420949&rd=1&s=digital-skills&sr=1-1529", "Motel 4040": "https://www.amazon.com/Ingress-Ventures-Motel-4040/dp/B09B2C8JN3/ref=sr_1_1530?brr=1&dchild=1&qid=1634420949&rd=1&s=digital-skills&sr=1-1530", "Marathon Gas 111": "https://www.amazon.com/Ingress-Ventures-Marathon-Gas-111/dp/B09B2B4PXD/ref=sr_1_1531?brr=1&dchild=1&qid=1634420949&rd=1&s=digital-skills&sr=1-1531", "Subway 7908": "https://www.amazon.com/Ingress-Ventures-Subway-7908/dp/B09B29JC6S/ref=sr_1_1532?brr=1&dchild=1&qid=1634420949&rd=1&s=digital-skills&sr=1-1532", "ESPOT GALAXY FUN ZONE": "https://www.amazon.com/ESPOT-INC-GALAXY-FUN-ZONE/dp/B09B27B28L/ref=sr_1_1533?brr=1&dchild=1&qid=1634420949&rd=1&s=digital-skills&sr=1-1533", "Subway 4735": "https://www.amazon.com/Ingress-Ventures-Subway-4735/dp/B09B253HZ6/ref=sr_1_1534?brr=1&dchild=1&qid=1634420949&rd=1&s=digital-skills&sr=1-1534", "Hanksville 280E": "https://www.amazon.com/Ingress-Ventures-Hanksville-280E/dp/B09B241NM4/ref=sr_1_1535?brr=1&dchild=1&qid=1634420949&rd=1&s=digital-skills&sr=1-1535", "Super 8 310": "https://www.amazon.com/Ingress-Ventures-Super-8-310/dp/B09B23VYN5/ref=sr_1_1536?brr=1&dchild=1&qid=1634420949&rd=1&s=digital-skills&sr=1-1536"}