{"Savannah Gateway 1": "https://www.amazon.com/Ingress-Ventures-Savannah-Gateway-1/dp/B09B22Y56G/ref=sr_1_1537?brr=1&dchild=1&qid=1634420952&rd=1&s=digital-skills&sr=1-1537", "Subway 2811": "https://www.amazon.com/Ingress-Ventures-Subway-2811/dp/B09B22WSV7/ref=sr_1_1538?brr=1&dchild=1&qid=1634420952&rd=1&s=digital-skills&sr=1-1538", "Subway 33": "https://www.amazon.com/Ingress-Ventures-Subway-33/dp/B09B22MXSW/ref=sr_1_1539?brr=1&dchild=1&qid=1634420952&rd=1&s=digital-skills&sr=1-1539", "Subway 4319": "https://www.amazon.com/Ingress-Ventures-Subway-4319/dp/B09B21LWRV/ref=sr_1_1540?brr=1&dchild=1&qid=1634420952&rd=1&s=digital-skills&sr=1-1540", "Subway 1762": "https://www.amazon.com/Ingress-Ventures-Subway-1762/dp/B09B215DKN/ref=sr_1_1541?brr=1&dchild=1&qid=1634420952&rd=1&s=digital-skills&sr=1-1541", "Subway 2101": "https://www.amazon.com/Ingress-Ventures-Subway-2101/dp/B09B1ZVSMB/ref=sr_1_1542?brr=1&dchild=1&qid=1634420952&rd=1&s=digital-skills&sr=1-1542", "Subway 11629": "https://www.amazon.com/Ingress-Ventures-Subway-11629/dp/B09B1ZBM3W/ref=sr_1_1543?brr=1&dchild=1&qid=1634420952&rd=1&s=digital-skills&sr=1-1543", "Citadel FM CD One Price Cleaners 38": "https://www.amazon.com/Citadel-FM-One-Price-Cleaners/dp/B09B1Z92TM/ref=sr_1_1544?brr=1&dchild=1&qid=1634420952&rd=1&s=digital-skills&sr=1-1544", "Best Western Plus Inn & Suites 915": "https://www.amazon.com/Best-Western-Plus-Inn-Suites/dp/B09B1YSGF8/ref=sr_1_1545?brr=1&dchild=1&qid=1634420952&rd=1&s=digital-skills&sr=1-1545", "Days 755": "https://www.amazon.com/Ingress-Ventures-Days-755/dp/B09B1YRWLQ/ref=sr_1_1546?brr=1&dchild=1&qid=1634420952&rd=1&s=digital-skills&sr=1-1546", "Subway 3348": "https://www.amazon.com/Ingress-Ventures-Subway-3348/dp/B09B1Y7YKL/ref=sr_1_1547?brr=1&dchild=1&qid=1634420952&rd=1&s=digital-skills&sr=1-1547", "Subway 6718": "https://www.amazon.com/Ingress-Ventures-Subway-6718/dp/B09B1XTQ8V/ref=sr_1_1548?brr=1&dchild=1&qid=1634420952&rd=1&s=digital-skills&sr=1-1548", "Budget Suites 1410": "https://www.amazon.com/Ingress-Ventures-Budget-Suites-1410/dp/B09B1W9978/ref=sr_1_1549?brr=1&dchild=1&qid=1634420952&rd=1&s=digital-skills&sr=1-1549", "Subway 3946": "https://www.amazon.com/Ingress-Ventures-Subway-3946/dp/B09B1W553R/ref=sr_1_1550?brr=1&dchild=1&qid=1634420952&rd=1&s=digital-skills&sr=1-1550", "Pay less 590": "https://www.amazon.com/Ingress-Ventures-Pay-less-590/dp/B09B1STVLV/ref=sr_1_1551?brr=1&dchild=1&qid=1634420952&rd=1&s=digital-skills&sr=1-1551", "Famous Liquor 708": "https://www.amazon.com/Ingress-Ventures-Famous-Liquor-708/dp/B09B1RSTG7/ref=sr_1_1552?brr=1&dchild=1&qid=1634420952&rd=1&s=digital-skills&sr=1-1552"}