{"Comfort Inn 120": "https://www.amazon.com/Ingress-Ventures-Comfort-Inn-120/dp/B09B1QDD7P/ref=sr_1_1553?brr=1&dchild=1&qid=1634420955&rd=1&s=digital-skills&sr=1-1553", "Subway 2352": "https://www.amazon.com/Ingress-Ventures-Subway-2352/dp/B09B1QBMD1/ref=sr_1_1554?brr=1&dchild=1&qid=1634420955&rd=1&s=digital-skills&sr=1-1554", "Subway 7852": "https://www.amazon.com/Ingress-Ventures-Subway-7852/dp/B09B1PMZC3/ref=sr_1_1555?brr=1&dchild=1&qid=1634420955&rd=1&s=digital-skills&sr=1-1555", "Subway 7918": "https://www.amazon.com/Ingress-Ventures-Subway-7918/dp/B09B1NVBKZ/ref=sr_1_1556?brr=1&dchild=1&qid=1634420955&rd=1&s=digital-skills&sr=1-1556", "Citadel FM CD One Price Cleaners 10323": "https://www.amazon.com/Citadel-One-Price-Cleaners-10323/dp/B09B1JVB78/ref=sr_1_1557?brr=1&dchild=1&qid=1634420955&rd=1&s=digital-skills&sr=1-1557", "Citadel FM JS Liquor 36735": "https://www.amazon.com/Citadel-FM-JS-Liquor-36735/dp/B09B1HSQ81/ref=sr_1_1558?brr=1&dchild=1&qid=1634420955&rd=1&s=digital-skills&sr=1-1558", "Yes No Maybe": "https://www.amazon.com/Raahil-Shah-Yes-No-Maybe/dp/B09B13GKJT/ref=sr_1_1559?brr=1&dchild=1&qid=1634420955&rd=1&s=digital-skills&sr=1-1559", "Racing Fuel 1814": "https://www.amazon.com/Ingress-Ventures-Racing-Fuel-1814/dp/B099ZR5848/ref=sr_1_1560?brr=1&dchild=1&qid=1634420955&rd=1&s=digital-skills&sr=1-1560", "Citadel FM Red Roof San Antonio Airport 333": "https://www.amazon.com/Citadel-Red-Roof-Antonio-Airport/dp/B099ZLRZWC/ref=sr_1_1561?brr=1&dchild=1&qid=1634420955&rd=1&s=digital-skills&sr=1-1561", "Lodge Port Canaveral 260": "https://www.amazon.com/Ingress-Ventures-Lodge-Port-Canaveral/dp/B099ZLJDPR/ref=sr_1_1562?brr=1&dchild=1&qid=1634420955&rd=1&s=digital-skills&sr=1-1562", "Motel 6 Binghamton 1012": "https://www.amazon.com/Ingress-Ventures-Motel-Binghamton-1012/dp/B099ZKRZVB/ref=sr_1_1563?brr=1&dchild=1&qid=1634420955&rd=1&s=digital-skills&sr=1-1563", "Citadel FM CD One Price Cleaners 5946": "https://www.amazon.com/Citadel-One-Price-Cleaners-5946/dp/B099ZKH2SS/ref=sr_1_1564?brr=1&dchild=1&qid=1634420955&rd=1&s=digital-skills&sr=1-1564", "Citadel FM Best Western Red River Inn 1008": "https://www.amazon.com/Citadel-Best-Western-River-1008/dp/B099ZH76X1/ref=sr_1_1565?brr=1&dchild=1&qid=1634420955&rd=1&s=digital-skills&sr=1-1565", "Wingate 186": "https://www.amazon.com/Ingress-Ventures-Wingate-186/dp/B099ZH6643/ref=sr_1_1566?brr=1&dchild=1&qid=1634420955&rd=1&s=digital-skills&sr=1-1566", "Beach House Inn 1601": "https://www.amazon.com/Ingress-Ventures-Beach-House-1601/dp/B099ZGQGY8/ref=sr_1_1567?brr=1&dchild=1&qid=1634420955&rd=1&s=digital-skills&sr=1-1567", "Shores Liquors 6126": "https://www.amazon.com/Ingress-Ventures-Shores-Liquors-6126/dp/B099ZGLTSF/ref=sr_1_1568?brr=1&dchild=1&qid=1634420955&rd=1&s=digital-skills&sr=1-1568"}