{"Best Western Hereford 830": "https://www.amazon.com/Ingress-Ventures-Best-Western-Hereford/dp/B099ZG4685/ref=sr_1_1569?brr=1&dchild=1&qid=1634420958&rd=1&s=digital-skills&sr=1-1569", "Shores Liquors 7900": "https://www.amazon.com/Ingress-Ventures-Shores-Liquors-7900/dp/B099ZDVJNT/ref=sr_1_1570?brr=1&dchild=1&qid=1634420958&rd=1&s=digital-skills&sr=1-1570", "Azul Inn & Suites 329": "https://www.amazon.com/Ingress-Ventures-Azul-Inn-Suites/dp/B099ZCRXCT/ref=sr_1_1571?brr=1&dchild=1&qid=1634420958&rd=1&s=digital-skills&sr=1-1571", "Citadel FM Motel 6 Carlsbad East 6117": "https://www.amazon.com/Citadel-Motel-Carlsbad-East-6117/dp/B099ZBXH33/ref=sr_1_1572?brr=1&dchild=1&qid=1634420958&rd=1&s=digital-skills&sr=1-1572", "Race Way 3459": "https://www.amazon.com/Ingress-Ventures-Race-Way-3459/dp/B099Z9Y683/ref=sr_1_1573?brr=1&dchild=1&qid=1634420958&rd=1&s=digital-skills&sr=1-1573", "Beverage World 1840": "https://www.amazon.com/Ingress-Ventures-Beverage-World-1840/dp/B099Z9SQBP/ref=sr_1_1574?brr=1&dchild=1&qid=1634420958&rd=1&s=digital-skills&sr=1-1574", "Citadel FM CD One Price Cleaners 350": "https://www.amazon.com/Citadel-One-Price-Cleaners-350/dp/B099Z8CLVV/ref=sr_1_1575?brr=1&dchild=1&qid=1634420958&rd=1&s=digital-skills&sr=1-1575", "Citadel FM Shores Liquors 7237": "https://www.amazon.com/Citadel-FM-Shores-Liquors-7237/dp/B099Z74VR3/ref=sr_1_1576?brr=1&dchild=1&qid=1634420958&rd=1&s=digital-skills&sr=1-1576", "Shores Liquors 6001": "https://www.amazon.com/Ingress-Ventures-Shores-Liquors-6001/dp/B099Z73L62/ref=sr_1_1577?brr=1&dchild=1&qid=1634420958&rd=1&s=digital-skills&sr=1-1577", "Citadel FM Extended Studio Stay Hotel 14786": "https://www.amazon.com/Citadel-Extended-Studio-Hotel-14786/dp/B099Z6NQWN/ref=sr_1_1578?brr=1&dchild=1&qid=1634420958&rd=1&s=digital-skills&sr=1-1578", "Questions Questions": "https://www.amazon.com/DefaFrozendeckult-User-Questions/dp/B099Z6N1JB/ref=sr_1_1579?brr=1&dchild=1&qid=1634420958&rd=1&s=digital-skills&sr=1-1579", "Shell 2309": "https://www.amazon.com/Ingress-Ventures-Shell-2309/dp/B099Z4JY4N/ref=sr_1_1580?brr=1&dchild=1&qid=1634420958&rd=1&s=digital-skills&sr=1-1580", "Lodge 373": "https://www.amazon.com/Ingress-Ventures-Lodge-373/dp/B099Z4D498/ref=sr_1_1581?brr=1&dchild=1&qid=1634420958&rd=1&s=digital-skills&sr=1-1581", "RaceWay 5455": "https://www.amazon.com/Ingress-Ventures-RaceWay-5455/dp/B099Z3WNNT/ref=sr_1_1582?brr=1&dchild=1&qid=1634420958&rd=1&s=digital-skills&sr=1-1582", "Citadel FM Shamrock Wines & Liquors 5995": "https://www.amazon.com/Citadel-Shamrock-Wines-Liquors-5995/dp/B099Z3GNWZ/ref=sr_1_1583?brr=1&dchild=1&qid=1634420958&rd=1&s=digital-skills&sr=1-1583", "BP 3000": "https://www.amazon.com/Ingress-Ventures-BP-3000/dp/B099YZLZ8S/ref=sr_1_1584?brr=1&dchild=1&qid=1634420958&rd=1&s=digital-skills&sr=1-1584"}