{"notification hub": "https://www.amazon.com/digivation-notification-hub/dp/B07M89TCHB/ref=sr_1_1?brr=1&dchild=1&qid=1634419491&rd=1&s=digital-skills&sr=1-1", "JW.ORG\u00ae": "https://www.amazon.com/Watch-Tower-Bible-Society-Pennsylvan/dp/B07YSRTQ27/ref=sr_1_2?brr=1&dchild=1&qid=1634419491&rd=1&s=digital-skills&sr=1-2", "Historical Voices": "https://www.amazon.com/ButtonPushApps-Historical-Voices/dp/B07C9VNX58/ref=sr_1_3?brr=1&dchild=1&qid=1634419491&rd=1&s=digital-skills&sr=1-3", "Watch TV with Stream Player": "https://www.amazon.com/Watch-TV-with-Stream-Player/dp/B078T1ZXPN/ref=sr_1_4?brr=1&dchild=1&qid=1634419491&rd=1&s=digital-skills&sr=1-4", "Order Updates": "https://www.amazon.com/Matthew-de-Noronha-Order-Updates/dp/B087TCQYMP/ref=sr_1_5?brr=1&dchild=1&qid=1634419491&rd=1&s=digital-skills&sr=1-5", "Math Machine": "https://www.amazon.com/Tree-Frog-Labs-Math-Machine/dp/B01LMG0DDE/ref=sr_1_6?brr=1&dchild=1&qid=1634419491&rd=1&s=digital-skills&sr=1-6", "This Day in History": "https://www.amazon.com/A-Television-Networks-Mobile-History/dp/B01N92PFXG/ref=sr_1_7?brr=1&dchild=1&qid=1634419491&rd=1&s=digital-skills&sr=1-7", "Glamazon Pride Facts": "https://www.amazon.com/Amazon-Glamazon-Pride-Facts/dp/B07D3KDQ45/ref=sr_1_8?brr=1&dchild=1&qid=1634419491&rd=1&s=digital-skills&sr=1-8", "Rosetta Stone": "https://www.amazon.com/Rosetta-Stone-Ltd/dp/B073W3T5GW/ref=sr_1_9?brr=1&dchild=1&qid=1634419491&rd=1&s=digital-skills&sr=1-9", "Blinkist": "https://www.amazon.com/Blinks-Labs-GmbH-Blinkist/dp/B07XP78QN8/ref=sr_1_10?brr=1&dchild=1&qid=1634419491&rd=1&s=digital-skills&sr=1-10", "JW.ORG What's New": "https://www.amazon.com/Donald-Fellow-JW-ORG-Whats-New/dp/B071JYYR8J/ref=sr_1_11?brr=1&dchild=1&qid=1634419491&rd=1&s=digital-skills&sr=1-11", "blue origin": "https://www.amazon.com/CoderDojo-blue-origin/dp/B089Y38JKJ/ref=sr_1_12?brr=1&dchild=1&qid=1634419491&rd=1&s=digital-skills&sr=1-12", "Sock facts": "https://www.amazon.com/Ollie-Storey-Young-Sock-facts/dp/B07KVZB8X6/ref=sr_1_13?brr=1&dchild=1&qid=1634419491&rd=1&s=digital-skills&sr=1-13", "Life Hacks": "https://www.amazon.com/Troogle-Life-Hacks/dp/B01JTT3TRI/ref=sr_1_14?brr=1&dchild=1&qid=1634419491&rd=1&s=digital-skills&sr=1-14", "Charities Support": "https://www.amazon.com/Create-Prayer-Pillow-Charities-Support/dp/B07HRHGVKF/ref=sr_1_15?brr=1&dchild=1&qid=1634419491&rd=1&s=digital-skills&sr=1-15", "Okta Certification F. A. Q.": "https://www.amazon.com/Okta-Certification-F-A-Q/dp/B07XYHDXR2/ref=sr_1_16?brr=1&dchild=1&qid=1634419491&rd=1&s=digital-skills&sr=1-16"}