{"My Programming Facts": "https://www.amazon.com/Godwin-joshwa-Apps-Programming-Facts/dp/B085WY4L25/ref=sr_1_1585?brr=1&dchild=1&qid=1634419772&rd=1&s=digital-skills&sr=1-1585", "Alpha2EQ": "https://www.amazon.com/CXO5-Partners-Alpha2EQ/dp/B085WSNY9V/ref=sr_1_1586?brr=1&dchild=1&qid=1634419772&rd=1&s=digital-skills&sr=1-1586", "Stratford Alerts": "https://www.amazon.com/VoCo-Stratford-Alerts/dp/B085WBBSQH/ref=sr_1_1587?brr=1&dchild=1&qid=1634419772&rd=1&s=digital-skills&sr=1-1587", "How to Communicate in a Marriage": "https://www.amazon.com/Aaron-M-Spelling-Communicate-Marriage/dp/B085W21NPZ/ref=sr_1_1588?brr=1&dchild=1&qid=1634419772&rd=1&s=digital-skills&sr=1-1588", "Book Suggestions": "https://www.amazon.com/Voicetech-Book-Suggestions/dp/B085VKC99B/ref=sr_1_1589?brr=1&dchild=1&qid=1634419772&rd=1&s=digital-skills&sr=1-1589", "Taking Care of Your Cat": "https://www.amazon.com/Taking-Care-of-Your-Cat/dp/B085T9V3FB/ref=sr_1_1590?brr=1&dchild=1&qid=1634419772&rd=1&s=digital-skills&sr=1-1590", "How to train your Cat": "https://www.amazon.com/How-to-train-your-Cat/dp/B085T7L133/ref=sr_1_1591?brr=1&dchild=1&qid=1634419772&rd=1&s=digital-skills&sr=1-1591", "Letter S.": "https://www.amazon.com/Brainspray-Letter-S/dp/B085QGL5DY/ref=sr_1_1592?brr=1&dchild=1&qid=1634419772&rd=1&s=digital-skills&sr=1-1592", "Cherry Math": "https://www.amazon.com/Jordi-Porta-Cherry-Math/dp/B085QG5M56/ref=sr_1_1593?brr=1&dchild=1&qid=1634419772&rd=1&s=digital-skills&sr=1-1593", "Letter A.": "https://www.amazon.com/Brainspray-Letter-A/dp/B085Q3BNNL/ref=sr_1_1594?brr=1&dchild=1&qid=1634419772&rd=1&s=digital-skills&sr=1-1594", "Body Detox the Right Way": "https://www.amazon.com/Body-Detox-the-Right-Way/dp/B085PZ3G1N/ref=sr_1_1595?brr=1&dchild=1&qid=1634419772&rd=1&s=digital-skills&sr=1-1595", "Simple Stress Relief Tips": "https://www.amazon.com/allsuper-info-for-SavoElite-com-Simple-Stress/dp/B085PXTFCN/ref=sr_1_1596?brr=1&dchild=1&qid=1634419772&rd=1&s=digital-skills&sr=1-1596", "Teeth Whitening Tips": "https://www.amazon.com/allsuper-info-for-SavoElite-com-Teeth-Whitening/dp/B085PWRN3P/ref=sr_1_1597?brr=1&dchild=1&qid=1634419772&rd=1&s=digital-skills&sr=1-1597", "What does young India wants": "https://www.amazon.com/What-does-young-India-wants/dp/B085PWFKR6/ref=sr_1_1598?brr=1&dchild=1&qid=1634419772&rd=1&s=digital-skills&sr=1-1598", "How to Take Care Of Your Teeth": "https://www.amazon.com/How-Take-Care-Your-Teeth/dp/B085PPVDDN/ref=sr_1_1599?brr=1&dchild=1&qid=1634419772&rd=1&s=digital-skills&sr=1-1599", "My Flashcards": "https://www.amazon.com/Non-Amazon-Developer-My-Flashcards/dp/B085P1NN68/ref=sr_1_1600?brr=1&dchild=1&qid=1634419772&rd=1&s=digital-skills&sr=1-1600"}