{"Fast Fact President Regan": "https://www.amazon.com/ButtonPushApps-Fast-Fact-President-Regan/dp/B07JYCXX55/ref=sr_1_177?brr=1&dchild=1&qid=1634419521&rd=1&s=digital-skills&sr=1-177", "Fast Fact President Hoover": "https://www.amazon.com/ButtonPushApps-Fast-Fact-President-Hoover/dp/B07JYDJJ8F/ref=sr_1_178?brr=1&dchild=1&qid=1634419521&rd=1&s=digital-skills&sr=1-178", "Fast Fact Wrangell-StElias": "https://www.amazon.com/ButtonPushApps-Fast-Fact-Wrangell-StElias/dp/B07JYB72GS/ref=sr_1_179?brr=1&dchild=1&qid=1634419521&rd=1&s=digital-skills&sr=1-179", "diabetes meals": "https://www.amazon.com/Novo-Nordisk-Inc-diabetes-meals/dp/B07NCGBYSX/ref=sr_1_180?brr=1&dchild=1&qid=1634419521&rd=1&s=digital-skills&sr=1-180", "my hosted question": "https://www.amazon.com/Lebrun-my-hosted-question/dp/B08142V4ZV/ref=sr_1_181?brr=1&dchild=1&qid=1634419521&rd=1&s=digital-skills&sr=1-181", "Science Bowl": "https://www.amazon.com/ORAU-Science-Bowl/dp/B084QJFTTL/ref=sr_1_182?brr=1&dchild=1&qid=1634419521&rd=1&s=digital-skills&sr=1-182", "control diabetes": "https://www.amazon.com/Novo-Nordisk-Inc-control-diabetes/dp/B07KYG53BW/ref=sr_1_183?brr=1&dchild=1&qid=1634419521&rd=1&s=digital-skills&sr=1-183", "Phonetic Alphabet Trainer": "https://www.amazon.com/David-Clark-Phonetic-Alphabet-Trainer/dp/B01FTTQ9E2/ref=sr_1_184?brr=1&dchild=1&qid=1634419521&rd=1&s=digital-skills&sr=1-184", "My Interpreter": "https://www.amazon.com/Pragmatics-Mobile-My-Interpreter/dp/B08LD2QMR9/ref=sr_1_185?brr=1&dchild=1&qid=1634419521&rd=1&s=digital-skills&sr=1-185", "Bamboo Books": "https://www.amazon.com/Bamboo-Learning-Inc-Books/dp/B07R3DF63G/ref=sr_1_186?brr=1&dchild=1&qid=1634419521&rd=1&s=digital-skills&sr=1-186", "Fast Fact President Fillmore": "https://www.amazon.com/ButtonPushApps-Fast-Fact-President-Fillmore/dp/B07JYB3MV8/ref=sr_1_187?brr=1&dchild=1&qid=1634419521&rd=1&s=digital-skills&sr=1-187", "Fast Fact President Tyler": "https://www.amazon.com/ButtonPushApps-Fast-Fact-President-Tyler/dp/B07JYCDP8D/ref=sr_1_188?brr=1&dchild=1&qid=1634419521&rd=1&s=digital-skills&sr=1-188", "News in Slow French": "https://www.amazon.com/Linguistica-360-Inc-News-French/dp/B07L9T1B1Y/ref=sr_1_189?brr=1&dchild=1&qid=1634419521&rd=1&s=digital-skills&sr=1-189", "Fun Science Questions - Flash Briefing": "https://www.amazon.com/Fun-Science-Questions-Flash-Briefing/dp/B07XV71XN3/ref=sr_1_190?brr=1&dchild=1&qid=1634419521&rd=1&s=digital-skills&sr=1-190", "Device Catalog": "https://www.amazon.com/Dillon-Ngo-Device-Catalog/dp/B08KF5F2N8/ref=sr_1_191?brr=1&dchild=1&qid=1634419521&rd=1&s=digital-skills&sr=1-191", "Fast Fact President Jackson": "https://www.amazon.com/ButtonPushApps-Fast-Fact-President-Jackson/dp/B07JY9R27S/ref=sr_1_192?brr=1&dchild=1&qid=1634419521&rd=1&s=digital-skills&sr=1-192"}