{"English with Oxford": "https://www.amazon.com/OXFORD-UNIVERSITY-PRESS-INGL%C3%89S-CON/dp/B07HNY77XV/ref=sr_1_193?brr=1&dchild=1&qid=1634419524&rd=1&s=digital-skills&sr=1-193", "Periodic Table": "https://www.amazon.com/Hacksaw-Periodic-Table/dp/B07HHYSM1N/ref=sr_1_194?brr=1&dchild=1&qid=1634419524&rd=1&s=digital-skills&sr=1-194", "Art Today": "https://www.amazon.com/VoiceSkillsInc-Art-Today/dp/B07SQDHQQ4/ref=sr_1_195?brr=1&dchild=1&qid=1634419524&rd=1&s=digital-skills&sr=1-195", "AWS Certification Assistant": "https://www.amazon.com/True-Reply-Inc-Certification-Assistant/dp/B09F2TSXQ5/ref=sr_1_196?brr=1&dchild=1&qid=1634419524&rd=1&s=digital-skills&sr=1-196", "French Word of the Day": "https://www.amazon.com/French-Word-of-the-Day/dp/B07QGF6MD7/ref=sr_1_197?brr=1&dchild=1&qid=1634419524&rd=1&s=digital-skills&sr=1-197", "AUBH Alexa Skill for Canvas": "https://www.amazon.com/AUBH-Alexa-Skill-for-Canvas/dp/B08W9SWZYH/ref=sr_1_198?brr=1&dchild=1&qid=1634419524&rd=1&s=digital-skills&sr=1-198", "Goal Setting Tips": "https://www.amazon.com/Allsuper-Info-Goal-Setting-Tips/dp/B082NZJFL1/ref=sr_1_199?brr=1&dchild=1&qid=1634419524&rd=1&s=digital-skills&sr=1-199", "Fast Fact President Lincoln": "https://www.amazon.com/ButtonPushApps-Fast-Fact-President-Lincoln/dp/B07JYCL95F/ref=sr_1_200?brr=1&dchild=1&qid=1634419524&rd=1&s=digital-skills&sr=1-200", "Animal ID": "https://www.amazon.com/The-Foundry-Animal-ID/dp/B0855N67HD/ref=sr_1_201?brr=1&dchild=1&qid=1634419524&rd=1&s=digital-skills&sr=1-201", "Learn Business English with Business English Pod": "https://www.amazon.com/Learn-Business-English-Pod/dp/B07L85QRJP/ref=sr_1_202?brr=1&dchild=1&qid=1634419524&rd=1&s=digital-skills&sr=1-202", "Fast Fact President Carter": "https://www.amazon.com/ButtonPushApps-Fast-Fact-President-Carter/dp/B07JYBFQQV/ref=sr_1_203?brr=1&dchild=1&qid=1634419524&rd=1&s=digital-skills&sr=1-203", "Fast Fact President Jefferson": "https://www.amazon.com/ButtonPushApps-Fast-Fact-President-Jefferson/dp/B07JYC5743/ref=sr_1_204?brr=1&dchild=1&qid=1634419524&rd=1&s=digital-skills&sr=1-204", "detect my voice": "https://www.amazon.com/admonia-detect-my-voice/dp/B087D38H5Y/ref=sr_1_205?brr=1&dchild=1&qid=1634419524&rd=1&s=digital-skills&sr=1-205", "Fast Fact President Polk": "https://www.amazon.com/ButtonPushApps-Fast-Fact-President-Polk/dp/B07JYB6PRP/ref=sr_1_206?brr=1&dchild=1&qid=1634419524&rd=1&s=digital-skills&sr=1-206", "Fast Fact President Monroe": "https://www.amazon.com/ButtonPushApps-Fast-Fact-President-Monroe/dp/B07JYB9XB1/ref=sr_1_207?brr=1&dchild=1&qid=1634419524&rd=1&s=digital-skills&sr=1-207", "Fast Fact President Kennedy": "https://www.amazon.com/ButtonPushApps-Fast-Fact-President-Kennedy/dp/B07JY9ZHMT/ref=sr_1_208?brr=1&dchild=1&qid=1634419524&rd=1&s=digital-skills&sr=1-208"}