{"All About Halloween": "https://www.amazon.com/All-About-Apps-Halloween/dp/B07K1DGG29/ref=sr_1_321?brr=1&dchild=1&qid=1634419547&rd=1&s=digital-skills&sr=1-321", "All About Fishing": "https://www.amazon.com/Allsuper-Info-All-About-Fishing/dp/B082NYPML2/ref=sr_1_322?brr=1&dchild=1&qid=1634419547&rd=1&s=digital-skills&sr=1-322", "Domain name system flashcards": "https://www.amazon.com/Bert-van-der-Lingen-flashcards/dp/B0852XY1J2/ref=sr_1_323?brr=1&dchild=1&qid=1634419547&rd=1&s=digital-skills&sr=1-323", "Bored kids": "https://www.amazon.com/Shannon-G-Bored-kids/dp/B06XQG7G6L/ref=sr_1_324?brr=1&dchild=1&qid=1634419547&rd=1&s=digital-skills&sr=1-324", "Ask AARP": "https://www.amazon.com/AARP-Ask/dp/B07YRGL4YY/ref=sr_1_325?brr=1&dchild=1&qid=1634419547&rd=1&s=digital-skills&sr=1-325", "Diwali Facts": "https://www.amazon.com/Praneet-Nigam-Diwali-Facts/dp/B07K9VRR4J/ref=sr_1_326?brr=1&dchild=1&qid=1634419547&rd=1&s=digital-skills&sr=1-326", "Total Health from AARP Foundation": "https://www.amazon.com/Total-Health-from-AARP-Foundation/dp/B098NNPV6Q/ref=sr_1_327?brr=1&dchild=1&qid=1634419547&rd=1&s=digital-skills&sr=1-327", "Large Print Calendar": "https://www.amazon.com/VoiceXP-Large-Print-Calendar/dp/B07VRB5W5S/ref=sr_1_328?brr=1&dchild=1&qid=1634419547&rd=1&s=digital-skills&sr=1-328", "pumpkin tips": "https://www.amazon.com/Jason-Green-pumpkin-tips/dp/B07K5N24JB/ref=sr_1_329?brr=1&dchild=1&qid=1634419547&rd=1&s=digital-skills&sr=1-329", "Golden West Surprise": "https://www.amazon.com/Golden-West-Surprise/dp/B08XN4QV4H/ref=sr_1_330?brr=1&dchild=1&qid=1634419547&rd=1&s=digital-skills&sr=1-330", "Teeth health info": "https://www.amazon.com/allsuper-info-for-SavoElite-com-Teeth-health/dp/B089Y8L3N3/ref=sr_1_331?brr=1&dchild=1&qid=1634419547&rd=1&s=digital-skills&sr=1-331", "Sports Odds by Sports Gambling HQ": "https://www.amazon.com/Sports-Odds-Gambling-HQ/dp/B07XKS61MM/ref=sr_1_332?brr=1&dchild=1&qid=1634419547&rd=1&s=digital-skills&sr=1-332", "Yoga Meditation White Noise": "https://www.amazon.com/Zen-Apps-Meditation-White-Noise/dp/B07G2Y67SJ/ref=sr_1_333?brr=1&dchild=1&qid=1634419547&rd=1&s=digital-skills&sr=1-333", "Rapid Math": "https://www.amazon.com/1979-Rapid-Math/dp/B07NGKZPWF/ref=sr_1_334?brr=1&dchild=1&qid=1634419547&rd=1&s=digital-skills&sr=1-334", "California Tenant": "https://www.amazon.com/Kazuya-Fujimori-California-Tenant/dp/B077PZKYQM/ref=sr_1_335?brr=1&dchild=1&qid=1634419547&rd=1&s=digital-skills&sr=1-335", "Happy English Phrasal Verbs": "https://www.amazon.com/Happy-English-LLC-Phrasal-Verbs/dp/B07YJXMP4Q/ref=sr_1_336?brr=1&dchild=1&qid=1634419547&rd=1&s=digital-skills&sr=1-336"}