{"English Thinking Hat": "https://www.amazon.com/Thinking-Cap-English-Hat/dp/B09F3N6JRL/ref=sr_1_337?brr=1&dchild=1&qid=1634419549&rd=1&s=digital-skills&sr=1-337", "Clear a Clogged Toilet": "https://www.amazon.com/The-Good-News-Cafe-Clogged/dp/B07DQC4MBD/ref=sr_1_338?brr=1&dchild=1&qid=1634419549&rd=1&s=digital-skills&sr=1-338", "Go Device Home": "https://www.amazon.com/Chakradhar-Go-Device-Home/dp/B07TK14592/ref=sr_1_339?brr=1&dchild=1&qid=1634419549&rd=1&s=digital-skills&sr=1-339", "Lovecraft Quotes": "https://www.amazon.com/Part12-Studios-Lovecraft-Quotes/dp/B07H27LX3S/ref=sr_1_340?brr=1&dchild=1&qid=1634419549&rd=1&s=digital-skills&sr=1-340", "NEO LMS": "https://www.amazon.com/Cypher-Learning-NEO-LMS/dp/B08KXZZZ9D/ref=sr_1_341?brr=1&dchild=1&qid=1634419549&rd=1&s=digital-skills&sr=1-341", "Formula One Info": "https://www.amazon.com/Britton-2k-Formula-One-Info/dp/B07J5KD87J/ref=sr_1_342?brr=1&dchild=1&qid=1634419549&rd=1&s=digital-skills&sr=1-342", "X Ray Facts": "https://www.amazon.com/T-E-I-N-Productions-X-Ray-Facts/dp/B07GZNF6HQ/ref=sr_1_343?brr=1&dchild=1&qid=1634419549&rd=1&s=digital-skills&sr=1-343", "Coast Guard Facts": "https://www.amazon.com/VoiceSkillsInc-Coast-Guard-Facts/dp/B07S5L2LVM/ref=sr_1_344?brr=1&dchild=1&qid=1634419549&rd=1&s=digital-skills&sr=1-344", "Minecraft Server Tracker (unofficial)": "https://www.amazon.com/Matthew-Development-Minecraft-Tracker-unofficial/dp/B01MQMJGKS/ref=sr_1_345?brr=1&dchild=1&qid=1634419549&rd=1&s=digital-skills&sr=1-345", "British Council English": "https://www.amazon.com/British-Council-English/dp/B09B77852D/ref=sr_1_346?brr=1&dchild=1&qid=1634419549&rd=1&s=digital-skills&sr=1-346", "Scary Monster": "https://www.amazon.com/Drew-Cosgrove-Scary-Monster/dp/B078RN5BV7/ref=sr_1_347?brr=1&dchild=1&qid=1634419549&rd=1&s=digital-skills&sr=1-347", "Dinosaur Facts": "https://www.amazon.com/BB-Labs-Dinosaur-Facts/dp/B07C9TMHK9/ref=sr_1_348?brr=1&dchild=1&qid=1634419549&rd=1&s=digital-skills&sr=1-348", "Fast Facts - Math Challenge!": "https://www.amazon.com/Matthew-Harper-Fast-Facts-Challenge/dp/B0833SWJHG/ref=sr_1_349?brr=1&dchild=1&qid=1634419549&rd=1&s=digital-skills&sr=1-349", "My Translator": "https://www.amazon.com/sodeko-Alexander-Gemmel-My-Translator/dp/B07MM9SXY7/ref=sr_1_350?brr=1&dchild=1&qid=1634419549&rd=1&s=digital-skills&sr=1-350", "Aesop's Fables": "https://www.amazon.com/Bryant-Dargan-Aesops-Fables/dp/B01MZ8ZFT9/ref=sr_1_351?brr=1&dchild=1&qid=1634419549&rd=1&s=digital-skills&sr=1-351", "America's Victoria": "https://www.amazon.com/AYRIAL-Americas-Victoria/dp/B076GGGY2H/ref=sr_1_352?brr=1&dchild=1&qid=1634419549&rd=1&s=digital-skills&sr=1-352"}