{"Ask My Class - A Teacher's Support Tool": "https://www.amazon.com/Hoogalit-My-Class-by-askMyClass/dp/B07BHTP4CJ/ref=sr_1_353?brr=1&dchild=1&qid=1634419552&rd=1&s=digital-skills&sr=1-353", "Cloud Quiz": "https://www.amazon.com/saurav-Cloud-Quiz/dp/B078XRR7CP/ref=sr_1_354?brr=1&dchild=1&qid=1634419552&rd=1&s=digital-skills&sr=1-354", "Daily Drucker": "https://www.amazon.com/Quintessence-Daily-Drucker/dp/B08PDH8BD2/ref=sr_1_355?brr=1&dchild=1&qid=1634419552&rd=1&s=digital-skills&sr=1-355", "White House History Guide": "https://www.amazon.com/White-House-Historical-Association-History/dp/B07QKVXCXW/ref=sr_1_356?brr=1&dchild=1&qid=1634419552&rd=1&s=digital-skills&sr=1-356", "General Class Ham Cram": "https://www.amazon.com/Ovc-General-Class-Ham-Cram/dp/B01LFZ31GI/ref=sr_1_357?brr=1&dchild=1&qid=1634419552&rd=1&s=digital-skills&sr=1-357", "Pronunciations": "https://www.amazon.com/Mahesh-Pronunciations/dp/B0197E9NX4/ref=sr_1_358?brr=1&dchild=1&qid=1634419552&rd=1&s=digital-skills&sr=1-358", "Multiplication Tutor I": "https://www.amazon.com/Digital-Spring-Apps-Multiplication-Tutor/dp/B078YDS3CR/ref=sr_1_359?brr=1&dchild=1&qid=1634419552&rd=1&s=digital-skills&sr=1-359", "Category Facts": "https://www.amazon.com/MSC-Category-Facts/dp/B07F7WK6FM/ref=sr_1_360?brr=1&dchild=1&qid=1634419552&rd=1&s=digital-skills&sr=1-360", "My PMI": "https://www.amazon.com/Project-Management-Institute-My-PMI/dp/B08F77J1NN/ref=sr_1_361?brr=1&dchild=1&qid=1634419552&rd=1&s=digital-skills&sr=1-361", "Bible Facts": "https://www.amazon.com/Divyanshu-Verma-Bible-Facts/dp/B07KHML3C3/ref=sr_1_362?brr=1&dchild=1&qid=1634419552&rd=1&s=digital-skills&sr=1-362", "Verse of the Day - Flash Briefing": "https://www.amazon.com/Life-Church-Verse-of-the-Day/dp/B01NB1U6UI/ref=sr_1_363?brr=1&dchild=1&qid=1634419552&rd=1&s=digital-skills&sr=1-363", "Sinus Infection": "https://www.amazon.com/ENT-Institute-Sinus-Infection/dp/B07KS1ZKMJ/ref=sr_1_364?brr=1&dchild=1&qid=1634419552&rd=1&s=digital-skills&sr=1-364", "Fun Advent Calendar": "https://www.amazon.com/BJAB-Fun-Advent-Calendar/dp/B077PP3Y4R/ref=sr_1_365?brr=1&dchild=1&qid=1634419552&rd=1&s=digital-skills&sr=1-365", "Unofficial Seth Godin Blog Post Reader": "https://www.amazon.com/Unofficial-Seth-Godin-Blog-Reader/dp/B01N4M1AW4/ref=sr_1_366?brr=1&dchild=1&qid=1634419552&rd=1&s=digital-skills&sr=1-366", "Happy Baby Experts": "https://www.amazon.com/Happy-Family-Brands-Baby-Experts/dp/B08JSN9Q3Y/ref=sr_1_367?brr=1&dchild=1&qid=1634419552&rd=1&s=digital-skills&sr=1-367", "RNIB Talking Books": "https://www.amazon.com/RNIB-Talking-Books/dp/B0999QL8B7/ref=sr_1_368?brr=1&dchild=1&qid=1634419552&rd=1&s=digital-skills&sr=1-368"}