{"Shakespeare Play Summaries": "https://www.amazon.com/Zane-Inc-Shakespeare-Play-Summaries/dp/B078MY8DQP/ref=sr_1_385?brr=1&dchild=1&qid=1634419558&rd=1&s=digital-skills&sr=1-385", "Ex Libris": "https://www.amazon.com/Ex-Libris-AG/dp/B08GSTBCGT/ref=sr_1_386?brr=1&dchild=1&qid=1634419558&rd=1&s=digital-skills&sr=1-386", "Islam Facts": "https://www.amazon.com/Syed-Zaidi-Islam-Facts/dp/B072XRW7DK/ref=sr_1_387?brr=1&dchild=1&qid=1634419558&rd=1&s=digital-skills&sr=1-387", "Easy Body Detox": "https://www.amazon.com/allsuper-info-for-SavoElite-com-Easy-Detox/dp/B089LM7RL3/ref=sr_1_388?brr=1&dchild=1&qid=1634419558&rd=1&s=digital-skills&sr=1-388", "TV Installer": "https://www.amazon.com/DataFlix-net-TV-Installer/dp/B0832NJK1K/ref=sr_1_389?brr=1&dchild=1&qid=1634419558&rd=1&s=digital-skills&sr=1-389", "Lexus LS": "https://www.amazon.com/Tag-The-Flag-LLC-Lexus/dp/B09743G49W/ref=sr_1_390?brr=1&dchild=1&qid=1634419558&rd=1&s=digital-skills&sr=1-390", "Kelp Facts": "https://www.amazon.com/Brian-Cottrell-Kelp-Facts/dp/B07KJ49NN6/ref=sr_1_391?brr=1&dchild=1&qid=1634419558&rd=1&s=digital-skills&sr=1-391", "Sun Buddy": "https://www.amazon.com/O-Schafer-Sun-Buddy/dp/B07G2F8Y82/ref=sr_1_392?brr=1&dchild=1&qid=1634419558&rd=1&s=digital-skills&sr=1-392", "Curious Bee - Socially Relevant Facts": "https://www.amazon.com/Curious-Bee-Socially-Relevant-Facts/dp/B07YSNFFYZ/ref=sr_1_393?brr=1&dchild=1&qid=1634419558&rd=1&s=digital-skills&sr=1-393", "Kids Booklet": "https://www.amazon.com/WebRecycles-Inc-Kids-Booklet/dp/B078MSVL2L/ref=sr_1_394?brr=1&dchild=1&qid=1634419558&rd=1&s=digital-skills&sr=1-394", "Laughing RN": "https://www.amazon.com/dp/B09JLRV42K/ref=sr_1_395?brr=1&dchild=1&qid=1634419558&rd=1&s=digital-skills&sr=1-395", "WTC2021": "https://www.amazon.com/VayuVaidya-Dr-Bheemaiah-Anil-Kumar/dp/B09JKK31SM/ref=sr_1_396?brr=1&dchild=1&qid=1634419558&rd=1&s=digital-skills&sr=1-396", "Coach Anchor": "https://www.amazon.com/Potent-IP-Group-Coach-Anchor/dp/B09JGC13HN/ref=sr_1_397?brr=1&dchild=1&qid=1634419558&rd=1&s=digital-skills&sr=1-397", "Coach Anchor University": "https://www.amazon.com/Potent-IP-Group-Anchor-University/dp/B09JFXS3GP/ref=sr_1_398?brr=1&dchild=1&qid=1634419558&rd=1&s=digital-skills&sr=1-398", "Cashew Pitch Deck": "https://www.amazon.com/Cashew-ai-Cashew-Pitch-Deck/dp/B09J8RWRB6/ref=sr_1_399?brr=1&dchild=1&qid=1634419558&rd=1&s=digital-skills&sr=1-399", "Cashew Voice Landing Page": "https://www.amazon.com/Cashew-ai-Cashew-Voice-Landing-Page/dp/B09J4P779V/ref=sr_1_400?brr=1&dchild=1&qid=1634419558&rd=1&s=digital-skills&sr=1-400"}