{"Small Group Tools": "https://www.amazon.com/Learning-Connect-LLC-Small-Group/dp/B09BR68DZL/ref=sr_1_433?brr=1&dchild=1&qid=1634419566&rd=1&s=digital-skills&sr=1-433", "Project Planning Meetings": "https://www.amazon.com/Learning-Connect-LLC-Planning-Meetings/dp/B09BR3GPVF/ref=sr_1_434?brr=1&dchild=1&qid=1634419566&rd=1&s=digital-skills&sr=1-434", "Project Assessment Meetings": "https://www.amazon.com/Learning-Connect-LLC-Assessment-Meetings/dp/B09BQPC215/ref=sr_1_435?brr=1&dchild=1&qid=1634419566&rd=1&s=digital-skills&sr=1-435", "Project Action Meetings": "https://www.amazon.com/Learning-Connect-LLC-Project-Meetings/dp/B09BQMD13C/ref=sr_1_436?brr=1&dchild=1&qid=1634419566&rd=1&s=digital-skills&sr=1-436", "Meridian School District News Flash Briefing": "https://www.amazon.com/Meridian-School-District-Flash-Briefing/dp/B09BQLPH54/ref=sr_1_437?brr=1&dchild=1&qid=1634419566&rd=1&s=digital-skills&sr=1-437", "Leadership Quotient Tools": "https://www.amazon.com/Learning-Connect-LLC-Leadership-Quotient/dp/B09BQJF75R/ref=sr_1_438?brr=1&dchild=1&qid=1634419566&rd=1&s=digital-skills&sr=1-438", "My Test Cards": "https://www.amazon.com/mpm-My-Test-Cards/dp/B09BN44F3B/ref=sr_1_439?brr=1&dchild=1&qid=1634419566&rd=1&s=digital-skills&sr=1-439", "Lunchables Instructables": "https://www.amazon.com/Cashew-ai-Lunchables-Instructables/dp/B09BFYK649/ref=sr_1_440?brr=1&dchild=1&qid=1634419566&rd=1&s=digital-skills&sr=1-440", "Graphic Organizers": "https://www.amazon.com/Learning-Connect-LLC-Graphic-Organizers/dp/B09BC7NSZS/ref=sr_1_441?brr=1&dchild=1&qid=1634419566&rd=1&s=digital-skills&sr=1-441", "NIU College of Business News": "https://www.amazon.com/NIU-College-of-Business-News/dp/B09BBSM539/ref=sr_1_442?brr=1&dchild=1&qid=1634419566&rd=1&s=digital-skills&sr=1-442", "Note Taking Repair": "https://www.amazon.com/Learning-Connect-LLC-Taking-Repair/dp/B09BBPPVQS/ref=sr_1_443?brr=1&dchild=1&qid=1634419566&rd=1&s=digital-skills&sr=1-443", "Brain Quest Review": "https://www.amazon.com/Learning-Connect-LLC-Brain-Review/dp/B09BBN92BV/ref=sr_1_444?brr=1&dchild=1&qid=1634419566&rd=1&s=digital-skills&sr=1-444", "Writing Reflections": "https://www.amazon.com/Learning-Connect-LLC-Writing-Reflections/dp/B09BBLXLCQ/ref=sr_1_445?brr=1&dchild=1&qid=1634419566&rd=1&s=digital-skills&sr=1-445", "Mnemonic Tools": "https://www.amazon.com/Learning-Connect-LLC-Mnemonic-Tools/dp/B09BBL9G8R/ref=sr_1_446?brr=1&dchild=1&qid=1634419566&rd=1&s=digital-skills&sr=1-446", "Keuka Lake": "https://www.amazon.com/Matt-Reidy-Keuka-Lake/dp/B09BBKT84C/ref=sr_1_447?brr=1&dchild=1&qid=1634419566&rd=1&s=digital-skills&sr=1-447", "Life Size Simulations": "https://www.amazon.com/Learning-Connect-LLC-Life-Simulations/dp/B09BBK88DL/ref=sr_1_448?brr=1&dchild=1&qid=1634419566&rd=1&s=digital-skills&sr=1-448"}