{"story time": "https://www.amazon.com/freeacademy-Story-Time/dp/B07D4R52Q4/ref=sr_1_33?brr=1&dchild=1&qid=1634419496&rd=1&s=digital-skills&sr=1-33", "Teach me French by FrenchPod101.com": "https://www.amazon.com/Teach-me-French-by-FrenchPod101-com/dp/B07CJ3XFP5/ref=sr_1_34?brr=1&dchild=1&qid=1634419496&rd=1&s=digital-skills&sr=1-34", "DW": "https://www.amazon.com/Deutsche-Welle-DW/dp/B082MK6S8B/ref=sr_1_35?brr=1&dchild=1&qid=1634419496&rd=1&s=digital-skills&sr=1-35", "Kylie Jenner - Could it be True?": "https://www.amazon.com/Kylie-Jenner-Could-be-True/dp/B07L3VBXHQ/ref=sr_1_36?brr=1&dchild=1&qid=1634419496&rd=1&s=digital-skills&sr=1-36", "Zenbo": "https://www.amazon.com/ASUS-Zenbo/dp/B07WG8NPQB/ref=sr_1_37?brr=1&dchild=1&qid=1634419496&rd=1&s=digital-skills&sr=1-37", "Geography Skill": "https://www.amazon.com/ryanlawler-Geography-Skill/dp/B01MSBU3SJ/ref=sr_1_38?brr=1&dchild=1&qid=1634419496&rd=1&s=digital-skills&sr=1-38", "Fast Fact President Trump": "https://www.amazon.com/ButtonPushApps-Fast-Fact-President-Trump/dp/B07JY8PG1C/ref=sr_1_39?brr=1&dchild=1&qid=1634419496&rd=1&s=digital-skills&sr=1-39", "Animal Sounds": "https://www.amazon.com/Gaggle-Animal-Sounds/dp/B07GR31THB/ref=sr_1_40?brr=1&dchild=1&qid=1634419496&rd=1&s=digital-skills&sr=1-40", "Wonders of the world skill": "https://www.amazon.com/Wonders-of-the-world-skill/dp/B074Q7M1SX/ref=sr_1_41?brr=1&dchild=1&qid=1634419496&rd=1&s=digital-skills&sr=1-41", "UN Women\u2019s Stories on Gender Equality": "https://www.amazon.com/Womens-Stories-Gender-Equality/dp/B07N2HDJY2/ref=sr_1_42?brr=1&dchild=1&qid=1634419496&rd=1&s=digital-skills&sr=1-42", "Rush Fact Skill": "https://www.amazon.com/Caretote-Rush-Fact-Skill/dp/B07MJ6MJ61/ref=sr_1_43?brr=1&dchild=1&qid=1634419496&rd=1&s=digital-skills&sr=1-43", "French Fact Skill": "https://www.amazon.com/Emily-Lam-French-Fact-Skill/dp/B01M0T17NC/ref=sr_1_44?brr=1&dchild=1&qid=1634419496&rd=1&s=digital-skills&sr=1-44", "Can I Use Skill": "https://www.amazon.com/Remote-Synthesis-Can-Use-Skill/dp/B01FKSYRK0/ref=sr_1_45?brr=1&dchild=1&qid=1634419496&rd=1&s=digital-skills&sr=1-45", "Womens Tips": "https://www.amazon.com/allsuper-info-for-SaVo-Elite-Womens/dp/B084MBHJFN/ref=sr_1_46?brr=1&dchild=1&qid=1634419496&rd=1&s=digital-skills&sr=1-46", "Rick's School Tools State Capitals": "https://www.amazon.com/Ricks-School-Tools-State-Capitals/dp/B01C7XXGBW/ref=sr_1_47?brr=1&dchild=1&qid=1634419496&rd=1&s=digital-skills&sr=1-47", "Strange New Worlds": "https://www.amazon.com/Skill-in-ator-Strange-New-Worlds/dp/B07Q6BH1Q3/ref=sr_1_48?brr=1&dchild=1&qid=1634419496&rd=1&s=digital-skills&sr=1-48"}