{"Note My Strings": "https://www.amazon.com/WAHLAX-LLC-Note-My-Strings/dp/B099P7XDZD/ref=sr_1_465?brr=1&dchild=1&qid=1634419571&rd=1&s=digital-skills&sr=1-465", "Changing Perception Tools": "https://www.amazon.com/Learning-Connect-LLC-Changing-Perception/dp/B099KLH4ZV/ref=sr_1_466?brr=1&dchild=1&qid=1634419571&rd=1&s=digital-skills&sr=1-466", "Word Tech Tools": "https://www.amazon.com/Learning-Connect-LLC-Word-Tools/dp/B099K8CV3H/ref=sr_1_467?brr=1&dchild=1&qid=1634419571&rd=1&s=digital-skills&sr=1-467", "Visual Imagery Tools": "https://www.amazon.com/Learning-Connect-LLC-Visual-Imagery/dp/B099K2ZRHG/ref=sr_1_468?brr=1&dchild=1&qid=1634419571&rd=1&s=digital-skills&sr=1-468", "Random Kata": "https://www.amazon.com/Wood-End-Lodge-Random-Kata/dp/B099GC65VH/ref=sr_1_469?brr=1&dchild=1&qid=1634419571&rd=1&s=digital-skills&sr=1-469", "Read Scan Tools": "https://www.amazon.com/Learning-Connect-LLC-Read-Tools/dp/B099F6D1G7/ref=sr_1_470?brr=1&dchild=1&qid=1634419571&rd=1&s=digital-skills&sr=1-470", "Brain Wave Tools": "https://www.amazon.com/Learning-Connect-LLC-Brain-Tools/dp/B099CPQHZN/ref=sr_1_471?brr=1&dchild=1&qid=1634419571&rd=1&s=digital-skills&sr=1-471", "Prior Knowledge Tools": "https://www.amazon.com/Learning-Connect-LLC-Prior-Knowledge/dp/B09991WX1Z/ref=sr_1_472?brr=1&dchild=1&qid=1634419571&rd=1&s=digital-skills&sr=1-472", "CTC Daily Flash Briefing": "https://www.amazon.com/CTC-of-Lackawanna-County-Briefing/dp/B098XPQ4MP/ref=sr_1_473?brr=1&dchild=1&qid=1634419571&rd=1&s=digital-skills&sr=1-473", "Fireplace Ltd": "https://www.amazon.com/Voice-Advice-Application-Fireplace-Ltd/dp/B098WVK6HY/ref=sr_1_474?brr=1&dchild=1&qid=1634419571&rd=1&s=digital-skills&sr=1-474", "Tara E.V.S. Demo": "https://www.amazon.com/Learning-Matters-Tara-E-V-S-Demo/dp/B098QP7W4P/ref=sr_1_475?brr=1&dchild=1&qid=1634419571&rd=1&s=digital-skills&sr=1-475", "CloudAge": "https://www.amazon.com/CloudAge-Global-Services-Pvt-Ltd/dp/B098NLHB51/ref=sr_1_476?brr=1&dchild=1&qid=1634419571&rd=1&s=digital-skills&sr=1-476", "Final Grade Calculator": "https://www.amazon.com/California-Polytechnic-State-Universit-Calculator/dp/B098KYN378/ref=sr_1_477?brr=1&dchild=1&qid=1634419571&rd=1&s=digital-skills&sr=1-477", "Medicare Flash Briefing": "https://www.amazon.com/Default-User-Medicare-Flash-Briefing/dp/B098DZYJTN/ref=sr_1_478?brr=1&dchild=1&qid=1634419571&rd=1&s=digital-skills&sr=1-478", "Tara Master Demo": "https://www.amazon.com/Learning-Matters-Tara-Master-Demo/dp/B0989PQ22L/ref=sr_1_479?brr=1&dchild=1&qid=1634419571&rd=1&s=digital-skills&sr=1-479", "SUPER Periodic Table": "https://www.amazon.com/Nickopanther-SUPER-Periodic-Table/dp/B097RG119Q/ref=sr_1_480?brr=1&dchild=1&qid=1634419571&rd=1&s=digital-skills&sr=1-480"}