{"Daily Fishing & Spearfishing Tips": "https://www.amazon.com/Jon-Stenstrom-Cast-Spear-Spearfishing/dp/B097PSBB6N/ref=sr_1_481?brr=1&dchild=1&qid=1634419574&rd=1&s=digital-skills&sr=1-481", "agora publishing": "https://www.amazon.com/selfsage-agora-publishing/dp/B097L38FGB/ref=sr_1_482?brr=1&dchild=1&qid=1634419574&rd=1&s=digital-skills&sr=1-482", "Tara Expert Demo": "https://www.amazon.com/Learning-Matters-Tara-Expert-Demo/dp/B097D657F7/ref=sr_1_483?brr=1&dchild=1&qid=1634419574&rd=1&s=digital-skills&sr=1-483", "Tara Star Demo": "https://www.amazon.com/Learning-Matters-Tara-Star-Demo/dp/B097C2V3C6/ref=sr_1_484?brr=1&dchild=1&qid=1634419574&rd=1&s=digital-skills&sr=1-484", "Tara Plus Demo": "https://www.amazon.com/Learning-Matters-Tara-Plus-Demo/dp/B097C2QJ3N/ref=sr_1_485?brr=1&dchild=1&qid=1634419574&rd=1&s=digital-skills&sr=1-485", "Tara Champ Demo": "https://www.amazon.com/Learning-Matters-Tara-Champ-Demo/dp/B097BYP1RZ/ref=sr_1_486?brr=1&dchild=1&qid=1634419574&rd=1&s=digital-skills&sr=1-486", "Random Number Game CSCBV-IITD": "https://www.amazon.com/Indian-Institute-of-Technology-Delhi/dp/B09799VSS3/ref=sr_1_487?brr=1&dchild=1&qid=1634419574&rd=1&s=digital-skills&sr=1-487", "Anne Ganguzza VO": "https://www.amazon.com/Voiceweave-Anne-Ganguzza-VO/dp/B0977687ZZ/ref=sr_1_488?brr=1&dchild=1&qid=1634419574&rd=1&s=digital-skills&sr=1-488", "My Flashcards": "https://www.amazon.com/Steamily-My-Flashcards/dp/B0976RHCXJ/ref=sr_1_489?brr=1&dchild=1&qid=1634419574&rd=1&s=digital-skills&sr=1-489", "Skyscraper Flashcards": "https://www.amazon.com/Jason-Skyscraper-Flashcards/dp/B0975JYL88/ref=sr_1_490?brr=1&dchild=1&qid=1634419574&rd=1&s=digital-skills&sr=1-490", "Memories of Pili": "https://www.amazon.com/Menocal-Apps-Memories-of-Pili/dp/B09736F72J/ref=sr_1_491?brr=1&dchild=1&qid=1634419574&rd=1&s=digital-skills&sr=1-491", "Punjabi": "https://www.amazon.com/Pheasant-Solution-Punjabi/dp/B096Q55459/ref=sr_1_492?brr=1&dchild=1&qid=1634419574&rd=1&s=digital-skills&sr=1-492", "Crypto Bot": "https://www.amazon.com/thickideas-Crypto-Bot/dp/B096MKCV33/ref=sr_1_493?brr=1&dchild=1&qid=1634419574&rd=1&s=digital-skills&sr=1-493", "Toronto Waste Genius": "https://www.amazon.com/Intent-Labs-Toronto-Waste-Genius/dp/B096M7V8VR/ref=sr_1_494?brr=1&dchild=1&qid=1634419574&rd=1&s=digital-skills&sr=1-494", "Hyundai Driver": "https://www.amazon.com/Hyundai-Driver/dp/B096L3Z38Y/ref=sr_1_495?brr=1&dchild=1&qid=1634419574&rd=1&s=digital-skills&sr=1-495", "yoursip telecom facts": "https://www.amazon.com/Yoursip-Telecom-Inc-yoursip-telecom/dp/B096FCCQ86/ref=sr_1_496?brr=1&dchild=1&qid=1634419574&rd=1&s=digital-skills&sr=1-496"}