{"Firestone Complete Auto Care Homewood": "https://www.amazon.com/Firestone-Complete-Auto-Care-Homewood/dp/B094VV183R/ref=sr_1_513?brr=1&dchild=1&qid=1634419580&rd=1&s=digital-skills&sr=1-513", "Firestone Complete Auto Care Conroe": "https://www.amazon.com/Firestone-Complete-Auto-Care-Conroe/dp/B094VTY1VZ/ref=sr_1_514?brr=1&dchild=1&qid=1634419580&rd=1&s=digital-skills&sr=1-514", "Firestone Complete Auto Care Oxford": "https://www.amazon.com/Firestone-Complete-Auto-Care-Oxford/dp/B094VTBPQ4/ref=sr_1_515?brr=1&dchild=1&qid=1634419580&rd=1&s=digital-skills&sr=1-515", "Firestone Complete Auto Care Modesto": "https://www.amazon.com/Firestone-Complete-Auto-Care-Modesto/dp/B094VRBH42/ref=sr_1_516?brr=1&dchild=1&qid=1634419580&rd=1&s=digital-skills&sr=1-516", "Law Offices of Jonathan Steele": "https://www.amazon.com/Law-Offices-of-Jonathan-Steele/dp/B094VQZRFR/ref=sr_1_517?brr=1&dchild=1&qid=1634419580&rd=1&s=digital-skills&sr=1-517", "Metro Appliance Repair": "https://www.amazon.com/Voice-Advice-Application-Appliance-Repair/dp/B094VPV8K8/ref=sr_1_518?brr=1&dchild=1&qid=1634419580&rd=1&s=digital-skills&sr=1-518", "Firestone Complete Auto Care Roswell": "https://www.amazon.com/Firestone-Complete-Auto-Care-Roswell/dp/B094VP1ZMM/ref=sr_1_519?brr=1&dchild=1&qid=1634419580&rd=1&s=digital-skills&sr=1-519", "Firestone Complete Auto Care Riverdale": "https://www.amazon.com/Firestone-Complete-Auto-Care-Riverdale/dp/B094VN41VH/ref=sr_1_520?brr=1&dchild=1&qid=1634419580&rd=1&s=digital-skills&sr=1-520", "Boyer Rosene": "https://www.amazon.com/Voice-Advice-Application-Boyer-Rosene/dp/B094VMJW9V/ref=sr_1_521?brr=1&dchild=1&qid=1634419580&rd=1&s=digital-skills&sr=1-521", "Firestone Complete Auto Care Mesa": "https://www.amazon.com/Firestone-Complete-Auto-Care-Mesa/dp/B094VMH9VQ/ref=sr_1_522?brr=1&dchild=1&qid=1634419580&rd=1&s=digital-skills&sr=1-522", "Firestone Complete Auto Care Morrow": "https://www.amazon.com/Firestone-Complete-Auto-Care-Morrow/dp/B094VK6KYS/ref=sr_1_523?brr=1&dchild=1&qid=1634419580&rd=1&s=digital-skills&sr=1-523", "Phil Cormier Contracting": "https://www.amazon.com/Voice-Advice-Application-Cormier-Contracting/dp/B094VH63H7/ref=sr_1_524?brr=1&dchild=1&qid=1634419580&rd=1&s=digital-skills&sr=1-524", "Firestone Complete Auto Care Denver": "https://www.amazon.com/Firestone-Complete-Auto-Care-Denver/dp/B094VG352H/ref=sr_1_525?brr=1&dchild=1&qid=1634419580&rd=1&s=digital-skills&sr=1-525", "Firestone Complete Auto Care Dubuque": "https://www.amazon.com/Firestone-Complete-Auto-Care-Dubuque/dp/B094VDJCJB/ref=sr_1_526?brr=1&dchild=1&qid=1634419580&rd=1&s=digital-skills&sr=1-526", "Firestone Complete Auto Care Joliet": "https://www.amazon.com/Firestone-Complete-Auto-Care-Joliet/dp/B094VDHS6P/ref=sr_1_527?brr=1&dchild=1&qid=1634419580&rd=1&s=digital-skills&sr=1-527", "Firestone Complete Auto Care Burien": "https://www.amazon.com/Firestone-Complete-Auto-Care-Burien/dp/B094VCZQ21/ref=sr_1_528?brr=1&dchild=1&qid=1634419580&rd=1&s=digital-skills&sr=1-528"}