{"Firestone Complete Auto Care Westminster": "https://www.amazon.com/Firestone-Complete-Auto-Care-Westminster/dp/B094V9NBMJ/ref=sr_1_529?brr=1&dchild=1&qid=1634419583&rd=1&s=digital-skills&sr=1-529", "Firestone Complete Auto Towson": "https://www.amazon.com/Voice-Advice-Application-Firestone-Complete/dp/B094V97SBQ/ref=sr_1_530?brr=1&dchild=1&qid=1634419583&rd=1&s=digital-skills&sr=1-530", "Firestone Complete Auto Care Lancaster": "https://www.amazon.com/Firestone-Complete-Auto-Care-Lancaster/dp/B094V94H9M/ref=sr_1_531?brr=1&dchild=1&qid=1634419583&rd=1&s=digital-skills&sr=1-531", "Firestone Complete Auto Care Phoenix": "https://www.amazon.com/Firestone-Complete-Auto-Care-Phoenix/dp/B094R5DBNJ/ref=sr_1_544?brr=1&dchild=1&qid=1634419583&rd=1&s=digital-skills&sr=1-544", "Firestone Complete Auto Care Mesa": "https://www.amazon.com/Firestone-Complete-Auto-Care-Mesa/dp/B094V73H6G/ref=sr_1_533?brr=1&dchild=1&qid=1634419583&rd=1&s=digital-skills&sr=1-533", "Firestone Complete Auto Care Plaistow": "https://www.amazon.com/Firestone-Complete-Auto-Care-Plaistow/dp/B094V6DX55/ref=sr_1_534?brr=1&dchild=1&qid=1634419583&rd=1&s=digital-skills&sr=1-534", "Firestone Complete Auto Care Sarasota": "https://www.amazon.com/Firestone-Complete-Auto-Care-Sarasota/dp/B094V58HHT/ref=sr_1_535?brr=1&dchild=1&qid=1634419583&rd=1&s=digital-skills&sr=1-535", "Malm Fireplace Center": "https://www.amazon.com/Voice-Advice-Application-Fireplace-Center/dp/B094V4R6GH/ref=sr_1_536?brr=1&dchild=1&qid=1634419583&rd=1&s=digital-skills&sr=1-536", "Firestone Complete Auto Care Burlington": "https://www.amazon.com/Firestone-Complete-Auto-Care-Burlington/dp/B094V3BQ5D/ref=sr_1_537?brr=1&dchild=1&qid=1634419583&rd=1&s=digital-skills&sr=1-537", "Firestone Complete Auto Care Bolingbrook": "https://www.amazon.com/Firestone-Complete-Auto-Care-Bolingbrook/dp/B094V32XMV/ref=sr_1_538?brr=1&dchild=1&qid=1634419583&rd=1&s=digital-skills&sr=1-538", "Firestone Complete Auto Care Marietta": "https://www.amazon.com/Firestone-Complete-Auto-Care-Marietta/dp/B094V2LXM8/ref=sr_1_539?brr=1&dchild=1&qid=1634419583&rd=1&s=digital-skills&sr=1-539", "Firestone Complete Auto Care Tuscaloosa": "https://www.amazon.com/Firestone-Complete-Auto-Care-Tuscaloosa/dp/B094TY74GJ/ref=sr_1_540?brr=1&dchild=1&qid=1634419583&rd=1&s=digital-skills&sr=1-540", "Firestone Complete Auto Care Pensacola": "https://www.amazon.com/Firestone-Complete-Auto-Care-Pensacola/dp/B094SZT848/ref=sr_1_541?brr=1&dchild=1&qid=1634419583&rd=1&s=digital-skills&sr=1-541", "Firestone Complete Auto Care Cincinnati": "https://www.amazon.com/Firestone-Complete-Auto-Care-Cincinnati/dp/B094R6NMPG/ref=sr_1_543?brr=1&dchild=1&qid=1634419583&rd=1&s=digital-skills&sr=1-543"}