{"Firestone Complete Auto Care Roanoke": "https://www.amazon.com/Firestone-Complete-Auto-Care-Roanoke/dp/B094R4NQWT/ref=sr_1_545?brr=1&dchild=1&qid=1634419586&rd=1&s=digital-skills&sr=1-545", "Firestone Complete Auto Care Wylie": "https://www.amazon.com/Firestone-Complete-Auto-Care-Wylie/dp/B094R4GBVK/ref=sr_1_546?brr=1&dchild=1&qid=1634419586&rd=1&s=digital-skills&sr=1-546", "Boundary Motel": "https://www.amazon.com/Voice-Advice-Application-Boundary-Motel/dp/B094R47TGG/ref=sr_1_547?brr=1&dchild=1&qid=1634419586&rd=1&s=digital-skills&sr=1-547", "Firestone Complete Auto Care Glassboro": "https://www.amazon.com/Firestone-Complete-Auto-Care-Glassboro/dp/B094R45HMG/ref=sr_1_548?brr=1&dchild=1&qid=1634419586&rd=1&s=digital-skills&sr=1-548", "Firestone Complete Auto Care Watauga": "https://www.amazon.com/Firestone-Complete-Auto-Care-Watauga/dp/B094R1H83Y/ref=sr_1_549?brr=1&dchild=1&qid=1634419586&rd=1&s=digital-skills&sr=1-549", "Firestone Complete Auto Care Fulton": "https://www.amazon.com/Firestone-Complete-Auto-Care-Fulton/dp/B094QY1KS3/ref=sr_1_550?brr=1&dchild=1&qid=1634419586&rd=1&s=digital-skills&sr=1-550", "Precision Garage Door Columbia": "https://www.amazon.com/Voice-Advice-Application-Precision-Columbia/dp/B094QTSKQC/ref=sr_1_551?brr=1&dchild=1&qid=1634419586&rd=1&s=digital-skills&sr=1-551", "Firestone Complete Auto Care Orlando": "https://www.amazon.com/Firestone-Complete-Auto-Care-Orlando/dp/B094QPMRBG/ref=sr_1_557?brr=1&dchild=1&qid=1634419586&rd=1&s=digital-skills&sr=1-557", "Aire Serv Of Kalispell": "https://www.amazon.com/Voice-Advice-Application-Aire-Kalispell/dp/B094QSLWS6/ref=sr_1_553?brr=1&dchild=1&qid=1634419586&rd=1&s=digital-skills&sr=1-553", "Firestone Complete Auto Care Elyria": "https://www.amazon.com/Firestone-Complete-Auto-Care-Elyria/dp/B094QSHW3X/ref=sr_1_554?brr=1&dchild=1&qid=1634419586&rd=1&s=digital-skills&sr=1-554", "Firestone Complete Auto Care Marysville": "https://www.amazon.com/Firestone-Complete-Auto-Care-Marysville/dp/B094QRT486/ref=sr_1_556?brr=1&dchild=1&qid=1634419586&rd=1&s=digital-skills&sr=1-556", "Firestone Complete Auto Care Northfield": "https://www.amazon.com/Firestone-Complete-Auto-Care-Northfield/dp/B094QPLFM6/ref=sr_1_558?brr=1&dchild=1&qid=1634419586&rd=1&s=digital-skills&sr=1-558", "Firestone Complete Auto Care Medford": "https://www.amazon.com/Firestone-Complete-Auto-Care-Medford/dp/B094QPBTV1/ref=sr_1_559?brr=1&dchild=1&qid=1634419586&rd=1&s=digital-skills&sr=1-559", "Firestone Complete Auto Care Tomball": "https://www.amazon.com/Firestone-Complete-Auto-Care-Tomball/dp/B094QP5975/ref=sr_1_560?brr=1&dchild=1&qid=1634419586&rd=1&s=digital-skills&sr=1-560"}