{"Firestone Complete Auto Care Mesa": "https://www.amazon.com/Firestone-Complete-Auto-Care-Mesa/dp/B094QBXCKD/ref=sr_1_577?brr=1&dchild=1&qid=1634419591&rd=1&s=digital-skills&sr=1-577", "Firestone Complete Auto Care Coppell": "https://www.amazon.com/Firestone-Complete-Auto-Care-Coppell/dp/B094QBFYCQ/ref=sr_1_578?brr=1&dchild=1&qid=1634419591&rd=1&s=digital-skills&sr=1-578", "Firestone Complete Auto Care Orlando": "https://www.amazon.com/Firestone-Complete-Auto-Care-Orlando/dp/B094QB5YTC/ref=sr_1_579?brr=1&dchild=1&qid=1634419591&rd=1&s=digital-skills&sr=1-579", "Firestone Complete Auto Care Payson": "https://www.amazon.com/Firestone-Complete-Auto-Care-Payson/dp/B094Q9ZNK3/ref=sr_1_580?brr=1&dchild=1&qid=1634419591&rd=1&s=digital-skills&sr=1-580", "Twin Eagle Construction": "https://www.amazon.com/Voice-Advice-Application-Eagle-Construction/dp/B094Q9NWDR/ref=sr_1_581?brr=1&dchild=1&qid=1634419591&rd=1&s=digital-skills&sr=1-581", "Firestone Complete Auto Care Denton": "https://www.amazon.com/Firestone-Complete-Auto-Care-Denton/dp/B094Q8FFR5/ref=sr_1_582?brr=1&dchild=1&qid=1634419591&rd=1&s=digital-skills&sr=1-582", "Firestone Complete Auto Care Columbia": "https://www.amazon.com/Firestone-Complete-Auto-Care-Columbia/dp/B094Q6Z9GB/ref=sr_1_583?brr=1&dchild=1&qid=1634419591&rd=1&s=digital-skills&sr=1-583", "Firestone Complete Auto Care Baltimore": "https://www.amazon.com/Firestone-Complete-Auto-Care-Baltimore/dp/B094Q6HS1L/ref=sr_1_584?brr=1&dchild=1&qid=1634419591&rd=1&s=digital-skills&sr=1-584", "Eyeglass Galleria": "https://www.amazon.com/Voice-Advice-Application-Eyeglass-Galleria/dp/B094Q57LDR/ref=sr_1_585?brr=1&dchild=1&qid=1634419591&rd=1&s=digital-skills&sr=1-585", "Firestone Complete Auto Care Pittsfield": "https://www.amazon.com/Firestone-Complete-Auto-Care-Pittsfield/dp/B094Q1YMKM/ref=sr_1_586?brr=1&dchild=1&qid=1634419591&rd=1&s=digital-skills&sr=1-586", "Firestone Complete Auto Care Albuquerque": "https://www.amazon.com/Firestone-Complete-Auto-Care-Albuquerque/dp/B094PT3WZJ/ref=sr_1_587?brr=1&dchild=1&qid=1634419591&rd=1&s=digital-skills&sr=1-587", "Fredericksburg Flooring Center": "https://www.amazon.com/Voice-Advice-Application-Fredericksburg-Flooring/dp/B094NPYVPR/ref=sr_1_588?brr=1&dchild=1&qid=1634419591&rd=1&s=digital-skills&sr=1-588", "Firestone Complete Auto Care Cleveland": "https://www.amazon.com/Firestone-Complete-Auto-Care-Cleveland/dp/B094NPNBNF/ref=sr_1_589?brr=1&dchild=1&qid=1634419591&rd=1&s=digital-skills&sr=1-589", "Firestone Complete Auto Care Waldorf": "https://www.amazon.com/Firestone-Complete-Auto-Care-Waldorf/dp/B094NNW84F/ref=sr_1_590?brr=1&dchild=1&qid=1634419591&rd=1&s=digital-skills&sr=1-590", "Firestone Complete Auto Care Corvallis": "https://www.amazon.com/Firestone-Complete-Auto-Care-Corvallis/dp/B094NNGTYJ/ref=sr_1_591?brr=1&dchild=1&qid=1634419591&rd=1&s=digital-skills&sr=1-591", "Firestone Complete Auto Care Westerville": "https://www.amazon.com/Firestone-Complete-Auto-Care-Westerville/dp/B094NN3BJ5/ref=sr_1_592?brr=1&dchild=1&qid=1634419591&rd=1&s=digital-skills&sr=1-592"}