{"Cinema Space": "https://www.amazon.com/applicate-Cinema-Space/dp/B094NMZW3M/ref=sr_1_593?brr=1&dchild=1&qid=1634419594&rd=1&s=digital-skills&sr=1-593", "Firestone Complete Auto Care Schenectady": "https://www.amazon.com/Firestone-Complete-Auto-Care-Schenectady/dp/B094NMMLJJ/ref=sr_1_594?brr=1&dchild=1&qid=1634419594&rd=1&s=digital-skills&sr=1-594", "Firestone Complete Auto Care Cincinnati": "https://www.amazon.com/Firestone-Complete-Auto-Care-Cincinnati/dp/B094NCKKK8/ref=sr_1_602?brr=1&dchild=1&qid=1634419594&rd=1&s=digital-skills&sr=1-602", "Firestone Complete Auto Care Crowley": "https://www.amazon.com/Firestone-Complete-Auto-Care-Crowley/dp/B094NM8M7P/ref=sr_1_596?brr=1&dchild=1&qid=1634419594&rd=1&s=digital-skills&sr=1-596", "Firestone Complete Auto Care Reynoldsburg": "https://www.amazon.com/Firestone-Complete-Auto-Care-Reynoldsburg/dp/B094NLQ913/ref=sr_1_597?brr=1&dchild=1&qid=1634419594&rd=1&s=digital-skills&sr=1-597", "Firestone Complete Auto Care Hagerstown": "https://www.amazon.com/Firestone-Complete-Auto-Care-Hagerstown/dp/B094NHYQKN/ref=sr_1_598?brr=1&dchild=1&qid=1634419594&rd=1&s=digital-skills&sr=1-598", "Stagecoach Storage": "https://www.amazon.com/Voice-Advice-Application-Stagecoach-Storage/dp/B094NHRD4Y/ref=sr_1_599?brr=1&dchild=1&qid=1634419594&rd=1&s=digital-skills&sr=1-599", "Superior Immigration": "https://www.amazon.com/Voice-Advice-Application-Superior-Immigration/dp/B094NF89FN/ref=sr_1_600?brr=1&dchild=1&qid=1634419594&rd=1&s=digital-skills&sr=1-600", "Firestone Complete Auto Care Crossroads": "https://www.amazon.com/Firestone-Complete-Auto-Care-Crossroads/dp/B094NCS6NH/ref=sr_1_601?brr=1&dchild=1&qid=1634419594&rd=1&s=digital-skills&sr=1-601", "Firestone Complete Auto Care Auburn": "https://www.amazon.com/Firestone-Complete-Auto-Care-Auburn/dp/B094NCB4S7/ref=sr_1_603?brr=1&dchild=1&qid=1634419594&rd=1&s=digital-skills&sr=1-603", "Firestone Complete Auto Care Columbus": "https://www.amazon.com/Firestone-Complete-Auto-Care-Columbus/dp/B094MZ6M6Q/ref=sr_1_606?brr=1&dchild=1&qid=1634419594&rd=1&s=digital-skills&sr=1-606", "Firestone Complete Auto Care Windcrest": "https://www.amazon.com/Firestone-Complete-Auto-Care-Windcrest/dp/B094NBQKCK/ref=sr_1_605?brr=1&dchild=1&qid=1634419594&rd=1&s=digital-skills&sr=1-605", "Firestone Complete Auto Care Springfield": "https://www.amazon.com/Firestone-Complete-Auto-Care-Springfield/dp/B094MST3LZ/ref=sr_1_607?brr=1&dchild=1&qid=1634419594&rd=1&s=digital-skills&sr=1-607", "Carroll Electric Inc": "https://www.amazon.com/Voice-Advice-Application-Carroll-Electric/dp/B094MJ31TH/ref=sr_1_608?brr=1&dchild=1&qid=1634419594&rd=1&s=digital-skills&sr=1-608"}