{"Learn Chinese While Sleeping": "https://www.amazon.com/Smart-Skills-Learn-Chinese-Sleeping/dp/B0946YCXHX/ref=sr_1_625?brr=1&dchild=1&qid=1634419600&rd=1&s=digital-skills&sr=1-625", "Square Root Carpentry Inc": "https://www.amazon.com/Voice-Advice-Application-Square-Carpentry/dp/B0946XF6XB/ref=sr_1_626?brr=1&dchild=1&qid=1634419600&rd=1&s=digital-skills&sr=1-626", "Learn Russian While Sleeping": "https://www.amazon.com/Smart-Skills-Learn-Russian-Sleeping/dp/B0946X1DT5/ref=sr_1_627?brr=1&dchild=1&qid=1634419600&rd=1&s=digital-skills&sr=1-627", "Scarecrow story": "https://www.amazon.com/Dr-Bheemaiah-Anil-Kumar-Scarecrow/dp/B0946L3JPZ/ref=sr_1_628?brr=1&dchild=1&qid=1634419600&rd=1&s=digital-skills&sr=1-628", "Learn Japanese While Sleeping": "https://www.amazon.com/Smart-Skills-Learn-Japanese-Sleeping/dp/B0946FYWBG/ref=sr_1_629?brr=1&dchild=1&qid=1634419600&rd=1&s=digital-skills&sr=1-629", "Learn Greek While Sleeping": "https://www.amazon.com/Smart-Skills-Learn-Greek-Sleeping/dp/B0946FQYT6/ref=sr_1_630?brr=1&dchild=1&qid=1634419600&rd=1&s=digital-skills&sr=1-630", "Firestone Complete Auto Care Cincinnati": "https://www.amazon.com/Firestone-Complete-Auto-Care-Cincinnati/dp/B0946F3V9S/ref=sr_1_631?brr=1&dchild=1&qid=1634419600&rd=1&s=digital-skills&sr=1-631", "Learn Bulgarian While Sleeping": "https://www.amazon.com/Smart-Skills-Learn-Bulgarian-Sleeping/dp/B0946D3V89/ref=sr_1_632?brr=1&dchild=1&qid=1634419600&rd=1&s=digital-skills&sr=1-632", "Firestone Complete Auto Care Dallas": "https://www.amazon.com/Firestone-Complete-Auto-Care-Dallas/dp/B09468FPD9/ref=sr_1_633?brr=1&dchild=1&qid=1634419600&rd=1&s=digital-skills&sr=1-633", "VO Info": "https://www.amazon.com/iAccessibility-VO-Info/dp/B093ZSLB4G/ref=sr_1_634?brr=1&dchild=1&qid=1634419600&rd=1&s=digital-skills&sr=1-634", "Firestone Complete Auto Care Puyallup": "https://www.amazon.com/Firestone-Complete-Auto-Care-Puyallup/dp/B093ZSHFNB/ref=sr_1_635?brr=1&dchild=1&qid=1634419600&rd=1&s=digital-skills&sr=1-635", "The Brooks Activities": "https://www.amazon.com/VoCo-The-Brooks-Activities/dp/B093Z6XTFC/ref=sr_1_636?brr=1&dchild=1&qid=1634419600&rd=1&s=digital-skills&sr=1-636", "acalanes blueprint": "https://www.amazon.com/Zammo-acalanes-blueprint/dp/B093Z2H4WF/ref=sr_1_637?brr=1&dchild=1&qid=1634419600&rd=1&s=digital-skills&sr=1-637", "Native Lands": "https://www.amazon.com/Travis-Hasley-Native-Lands/dp/B093YZ1P8H/ref=sr_1_638?brr=1&dchild=1&qid=1634419600&rd=1&s=digital-skills&sr=1-638", "Chote's Towing Service": "https://www.amazon.com/Voice-Advice-Application-Chotes-Service/dp/B093YQ5BP2/ref=sr_1_639?brr=1&dchild=1&qid=1634419600&rd=1&s=digital-skills&sr=1-639", "Aldersgate Activities": "https://www.amazon.com/VoCo-Aldersgate-Activities/dp/B093XLC58C/ref=sr_1_640?brr=1&dchild=1&qid=1634419600&rd=1&s=digital-skills&sr=1-640"}