{"Firestone Complete Auto Care Milwaukee": "https://www.amazon.com/Firestone-Complete-Auto-Care-Milwaukee/dp/B093S9M7B3/ref=sr_1_662?brr=1&dchild=1&qid=1634419605&rd=1&s=digital-skills&sr=1-662", "Firestone Complete Auto Care Chandler": "https://www.amazon.com/Firestone-Complete-Auto-Care-Chandler/dp/B093S6LMBW/ref=sr_1_664?brr=1&dchild=1&qid=1634419605&rd=1&s=digital-skills&sr=1-664", "Palmer Steel Supplies": "https://www.amazon.com/Voice-Advice-Application-Palmer-Supplies/dp/B093SPWJCS/ref=sr_1_659?brr=1&dchild=1&qid=1634419605&rd=1&s=digital-skills&sr=1-659", "Firestone Complete Auto Care Pineville": "https://www.amazon.com/Firestone-Complete-Auto-Care-Pineville/dp/B093SN3WVP/ref=sr_1_660?brr=1&dchild=1&qid=1634419605&rd=1&s=digital-skills&sr=1-660", "Firestone Complete Auto Care Charleston": "https://www.amazon.com/Firestone-Complete-Auto-Care-Charleston/dp/B093SHL7XG/ref=sr_1_661?brr=1&dchild=1&qid=1634419605&rd=1&s=digital-skills&sr=1-661", "Firestone Complete Auto Care Buckeye": "https://www.amazon.com/Firestone-Complete-Auto-Care-Buckeye/dp/B093S6VMR9/ref=sr_1_663?brr=1&dchild=1&qid=1634419605&rd=1&s=digital-skills&sr=1-663", "Firestone Complete Auto Care Kenosha": "https://www.amazon.com/Firestone-Complete-Auto-Care-Kenosha/dp/B093S467SD/ref=sr_1_665?brr=1&dchild=1&qid=1634419605&rd=1&s=digital-skills&sr=1-665", "Incas Restaurant": "https://www.amazon.com/Voice-Advice-Application-Incas-Restaurant/dp/B093S3DLPB/ref=sr_1_666?brr=1&dchild=1&qid=1634419605&rd=1&s=digital-skills&sr=1-666", "Firestone Complete Auto Care Madison": "https://www.amazon.com/Firestone-Complete-Auto-Care-Madison/dp/B093S29KG3/ref=sr_1_667?brr=1&dchild=1&qid=1634419605&rd=1&s=digital-skills&sr=1-667", "Learn Italian While Sleeping": "https://www.amazon.com/Smart-Skills-Learn-Italian-Sleeping/dp/B093RZSWL2/ref=sr_1_668?brr=1&dchild=1&qid=1634419605&rd=1&s=digital-skills&sr=1-668", "Firestone Complete Auto Care Lauderhill": "https://www.amazon.com/Firestone-Complete-Auto-Care-Lauderhill/dp/B093RR4GML/ref=sr_1_669?brr=1&dchild=1&qid=1634419605&rd=1&s=digital-skills&sr=1-669", "Lear Configure+ Cargo Command": "https://www.amazon.com/Prateek-Jindal-Configure-Cargo-Command/dp/B093QBC4X6/ref=sr_1_670?brr=1&dchild=1&qid=1634419605&rd=1&s=digital-skills&sr=1-670", "Metcalf South Animal Hospital": "https://www.amazon.com/Voice-Advice-Application-Metcalf-Hospital/dp/B093Q9QG6K/ref=sr_1_671?brr=1&dchild=1&qid=1634419605&rd=1&s=digital-skills&sr=1-671", "Taylor's Septic Service": "https://www.amazon.com/Voice-Advice-Application-Taylors-Service/dp/B093Q8YZ68/ref=sr_1_672?brr=1&dchild=1&qid=1634419605&rd=1&s=digital-skills&sr=1-672"}