{"Firestone Complete Auto Care Coram": "https://www.amazon.com/Firestone-Complete-Auto-Care-Coram/dp/B093L6GQQG/ref=sr_1_689?brr=1&dchild=1&qid=1634419611&rd=1&s=digital-skills&sr=1-689", "Firestone Complete Auto Care Laveen": "https://www.amazon.com/Firestone-Complete-Auto-Care-Laveen/dp/B093L5NVBD/ref=sr_1_690?brr=1&dchild=1&qid=1634419611&rd=1&s=digital-skills&sr=1-690", "Firestone Complete Auto Care Biloxi": "https://www.amazon.com/Firestone-Complete-Auto-Care-Biloxi/dp/B093L45RTM/ref=sr_1_691?brr=1&dchild=1&qid=1634419611&rd=1&s=digital-skills&sr=1-691", "Firestone Complete Auto Care Longwood": "https://www.amazon.com/Firestone-Complete-Auto-Care-Longwood/dp/B093L3HCPM/ref=sr_1_692?brr=1&dchild=1&qid=1634419611&rd=1&s=digital-skills&sr=1-692", "Firestone Complete Auto Care Sheboygan": "https://www.amazon.com/Firestone-Complete-Auto-Care-Sheboygan/dp/B093KYCSKN/ref=sr_1_693?brr=1&dchild=1&qid=1634419611&rd=1&s=digital-skills&sr=1-693", "Firestone Complete Auto Care Chamblee": "https://www.amazon.com/Firestone-Complete-Auto-Care-Chamblee/dp/B093KY92M9/ref=sr_1_694?brr=1&dchild=1&qid=1634419611&rd=1&s=digital-skills&sr=1-694", "Firestone Complete Auto Care Odenton": "https://www.amazon.com/Firestone-Complete-Auto-Care-Odenton/dp/B093KTY2VV/ref=sr_1_695?brr=1&dchild=1&qid=1634419611&rd=1&s=digital-skills&sr=1-695", "Firestone Complete Auto Care Sheridan": "https://www.amazon.com/Firestone-Complete-Auto-Care-Sheridan/dp/B093KTQ86N/ref=sr_1_696?brr=1&dchild=1&qid=1634419611&rd=1&s=digital-skills&sr=1-696", "Firestone Complete Auto Care Milwaukee": "https://www.amazon.com/Firestone-Complete-Auto-Care-Milwaukee/dp/B093KNM3PK/ref=sr_1_697?brr=1&dchild=1&qid=1634419611&rd=1&s=digital-skills&sr=1-697", "Firestone Complete Auto Care Gilbert": "https://www.amazon.com/Firestone-Complete-Auto-Care-Gilbert/dp/B093KN7FBM/ref=sr_1_698?brr=1&dchild=1&qid=1634419611&rd=1&s=digital-skills&sr=1-698", "Firestone Complete Auto Care Neenah": "https://www.amazon.com/Firestone-Complete-Auto-Care-Neenah/dp/B093KKPR4X/ref=sr_1_699?brr=1&dchild=1&qid=1634419611&rd=1&s=digital-skills&sr=1-699", "Firestone Complete Auto Care Chandler": "https://www.amazon.com/Firestone-Complete-Auto-Care-Chandler/dp/B093KDBQ5Z/ref=sr_1_700?brr=1&dchild=1&qid=1634419611&rd=1&s=digital-skills&sr=1-700", "Xander's Favorite Joke": "https://www.amazon.com/University-of-Georgia-Xanders-Favorite/dp/B093K5V337/ref=sr_1_701?brr=1&dchild=1&qid=1634419611&rd=1&s=digital-skills&sr=1-701", "Wallis Wood Works": "https://www.amazon.com/Voice-Advice-Application-Wallis-Works/dp/B093GFJRFZ/ref=sr_1_702?brr=1&dchild=1&qid=1634419611&rd=1&s=digital-skills&sr=1-702", "Vehicle Model": "https://www.amazon.com/NA-Vehicle-Model/dp/B093FXPW79/ref=sr_1_703?brr=1&dchild=1&qid=1634419611&rd=1&s=digital-skills&sr=1-703", "OSHA acronyms": "https://www.amazon.com/Uladzimir-Kaushovik-OSHA-acronyms/dp/B093BZNCS4/ref=sr_1_704?brr=1&dchild=1&qid=1634419611&rd=1&s=digital-skills&sr=1-704"}