{"Pythagorean Triples": "https://www.amazon.com/NA-Pythagorean-Triples/dp/B08XYSCC69/ref=sr_1_753?brr=1&dchild=1&qid=1634419622&rd=1&s=digital-skills&sr=1-753", "Consumer behaviour": "https://www.amazon.com/Gary-Wainwright-Consumer-behaviour/dp/B08XXDZ3CP/ref=sr_1_754?brr=1&dchild=1&qid=1634419622&rd=1&s=digital-skills&sr=1-754", "Diminishing marginal utility": "https://www.amazon.com/Gary-Wainwright-Diminishing-marginal-utility/dp/B08XX63HW7/ref=sr_1_755?brr=1&dchild=1&qid=1634419622&rd=1&s=digital-skills&sr=1-755", "The Footcare Centre": "https://www.amazon.com/Voice-Advice-Application-Footcare-Centre/dp/B08XQKM6TT/ref=sr_1_756?brr=1&dchild=1&qid=1634419622&rd=1&s=digital-skills&sr=1-756", "Beck's Auto Center": "https://www.amazon.com/Voice-Advice-Application-Becks-Center/dp/B08XQFVSH5/ref=sr_1_757?brr=1&dchild=1&qid=1634419622&rd=1&s=digital-skills&sr=1-757", "Special Education Law Flash Briefings": "https://www.amazon.com/Special-Education-Law-Flash-Briefings/dp/B08XQF8ZR3/ref=sr_1_758?brr=1&dchild=1&qid=1634419622&rd=1&s=digital-skills&sr=1-758", "NeuralNine Assistant": "https://www.amazon.com/NeuralNine-Assistant/dp/B08XQ8VMKH/ref=sr_1_759?brr=1&dchild=1&qid=1634419622&rd=1&s=digital-skills&sr=1-759", "Henderson Pest Elimination Clearwater Pest Control": "https://www.amazon.com/Henderson-Pest-Elimination-Clearwater-Control/dp/B08XQ44BQ1/ref=sr_1_760?brr=1&dchild=1&qid=1634419622&rd=1&s=digital-skills&sr=1-760", "ScamFinder": "https://www.amazon.com/selectthegang-ScamFinder/dp/B08XPHP8ZK/ref=sr_1_761?brr=1&dchild=1&qid=1634419622&rd=1&s=digital-skills&sr=1-761", "Tronald Dump Dumbest Quotes": "https://www.amazon.com/Wisdom-Is-Principal-Apps-Tronald/dp/B08XPBC3FT/ref=sr_1_762?brr=1&dchild=1&qid=1634419622&rd=1&s=digital-skills&sr=1-762", "Weatherford College - Enterprise": "https://www.amazon.com/Ivy-ai-Inc-Weatherford-College-Enterprise/dp/B08XP7S1QW/ref=sr_1_763?brr=1&dchild=1&qid=1634419622&rd=1&s=digital-skills&sr=1-763", "Mission Perseverance": "https://www.amazon.com/applicate-Mission-Perseverance/dp/B08XP7R29Z/ref=sr_1_764?brr=1&dchild=1&qid=1634419622&rd=1&s=digital-skills&sr=1-764", "What Trump Tells You": "https://www.amazon.com/Wisdom-Is-Principal-Apps-Trump/dp/B08XNC6WTH/ref=sr_1_765?brr=1&dchild=1&qid=1634419622&rd=1&s=digital-skills&sr=1-765", "Bin Day Derry": "https://www.amazon.com/Default-User-Bin-Day-Derry/dp/B08XMG4M6Q/ref=sr_1_766?brr=1&dchild=1&qid=1634419622&rd=1&s=digital-skills&sr=1-766", "Name Accents": "https://www.amazon.com/University-of-Chicago-Name-Accents/dp/B08XJSPGLT/ref=sr_1_767?brr=1&dchild=1&qid=1634419622&rd=1&s=digital-skills&sr=1-767", "O.P.T": "https://www.amazon.com/Anish-Sekar-O-P-T/dp/B08XGJD7YN/ref=sr_1_768?brr=1&dchild=1&qid=1634419622&rd=1&s=digital-skills&sr=1-768"}