{"Ten Minute Books": "https://www.amazon.com/Lovejoy-Ten-Minute-Books/dp/B08XBC3PNY/ref=sr_1_769?brr=1&dchild=1&qid=1634419625&rd=1&s=digital-skills&sr=1-769", "ScooterHacking Skill": "https://www.amazon.com/FoxMaster-ScooterHacking-Skill/dp/B08XB71NW9/ref=sr_1_770?brr=1&dchild=1&qid=1634419625&rd=1&s=digital-skills&sr=1-770", "Student Hub": "https://www.amazon.com/My-Vo-Student-Hub/dp/B08XB1M7WC/ref=sr_1_771?brr=1&dchild=1&qid=1634419625&rd=1&s=digital-skills&sr=1-771", "Voice Based English": "https://www.amazon.com/Languametrics-Voice-Based-English/dp/B08XB1H4PD/ref=sr_1_772?brr=1&dchild=1&qid=1634419625&rd=1&s=digital-skills&sr=1-772", "Hindi Counter": "https://www.amazon.com/worldengine-Hindi-Counter/dp/B08X6X2GNB/ref=sr_1_773?brr=1&dchild=1&qid=1634419625&rd=1&s=digital-skills&sr=1-773", "Alphabet Position": "https://www.amazon.com/gliver-Alphabet-Position/dp/B08X4CZMXM/ref=sr_1_774?brr=1&dchild=1&qid=1634419625&rd=1&s=digital-skills&sr=1-774", "My Flashcards": "https://www.amazon.com/Jolley-Talk-My-Flashcards/dp/B08X3G9KNY/ref=sr_1_775?brr=1&dchild=1&qid=1634419625&rd=1&s=digital-skills&sr=1-775", "About Kalamazoo RESA": "https://www.amazon.com/Kalamazoo-RESA-About/dp/B08X3FK947/ref=sr_1_776?brr=1&dchild=1&qid=1634419625&rd=1&s=digital-skills&sr=1-776", "Japanese Counter": "https://www.amazon.com/worldengine-Japanese-Counter/dp/B08X2JYJ99/ref=sr_1_777?brr=1&dchild=1&qid=1634419625&rd=1&s=digital-skills&sr=1-777", "Italian Counter": "https://www.amazon.com/worldengine-Italian-Counter/dp/B08X1XXLH8/ref=sr_1_778?brr=1&dchild=1&qid=1634419625&rd=1&s=digital-skills&sr=1-778", "History Top Rated Leaders": "https://www.amazon.com/Wisdom-Is-Principal-Apps-History/dp/B08X16HTGG/ref=sr_1_779?brr=1&dchild=1&qid=1634419625&rd=1&s=digital-skills&sr=1-779", "Sus Tracker": "https://www.amazon.com/Embers-Sus-Tracker/dp/B08WZ9J4XK/ref=sr_1_780?brr=1&dchild=1&qid=1634419625&rd=1&s=digital-skills&sr=1-780", "Not Impossible": "https://www.amazon.com/Not-Impossible-Foundation/dp/B08WX7PSS3/ref=sr_1_781?brr=1&dchild=1&qid=1634419625&rd=1&s=digital-skills&sr=1-781", "French Counter": "https://www.amazon.com/worldengine-French-Counter/dp/B08WWPTWH7/ref=sr_1_782?brr=1&dchild=1&qid=1634419625&rd=1&s=digital-skills&sr=1-782", "German Counter": "https://www.amazon.com/worldengine-German-Counter/dp/B08WRSLCYX/ref=sr_1_783?brr=1&dchild=1&qid=1634419625&rd=1&s=digital-skills&sr=1-783", "Dinosaur Sounds - Sounds, Images & Trivia": "https://www.amazon.com/Dinosaur-Sounds-Images-Trivia/dp/B08WRP37YR/ref=sr_1_784?brr=1&dchild=1&qid=1634419625&rd=1&s=digital-skills&sr=1-784"}