{"Cadenhead Services Pest Control": "https://www.amazon.com/Voice-Advice-Application-Cadenhead-Services/dp/B08WPSKBBK/ref=sr_1_785?brr=1&dchild=1&qid=1634419628&rd=1&s=digital-skills&sr=1-785", "Retro Game Facts": "https://www.amazon.com/Alisha-Everson-Retro-Game-Facts/dp/B08WPSCWSY/ref=sr_1_786?brr=1&dchild=1&qid=1634419628&rd=1&s=digital-skills&sr=1-786", "Cloud Buddy": "https://www.amazon.com/Real-Interactive-Media-Cloud-Buddy/dp/B08WLWH242/ref=sr_1_787?brr=1&dchild=1&qid=1634419628&rd=1&s=digital-skills&sr=1-787", "Make Me Rich Quickly": "https://www.amazon.com/Shooman-Make-Me-Rich-Quickly/dp/B08WK4DJ5T/ref=sr_1_788?brr=1&dchild=1&qid=1634419628&rd=1&s=digital-skills&sr=1-788", "Drug Wizard": "https://www.amazon.com/Phuong-Truong-Drug-Wizard/dp/B08WJ8W1LZ/ref=sr_1_789?brr=1&dchild=1&qid=1634419628&rd=1&s=digital-skills&sr=1-789", "Spanish Counter": "https://www.amazon.com/worldengine-Spanish-Counter/dp/B08WJ1V49T/ref=sr_1_790?brr=1&dchild=1&qid=1634419628&rd=1&s=digital-skills&sr=1-790", "Hennes Services Inc": "https://www.amazon.com/Voice-Advice-Application-Hennes-Services/dp/B08WHN511H/ref=sr_1_791?brr=1&dchild=1&qid=1634419628&rd=1&s=digital-skills&sr=1-791", "UPMC Health Plan": "https://www.amazon.com/UPMC-Health-Plan/dp/B08WHGW8SY/ref=sr_1_792?brr=1&dchild=1&qid=1634419628&rd=1&s=digital-skills&sr=1-792", "Longest Fart Sound": "https://www.amazon.com/Wisdom-Is-Principal-Apps-Longest/dp/B08WBYYP4T/ref=sr_1_793?brr=1&dchild=1&qid=1634419628&rd=1&s=digital-skills&sr=1-793", "The Best Music Word of the Week": "https://www.amazon.com/Best-Music-Word-Week/dp/B08WBVK14Q/ref=sr_1_794?brr=1&dchild=1&qid=1634419628&rd=1&s=digital-skills&sr=1-794", "Choice Of Life Counseling L L C": "https://www.amazon.com/Charles-Jenkins-Choice-Life-Counseling/dp/B08WB2JYTM/ref=sr_1_795?brr=1&dchild=1&qid=1634419628&rd=1&s=digital-skills&sr=1-795", "Veterinary Anatomical Directional Terms": "https://www.amazon.com/J-Perkins-DVM-Veterinary-Directional/dp/B08W8QSG7R/ref=sr_1_796?brr=1&dchild=1&qid=1634419628&rd=1&s=digital-skills&sr=1-796", "VirtualTeacher": "https://www.amazon.com/Z-Name-VirtualTeacher/dp/B08W7LVKVJ/ref=sr_1_797?brr=1&dchild=1&qid=1634419628&rd=1&s=digital-skills&sr=1-797", "San Joaquin Pest Control of Merced": "https://www.amazon.com/San-Joaquin-Pest-Control-Merced/dp/B08W4YXJM8/ref=sr_1_798?brr=1&dchild=1&qid=1634419628&rd=1&s=digital-skills&sr=1-798", "A Reliable Plumbing": "https://www.amazon.com/Voice-Advice-Application-Reliable-Plumbing/dp/B08W4Y672T/ref=sr_1_799?brr=1&dchild=1&qid=1634419628&rd=1&s=digital-skills&sr=1-799", "Eastern Carolina Construction": "https://www.amazon.com/Voice-Advice-Application-Carolina-Construction/dp/B08W4WMQW2/ref=sr_1_800?brr=1&dchild=1&qid=1634419628&rd=1&s=digital-skills&sr=1-800"}