{"Hammer Chiropractic Center": "https://www.amazon.com/Voice-Advice-Application-Hammer-Chiropractic/dp/B08W494RT3/ref=sr_1_801?brr=1&dchild=1&qid=1634419630&rd=1&s=digital-skills&sr=1-801", "Almond Tree Storage": "https://www.amazon.com/Voice-Advice-Application-Almond-Storage/dp/B08W3FW5FP/ref=sr_1_802?brr=1&dchild=1&qid=1634419630&rd=1&s=digital-skills&sr=1-802", "No Bull Pest Control": "https://www.amazon.com/Voice-Advice-Application-Bull-Control/dp/B08W3FRKJY/ref=sr_1_803?brr=1&dchild=1&qid=1634419630&rd=1&s=digital-skills&sr=1-803", "Excel Services Network": "https://www.amazon.com/Voice-Advice-Application-Services-Network/dp/B08W3DZHYG/ref=sr_1_804?brr=1&dchild=1&qid=1634419630&rd=1&s=digital-skills&sr=1-804", "Vanguard Service": "https://www.amazon.com/Voice-Advice-Application-Vanguard-Service/dp/B08W39LNWH/ref=sr_1_805?brr=1&dchild=1&qid=1634419630&rd=1&s=digital-skills&sr=1-805", "Minute of Pod Zen": "https://www.amazon.com/Simpler-Media-Productions-Minute-Pod/dp/B08W2JGMC5/ref=sr_1_806?brr=1&dchild=1&qid=1634419630&rd=1&s=digital-skills&sr=1-806", "Digital Planner: Mandala Coloring Kit": "https://www.amazon.com/Digital-Planner-Mandala-Coloring-Kit/dp/B08W2DKBD9/ref=sr_1_807?brr=1&dchild=1&qid=1634419630&rd=1&s=digital-skills&sr=1-807", "Guess a number": "https://www.amazon.com/navneetg-Guess-a-number/dp/B08W2362B8/ref=sr_1_808?brr=1&dchild=1&qid=1634419630&rd=1&s=digital-skills&sr=1-808", "Best WET Fart Sound": "https://www.amazon.com/Wisdom-Is-Principal-Apps-Sound/dp/B08W1VH8XH/ref=sr_1_809?brr=1&dchild=1&qid=1634419630&rd=1&s=digital-skills&sr=1-809", "Muller Honda of Gurnee": "https://www.amazon.com/Voice-Advice-Application-Muller-Gurnee/dp/B08VYLTY4Y/ref=sr_1_810?brr=1&dchild=1&qid=1634419630&rd=1&s=digital-skills&sr=1-810", "Math Help": "https://www.amazon.com/worldengine-Math-Help/dp/B08VWDY7PZ/ref=sr_1_811?brr=1&dchild=1&qid=1634419630&rd=1&s=digital-skills&sr=1-811", "Revise French GCSE 1-9": "https://www.amazon.com/Teachometer-Revise-French-GCSE-1-9/dp/B08VWCS7X3/ref=sr_1_812?brr=1&dchild=1&qid=1634419630&rd=1&s=digital-skills&sr=1-812", "Atomic Structure Flashcards": "https://www.amazon.com/McChemistry-Atomic-Structure-Flashcards/dp/B08VW3Z4RC/ref=sr_1_813?brr=1&dchild=1&qid=1634419630&rd=1&s=digital-skills&sr=1-813", "St. Francois Co. Beyond the Tassel Flash Briefing": "https://www.amazon.com/Francois-Beyond-Tassel-Flash-Briefing/dp/B08VRWJ5XH/ref=sr_1_814?brr=1&dchild=1&qid=1634419630&rd=1&s=digital-skills&sr=1-814", "Math Drills": "https://www.amazon.com/RoubleCo-Math-Drills/dp/B08VRRM1ZJ/ref=sr_1_815?brr=1&dchild=1&qid=1634419630&rd=1&s=digital-skills&sr=1-815", "Afifa's store": "https://www.amazon.com/afifa-maqbool-Afifas-store/dp/B08VRPSDRR/ref=sr_1_816?brr=1&dchild=1&qid=1634419630&rd=1&s=digital-skills&sr=1-816"}