{"San Joaquin Pest Control of Bakersfield": "https://www.amazon.com/San-Joaquin-Pest-Control-Bakersfield/dp/B08VRMW41H/ref=sr_1_817?brr=1&dchild=1&qid=1634419633&rd=1&s=digital-skills&sr=1-817", "San Joaquin Pest Control Of Hanford": "https://www.amazon.com/San-Joaquin-Pest-Control-Hanford/dp/B08VRMJ1PG/ref=sr_1_818?brr=1&dchild=1&qid=1634419633&rd=1&s=digital-skills&sr=1-818", "San Joaquin Pest Control of Visalia": "https://www.amazon.com/San-Joaquin-Pest-Control-Visalia/dp/B08VRJGPNX/ref=sr_1_819?brr=1&dchild=1&qid=1634419633&rd=1&s=digital-skills&sr=1-819", "Law flashcards": "https://www.amazon.com/Erin-Law-flashcards/dp/B08VRHZL7Y/ref=sr_1_820?brr=1&dchild=1&qid=1634419633&rd=1&s=digital-skills&sr=1-820", "Biden Inauguration Song Performances": "https://www.amazon.com/Wisdom-Principal-Apps-Inauguration-Performances/dp/B08VNTJ27D/ref=sr_1_821?brr=1&dchild=1&qid=1634419633&rd=1&s=digital-skills&sr=1-821", "Brookfield Voice": "https://www.amazon.com/NDG-Communications-Brookfield-Voice/dp/B08VKWPNB8/ref=sr_1_822?brr=1&dchild=1&qid=1634419633&rd=1&s=digital-skills&sr=1-822", "Smart Quotes": "https://www.amazon.com/Bruno-Cancellieri-Smart-Quotes/dp/B08VJKXRL9/ref=sr_1_823?brr=1&dchild=1&qid=1634419633&rd=1&s=digital-skills&sr=1-823", "Detroit Internet Marketing": "https://www.amazon.com/Voice-Advice-Application-Internet-Marketing/dp/B08VJ9N9FB/ref=sr_1_824?brr=1&dchild=1&qid=1634419633&rd=1&s=digital-skills&sr=1-824", "Mad Trash Junk Removal": "https://www.amazon.com/Voice-Advice-Application-Trash-Removal/dp/B08VJ7PCR7/ref=sr_1_825?brr=1&dchild=1&qid=1634419633&rd=1&s=digital-skills&sr=1-825", "Clinton Dental Center": "https://www.amazon.com/Voice-Advice-Application-Clinton-Dental/dp/B08VJ2GXP5/ref=sr_1_826?brr=1&dchild=1&qid=1634419633&rd=1&s=digital-skills&sr=1-826", "Serious Metal Detecting": "https://www.amazon.com/Voice-Advice-Application-Serious-Detecting/dp/B08VHZ6F55/ref=sr_1_827?brr=1&dchild=1&qid=1634419633&rd=1&s=digital-skills&sr=1-827", "Uh Oh Dinosaurs": "https://www.amazon.com/J6-Labs-Uh-Oh-Dinosaurs/dp/B08VHYYKZG/ref=sr_1_828?brr=1&dchild=1&qid=1634419633&rd=1&s=digital-skills&sr=1-828", "Weight Loss Secrets: Learn From Celebrities": "https://www.amazon.com/Weight-Loss-Secrets-Learn-Celebrities/dp/B08VHXPL79/ref=sr_1_829?brr=1&dchild=1&qid=1634419633&rd=1&s=digital-skills&sr=1-829", "Cool Hello World": "https://www.amazon.com/nour-Cool-Hello-World/dp/B08VH5F3T9/ref=sr_1_830?brr=1&dchild=1&qid=1634419633&rd=1&s=digital-skills&sr=1-830", "Community Connect": "https://www.amazon.com/Qwhery-com-Community-Connect/dp/B08VGKFQPM/ref=sr_1_831?brr=1&dchild=1&qid=1634419633&rd=1&s=digital-skills&sr=1-831", "Mortar City Masonry": "https://www.amazon.com/Voice-Advice-Application-Mortar-Masonry/dp/B08VGC61K9/ref=sr_1_832?brr=1&dchild=1&qid=1634419633&rd=1&s=digital-skills&sr=1-832"}