{"tub tales": "https://www.amazon.com/CoderDojo-tub-tales/dp/B08R3WMN6C/ref=sr_1_913?brr=1&dchild=1&qid=1634419650&rd=1&s=digital-skills&sr=1-913", "Tickle Math": "https://www.amazon.com/VOGO-Voice-Tickle-Math/dp/B08R3QLS9P/ref=sr_1_914?brr=1&dchild=1&qid=1634419650&rd=1&s=digital-skills&sr=1-914", "Recardo Millwood Live": "https://www.amazon.com/Recardo-Millwood-Live/dp/B08R2CVTN4/ref=sr_1_915?brr=1&dchild=1&qid=1634419650&rd=1&s=digital-skills&sr=1-915", "How Many Days": "https://www.amazon.com/Vector-lover-How-Many-Days/dp/B08QW8FLWZ/ref=sr_1_916?brr=1&dchild=1&qid=1634419650&rd=1&s=digital-skills&sr=1-916", "Pilot Quiz Questions For Flight Reviews": "https://www.amazon.com/Pilot-Quiz-Questions-Flight-Reviews/dp/B08QVWXFL7/ref=sr_1_917?brr=1&dchild=1&qid=1634419650&rd=1&s=digital-skills&sr=1-917", "Talkkenyang": "https://www.amazon.com/Imaginarytouch-Studios-Talkkenyang/dp/B08QV8Z5PN/ref=sr_1_918?brr=1&dchild=1&qid=1634419650&rd=1&s=digital-skills&sr=1-918", "Different Ways": "https://www.amazon.com/Unified-Computer-Intelligence-Corporation-Different/dp/B08QRVBJX5/ref=sr_1_919?brr=1&dchild=1&qid=1634419650&rd=1&s=digital-skills&sr=1-919", "Digital Assistant Academy": "https://www.amazon.com/Witlingo-Digital-Assistant-Academy/dp/B08QN5DR18/ref=sr_1_920?brr=1&dchild=1&qid=1634419650&rd=1&s=digital-skills&sr=1-920", "Bruce's Tech Briefing": "https://www.amazon.com/Federal-Services-Corporation-Bruces-Briefing/dp/B08QN3ST35/ref=sr_1_921?brr=1&dchild=1&qid=1634419650&rd=1&s=digital-skills&sr=1-921", "Kow Abundant": "https://www.amazon.com/Voice-Advice-Application-Kow-Abundant/dp/B08QLPPM1B/ref=sr_1_922?brr=1&dchild=1&qid=1634419650&rd=1&s=digital-skills&sr=1-922", "Amateur Impressions": "https://www.amazon.com/Amateur-Impressions/dp/B08QL2DN1Q/ref=sr_1_923?brr=1&dchild=1&qid=1634419650&rd=1&s=digital-skills&sr=1-923", "McGraths Weekly Update": "https://www.amazon.com/Dennis-McGrath-McGraths-Weekly-Update/dp/B08QKTWRH2/ref=sr_1_924?brr=1&dchild=1&qid=1634419650&rd=1&s=digital-skills&sr=1-924", "Air Duct Aseptics": "https://www.amazon.com/Voice-Advice-Application-Duct-Aseptics/dp/B08QJJG3HG/ref=sr_1_925?brr=1&dchild=1&qid=1634419650&rd=1&s=digital-skills&sr=1-925", "Law Office Of Michael J. George": "https://www.amazon.com/Law-Office-Michael-J-George/dp/B08QJJ8CXY/ref=sr_1_926?brr=1&dchild=1&qid=1634419650&rd=1&s=digital-skills&sr=1-926", "Indy Roof Company": "https://www.amazon.com/Voice-Advice-Application-Indy-Company/dp/B08QJGS3KY/ref=sr_1_927?brr=1&dchild=1&qid=1634419650&rd=1&s=digital-skills&sr=1-927", "Leon County": "https://www.amazon.com/Leon-County-BOCC/dp/B08QJDJ5XS/ref=sr_1_928?brr=1&dchild=1&qid=1634419650&rd=1&s=digital-skills&sr=1-928"}