{"Effingham County Beyond the Tassel Flash Briefing": "https://www.amazon.com/Effingham-County-Beyond-Tassel-Briefing/dp/B08PK18KBP/ref=sr_1_945?brr=1&dchild=1&qid=1634419655&rd=1&s=digital-skills&sr=1-945", "Titans Podcast": "https://www.amazon.com/enemedia-Titans-Podcast/dp/B08PFYL3DY/ref=sr_1_946?brr=1&dchild=1&qid=1634419655&rd=1&s=digital-skills&sr=1-946", "CME Zone": "https://www.amazon.com/Leadingstar-Inc-CME-Zone/dp/B08PFCHYD7/ref=sr_1_947?brr=1&dchild=1&qid=1634419655&rd=1&s=digital-skills&sr=1-947", "Naval Ravikant Daily": "https://www.amazon.com/Quintessence-Naval-Ravikant-Daily/dp/B08PCRSKYY/ref=sr_1_948?brr=1&dchild=1&qid=1634419655&rd=1&s=digital-skills&sr=1-948", "safefood chatbot": "https://www.amazon.com/AVB-Group-safefood-chatbot/dp/B08P9R5WBB/ref=sr_1_949?brr=1&dchild=1&qid=1634419655&rd=1&s=digital-skills&sr=1-949", "Blogging School": "https://www.amazon.com/Uniquely-Sites-Blogging-School/dp/B08P6W7G8V/ref=sr_1_950?brr=1&dchild=1&qid=1634419655&rd=1&s=digital-skills&sr=1-950", "NPTE Final Frontier Podcast": "https://www.amazon.com/NPTE-Final-Frontier-Podcast/dp/B08P52YKJ1/ref=sr_1_951?brr=1&dchild=1&qid=1634419655&rd=1&s=digital-skills&sr=1-951", "Hiragana Trainer": "https://www.amazon.com/Brugger-Christian-Voit-Andreas-GbR/dp/B08P4S1R78/ref=sr_1_952?brr=1&dchild=1&qid=1634419655&rd=1&s=digital-skills&sr=1-952", "liveskill highconfidencefail one": "https://www.amazon.com/Amazon-liveskill-highconfidencefail-one/dp/B08P4D83P3/ref=sr_1_953?brr=1&dchild=1&qid=1634419655&rd=1&s=digital-skills&sr=1-953", "gamma liveskill highconfidence": "https://www.amazon.com/Amazon-gamma-liveskill-highconfidence/dp/B08P4CXWP7/ref=sr_1_954?brr=1&dchild=1&qid=1634419655&rd=1&s=digital-skills&sr=1-954", "gamma liveskill breaksession": "https://www.amazon.com/Amazon-gamma-liveskill-breaksession/dp/B08P4BVGB4/ref=sr_1_955?brr=1&dchild=1&qid=1634419655&rd=1&s=digital-skills&sr=1-955", "gamma liveskill adqdcf": "https://www.amazon.com/Amazon-gamma-liveskill-adqdcf/dp/B08P48HYTS/ref=sr_1_956?brr=1&dchild=1&qid=1634419655&rd=1&s=digital-skills&sr=1-956", "Unique Animal Facts": "https://www.amazon.com/Ashwin-Iyer-Unique-Animal-Facts/dp/B08P3ZBMBX/ref=sr_1_957?brr=1&dchild=1&qid=1634419655&rd=1&s=digital-skills&sr=1-957", "Hypersensitivity to Audio Simulation": "https://www.amazon.com/Dan-Whiting-Hypersensitivity-Audio-Simulation/dp/B08P3KPJ6G/ref=sr_1_958?brr=1&dchild=1&qid=1634419655&rd=1&s=digital-skills&sr=1-958", "QVnaamaas": "https://www.amazon.com/QTiME-Learning-QVnaamaas/dp/B08P3JGFGP/ref=sr_1_959?brr=1&dchild=1&qid=1634419655&rd=1&s=digital-skills&sr=1-959", "QVlessons": "https://www.amazon.com/QTiME-Learning-QVlessons/dp/B08P3HP1MJ/ref=sr_1_960?brr=1&dchild=1&qid=1634419655&rd=1&s=digital-skills&sr=1-960"}