{"American 45 Presidents": "https://www.amazon.com/TZ-TECHNO-American-45-Presidents/dp/B08L8F866Y/ref=sr_1_1025?brr=1&dchild=1&qid=1634419670&rd=1&s=digital-skills&sr=1-1025", "Learn About Alternative Medicine": "https://www.amazon.com/Allsuper-Info-Learn-About-Alternative-Medicine/dp/B08L83PVP5/ref=sr_1_1026?brr=1&dchild=1&qid=1634419670&rd=1&s=digital-skills&sr=1-1026", "Learn About Allergies": "https://www.amazon.com/Allsuper-Info-Learn-About-Allergies/dp/B08L7XK6C7/ref=sr_1_1027?brr=1&dchild=1&qid=1634419670&rd=1&s=digital-skills&sr=1-1027", "Learn About Acne": "https://www.amazon.com/Allsuper-Info-Learn-About-Acne/dp/B08L7MFCQR/ref=sr_1_1028?brr=1&dchild=1&qid=1634419670&rd=1&s=digital-skills&sr=1-1028", "Learn About Alzheimer's": "https://www.amazon.com/Allsuper-Info-Learn-About-Alzheimers/dp/B08L7LX6GV/ref=sr_1_1029?brr=1&dchild=1&qid=1634419670&rd=1&s=digital-skills&sr=1-1029", "Insta Tips": "https://www.amazon.com/Stuart-Grant-Instaninja-Go-World/dp/B08L6DLS6Z/ref=sr_1_1030?brr=1&dchild=1&qid=1634419670&rd=1&s=digital-skills&sr=1-1030", "Learn About Ballroom Dancing": "https://www.amazon.com/Allsuper-Info-Learn-About-Ballroom-Dancing/dp/B08L69TLCN/ref=sr_1_1031?brr=1&dchild=1&qid=1634419670&rd=1&s=digital-skills&sr=1-1031", "Learn About Ballet": "https://www.amazon.com/Allsuper-Info-Learn-About-Ballet/dp/B08L61SDFY/ref=sr_1_1032?brr=1&dchild=1&qid=1634419670&rd=1&s=digital-skills&sr=1-1032", "Learn About Auctions": "https://www.amazon.com/Allsuper-Info-Learn-About-Auctions/dp/B08L5KXFXS/ref=sr_1_1033?brr=1&dchild=1&qid=1634419670&rd=1&s=digital-skills&sr=1-1033", "Learn About Alternative Energy": "https://www.amazon.com/Allsuper-Info-Learn-About-Alternative-Energy/dp/B08L57NBJ2/ref=sr_1_1034?brr=1&dchild=1&qid=1634419670&rd=1&s=digital-skills&sr=1-1034", "Baroque Facts": "https://www.amazon.com/Nickopanther-Baroque-Facts/dp/B08L55YBFJ/ref=sr_1_1035?brr=1&dchild=1&qid=1634419670&rd=1&s=digital-skills&sr=1-1035", "Learn About The Basics of Astrology": "https://www.amazon.com/Allsuper-Info-Learn-About-Basics-Astrology/dp/B08L4XRX1B/ref=sr_1_1036?brr=1&dchild=1&qid=1634419670&rd=1&s=digital-skills&sr=1-1036", "Learn About Astronomy": "https://www.amazon.com/Allsuper-Info-Learn-About-Astronomy/dp/B08L4MBVY4/ref=sr_1_1037?brr=1&dchild=1&qid=1634419670&rd=1&s=digital-skills&sr=1-1037", "Learn About Advertising": "https://www.amazon.com/Allsuper-Info-Learn-About-Advertising/dp/B08L48C1RK/ref=sr_1_1038?brr=1&dchild=1&qid=1634419670&rd=1&s=digital-skills&sr=1-1038", "Static characterization topic 2.1": "https://www.amazon.com/Jes%C3%BAs-On%C3%A9simo-Montero-portilla-characterization/dp/B08L45HSGP/ref=sr_1_1039?brr=1&dchild=1&qid=1634419670&rd=1&s=digital-skills&sr=1-1039", "Make Me Rich": "https://www.amazon.com/AF-Skills-Make-Me-Rich/dp/B08L3HMYZ4/ref=sr_1_1040?brr=1&dchild=1&qid=1634419670&rd=1&s=digital-skills&sr=1-1040"}