{"Therex Stretching PTA flashcards": "https://www.amazon.com/Jane-SPTA-Therex-Stretching-flashcards/dp/B08L3CLPWJ/ref=sr_1_1041?brr=1&dchild=1&qid=1634419672&rd=1&s=digital-skills&sr=1-1041", "College Pravara": "https://www.amazon.com/Global-Source-Technology-College-Pravara/dp/B08KXT64R8/ref=sr_1_1042?brr=1&dchild=1&qid=1634419672&rd=1&s=digital-skills&sr=1-1042", "Pravara College": "https://www.amazon.com/Global-Source-Technology-Pravara-College/dp/B08KXRRP8W/ref=sr_1_1043?brr=1&dchild=1&qid=1634419672&rd=1&s=digital-skills&sr=1-1043", "Bulgarian Library": "https://www.amazon.com/Comet-Rider-Bulgarian-Library/dp/B08KW58MR3/ref=sr_1_1044?brr=1&dchild=1&qid=1634419672&rd=1&s=digital-skills&sr=1-1044", "Nap Scape": "https://www.amazon.com/Brainspray-Nap-Scape/dp/B08KT8S7YK/ref=sr_1_1045?brr=1&dchild=1&qid=1634419672&rd=1&s=digital-skills&sr=1-1045", "Legal Ton": "https://www.amazon.com/Legaton-Legal-Ton/dp/B08KQJJ5GZ/ref=sr_1_1046?brr=1&dchild=1&qid=1634419672&rd=1&s=digital-skills&sr=1-1046", "qtimeFlash": "https://www.amazon.com/QTiME-Learning-qtimeFlash/dp/B08KQJ4B4J/ref=sr_1_1047?brr=1&dchild=1&qid=1634419672&rd=1&s=digital-skills&sr=1-1047", "Abhyas Teacher Assistant": "https://www.amazon.com/Voice-Qube-Abhyas-Teacher-Assistant/dp/B08KQDJZHB/ref=sr_1_1048?brr=1&dchild=1&qid=1634419672&rd=1&s=digital-skills&sr=1-1048", "Malayalam Christian Song": "https://www.amazon.com/Daniel-Karthikeyan-Malayalam-Christian-Song/dp/B08KQ8B1LL/ref=sr_1_1049?brr=1&dchild=1&qid=1634419672&rd=1&s=digital-skills&sr=1-1049", "vidanyx impact": "https://www.amazon.com/Drew-Klein-vidanyx-impact/dp/B08KQ64ZX5/ref=sr_1_1050?brr=1&dchild=1&qid=1634419672&rd=1&s=digital-skills&sr=1-1050", "Surgeons In 3D Printing": "https://www.amazon.com/RHS-Surgeons-In-3D-Printing/dp/B08KPYCLT3/ref=sr_1_1051?brr=1&dchild=1&qid=1634419672&rd=1&s=digital-skills&sr=1-1051", "Month of Motivation": "https://www.amazon.com/Fender-Inc-Month-of-Motivation/dp/B08KNY8DBF/ref=sr_1_1052?brr=1&dchild=1&qid=1634419672&rd=1&s=digital-skills&sr=1-1052", "Telugu Christian Song": "https://www.amazon.com/Daniel-Karthikeyan-Telugu-Christian-Song/dp/B08KJSVWXN/ref=sr_1_1053?brr=1&dchild=1&qid=1634419672&rd=1&s=digital-skills&sr=1-1053", "Tamil Christian Song": "https://www.amazon.com/Daniel-Karthikeyan-Tamil-Christian-Song/dp/B08KJL98P7/ref=sr_1_1054?brr=1&dchild=1&qid=1634419672&rd=1&s=digital-skills&sr=1-1054", "Voice Express Connect": "https://www.amazon.com/Voice-Express-Corp-Connect/dp/B08KHBJR2H/ref=sr_1_1055?brr=1&dchild=1&qid=1634419672&rd=1&s=digital-skills&sr=1-1055", "Zero to One": "https://www.amazon.com/Divyansh-Chaurasia-Zero-to-One/dp/B08KGX5FC2/ref=sr_1_1056?brr=1&dchild=1&qid=1634419672&rd=1&s=digital-skills&sr=1-1056"}