{"Trigonometry Formulas Basic": "https://www.amazon.com/Mythili-Trigonometry-Formulas-Basic/dp/B08K9661V9/ref=sr_1_1073?brr=1&dchild=1&qid=1634419678&rd=1&s=digital-skills&sr=1-1073", "Chapter Twelve": "https://www.amazon.com/Ryan-Robertson-Chapter-Twelve/dp/B08K8YKDYP/ref=sr_1_1074?brr=1&dchild=1&qid=1634419678&rd=1&s=digital-skills&sr=1-1074", "5pm Somewhere": "https://www.amazon.com/AB-Development-5pm-Somewhere/dp/B08K8W48S1/ref=sr_1_1075?brr=1&dchild=1&qid=1634419678&rd=1&s=digital-skills&sr=1-1075", "Chapters Two Three": "https://www.amazon.com/Ryan-Robertson-Chapters-Two-Three/dp/B08K8SQ36X/ref=sr_1_1076?brr=1&dchild=1&qid=1634419678&rd=1&s=digital-skills&sr=1-1076", "Mythili Algebra Basic": "https://www.amazon.com/Mythili-Algebra-Basic/dp/B08K3N83VQ/ref=sr_1_1077?brr=1&dchild=1&qid=1634419678&rd=1&s=digital-skills&sr=1-1077", "Mythili Trigonometry": "https://www.amazon.com/Mythili-Trigonometry/dp/B08K3N78Z7/ref=sr_1_1078?brr=1&dchild=1&qid=1634419678&rd=1&s=digital-skills&sr=1-1078", "Mythili Algebra Intermediate": "https://www.amazon.com/Mythili-Algebra-Intermediate/dp/B08K3MX1LN/ref=sr_1_1079?brr=1&dchild=1&qid=1634419678&rd=1&s=digital-skills&sr=1-1079", "Qprayers": "https://www.amazon.com/QTiME-Learning-Qprayers/dp/B08K3L26C3/ref=sr_1_1080?brr=1&dchild=1&qid=1634419678&rd=1&s=digital-skills&sr=1-1080", "Rochester MN Winter Parking": "https://www.amazon.com/Rich-Diedrich-Consulting-LLC-Rochester/dp/B08K2R3WRT/ref=sr_1_1081?brr=1&dchild=1&qid=1634419678&rd=1&s=digital-skills&sr=1-1081", "Dog Facts": "https://www.amazon.com/Reed-Development-Dog-Facts/dp/B08K2KC7HS/ref=sr_1_1082?brr=1&dchild=1&qid=1634419678&rd=1&s=digital-skills&sr=1-1082", "Great Inspirational Quotes": "https://www.amazon.com/Devashish-Great-Inspirational-Quotes/dp/B08JZBZTTC/ref=sr_1_1083?brr=1&dchild=1&qid=1634419678&rd=1&s=digital-skills&sr=1-1083", "General Quiz": "https://www.amazon.com/Devashish-General-Quiz/dp/B08JZ1QM39/ref=sr_1_1084?brr=1&dchild=1&qid=1634419678&rd=1&s=digital-skills&sr=1-1084", "House Hunting": "https://www.amazon.com/laldy-House-Hunting/dp/B08JZ1CP82/ref=sr_1_1085?brr=1&dchild=1&qid=1634419678&rd=1&s=digital-skills&sr=1-1085", "Dr. Hunt's Mindful Minute": "https://www.amazon.com/Coppell-ISD-Hunts-Mindful-Minute/dp/B08JVBXP2Q/ref=sr_1_1086?brr=1&dchild=1&qid=1634419678&rd=1&s=digital-skills&sr=1-1086", "Arrow Gecko Gateway": "https://www.amazon.com/eInfochips-Arrow-Gecko-Gateway/dp/B08JVB5FRQ/ref=sr_1_1087?brr=1&dchild=1&qid=1634419678&rd=1&s=digital-skills&sr=1-1087", "Trying To Build Flashcards": "https://www.amazon.com/Bleeding-Bulb-Trying-Build-Flashcards/dp/B08JTZ8L28/ref=sr_1_1088?brr=1&dchild=1&qid=1634419678&rd=1&s=digital-skills&sr=1-1088"}