{"Lame Trivia": "https://www.amazon.com/Mahesh-Gattani-Lame-Trivia/dp/B08JTH6DBJ/ref=sr_1_1089?brr=1&dchild=1&qid=1634419681&rd=1&s=digital-skills&sr=1-1089", "Teen Soup": "https://www.amazon.com/Teen-Soup/dp/B08JQFQH2R/ref=sr_1_1090?brr=1&dchild=1&qid=1634419681&rd=1&s=digital-skills&sr=1-1090", "Illini Bluffs Tigers Flash Briefing": "https://www.amazon.com/Illini-Bluffs-Tigers-Flash-Briefing/dp/B08JQD2K1T/ref=sr_1_1091?brr=1&dchild=1&qid=1634419681&rd=1&s=digital-skills&sr=1-1091", "Bad Copywriting Advice": "https://www.amazon.com/Type-Louder-Bad-Copywriting-Advice/dp/B08JQ6M1P4/ref=sr_1_1092?brr=1&dchild=1&qid=1634419681&rd=1&s=digital-skills&sr=1-1092", "Itasca Wampus Cats Flash Briefing": "https://www.amazon.com/Itasca-Wampus-Cats-Flash-Briefing/dp/B08JM72WMW/ref=sr_1_1093?brr=1&dchild=1&qid=1634419681&rd=1&s=digital-skills&sr=1-1093", "Drivetime Phonics": "https://www.amazon.com/Brainspray-Drivetime-Phonics/dp/B08JM6JTCC/ref=sr_1_1094?brr=1&dchild=1&qid=1634419681&rd=1&s=digital-skills&sr=1-1094", "Edu global Guide": "https://www.amazon.com/NIPUN-SHARMA-Edu-global-Guide/dp/B08JLYNW8R/ref=sr_1_1095?brr=1&dchild=1&qid=1634419681&rd=1&s=digital-skills&sr=1-1095", "Toxin Terminator": "https://www.amazon.com/VoiceSkillsInc-Toxin-Terminator/dp/B08JLYLZVQ/ref=sr_1_1096?brr=1&dchild=1&qid=1634419681&rd=1&s=digital-skills&sr=1-1096", "Spell Bowl": "https://www.amazon.com/Self-Spell-Bowl/dp/B08JLWRF85/ref=sr_1_1097?brr=1&dchild=1&qid=1634419681&rd=1&s=digital-skills&sr=1-1097", "Word Match": "https://www.amazon.com/Peter-Lung-Word-Match/dp/B08JLV1BWN/ref=sr_1_1098?brr=1&dchild=1&qid=1634419681&rd=1&s=digital-skills&sr=1-1098", "Art Museum": "https://www.amazon.com/bondad-fm-Art-Museum/dp/B08JLK3DQ8/ref=sr_1_1099?brr=1&dchild=1&qid=1634419681&rd=1&s=digital-skills&sr=1-1099", "Example2": "https://www.amazon.com/Azmaan-Lakhani-Example2/dp/B08JK9QVQG/ref=sr_1_1100?brr=1&dchild=1&qid=1634419681&rd=1&s=digital-skills&sr=1-1100", "Wiki Walk": "https://www.amazon.com/SN-forward-Wiki-Walk/dp/B08JHQZ3D6/ref=sr_1_1101?brr=1&dchild=1&qid=1634419681&rd=1&s=digital-skills&sr=1-1101", "Stats Quiz": "https://www.amazon.com/Bharatendra-Rai-Stats-Quiz/dp/B08JHD5G86/ref=sr_1_1102?brr=1&dchild=1&qid=1634419681&rd=1&s=digital-skills&sr=1-1102", "Bamboo English": "https://www.amazon.com/Bamboo-Learning-Inc-English/dp/B08JH8K93H/ref=sr_1_1103?brr=1&dchild=1&qid=1634419681&rd=1&s=digital-skills&sr=1-1103", "Edgewood Bulldogs Flash Briefing": "https://www.amazon.com/Journey12-Edgewood-Bulldogs-Flash-Briefing/dp/B08JGY3SQW/ref=sr_1_1104?brr=1&dchild=1&qid=1634419681&rd=1&s=digital-skills&sr=1-1104"}