{"Devlingo Flash Cards: The Web Technology Edition": "https://www.amazon.com/Devlingo-Flash-Cards-Web-Technology/dp/B07K6LVS97/ref=sr_1_97?brr=1&dchild=1&qid=1634419507&rd=1&s=digital-skills&sr=1-97", "Biology Flash Cards": "https://www.amazon.com/Mitchell-Ma-Biology-Flash-Cards/dp/B01N2AWKKR/ref=sr_1_98?brr=1&dchild=1&qid=1634419507&rd=1&s=digital-skills&sr=1-98", "Today in History": "https://www.amazon.com/MemCheck-Today-in-History/dp/B01DJJ7C0O/ref=sr_1_99?brr=1&dchild=1&qid=1634419507&rd=1&s=digital-skills&sr=1-99", "Bottled Water Facts": "https://www.amazon.com/EhlyWare-Bottled-Water-Facts/dp/B071ZTW2T7/ref=sr_1_100?brr=1&dchild=1&qid=1634419507&rd=1&s=digital-skills&sr=1-100", "Planet Monster": "https://www.amazon.com/Brainspray-Planet-Monster/dp/B0821DB145/ref=sr_1_101?brr=1&dchild=1&qid=1634419507&rd=1&s=digital-skills&sr=1-101", "Granville Public Library": "https://www.amazon.com/JCC-Hosting-LLC-Granville-Library/dp/B07HKF4QJ2/ref=sr_1_102?brr=1&dchild=1&qid=1634419507&rd=1&s=digital-skills&sr=1-102", "Turn Off the Lights Support": "https://www.amazon.com/Turn-Off-the-Lights-Support/dp/B07F8X2S1D/ref=sr_1_103?brr=1&dchild=1&qid=1634419507&rd=1&s=digital-skills&sr=1-103", "USC Libraries Events": "https://www.amazon.com/USC-ILS-Libraries-Events/dp/B07MD161WW/ref=sr_1_104?brr=1&dchild=1&qid=1634419507&rd=1&s=digital-skills&sr=1-104", "Universal Freemason Podcast": "https://www.amazon.com/JT-Asher-Universal-Freemason-Podcast/dp/B08BLBL6VY/ref=sr_1_105?brr=1&dchild=1&qid=1634419507&rd=1&s=digital-skills&sr=1-105", "Elementary Flash Cards": "https://www.amazon.com/Firespike-LLC-Elementary-Flash-Cards/dp/B076GLMZ1M/ref=sr_1_106?brr=1&dchild=1&qid=1634419507&rd=1&s=digital-skills&sr=1-106", "Tide": "https://www.amazon.com/P-G-Productions-Tide-Remover/dp/B01M9B7ZTB/ref=sr_1_107?brr=1&dchild=1&qid=1634419507&rd=1&s=digital-skills&sr=1-107", "Hanukkah Facts": "https://www.amazon.com/Sound-Skills-Inc-Hanukkah-Facts/dp/B01N5COOWU/ref=sr_1_108?brr=1&dchild=1&qid=1634419507&rd=1&s=digital-skills&sr=1-108", "Teach Me Spanish": "https://www.amazon.com/Status-Quack-Teach-Me-Spanish/dp/B07YNQNN4B/ref=sr_1_109?brr=1&dchild=1&qid=1634419507&rd=1&s=digital-skills&sr=1-109", "Mrs. Meyer's": "https://www.amazon.com/BBDO-Warszawa-Sp-o-o-Meyers/dp/B09CCX3H31/ref=sr_1_110?brr=1&dchild=1&qid=1634419507&rd=1&s=digital-skills&sr=1-110", "morgan freeman facts": "https://www.amazon.com/Kenneth-Everett-morgan-freeman-facts/dp/B07L9Y229C/ref=sr_1_111?brr=1&dchild=1&qid=1634419507&rd=1&s=digital-skills&sr=1-111", "Spelling Teacher": "https://www.amazon.com/i2hcomm-Spelling-Teacher/dp/B01N0ZOX33/ref=sr_1_112?brr=1&dchild=1&qid=1634419507&rd=1&s=digital-skills&sr=1-112"}