{"Exhaling Hope": "https://www.amazon.com/Inspirando-Sonhos-Exhaling-Hope/dp/B08HVDPZ9K/ref=sr_1_1121?brr=1&dchild=1&qid=1634419687&rd=1&s=digital-skills&sr=1-1121", "Shortcut Keys": "https://www.amazon.com/Andrea-Long-Shortcut-Keys/dp/B08HTV83RW/ref=sr_1_1122?brr=1&dchild=1&qid=1634419687&rd=1&s=digital-skills&sr=1-1122", "simple game": "https://www.amazon.com/%E8%81%82%E5%89%91-simple-game/dp/B08HTPV8G8/ref=sr_1_1123?brr=1&dchild=1&qid=1634419687&rd=1&s=digital-skills&sr=1-1123", "Name Game (Learning About Letters)": "https://www.amazon.com/Name-Game-Learning-About-Letters/dp/B08HS9CCLT/ref=sr_1_1124?brr=1&dchild=1&qid=1634419687&rd=1&s=digital-skills&sr=1-1124", "Squatch-D TV": "https://www.amazon.com/Steve-Kulls-Squatch-D-TV/dp/B08HRK7BHJ/ref=sr_1_1125?brr=1&dchild=1&qid=1634419687&rd=1&s=digital-skills&sr=1-1125", "Smart Holiday Lights": "https://www.amazon.com/Polygroup-Smart-Holiday-Lights/dp/B08HQ72Z8G/ref=sr_1_1126?brr=1&dchild=1&qid=1634419687&rd=1&s=digital-skills&sr=1-1126", "Authenticated Hadith": "https://www.amazon.com/Testing-Authenticated-Hadith/dp/B08HPRM3VG/ref=sr_1_1127?brr=1&dchild=1&qid=1634419687&rd=1&s=digital-skills&sr=1-1127", "Nimble Octopus": "https://www.amazon.com/Alex-Lem-Nimble-Octopus/dp/B08HPGYMN6/ref=sr_1_1128?brr=1&dchild=1&qid=1634419687&rd=1&s=digital-skills&sr=1-1128", "Helpen": "https://www.amazon.com/HELPEN/dp/B08HNFWZFM/ref=sr_1_1129?brr=1&dchild=1&qid=1634419687&rd=1&s=digital-skills&sr=1-1129", "Nap Time": "https://www.amazon.com/Brainspray-Nap-Time/dp/B08HN53BM1/ref=sr_1_1130?brr=1&dchild=1&qid=1634419687&rd=1&s=digital-skills&sr=1-1130", "Vowel Counter": "https://www.amazon.com/aarlin-Vowel-Counter/dp/B08HN4DQN7/ref=sr_1_1131?brr=1&dchild=1&qid=1634419687&rd=1&s=digital-skills&sr=1-1131", "International Adoption Insights": "https://www.amazon.com/Courtney-Lindberg-International-Adoption-Insights/dp/B08HN1B12N/ref=sr_1_1132?brr=1&dchild=1&qid=1634419687&rd=1&s=digital-skills&sr=1-1132", "snake food": "https://www.amazon.com/VayuVaidya-Dr-Bheemaiah-Anil-Kumar/dp/B08HM33BSN/ref=sr_1_1133?brr=1&dchild=1&qid=1634419687&rd=1&s=digital-skills&sr=1-1133", "Hello Pranav Two": "https://www.amazon.com/Self-Hello-Pranav-Two/dp/B08HL51Z7J/ref=sr_1_1134?brr=1&dchild=1&qid=1634419687&rd=1&s=digital-skills&sr=1-1134", "Feral Cats": "https://www.amazon.com/VayuVaidya-Dr-Bheemaiah-Anil-Kumar/dp/B08HJQ76QF/ref=sr_1_1135?brr=1&dchild=1&qid=1634419687&rd=1&s=digital-skills&sr=1-1135", "Union Grove Lions Flash Briefing": "https://www.amazon.com/Union-Grove-Lions-Flash-Briefing/dp/B08HHYSSSL/ref=sr_1_1136?brr=1&dchild=1&qid=1634419687&rd=1&s=digital-skills&sr=1-1136"}