{"Trump Polls": "https://www.amazon.com/Innovation-Labs-Trump-Polls/dp/B08GYKCQ6H/ref=sr_1_1153?brr=1&dchild=1&qid=1634419692&rd=1&s=digital-skills&sr=1-1153", "Goreville Blackcats Flash Briefing": "https://www.amazon.com/Journey12-Goreville-Blackcats-Flash-Briefing/dp/B08GYHPQQK/ref=sr_1_1154?brr=1&dchild=1&qid=1634419692&rd=1&s=digital-skills&sr=1-1154", "Best Friends": "https://www.amazon.com/Best-Friends-Animal-Society/dp/B08GWSY2WP/ref=sr_1_1155?brr=1&dchild=1&qid=1634419692&rd=1&s=digital-skills&sr=1-1155", "Abbotsford Waste Wizard": "https://www.amazon.com/ReCollect-Systems-Inc-Abbotsford-Wizard/dp/B08GVFWMZ3/ref=sr_1_1156?brr=1&dchild=1&qid=1634419692&rd=1&s=digital-skills&sr=1-1156", "sel pol prod one": "https://www.amazon.com/Comp_Dev_4-sel-pol-prod-one/dp/B08GQJB79V/ref=sr_1_1157?brr=1&dchild=1&qid=1634419692&rd=1&s=digital-skills&sr=1-1157", "Dallas 311": "https://www.amazon.com/City-of-Dallas-311/dp/B08GQCZC8G/ref=sr_1_1158?brr=1&dchild=1&qid=1634419692&rd=1&s=digital-skills&sr=1-1158", "Voice Atlas": "https://www.amazon.com/Navteca-Voice-Atlas/dp/B08GM6XBWT/ref=sr_1_1159?brr=1&dchild=1&qid=1634419692&rd=1&s=digital-skills&sr=1-1159", "HighLowSampleSkill": "https://www.amazon.com/a2z-HighLowSampleSkill/dp/B08GLVC85N/ref=sr_1_1160?brr=1&dchild=1&qid=1634419692&rd=1&s=digital-skills&sr=1-1160", "Skin Check": "https://www.amazon.com/Global-Coalition-Melanoma-Patient-Advocacy/dp/B08GLPWPX5/ref=sr_1_1161?brr=1&dchild=1&qid=1634419692&rd=1&s=digital-skills&sr=1-1161", "Flash Briefing": "https://www.amazon.com/1994-Flash-Briefing/dp/B08GL28S27/ref=sr_1_1162?brr=1&dchild=1&qid=1634419692&rd=1&s=digital-skills&sr=1-1162", "Latina Magazine": "https://www.amazon.com/REVISTA-LATINA-NC-LLC-Magazine/dp/B08GL18ZCB/ref=sr_1_1163?brr=1&dchild=1&qid=1634419692&rd=1&s=digital-skills&sr=1-1163", "Bible Themes - Find Bible verses about a theme": "https://www.amazon.com/Bible-Themes-verses-about-theme/dp/B08GKXTMD7/ref=sr_1_1164?brr=1&dchild=1&qid=1634419692&rd=1&s=digital-skills&sr=1-1164", "Tasha Penwell WSCC": "https://www.amazon.com/Bytes-and-Bits-Tasha-Penwell/dp/B08GKV2RD5/ref=sr_1_1165?brr=1&dchild=1&qid=1634419692&rd=1&s=digital-skills&sr=1-1165", "eerie silence": "https://www.amazon.com/VayuVaidya-Dr-Bheemaiah-Anil-Kumar/dp/B08GKNN6QN/ref=sr_1_1166?brr=1&dchild=1&qid=1634419692&rd=1&s=digital-skills&sr=1-1166", "History Today": "https://www.amazon.com/Harish-Kotra-History-Today/dp/B08GKFS8H3/ref=sr_1_1167?brr=1&dchild=1&qid=1634419692&rd=1&s=digital-skills&sr=1-1167", "nude bomb": "https://www.amazon.com/CoderDojo-nude-bomb/dp/B08GHTT7MJ/ref=sr_1_1168?brr=1&dchild=1&qid=1634419692&rd=1&s=digital-skills&sr=1-1168"}