{"The ED Show": "https://www.amazon.com/Himannshu-Sharma-The-ED-Show/dp/B08DR47FMZ/ref=sr_1_1217?brr=1&dchild=1&qid=1634419704&rd=1&s=digital-skills&sr=1-1217", "Divarta Publications": "https://www.amazon.com/Kanishk-Kacholia-Divarta-Publications/dp/B08DNYQJTQ/ref=sr_1_1218?brr=1&dchild=1&qid=1634419704&rd=1&s=digital-skills&sr=1-1218", "The Boat Thief": "https://www.amazon.com/CoderDojo-The-Boat-Thief/dp/B08DNKQRHW/ref=sr_1_1219?brr=1&dchild=1&qid=1634419704&rd=1&s=digital-skills&sr=1-1219", "Whose Turn": "https://www.amazon.com/Bustaz4c-Whose-Turn/dp/B08DNJPMN3/ref=sr_1_1220?brr=1&dchild=1&qid=1634419704&rd=1&s=digital-skills&sr=1-1220", "speed reader": "https://www.amazon.com/noelio-speed-reader/dp/B08DNHGS6P/ref=sr_1_1221?brr=1&dchild=1&qid=1634419704&rd=1&s=digital-skills&sr=1-1221", "South Carolina Drivers License Exam": "https://www.amazon.com/South-Carolina-Drivers-License-Exam/dp/B08DMJWHDP/ref=sr_1_1222?brr=1&dchild=1&qid=1634419704&rd=1&s=digital-skills&sr=1-1222", "Domestic Violence": "https://www.amazon.com/wwl-Domestic-Violence/dp/B08DMJFMKG/ref=sr_1_1223?brr=1&dchild=1&qid=1634419704&rd=1&s=digital-skills&sr=1-1223", "Test Trial": "https://www.amazon.com/Lewis-C-Test-Trial/dp/B08DL4DL44/ref=sr_1_1224?brr=1&dchild=1&qid=1634419704&rd=1&s=digital-skills&sr=1-1224", "Share a Window": "https://www.amazon.com/Bot-Industries-Share-a-Window/dp/B08DL17XJJ/ref=sr_1_1225?brr=1&dchild=1&qid=1634419704&rd=1&s=digital-skills&sr=1-1225", "Indian Cultural Guide": "https://www.amazon.com/Shefali-Pai-Indian-Cultural-Guide/dp/B08DHX8SNW/ref=sr_1_1226?brr=1&dchild=1&qid=1634419704&rd=1&s=digital-skills&sr=1-1226", "Urban Nomads": "https://www.amazon.com/CoderDojo-Urban-Nomads/dp/B08DH6F17W/ref=sr_1_1227?brr=1&dchild=1&qid=1634419704&rd=1&s=digital-skills&sr=1-1227", "Social Studies Briefing": "https://www.amazon.com/Me-Social-Studies-Briefing/dp/B08DFDBQ82/ref=sr_1_1228?brr=1&dchild=1&qid=1634419704&rd=1&s=digital-skills&sr=1-1228", "Python Story": "https://www.amazon.com/CoderDojo-Python-Story/dp/B08DCSCXP8/ref=sr_1_1229?brr=1&dchild=1&qid=1634419704&rd=1&s=digital-skills&sr=1-1229", "tst one": "https://www.amazon.com/pcompany-tst-one/dp/B08DCQQVLN/ref=sr_1_1230?brr=1&dchild=1&qid=1634419704&rd=1&s=digital-skills&sr=1-1230", "Baltimore Stories": "https://www.amazon.com/Shop-Vocal-Baltimore-Stories/dp/B08D9WB35T/ref=sr_1_1231?brr=1&dchild=1&qid=1634419704&rd=1&s=digital-skills&sr=1-1231", "NIKHIL STATE CAPITALS": "https://www.amazon.com/NIKHIL-STATE-CAPITALS/dp/B08D9QHSLX/ref=sr_1_1232?brr=1&dchild=1&qid=1634419704&rd=1&s=digital-skills&sr=1-1232"}