{"Groom Elite": "https://www.amazon.com/Horse-Talk-Groom-Elite/dp/B08D8KTPSN/ref=sr_1_1233?brr=1&dchild=1&qid=1634419707&rd=1&s=digital-skills&sr=1-1233", "Dog age": "https://www.amazon.com/EmpathyEngine-ca-Dog-age/dp/B08D72XZYY/ref=sr_1_1234?brr=1&dchild=1&qid=1634419707&rd=1&s=digital-skills&sr=1-1234", "Cheverly Maryland": "https://www.amazon.com/Garretson-Technology-LLC-Cheverly-Maryland/dp/B08D6RS4DQ/ref=sr_1_1235?brr=1&dchild=1&qid=1634419707&rd=1&s=digital-skills&sr=1-1235", "Healing Gift": "https://www.amazon.com/ORU-Healing-Gift/dp/B08D6RFBQ4/ref=sr_1_1236?brr=1&dchild=1&qid=1634419707&rd=1&s=digital-skills&sr=1-1236", "Lolly Stories": "https://www.amazon.com/Lolly-Stories/dp/B08D6FC54N/ref=sr_1_1237?brr=1&dchild=1&qid=1634419707&rd=1&s=digital-skills&sr=1-1237", "Inspiration phrases": "https://www.amazon.com/Inspirando-Sonhos-Inspiration-phrases/dp/B08D61R5SZ/ref=sr_1_1238?brr=1&dchild=1&qid=1634419707&rd=1&s=digital-skills&sr=1-1238", "Fang Stocks": "https://www.amazon.com/Iguana-ASD-Fang-Stocks/dp/B08D3QQ9PL/ref=sr_1_1239?brr=1&dchild=1&qid=1634419707&rd=1&s=digital-skills&sr=1-1239", "Carnage Middle School": "https://www.amazon.com/Naren-Pai-Carnage-Middle-School/dp/B08D38CQKK/ref=sr_1_1240?brr=1&dchild=1&qid=1634419707&rd=1&s=digital-skills&sr=1-1240", "Light Controller": "https://www.amazon.com/INAOE-Light-Controller/dp/B08D21YMGP/ref=sr_1_1241?brr=1&dchild=1&qid=1634419707&rd=1&s=digital-skills&sr=1-1241", "The History Show": "https://www.amazon.com/The-Net-Group-History-Show/dp/B08D121L4W/ref=sr_1_1242?brr=1&dchild=1&qid=1634419707&rd=1&s=digital-skills&sr=1-1242", "The Steel Talk Podcast": "https://www.amazon.com/Jeanette-Marie-Reynoso-Steel-Talk-Podcast/dp/B08CZZQ6NK/ref=sr_1_1243?brr=1&dchild=1&qid=1634419707&rd=1&s=digital-skills&sr=1-1243", "Seven Army Values": "https://www.amazon.com/Robert-White-Seven-Army-Values/dp/B08CZZ1W6K/ref=sr_1_1244?brr=1&dchild=1&qid=1634419707&rd=1&s=digital-skills&sr=1-1244", "Resistor Decipher": "https://www.amazon.com/Param-Resistor-Decipher/dp/B08CZVNVQW/ref=sr_1_1245?brr=1&dchild=1&qid=1634419707&rd=1&s=digital-skills&sr=1-1245", "Our green Earth": "https://www.amazon.com/Vishnupriya-Our-green-Earth/dp/B08CZJNLJW/ref=sr_1_1246?brr=1&dchild=1&qid=1634419707&rd=1&s=digital-skills&sr=1-1246", "Skill Acquisition News with Rob Gray": "https://www.amazon.com/Skill-Acquisition-News-Rob-Gray/dp/B08CZ8Y2T2/ref=sr_1_1247?brr=1&dchild=1&qid=1634419707&rd=1&s=digital-skills&sr=1-1247", "King Cobra": "https://www.amazon.com/VayuVaidya-Dr-Bheemaiah-Anil-Kumar/dp/B08CZ7WLSM/ref=sr_1_1248?brr=1&dchild=1&qid=1634419707&rd=1&s=digital-skills&sr=1-1248"}