{"Math Buddy": "https://www.amazon.com/ML-On-Data-Math-Buddy/dp/B08CXY7QCN/ref=sr_1_1249?brr=1&dchild=1&qid=1634419710&rd=1&s=digital-skills&sr=1-1249", "Imagined Life": "https://www.amazon.com/CoderDojo-Imagined-Life/dp/B08CVM819M/ref=sr_1_1250?brr=1&dchild=1&qid=1634419710&rd=1&s=digital-skills&sr=1-1250", "Big Cat Story": "https://www.amazon.com/CoderDojo-Big-Cat-Story/dp/B08CV8KKTC/ref=sr_1_1251?brr=1&dchild=1&qid=1634419710&rd=1&s=digital-skills&sr=1-1251", "Silly Billy": "https://www.amazon.com/CoderDojo-Silly-Billy/dp/B08CV68W7G/ref=sr_1_1252?brr=1&dchild=1&qid=1634419710&rd=1&s=digital-skills&sr=1-1252", "National US Holidays": "https://www.amazon.com/Justin-Rains-National-US-Holidays/dp/B08CV4576K/ref=sr_1_1253?brr=1&dchild=1&qid=1634419710&rd=1&s=digital-skills&sr=1-1253", "Daily Stand Up": "https://www.amazon.com/Dabble-Lab-Daily-Stand-Up/dp/B08CRZ4JZR/ref=sr_1_1254?brr=1&dchild=1&qid=1634419710&rd=1&s=digital-skills&sr=1-1254", "Baby Care Tips": "https://www.amazon.com/allsuper-info-for-SavoElite-com-Baby-Care/dp/B08CRKWPGY/ref=sr_1_1255?brr=1&dchild=1&qid=1634419710&rd=1&s=digital-skills&sr=1-1255", "Among The Stars": "https://www.amazon.com/Voxprotocol-Among-The-Stars/dp/B08CNH1VCM/ref=sr_1_1256?brr=1&dchild=1&qid=1634419710&rd=1&s=digital-skills&sr=1-1256", "PROGRESS Center's Daily Flash Briefing": "https://www.amazon.com/PROGRESS-Centers-Daily-Flash-Briefing/dp/B08CKVWZXN/ref=sr_1_1257?brr=1&dchild=1&qid=1634419710&rd=1&s=digital-skills&sr=1-1257", "Sky Pix": "https://www.amazon.com/applicate-Sky-Pix/dp/B08CKBYQBF/ref=sr_1_1258?brr=1&dchild=1&qid=1634419710&rd=1&s=digital-skills&sr=1-1258", "Bird ways": "https://www.amazon.com/CoderDojo-Bird-ways/dp/B08CK9PFSZ/ref=sr_1_1259?brr=1&dchild=1&qid=1634419710&rd=1&s=digital-skills&sr=1-1259", "Banana Slug": "https://www.amazon.com/CoderDojo-Banana-Slug/dp/B08CK3P86M/ref=sr_1_1260?brr=1&dchild=1&qid=1634419710&rd=1&s=digital-skills&sr=1-1260", "Monarch Gas Man": "https://www.amazon.com/CoderDojo-Monarch-Gas-Man/dp/B08CGF6DMN/ref=sr_1_1261?brr=1&dchild=1&qid=1634419710&rd=1&s=digital-skills&sr=1-1261", "wilderness therapy": "https://www.amazon.com/VayuVaidya-Dr-Bheemaiah-Anil-Kumar/dp/B08CDYDNBL/ref=sr_1_1262?brr=1&dchild=1&qid=1634419710&rd=1&s=digital-skills&sr=1-1262", "Story Of Ketchup": "https://www.amazon.com/CoderDojo-Story-Of-Ketchup/dp/B08CDWF16L/ref=sr_1_1263?brr=1&dchild=1&qid=1634419710&rd=1&s=digital-skills&sr=1-1263", "Daily Affirmations": "https://www.amazon.com/newbieAI-Daily-Affirmations/dp/B08CCSWPMV/ref=sr_1_1264?brr=1&dchild=1&qid=1634419710&rd=1&s=digital-skills&sr=1-1264"}