{"Southeastern News": "https://www.amazon.com/Luis-Lopes-Southeastern-News/dp/B08CBPK8Y9/ref=sr_1_1265?brr=1&dchild=1&qid=1634419713&rd=1&s=digital-skills&sr=1-1265", "Dr. Chris Show": "https://www.amazon.com/Christopher-Bergeron-Dr-Chris-Show/dp/B08CBNN2TK/ref=sr_1_1266?brr=1&dchild=1&qid=1634419713&rd=1&s=digital-skills&sr=1-1266", "Medics Academy": "https://www.amazon.com/Hoogalit-Medics-Academy/dp/B08CB4HBB9/ref=sr_1_1267?brr=1&dchild=1&qid=1634419713&rd=1&s=digital-skills&sr=1-1267", "Little Primates": "https://www.amazon.com/CoderDojo-Little-Primates/dp/B08C9SMWTP/ref=sr_1_1268?brr=1&dchild=1&qid=1634419713&rd=1&s=digital-skills&sr=1-1268", "Campus Voice": "https://www.amazon.com/applicate-Campus-Voice/dp/B08C9KMVCG/ref=sr_1_1269?brr=1&dchild=1&qid=1634419713&rd=1&s=digital-skills&sr=1-1269", "BWF gamma one": "https://www.amazon.com/Comp_Dev_0-BWF-gamma-one/dp/B08C8QL7BT/ref=sr_1_1270?brr=1&dchild=1&qid=1634419713&rd=1&s=digital-skills&sr=1-1270", "Law School": "https://www.amazon.com/The-Net-Group-Law-School/dp/B08C7SQQ15/ref=sr_1_1271?brr=1&dchild=1&qid=1634419713&rd=1&s=digital-skills&sr=1-1271", "Teach Me A.I.": "https://www.amazon.com/AndyGoInc-Teach-Me-A-I/dp/B08C6NDCDB/ref=sr_1_1272?brr=1&dchild=1&qid=1634419713&rd=1&s=digital-skills&sr=1-1272", "After Hours Upgrades": "https://www.amazon.com/VoiceXP-After-Hours-Upgrades/dp/B08C6DC1PV/ref=sr_1_1273?brr=1&dchild=1&qid=1634419713&rd=1&s=digital-skills&sr=1-1273", "Idiomatic Centre": "https://www.amazon.com/BUBT-Idiomatic-Centre/dp/B08C62V46C/ref=sr_1_1274?brr=1&dchild=1&qid=1634419713&rd=1&s=digital-skills&sr=1-1274", "Practice German Numbers": "https://www.amazon.com/GEMeDOT-Practice-German-Numbers/dp/B08C5GW14P/ref=sr_1_1275?brr=1&dchild=1&qid=1634419713&rd=1&s=digital-skills&sr=1-1275", "Yankee stadium Quiz": "https://www.amazon.com/Polk-County-Yankee-stadium-Quiz/dp/B08C27DVYP/ref=sr_1_1276?brr=1&dchild=1&qid=1634419713&rd=1&s=digital-skills&sr=1-1276", "Books Guru": "https://www.amazon.com/Shreyani-Books-Guru/dp/B08BZRPDN7/ref=sr_1_1277?brr=1&dchild=1&qid=1634419713&rd=1&s=digital-skills&sr=1-1277", "Daily Space Fact": "https://www.amazon.com/Tomasz-Janeczko-Daily-Space-Fact/dp/B08BZMZD7F/ref=sr_1_1278?brr=1&dchild=1&qid=1634419713&rd=1&s=digital-skills&sr=1-1278", "Smart Forum": "https://www.amazon.com/Jayemm-Associates-Smart-Forum/dp/B08BYGMSZJ/ref=sr_1_1279?brr=1&dchild=1&qid=1634419713&rd=1&s=digital-skills&sr=1-1279", "Robotic test": "https://www.amazon.com/Green-Home-Robotic-test/dp/B08BXPJT3Y/ref=sr_1_1280?brr=1&dchild=1&qid=1634419713&rd=1&s=digital-skills&sr=1-1280"}