{"peta stories": "https://www.amazon.com/VayuVaidya-Dr-Bheemaiah-Anil-Kumar/dp/B089VY4PZR/ref=sr_1_1313?brr=1&dchild=1&qid=1634419721&rd=1&s=digital-skills&sr=1-1313", "GMSDC": "https://www.amazon.com/INfoSmart-Technologies-Inc-GMSDC/dp/B089VTFM2T/ref=sr_1_1314?brr=1&dchild=1&qid=1634419721&rd=1&s=digital-skills&sr=1-1314", "Learn U.S. State Capitals": "https://www.amazon.com/J6-Labs-Learn-State-Capitals/dp/B089VKPD1J/ref=sr_1_1315?brr=1&dchild=1&qid=1634419721&rd=1&s=digital-skills&sr=1-1315", "Consonant Blends": "https://www.amazon.com/Brainspray-Consonant-Blends/dp/B089SZX8YX/ref=sr_1_1316?brr=1&dchild=1&qid=1634419721&rd=1&s=digital-skills&sr=1-1316", "Causes words": "https://www.amazon.com/Rjon-Causes-words/dp/B089QS6WF1/ref=sr_1_1317?brr=1&dchild=1&qid=1634419721&rd=1&s=digital-skills&sr=1-1317", "Next Hundred": "https://www.amazon.com/Brainspray-Next-Hundred/dp/B089QPGYKR/ref=sr_1_1318?brr=1&dchild=1&qid=1634419721&rd=1&s=digital-skills&sr=1-1318", "Busy body": "https://www.amazon.com/sandrum-Busy-body/dp/B089QM75GM/ref=sr_1_1319?brr=1&dchild=1&qid=1634419721&rd=1&s=digital-skills&sr=1-1319", "Next Fibonacci": "https://www.amazon.com/Brainspray-Next-Fibonacci/dp/B089Q8PCGF/ref=sr_1_1320?brr=1&dchild=1&qid=1634419721&rd=1&s=digital-skills&sr=1-1320", "Phonetic Flash": "https://www.amazon.com/SN-forward-Phonetic-Flash/dp/B089PXV6DT/ref=sr_1_1321?brr=1&dchild=1&qid=1634419721&rd=1&s=digital-skills&sr=1-1321", "Easy Healthy Eating": "https://www.amazon.com/allsuper-info-for-SavoElite-com-Healthy-Eating/dp/B089N1GSZ4/ref=sr_1_1322?brr=1&dchild=1&qid=1634419721&rd=1&s=digital-skills&sr=1-1322", "Using Marine VHF Radio": "https://www.amazon.com/Kelly-Brown-Using-Marine-Radio/dp/B089MD9FRG/ref=sr_1_1323?brr=1&dchild=1&qid=1634419721&rd=1&s=digital-skills&sr=1-1323", "Easy Vegetarian Lifestyle": "https://www.amazon.com/allsuper-info-for-SavoElite-com-Vegetarian-Lifestyle/dp/B089M7KMHY/ref=sr_1_1324?brr=1&dchild=1&qid=1634419721&rd=1&s=digital-skills&sr=1-1324", "Easy Mental Health": "https://www.amazon.com/allsuper-info-for-SavoElite-com-Mental-Health/dp/B089M7HR66/ref=sr_1_1325?brr=1&dchild=1&qid=1634419721&rd=1&s=digital-skills&sr=1-1325", "Easy Nutrition": "https://www.amazon.com/allsuper-info-for-SavoElite-com-Easy-Nutrition/dp/B089M78V1W/ref=sr_1_1326?brr=1&dchild=1&qid=1634419721&rd=1&s=digital-skills&sr=1-1326", "Cake walk": "https://www.amazon.com/KLE-RLSI-BCA-Cake-walk/dp/B089M1WHSJ/ref=sr_1_1327?brr=1&dchild=1&qid=1634419721&rd=1&s=digital-skills&sr=1-1327", "Easy Skin Care": "https://www.amazon.com/allsuper-info-for-SavoElite-com-Easy-Skin/dp/B089LYXPLD/ref=sr_1_1328?brr=1&dchild=1&qid=1634419721&rd=1&s=digital-skills&sr=1-1328"}