{"Easy Anxiety Tips": "https://www.amazon.com/allsuper-info-for-SavoElite-com-Easy-Anxiety/dp/B089LVSBX9/ref=sr_1_1329?brr=1&dchild=1&qid=1634419725&rd=1&s=digital-skills&sr=1-1329", "Find My Rep": "https://www.amazon.com/WalkRightBy-LLC-Find-My-Rep/dp/B089LPG57P/ref=sr_1_1330?brr=1&dchild=1&qid=1634419725&rd=1&s=digital-skills&sr=1-1330", "Make the Grade": "https://www.amazon.com/CreateMyVoice-com-Make-the-Grade/dp/B089LMXWMR/ref=sr_1_1331?brr=1&dchild=1&qid=1634419725&rd=1&s=digital-skills&sr=1-1331", "Easy Woodworking": "https://www.amazon.com/allsuper-info-for-SavoElite-com-Easy-Woodworking/dp/B089KSF778/ref=sr_1_1332?brr=1&dchild=1&qid=1634419725&rd=1&s=digital-skills&sr=1-1332", "Easy Astrology": "https://www.amazon.com/allsuper-info-for-SavoElite-com-Easy-Astrology/dp/B089KN8W7J/ref=sr_1_1333?brr=1&dchild=1&qid=1634419725&rd=1&s=digital-skills&sr=1-1333", "Top Searches": "https://www.amazon.com/Daniel-Balchin-Top-Searches/dp/B089K5PJZK/ref=sr_1_1334?brr=1&dchild=1&qid=1634419725&rd=1&s=digital-skills&sr=1-1334", "Aishwarya Sheshachala's Family Facts": "https://www.amazon.com/Aishwarya-Sheshachalas-Family-Facts/dp/B089K38Q74/ref=sr_1_1335?brr=1&dchild=1&qid=1634419725&rd=1&s=digital-skills&sr=1-1335", "Monet's paintings": "https://www.amazon.com/Sis-Monets-paintings/dp/B089JSQBWL/ref=sr_1_1336?brr=1&dchild=1&qid=1634419725&rd=1&s=digital-skills&sr=1-1336", "Clay County": "https://www.amazon.com/Clay-County/dp/B089JRTHXN/ref=sr_1_1337?brr=1&dchild=1&qid=1634419725&rd=1&s=digital-skills&sr=1-1337", "Practice German Articles": "https://www.amazon.com/GEMeDOT-Practice-German-Articles/dp/B089GZS3RR/ref=sr_1_1338?brr=1&dchild=1&qid=1634419725&rd=1&s=digital-skills&sr=1-1338", "ROCK PAPER SCISSORS": "https://www.amazon.com/ABC-ROCK-PAPER-SCISSORS/dp/B089GWVYSW/ref=sr_1_1339?brr=1&dchild=1&qid=1634419725&rd=1&s=digital-skills&sr=1-1339", "Math Snack": "https://www.amazon.com/Brainspray-Math-Snack/dp/B089GQXSCF/ref=sr_1_1340?brr=1&dchild=1&qid=1634419725&rd=1&s=digital-skills&sr=1-1340", "Hello Books": "https://www.amazon.com/PyMlAndBeyond-Hello-Books/dp/B089GQDZSK/ref=sr_1_1341?brr=1&dchild=1&qid=1634419725&rd=1&s=digital-skills&sr=1-1341", "Cake Walk": "https://www.amazon.com/KLE-Societys-college-RLSI-Belagavi/dp/B089G2S21V/ref=sr_1_1343?brr=1&dchild=1&qid=1634419725&rd=1&s=digital-skills&sr=1-1343", "natural way": "https://www.amazon.com/CoderDojo-natural-way/dp/B089FVC1DD/ref=sr_1_1344?brr=1&dchild=1&qid=1634419725&rd=1&s=digital-skills&sr=1-1344"}