{"Immigration Mastermind": "https://www.amazon.com/Batara-Immigration-Law-Mastermind/dp/B089F2K63M/ref=sr_1_1345?brr=1&dchild=1&qid=1634419727&rd=1&s=digital-skills&sr=1-1345", "Restoring Rivers": "https://www.amazon.com/CoderDojo-Restoring-Rivers/dp/B089DKDHCT/ref=sr_1_1346?brr=1&dchild=1&qid=1634419727&rd=1&s=digital-skills&sr=1-1346", "Binary digits": "https://www.amazon.com/Null-Binary-digits/dp/B089DF95M5/ref=sr_1_1347?brr=1&dchild=1&qid=1634419727&rd=1&s=digital-skills&sr=1-1347", "Pledge of Allegiance": "https://www.amazon.com/Tortle-Turtle-Technology-Pledge-Allegiance/dp/B089CLBMKW/ref=sr_1_1348?brr=1&dchild=1&qid=1634419727&rd=1&s=digital-skills&sr=1-1348", "Unofficial Pokemon Passport Office": "https://www.amazon.com/Will-Spires-Unofficial-Pokemon-Passport/dp/B089B2QCC6/ref=sr_1_1349?brr=1&dchild=1&qid=1634419727&rd=1&s=digital-skills&sr=1-1349", "next ver one": "https://www.amazon.com/pcompany-next-ver-one/dp/B08999P6DN/ref=sr_1_1350?brr=1&dchild=1&qid=1634419727&rd=1&s=digital-skills&sr=1-1350", "Filing A Property Damage Insurance Claim": "https://www.amazon.com/Filing-Property-Damage-Insurance-Claim/dp/B0897CRVMB/ref=sr_1_1351?brr=1&dchild=1&qid=1634419727&rd=1&s=digital-skills&sr=1-1351", "Daily Bible Verse": "https://www.amazon.com/Adassa-Innovations-Daily-Bible-Verse/dp/B0895SPC94/ref=sr_1_1352?brr=1&dchild=1&qid=1634419727&rd=1&s=digital-skills&sr=1-1352", "Resistor Color Code": "https://www.amazon.com/John-White-Resistor-Color-Code/dp/B08956NX12/ref=sr_1_1353?brr=1&dchild=1&qid=1634419727&rd=1&s=digital-skills&sr=1-1353", "water damage": "https://www.amazon.com/VayuVaidya-Dr-Bheemaiah-Anil-Kumar/dp/B08954VG4T/ref=sr_1_1354?brr=1&dchild=1&qid=1634419727&rd=1&s=digital-skills&sr=1-1354", "Guide to the UAQ Entry Examination": "https://www.amazon.com/UAQ-Profesor-del-EXCOBA/dp/B0894WK995/ref=sr_1_1355?brr=1&dchild=1&qid=1634419727&rd=1&s=digital-skills&sr=1-1355", "Whale Interview": "https://www.amazon.com/sg-education-Whale-Interview/dp/B0894W3RX7/ref=sr_1_1356?brr=1&dchild=1&qid=1634419727&rd=1&s=digital-skills&sr=1-1356", "Fact Today": "https://www.amazon.com/Steven-Foyston-Fact-Today/dp/B0894KDP4V/ref=sr_1_1357?brr=1&dchild=1&qid=1634419727&rd=1&s=digital-skills&sr=1-1357", "X Minus One": "https://www.amazon.com/First-American-Resources-Inc-Minus/dp/B0894HKYJ8/ref=sr_1_1358?brr=1&dchild=1&qid=1634419727&rd=1&s=digital-skills&sr=1-1358", "Quote Today": "https://www.amazon.com/Steven-Foyston-Quote-Today/dp/B0894H96W9/ref=sr_1_1359?brr=1&dchild=1&qid=1634419727&rd=1&s=digital-skills&sr=1-1359", "timothy's info": "https://www.amazon.com/Self-timothys-info/dp/B0894FDRBM/ref=sr_1_1360?brr=1&dchild=1&qid=1634419727&rd=1&s=digital-skills&sr=1-1360"}