{"Chocolate Computes": "https://www.amazon.com/VayuVaidya-Dr-Bheemaiah-Anil-Kumar/dp/B088YPDLVJ/ref=sr_1_1377?brr=1&dchild=1&qid=1634419733&rd=1&s=digital-skills&sr=1-1377", "Anne Braille Teacher": "https://www.amazon.com/Shivam-Anne-Braille-Teacher/dp/B088XZDXB2/ref=sr_1_1378?brr=1&dchild=1&qid=1634419733&rd=1&s=digital-skills&sr=1-1378", "Noah of Machines": "https://www.amazon.com/VayuVaidya-Dr-Bheemaiah-Anil-Kumar/dp/B088XTRC3M/ref=sr_1_1379?brr=1&dchild=1&qid=1634419733&rd=1&s=digital-skills&sr=1-1379", "Matthew Assistant Research": "https://www.amazon.com/Pratt-Institute-Matthew-Assistant-Research/dp/B088X141WY/ref=sr_1_1380?brr=1&dchild=1&qid=1634419733&rd=1&s=digital-skills&sr=1-1380", "Italy Sights": "https://www.amazon.com/Nickopanther-Italy-Sights/dp/B088WDCFWR/ref=sr_1_1381?brr=1&dchild=1&qid=1634419733&rd=1&s=digital-skills&sr=1-1381", "energy crisis": "https://www.amazon.com/VayuVaidya-Dr-Bheemaiah-Anil-Kumar/dp/B088W56F45/ref=sr_1_1382?brr=1&dchild=1&qid=1634419733&rd=1&s=digital-skills&sr=1-1382", "ignorance is bliss": "https://www.amazon.com/VayuVaidya-Dr-Bheemaiah-Anil-Kumar/dp/B088TGX8Z7/ref=sr_1_1383?brr=1&dchild=1&qid=1634419733&rd=1&s=digital-skills&sr=1-1383", "Scholastic Bowl": "https://www.amazon.com/YouCantTouchThis-Scholastic-Bowl/dp/B088T64CGL/ref=sr_1_1384?brr=1&dchild=1&qid=1634419733&rd=1&s=digital-skills&sr=1-1384", "Intelligent Assistant Research": "https://www.amazon.com/Pratt-Institute-Intelligent-Assistant-Research/dp/B088RDM9WZ/ref=sr_1_1385?brr=1&dchild=1&qid=1634419733&rd=1&s=digital-skills&sr=1-1385", "American Hundered Cities": "https://www.amazon.com/TZ-TECHNO-American-Hundered-Cities/dp/B088RC3PCJ/ref=sr_1_1386?brr=1&dchild=1&qid=1634419733&rd=1&s=digital-skills&sr=1-1386", "Home Learning": "https://www.amazon.com/Tiffany-Hunt-Home-Learning/dp/B088R1VYDL/ref=sr_1_1387?brr=1&dchild=1&qid=1634419733&rd=1&s=digital-skills&sr=1-1387", "Square": "https://www.amazon.com/Jerry-Huang-Square/dp/B088P862X7/ref=sr_1_1388?brr=1&dchild=1&qid=1634419733&rd=1&s=digital-skills&sr=1-1388", "GreetPeople": "https://www.amazon.com/Default-User-GreetPeople/dp/B088NVWNFG/ref=sr_1_1389?brr=1&dchild=1&qid=1634419733&rd=1&s=digital-skills&sr=1-1389", "The Portal to Adulting": "https://www.amazon.com/Hocking-The-Portal-to-Adulting/dp/B088NT6VDD/ref=sr_1_1390?brr=1&dchild=1&qid=1634419733&rd=1&s=digital-skills&sr=1-1390", "Review the tables": "https://www.amazon.com/mt0-com-ar-Review-the-tables/dp/B088NM59VZ/ref=sr_1_1391?brr=1&dchild=1&qid=1634419733&rd=1&s=digital-skills&sr=1-1391", "Remember When 2000": "https://www.amazon.com/Voice-Spark-Remember-When-2000/dp/B088MB8J7L/ref=sr_1_1392?brr=1&dchild=1&qid=1634419733&rd=1&s=digital-skills&sr=1-1392"}