{"Gizmo Girl three": "https://www.amazon.com/VayuVaidya-Dr-Bheemaiah-Anil-Kumar/dp/B088LYK8FR/ref=sr_1_1393?brr=1&dchild=1&qid=1634419736&rd=1&s=digital-skills&sr=1-1393", "Gizmo Girl II": "https://www.amazon.com/VayuVaidya-Dr-Bheemaiah-Anil-Kumar/dp/B088LV8P7X/ref=sr_1_1394?brr=1&dchild=1&qid=1634419736&rd=1&s=digital-skills&sr=1-1394", "Gizmo Girl": "https://www.amazon.com/VayuVaidya-Dr-Bheemaiah-Anil-Kumar/dp/B088LRXPY9/ref=sr_1_1395?brr=1&dchild=1&qid=1634419736&rd=1&s=digital-skills&sr=1-1395", "The Mark": "https://www.amazon.com/Xante-Corporation-The-Mark/dp/B088KDJBFZ/ref=sr_1_1396?brr=1&dchild=1&qid=1634419736&rd=1&s=digital-skills&sr=1-1396", "Bytes and Bits": "https://www.amazon.com/Bytes-and-Bits/dp/B088KBFFQM/ref=sr_1_1397?brr=1&dchild=1&qid=1634419736&rd=1&s=digital-skills&sr=1-1397", "Cryptic Crossword Helper": "https://www.amazon.com/RobotOrange-Cryptic-Crossword-Helper/dp/B088K78FP9/ref=sr_1_1398?brr=1&dchild=1&qid=1634419736&rd=1&s=digital-skills&sr=1-1398", "Straight Smile Solutions": "https://www.amazon.com/StraightSmile-Solutions-Straight-Smile/dp/B088JRC8ZT/ref=sr_1_1399?brr=1&dchild=1&qid=1634419736&rd=1&s=digital-skills&sr=1-1399", "Demand Spring": "https://www.amazon.com/Demand-Spring/dp/B088JR8DCC/ref=sr_1_1400?brr=1&dchild=1&qid=1634419736&rd=1&s=digital-skills&sr=1-1400", "Academic Story": "https://www.amazon.com/VayuVaidya-Dr-Bheemaiah-Anil-Kumar/dp/B088JPC4C6/ref=sr_1_1401?brr=1&dchild=1&qid=1634419736&rd=1&s=digital-skills&sr=1-1401", "Goodwill Fairy": "https://www.amazon.com/VayuVaidya-Dr-Bheemaiah-Anil-Kumar/dp/B088JCWGGT/ref=sr_1_1402?brr=1&dchild=1&qid=1634419736&rd=1&s=digital-skills&sr=1-1402", "Animal Jokes": "https://www.amazon.com/Voice-Labs-Animal-Jokes/dp/B088HFD7FQ/ref=sr_1_1403?brr=1&dchild=1&qid=1634419736&rd=1&s=digital-skills&sr=1-1403", "Bionical_Display": "https://www.amazon.com/trinisoft-technologies-Bionical_Display/dp/B088H7CNWT/ref=sr_1_1404?brr=1&dchild=1&qid=1634419736&rd=1&s=digital-skills&sr=1-1404", "Morning Boost": "https://www.amazon.com/Voicempathy-Morning-Boost/dp/B088GSQD9K/ref=sr_1_1405?brr=1&dchild=1&qid=1634419736&rd=1&s=digital-skills&sr=1-1405", "Sun Stories": "https://www.amazon.com/VayuVaidya-Dr-Bheemaiah-Anil-Kumar/dp/B088GS398B/ref=sr_1_1406?brr=1&dchild=1&qid=1634419736&rd=1&s=digital-skills&sr=1-1406", "Bogeyman Woods": "https://www.amazon.com/VayuVaidya-Dr-Bheemaiah-Anil-Kumar/dp/B088G2FMTT/ref=sr_1_1407?brr=1&dchild=1&qid=1634419736&rd=1&s=digital-skills&sr=1-1407", "biscuit truths": "https://www.amazon.com/VayuVaidya-Dr-Bheemaiah-Anil-Kumar/dp/B088G1VKZ1/ref=sr_1_1408?brr=1&dchild=1&qid=1634419736&rd=1&s=digital-skills&sr=1-1408"}