{"Swede Hollow Days": "https://www.amazon.com/VayuVaidya-Dr-Bheemaiah-Anil-Kumar/dp/B0889CYLHN/ref=sr_1_1425?brr=1&dchild=1&qid=1634419742&rd=1&s=digital-skills&sr=1-1425", "Supreme Court Cases Briefing": "https://www.amazon.com/Witlingo-Supreme-Court-Cases-Briefing/dp/B0888DSBFX/ref=sr_1_1426?brr=1&dchild=1&qid=1634419742&rd=1&s=digital-skills&sr=1-1426", "Maths challenge": "https://www.amazon.com/Suracesh-Maths-challenge/dp/B08883YSQW/ref=sr_1_1427?brr=1&dchild=1&qid=1634419742&rd=1&s=digital-skills&sr=1-1427", "The Canine Escapes": "https://www.amazon.com/VayuVaidya-Dr-Bheemaiah-Anil-Kumar/dp/B08867R6SX/ref=sr_1_1428?brr=1&dchild=1&qid=1634419742&rd=1&s=digital-skills&sr=1-1428", "HoH Guppy": "https://www.amazon.com/VayuVaidya-Dr-Bheemaiah-Anil-Kumar/dp/B0885TH3Z1/ref=sr_1_1429?brr=1&dchild=1&qid=1634419742&rd=1&s=digital-skills&sr=1-1429", "Pepe's Fish": "https://www.amazon.com/VayuVaidya-Dr-Bheemaiah-Anil-Kumar/dp/B0884MSQN2/ref=sr_1_1430?brr=1&dchild=1&qid=1634419742&rd=1&s=digital-skills&sr=1-1430", "car facts": "https://www.amazon.com/University-of-Miami-car-facts/dp/B088354CRT/ref=sr_1_1431?brr=1&dchild=1&qid=1634419742&rd=1&s=digital-skills&sr=1-1431", "Refrigerator Story": "https://www.amazon.com/VayuVaidya-Bheemaiah-Anil-Kumar-Refrigerator/dp/B0882ZC687/ref=sr_1_1432?brr=1&dchild=1&qid=1634419742&rd=1&s=digital-skills&sr=1-1432", "Informatrivia": "https://www.amazon.com/Informatrivia/dp/B0882WGL9R/ref=sr_1_1433?brr=1&dchild=1&qid=1634419742&rd=1&s=digital-skills&sr=1-1433", "Digital Assistant Research": "https://www.amazon.com/Pratt-Institute-Digital-Assistant-Research/dp/B0882SYF5V/ref=sr_1_1434?brr=1&dchild=1&qid=1634419742&rd=1&s=digital-skills&sr=1-1434", "Teaching Assistant Lobby": "https://www.amazon.com/VayuVaidya-Dr-Bheemaiah-Anil-Kumar/dp/B0882RYVNC/ref=sr_1_1435?brr=1&dchild=1&qid=1634419742&rd=1&s=digital-skills&sr=1-1435", "Starlink Tracker": "https://www.amazon.com/Jordi-Porta-Starlink-Tracker/dp/B0881VD9D1/ref=sr_1_1436?brr=1&dchild=1&qid=1634419742&rd=1&s=digital-skills&sr=1-1436", "Boat and Fishing Tips": "https://www.amazon.com/Bonaka-Blast-Boat-Fishing-Tips/dp/B0881SDNMS/ref=sr_1_1437?brr=1&dchild=1&qid=1634419742&rd=1&s=digital-skills&sr=1-1437", "My Visa Bulletin": "https://www.amazon.com/Song-Qian-My-Visa-Bulletin/dp/B0881N3CHZ/ref=sr_1_1438?brr=1&dchild=1&qid=1634419742&rd=1&s=digital-skills&sr=1-1438", "snohomish county": "https://www.amazon.com/Zammo-snohomish-county/dp/B0881GFXLK/ref=sr_1_1439?brr=1&dchild=1&qid=1634419742&rd=1&s=digital-skills&sr=1-1439", "cool pet history": "https://www.amazon.com/Rumi-cool-pet-history/dp/B08818553X/ref=sr_1_1440?brr=1&dchild=1&qid=1634419742&rd=1&s=digital-skills&sr=1-1440"}