{"scikit learn ML map": "https://www.amazon.com/Rajat-Kumar-scikit-learn-map/dp/B087ZYKHG6/ref=sr_1_1441?brr=1&dchild=1&qid=1634419745&rd=1&s=digital-skills&sr=1-1441", "TimeClockPlusDemoPlusPop": "https://www.amazon.com/TimeClock-Plus-TimeClockPlusDemoPlusPop/dp/B087ZW5TFP/ref=sr_1_1442?brr=1&dchild=1&qid=1634419745&rd=1&s=digital-skills&sr=1-1442", "The Food Genie": "https://www.amazon.com/Jason-Fabi-The-Food-Genie/dp/B087ZLRPMY/ref=sr_1_1443?brr=1&dchild=1&qid=1634419745&rd=1&s=digital-skills&sr=1-1443", "Prize Closet": "https://www.amazon.com/Brainspray-Prize-Closet/dp/B087ZK4WNM/ref=sr_1_1444?brr=1&dchild=1&qid=1634419745&rd=1&s=digital-skills&sr=1-1444", "jury analyst": "https://www.amazon.com/Litibit-Corp-jury-analyst/dp/B087YSS9T4/ref=sr_1_1445?brr=1&dchild=1&qid=1634419745&rd=1&s=digital-skills&sr=1-1445", "Head and Heart Daily": "https://www.amazon.com/Project-Bluebird-Head-Heart-Daily/dp/B087YRYJBD/ref=sr_1_1446?brr=1&dchild=1&qid=1634419745&rd=1&s=digital-skills&sr=1-1446", "Check Your Intelligence": "https://www.amazon.com/Vipul-Vaghani-Check-Your-Intelligence/dp/B087WQ5SV2/ref=sr_1_1447?brr=1&dchild=1&qid=1634419745&rd=1&s=digital-skills&sr=1-1447", "RJ Media Insights": "https://www.amazon.com/RJ-Media-Studios-Insights/dp/B087WF22V7/ref=sr_1_1448?brr=1&dchild=1&qid=1634419745&rd=1&s=digital-skills&sr=1-1448", "Out of Office Assistant": "https://www.amazon.com/University-of-California-Berkeley-Assistant/dp/B087T7JW86/ref=sr_1_1449?brr=1&dchild=1&qid=1634419745&rd=1&s=digital-skills&sr=1-1449", "The Sound of Water": "https://www.amazon.com/WaterAid-The-Sound-of-Water/dp/B087RRL6SG/ref=sr_1_1450?brr=1&dchild=1&qid=1634419745&rd=1&s=digital-skills&sr=1-1450", "Sticky Notes": "https://www.amazon.com/Yashovardhan-Sticky-Notes/dp/B087RKPJKY/ref=sr_1_1451?brr=1&dchild=1&qid=1634419745&rd=1&s=digital-skills&sr=1-1451", "Color Picker": "https://www.amazon.com/MxMD-Color-Picker/dp/B087R4K5BN/ref=sr_1_1452?brr=1&dchild=1&qid=1634419745&rd=1&s=digital-skills&sr=1-1452", "Olin Lifelong Learning": "https://www.amazon.com/Andrew-Knight-Olin-Lifelong-Learning/dp/B087R4GGJM/ref=sr_1_1453?brr=1&dchild=1&qid=1634419745&rd=1&s=digital-skills&sr=1-1453", "Plug Four Twenty": "https://www.amazon.com/Creating-Dzines-Plug-Four-Twenty/dp/B087QJZGWZ/ref=sr_1_1454?brr=1&dchild=1&qid=1634419745&rd=1&s=digital-skills&sr=1-1454", "Nilesh Malviya": "https://www.amazon.com/Nilesh-Malviya/dp/B087Q95C1N/ref=sr_1_1455?brr=1&dchild=1&qid=1634419745&rd=1&s=digital-skills&sr=1-1455", "Website Analytics": "https://www.amazon.com/Augusto-Website-Analytics/dp/B087Q6KK9Q/ref=sr_1_1456?brr=1&dchild=1&qid=1634419745&rd=1&s=digital-skills&sr=1-1456"}