{"My Flash Cards": "https://www.amazon.com/Sujit-Kumar-My-Flash-Cards/dp/B087C3R1D2/ref=sr_1_1473?brr=1&dchild=1&qid=1634419751&rd=1&s=digital-skills&sr=1-1473", "Albert Einstein Facts": "https://www.amazon.com/Wisdom-Is-Principal-Apps-Einstein/dp/B087C2764H/ref=sr_1_1474?brr=1&dchild=1&qid=1634419751&rd=1&s=digital-skills&sr=1-1474", "Bigger Number First": "https://www.amazon.com/Brainspray-Bigger-Number-First/dp/B087BWFHM5/ref=sr_1_1475?brr=1&dchild=1&qid=1634419751&rd=1&s=digital-skills&sr=1-1475", "Scientist Facts-Isaac Newton Facts": "https://www.amazon.com/Wisdom-Is-Principal-Apps-Facts-Isaac/dp/B087BQGCH9/ref=sr_1_1476?brr=1&dchild=1&qid=1634419751&rd=1&s=digital-skills&sr=1-1476", "Next Number": "https://www.amazon.com/Brainspray-Next-Number/dp/B087B8QKWW/ref=sr_1_1477?brr=1&dchild=1&qid=1634419751&rd=1&s=digital-skills&sr=1-1477", "Help CRM": "https://www.amazon.com/MIET-Help-CRM/dp/B08772W4RS/ref=sr_1_1478?brr=1&dchild=1&qid=1634419751&rd=1&s=digital-skills&sr=1-1478", "Cake Walk Plus": "https://www.amazon.com/Appstack-Cake-Walk-Plus/dp/B0876RCYQN/ref=sr_1_1479?brr=1&dchild=1&qid=1634419751&rd=1&s=digital-skills&sr=1-1479", "Gerber": "https://www.amazon.com/Gerber/dp/B0875X17N2/ref=sr_1_1480?brr=1&dchild=1&qid=1634419751&rd=1&s=digital-skills&sr=1-1480", "Valorant Guide": "https://www.amazon.com/YouCantTouchThis-Valorant-Guide/dp/B0875H5NMF/ref=sr_1_1481?brr=1&dchild=1&qid=1634419751&rd=1&s=digital-skills&sr=1-1481", "Anzac Stories": "https://www.amazon.com/Alkira-Software-Anzac-Stories/dp/B0872XMMV2/ref=sr_1_1482?brr=1&dchild=1&qid=1634419751&rd=1&s=digital-skills&sr=1-1482", "Daily Horoscope": "https://www.amazon.com/GV-Skills-Daily-Horoscope/dp/B0872SDHY5/ref=sr_1_1483?brr=1&dchild=1&qid=1634419751&rd=1&s=digital-skills&sr=1-1483", "Book Guides": "https://www.amazon.com/YouCantTouchThis-Book-Guides/dp/B08729FPNS/ref=sr_1_1484?brr=1&dchild=1&qid=1634419751&rd=1&s=digital-skills&sr=1-1484", "Near Earth Objects Finder": "https://www.amazon.com/Kanishk-Kacholia-Earth-Objects-Finder/dp/B08725C5DM/ref=sr_1_1485?brr=1&dchild=1&qid=1634419751&rd=1&s=digital-skills&sr=1-1485", "ProductSumGame": "https://www.amazon.com/Jigar-Shah-ProductSumGame/dp/B08721F29L/ref=sr_1_1486?brr=1&dchild=1&qid=1634419751&rd=1&s=digital-skills&sr=1-1486", "Online Stripes": "https://www.amazon.com/University-of-Missouri-Online-Stripes/dp/B0871LS9RS/ref=sr_1_1487?brr=1&dchild=1&qid=1634419751&rd=1&s=digital-skills&sr=1-1487", "Remaining Days": "https://www.amazon.com/ankurpatel18-com-Remaining-Days/dp/B086ZXZ43H/ref=sr_1_1488?brr=1&dchild=1&qid=1634419751&rd=1&s=digital-skills&sr=1-1488"}