{"All About Extreme Sports": "https://www.amazon.com/Allsuper-Info-for-https-amanews-info-Extreme/dp/B0865NF56H/ref=sr_1_1553?brr=1&dchild=1&qid=1634419765&rd=1&s=digital-skills&sr=1-1553", "space facts two": "https://www.amazon.com/Kaustav-space-facts-two/dp/B08642ZB19/ref=sr_1_1554?brr=1&dchild=1&qid=1634419765&rd=1&s=digital-skills&sr=1-1554", "Cooking tips and tricks": "https://www.amazon.com/Allsuper-Info-for-https-videotutorials-pw-Cooking/dp/B0863T4VDB/ref=sr_1_1555?brr=1&dchild=1&qid=1634419765&rd=1&s=digital-skills&sr=1-1555", "Dating Tips Tricks and Advices": "https://www.amazon.com/Dating-Tips-Tricks-and-Advices/dp/B0863F943Z/ref=sr_1_1556?brr=1&dchild=1&qid=1634419765&rd=1&s=digital-skills&sr=1-1556", "Food And Drink Facts And Tips": "https://www.amazon.com/Allsuper-Info-https-videotutorials-pw-Drink-Facts/dp/B0863DFXFZ/ref=sr_1_1557?brr=1&dchild=1&qid=1634419765&rd=1&s=digital-skills&sr=1-1557", "nodemcu facts": "https://www.amazon.com/loky-nodemcu-facts/dp/B0863B1KZ1/ref=sr_1_1558?brr=1&dchild=1&qid=1634419765&rd=1&s=digital-skills&sr=1-1558", "born Ready": "https://www.amazon.com/Telegraph-Creative-born-Ready/dp/B08638D6Z3/ref=sr_1_1559?brr=1&dchild=1&qid=1634419765&rd=1&s=digital-skills&sr=1-1559", "Child Care tips tricks and advices": "https://www.amazon.com/Child-Care-tips-tricks-advices/dp/B08636GZVR/ref=sr_1_1560?brr=1&dchild=1&qid=1634419765&rd=1&s=digital-skills&sr=1-1560", "phpQ&A": "https://www.amazon.com/Bookingjini-phpQ-A/dp/B08635ZKJ5/ref=sr_1_1561?brr=1&dchild=1&qid=1634419765&rd=1&s=digital-skills&sr=1-1561", "Vacation Tips and Advices": "https://www.amazon.com/Allsuper-Info-for-https-amanews-info-Vacation/dp/B0862HY1WG/ref=sr_1_1562?brr=1&dchild=1&qid=1634419765&rd=1&s=digital-skills&sr=1-1562", "All About Boating": "https://www.amazon.com/Allsuper-Info-for-https-amanews-info-Boating/dp/B0862HWCVQ/ref=sr_1_1563?brr=1&dchild=1&qid=1634419765&rd=1&s=digital-skills&sr=1-1563", "Education Facts Tips Advices": "https://www.amazon.com/Allsuper-Info-for-https-videotutorials-pw-Education/dp/B08624GKF1/ref=sr_1_1564?brr=1&dchild=1&qid=1634419765&rd=1&s=digital-skills&sr=1-1564", "Alternative Energy Facts": "https://www.amazon.com/Allsuper-Info-for-https-allabout-pw-Alternative/dp/B0862459JT/ref=sr_1_1565?brr=1&dchild=1&qid=1634419765&rd=1&s=digital-skills&sr=1-1565", "All About Diving": "https://www.amazon.com/Allsuper-Info-for-https-amanews-info-Diving/dp/B0861SX1TY/ref=sr_1_1566?brr=1&dchild=1&qid=1634419765&rd=1&s=digital-skills&sr=1-1566", "What is Education and why we need it.": "https://www.amazon.com/What-Education-why-need/dp/B0861SPCP5/ref=sr_1_1567?brr=1&dchild=1&qid=1634419765&rd=1&s=digital-skills&sr=1-1567", "Baby Care Tidbits Every Parent Should Know": "https://www.amazon.com/Baby-Tidbits-Every-Parent-Should/dp/B0861PPTL8/ref=sr_1_1568?brr=1&dchild=1&qid=1634419765&rd=1&s=digital-skills&sr=1-1568"}