{"Deadpool": "https://www.amazon.com/Austin-Koontz-Deadpool/dp/B0754VRGVX/ref=sr_1_1?brr=1&dchild=1&qid=1634420679&rd=1&s=digital-skills&sr=1-1", "Twitch": "https://www.amazon.com/Amazon-Twitch/dp/B076C836XS/ref=sr_1_2?brr=1&dchild=1&qid=1634420679&rd=1&s=digital-skills&sr=1-2", "Song Quiz": "https://www.amazon.com/Volley-Inc-Song-Quiz/dp/B06XWGR7XZ/ref=sr_1_3?brr=1&dchild=1&qid=1634420679&rd=1&s=digital-skills&sr=1-3", "Giveaway of the Day": "https://www.amazon.com/Voice-Apps-That-Rock-Giveaway/dp/B07CWPVKH6/ref=sr_1_4?brr=1&dchild=1&qid=1634420679&rd=1&s=digital-skills&sr=1-4", "Fortnite Skin Picker": "https://www.amazon.com/Personal-Fortnite-Skin-Picker/dp/B07N64TCKY/ref=sr_1_5?brr=1&dchild=1&qid=1634420679&rd=1&s=digital-skills&sr=1-5", "Blue Origin": "https://www.amazon.com/Blue-Origin/dp/B07NVL4627/ref=sr_1_6?brr=1&dchild=1&qid=1634420679&rd=1&s=digital-skills&sr=1-6", "speak spell": "https://www.amazon.com/Cynthia-Balusek-speak-spell/dp/B072LTXJCT/ref=sr_1_7?brr=1&dchild=1&qid=1634420679&rd=1&s=digital-skills&sr=1-7", "Destiny 2 Ghost": "https://www.amazon.com/Bungie-Destiny-2-Ghost/dp/B077HD31C4/ref=sr_1_8?brr=1&dchild=1&qid=1634420679&rd=1&s=digital-skills&sr=1-8", "Baby Groot": "https://www.amazon.com/Nicholas-Turner-Baby-Groot/dp/B0768MXH85/ref=sr_1_9?brr=1&dchild=1&qid=1634420679&rd=1&s=digital-skills&sr=1-9", "Ticket Finder": "https://www.amazon.com/Richard-Parr-Ticket-Finder/dp/B07BKNCKJH/ref=sr_1_10?brr=1&dchild=1&qid=1634420679&rd=1&s=digital-skills&sr=1-10", "Meanie": "https://www.amazon.com/CMM-Tech-Meanie/dp/B01KSM96CW/ref=sr_1_11?brr=1&dchild=1&qid=1634420679&rd=1&s=digital-skills&sr=1-11", "Escape the Room": "https://www.amazon.com/Stoked-Skills-LLC-Escape-Room/dp/B075J914W2/ref=sr_1_12?brr=1&dchild=1&qid=1634420679&rd=1&s=digital-skills&sr=1-12", "Skyrim Very Special Edition": "https://www.amazon.com/Bethesda-Game-Studios-Special-Edition/dp/B07D6STSX8/ref=sr_1_13?brr=1&dchild=1&qid=1634420679&rd=1&s=digital-skills&sr=1-13", "Dog Translator": "https://www.amazon.com/Steven-Foyston-Dog-Translator/dp/B088PK52LL/ref=sr_1_14?brr=1&dchild=1&qid=1634420679&rd=1&s=digital-skills&sr=1-14", "Last minute Halloween Costume": "https://www.amazon.com/Aditya-Shinde-minute-Halloween-Costume/dp/B07JHHJJW5/ref=sr_1_15?brr=1&dchild=1&qid=1634420679&rd=1&s=digital-skills&sr=1-15", "Jeopardy!": "https://www.amazon.com/Sony-Pictures-Television-Jeopardy/dp/B019G0M2WS/ref=sr_1_16?brr=1&dchild=1&qid=1634420679&rd=1&s=digital-skills&sr=1-16"}