{"Auto Game Master": "https://www.amazon.com/Jeremy-L-Thompson-Auto-Master/dp/B07QFVN96G/ref=sr_1_145?brr=1&dchild=1&qid=1634420704&rd=1&s=digital-skills&sr=1-145", "Dungeon Master": "https://www.amazon.com/LC-Publishing-Dungeon-Master/dp/B08MFMZG8D/ref=sr_1_146?brr=1&dchild=1&qid=1634420704&rd=1&s=digital-skills&sr=1-146", "RPG Roles": "https://www.amazon.com/justjimmeh-RPG-Roles/dp/B01LWV42QN/ref=sr_1_147?brr=1&dchild=1&qid=1634420704&rd=1&s=digital-skills&sr=1-147", "Spaceship Adventure": "https://www.amazon.com/Freelancer-Spaceship-Adventure/dp/B07G6KJX6C/ref=sr_1_148?brr=1&dchild=1&qid=1634420704&rd=1&s=digital-skills&sr=1-148", "Perilous Wilds Random Generator": "https://www.amazon.com/Gizmet-Gameworks-Perilous-Random-Generator/dp/B071WLSNCV/ref=sr_1_149?brr=1&dchild=1&qid=1634420704&rd=1&s=digital-skills&sr=1-149", "RPG Human Name Generator": "https://www.amazon.com/Brandon-RPG-Human-Name-Generator/dp/B01MPXQUQC/ref=sr_1_150?brr=1&dchild=1&qid=1634420704&rd=1&s=digital-skills&sr=1-150", "RPG Dwarf Name Generator": "https://www.amazon.com/Brandon-RPG-Dwarf-Name-Generator/dp/B01MPWBD74/ref=sr_1_151?brr=1&dchild=1&qid=1634420704&rd=1&s=digital-skills&sr=1-151", "Fantasy NPC Name Generator": "https://www.amazon.com/DRDev-Fantasy-NPC-Name-Generator/dp/B07BFP7VKF/ref=sr_1_152?brr=1&dchild=1&qid=1634420704&rd=1&s=digital-skills&sr=1-152", "Fantasy RPG Adventure Generator": "https://www.amazon.com/DRDev-Fantasy-RPG-Adventure-Generator/dp/B07CG9X5CZ/ref=sr_1_153?brr=1&dchild=1&qid=1634420704&rd=1&s=digital-skills&sr=1-153", "DM Toolkit": "https://www.amazon.com/Silvermoon-Media-DM-Toolkit/dp/B06XVMZJY1/ref=sr_1_154?brr=1&dchild=1&qid=1634420704&rd=1&s=digital-skills&sr=1-154", "Trivia Game for Disney": "https://www.amazon.com/Shivansh-Singh-Trivia-Game-Disney/dp/B01FA1KB4S/ref=sr_1_155?brr=1&dchild=1&qid=1634420704&rd=1&s=digital-skills&sr=1-155", "rock paper scissors": "https://www.amazon.com/Sanika-rock-paper-scissors/dp/B089GKG9XX/ref=sr_1_157?brr=1&dchild=1&qid=1634420704&rd=1&s=digital-skills&sr=1-157", "Escape the City": "https://www.amazon.com/AI-ANALYTICS-LLC-Escape-City/dp/B0892SV3T3/ref=sr_1_158?brr=1&dchild=1&qid=1634420704&rd=1&s=digital-skills&sr=1-158", "AXS TV Flash Briefing": "https://www.amazon.com/AXS-TV-Flash-Briefing/dp/B076BBDDYR/ref=sr_1_159?brr=1&dchild=1&qid=1634420704&rd=1&s=digital-skills&sr=1-159", "Rock Paper Scissors": "https://www.amazon.com/worldengine-Rock-Paper-Scissors/dp/B08SC38JDM/ref=sr_1_160?brr=1&dchild=1&qid=1634420704&rd=1&s=digital-skills&sr=1-160"}