{"Oak Ridge Shell 455": "https://www.amazon.com/Ingress-Ventures-Oak-Ridge-Shell/dp/B099YYYYH5/ref=sr_1_1585?brr=1&dchild=1&qid=1634420961&rd=1&s=digital-skills&sr=1-1585", "Quality Inn 750": "https://www.amazon.com/Ingress-Ventures-Quality-Inn-750/dp/B099YX4VGQ/ref=sr_1_1586?brr=1&dchild=1&qid=1634420961&rd=1&s=digital-skills&sr=1-1586", "Citadel FM Best Western Caprock Inn 321": "https://www.amazon.com/Citadel-Best-Western-Caprock-Inn/dp/B099YVBYBF/ref=sr_1_1587?brr=1&dchild=1&qid=1634420961&rd=1&s=digital-skills&sr=1-1587", "Yanks Quick Stop 9180": "https://www.amazon.com/Ingress-Ventures-Yanks-Quick-Stop/dp/B099YSGXWW/ref=sr_1_1588?brr=1&dchild=1&qid=1634420961&rd=1&s=digital-skills&sr=1-1588", "Super 8 2714": "https://www.amazon.com/Ingress-Ventures-Super-8-2714/dp/B099YSCKW5/ref=sr_1_1589?brr=1&dchild=1&qid=1634420961&rd=1&s=digital-skills&sr=1-1589", "Save A Ton 5216": "https://www.amazon.com/Ingress-Ventures-Save-Ton-5216/dp/B099Y2S6J2/ref=sr_1_1590?brr=1&dchild=1&qid=1634420961&rd=1&s=digital-skills&sr=1-1590", "Cocktail Quiz": "https://www.amazon.com/TrulyGroup-Cocktail-Quiz/dp/B099X1Q1YV/ref=sr_1_1591?brr=1&dchild=1&qid=1634420961&rd=1&s=digital-skills&sr=1-1591", "MAX.DANCE": "https://www.amazon.com/Thomas-Laszlo-MAX-DANCE/dp/B099WVVLT8/ref=sr_1_1592?brr=1&dchild=1&qid=1634420961&rd=1&s=digital-skills&sr=1-1592", "New year": "https://www.amazon.com/Remie-New-year/dp/B099WPQ36C/ref=sr_1_1593?brr=1&dchild=1&qid=1634420961&rd=1&s=digital-skills&sr=1-1593", "gskcloudbot": "https://www.amazon.com/Cognizant-gskcloudbot/dp/B099WLX8MC/ref=sr_1_1594?brr=1&dchild=1&qid=1634420961&rd=1&s=digital-skills&sr=1-1594", "Space Facts": "https://www.amazon.com/Indira-Gandhi-Delhi-Technical-University/dp/B099WJTTF4/ref=sr_1_1595?brr=1&dchild=1&qid=1634420961&rd=1&s=digital-skills&sr=1-1595", "Sork text adventure": "https://www.amazon.com/VUI-Sork-text-adventure/dp/B099W5BY6M/ref=sr_1_1596?brr=1&dchild=1&qid=1634420961&rd=1&s=digital-skills&sr=1-1596", "Who's your turn": "https://www.amazon.com/Cuymiseta-Whos-your-turn/dp/B099S786SL/ref=sr_1_1597?brr=1&dchild=1&qid=1634420961&rd=1&s=digital-skills&sr=1-1597", "Rocket League Trivia": "https://www.amazon.com/Aadit-Aggarwal-Rocket-League-Trivia/dp/B099S3GKZ7/ref=sr_1_1598?brr=1&dchild=1&qid=1634420961&rd=1&s=digital-skills&sr=1-1598", "Goose Game": "https://www.amazon.com/F%C3%A8RUE-Goose-Game/dp/B099RZSRCB/ref=sr_1_1599?brr=1&dchild=1&qid=1634420961&rd=1&s=digital-skills&sr=1-1599", "Let's Talk Blocks": "https://www.amazon.com/Blox-Podcasts-Lets-Talk-Blocks/dp/B099RW7YBG/ref=sr_1_1600?brr=1&dchild=1&qid=1634420961&rd=1&s=digital-skills&sr=1-1600"}