{"Shores Liquors 2650": "https://www.amazon.com/Ingress-Ventures-Shores-Liquors-2650/dp/B099RCJ639/ref=sr_1_1601?brr=1&dchild=1&qid=1634420964&rd=1&s=digital-skills&sr=1-1601", "Shores Liquors 11101": "https://www.amazon.com/Ingress-Ventures-Shores-Liquors-11101/dp/B099RBNXXP/ref=sr_1_1602?brr=1&dchild=1&qid=1634420964&rd=1&s=digital-skills&sr=1-1602", "Stoner Things": "https://www.amazon.com/POR-FAVOR-Stoner-Things/dp/B099NH1913/ref=sr_1_1603?brr=1&dchild=1&qid=1634420964&rd=1&s=digital-skills&sr=1-1603", "Fresh Fm Radio London": "https://www.amazon.com/FastCast-DWC-LLC-Fresh-Radio-London/dp/B099MYDGF5/ref=sr_1_1604?brr=1&dchild=1&qid=1634420964&rd=1&s=digital-skills&sr=1-1604", "Sids Package Store 258": "https://www.amazon.com/Ingress-Ventures-Sids-Package-Store/dp/B099MQ653G/ref=sr_1_1605?brr=1&dchild=1&qid=1634420964&rd=1&s=digital-skills&sr=1-1605", "Change Me": "https://www.amazon.com/test123-Change-Me/dp/B099MPFLR1/ref=sr_1_1606?brr=1&dchild=1&qid=1634420964&rd=1&s=digital-skills&sr=1-1606", "Shores Discount Liquors 4010": "https://www.amazon.com/Ingress-Ventures-Shores-Discount-Liquors/dp/B099KTY8KS/ref=sr_1_1607?brr=1&dchild=1&qid=1634420964&rd=1&s=digital-skills&sr=1-1607", "choose for me": "https://www.amazon.com/Chiringuieando-choose-for-me/dp/B099KRN47B/ref=sr_1_1608?brr=1&dchild=1&qid=1634420964&rd=1&s=digital-skills&sr=1-1608", "Citadel FM Shores Liquors 2775": "https://www.amazon.com/Citadel-FM-Shores-Liquors-2775/dp/B099KN1TMT/ref=sr_1_1609?brr=1&dchild=1&qid=1634420964&rd=1&s=digital-skills&sr=1-1609", "Shores liquor 6007": "https://www.amazon.com/Ingress-Ventures-Shores-liquor-6007/dp/B099KM8QKQ/ref=sr_1_1610?brr=1&dchild=1&qid=1634420964&rd=1&s=digital-skills&sr=1-1610", "Bay inn 3300": "https://www.amazon.com/Ingress-Ventures-Bay-inn-3300/dp/B099KLGV6C/ref=sr_1_1611?brr=1&dchild=1&qid=1634420964&rd=1&s=digital-skills&sr=1-1611", "Shores Liquors 3644": "https://www.amazon.com/Ingress-Ventures-Shores-Liquors-3644/dp/B099KGK57Q/ref=sr_1_1612?brr=1&dchild=1&qid=1634420964&rd=1&s=digital-skills&sr=1-1612", "Guess The Capital": "https://www.amazon.com/F%C3%A8RUE-Guess-The-Capital/dp/B099KB2ZH1/ref=sr_1_1613?brr=1&dchild=1&qid=1634420964&rd=1&s=digital-skills&sr=1-1613", "Shores Liquors 4870": "https://www.amazon.com/Ingress-Ventures-Shores-Liquors-4870/dp/B099K9HCXB/ref=sr_1_1614?brr=1&dchild=1&qid=1634420964&rd=1&s=digital-skills&sr=1-1614", "Waverly 1503": "https://www.amazon.com/Ingress-Ventures-Waverly-1503/dp/B099K93JM1/ref=sr_1_1615?brr=1&dchild=1&qid=1634420964&rd=1&s=digital-skills&sr=1-1615", "Lodge 3482": "https://www.amazon.com/Ingress-Ventures-Lodge-3482/dp/B099K8ZMD6/ref=sr_1_1616?brr=1&dchild=1&qid=1634420964&rd=1&s=digital-skills&sr=1-1616"}