{"Poplar Food Mart 100": "https://www.amazon.com/Ingress-Ventures-Poplar-Food-Mart/dp/B099K1K15R/ref=sr_1_1617?brr=1&dchild=1&qid=1634420967&rd=1&s=digital-skills&sr=1-1617", "Lodge 390": "https://www.amazon.com/Ingress-Ventures-Lodge-390/dp/B099JX4MLS/ref=sr_1_1618?brr=1&dchild=1&qid=1634420967&rd=1&s=digital-skills&sr=1-1618", "Shores Liquors 231": "https://www.amazon.com/Ingress-Ventures-Shores-Liquors-231/dp/B099JV53DC/ref=sr_1_1619?brr=1&dchild=1&qid=1634420967&rd=1&s=digital-skills&sr=1-1619", "Shores Liquors 909": "https://www.amazon.com/Ingress-Ventures-Shores-Liquors-909/dp/B099JD5FXR/ref=sr_1_1620?brr=1&dchild=1&qid=1634420967&rd=1&s=digital-skills&sr=1-1620", "Icecream Facts": "https://www.amazon.com/Narasinga-Inc-Icecream-Facts/dp/B099G1GNG7/ref=sr_1_1621?brr=1&dchild=1&qid=1634420967&rd=1&s=digital-skills&sr=1-1621", "Colors Open History": "https://www.amazon.com/Nikitha-Colors-Open-History/dp/B099FKMYMR/ref=sr_1_1622?brr=1&dchild=1&qid=1634420967&rd=1&s=digital-skills&sr=1-1622", "Lucky number": "https://www.amazon.com/VinhHa-Lucky-number/dp/B099FKGFWP/ref=sr_1_1623?brr=1&dchild=1&qid=1634420967&rd=1&s=digital-skills&sr=1-1623", "Guess Who I am": "https://www.amazon.com/F%C3%A8RUE-Guess-Who-I-am/dp/B099FBH1C1/ref=sr_1_1624?brr=1&dchild=1&qid=1634420967&rd=1&s=digital-skills&sr=1-1624", "Yes No Maybe": "https://www.amazon.com/Bylan-Copy-Yes-No-Maybe/dp/B099C9TMSG/ref=sr_1_1625?brr=1&dchild=1&qid=1634420967&rd=1&s=digital-skills&sr=1-1625", "My tech profile": "https://www.amazon.com/Alice-Grossi-My-tech-profile/dp/B0999L2WVX/ref=sr_1_1626?brr=1&dchild=1&qid=1634420967&rd=1&s=digital-skills&sr=1-1626", "respect fable": "https://www.amazon.com/Flying-Pig-media-respect-fable/dp/B09994YNSN/ref=sr_1_1627?brr=1&dchild=1&qid=1634420967&rd=1&s=digital-skills&sr=1-1627", "Super 8 2010": "https://www.amazon.com/Ingress-Ventures-Super-8-2010/dp/B09993K8JH/ref=sr_1_1628?brr=1&dchild=1&qid=1634420967&rd=1&s=digital-skills&sr=1-1628", "Warframe Roulette": "https://www.amazon.com/shellhopper-PSN-Warframe-Roulette/dp/B09993K3BC/ref=sr_1_1629?brr=1&dchild=1&qid=1634420967&rd=1&s=digital-skills&sr=1-1629", "Moms Deli 601": "https://www.amazon.com/Ingress-Ventures-Moms-Deli-601/dp/B09991PR7S/ref=sr_1_1630?brr=1&dchild=1&qid=1634420967&rd=1&s=digital-skills&sr=1-1630", "Liquor Mart 15": "https://www.amazon.com/Ingress-Ventures-Liquor-Mart-15/dp/B09991743H/ref=sr_1_1631?brr=1&dchild=1&qid=1634420967&rd=1&s=digital-skills&sr=1-1631", "Quick Stop 427": "https://www.amazon.com/Ingress-Ventures-Quick-Stop-427/dp/B0998ZNLYX/ref=sr_1_1632?brr=1&dchild=1&qid=1634420967&rd=1&s=digital-skills&sr=1-1632"}