{"Golden Knight Motel 750": "https://www.amazon.com/Ingress-Ventures-Golden-Knight-Motel/dp/B0997ZT9VZ/ref=sr_1_1649?brr=1&dchild=1&qid=1634420972&rd=1&s=digital-skills&sr=1-1649", "Evolve Smoke Shop 764": "https://www.amazon.com/Ingress-Ventures-Evolve-Smoke-Shop/dp/B0997Y7RCK/ref=sr_1_1650?brr=1&dchild=1&qid=1634420972&rd=1&s=digital-skills&sr=1-1650", "Subway 6120": "https://www.amazon.com/Ingress-Ventures-Subway-6120/dp/B0997VP4QP/ref=sr_1_1651?brr=1&dchild=1&qid=1634420972&rd=1&s=digital-skills&sr=1-1651", "Citadel FM Sunrise Market 101 180": "https://www.amazon.com/Citadel-Sunrise-Market-101-180/dp/B0997STP9B/ref=sr_1_1652?brr=1&dchild=1&qid=1634420972&rd=1&s=digital-skills&sr=1-1652", "Trading Tycoon": "https://www.amazon.com/Program-Productions-Trading-Tycoon/dp/B09962SB34/ref=sr_1_1653?brr=1&dchild=1&qid=1634420972&rd=1&s=digital-skills&sr=1-1653", "Mayfair Shell 4721": "https://www.amazon.com/Ingress-Ventures-Mayfair-Shell-4721/dp/B09961QWZM/ref=sr_1_1654?brr=1&dchild=1&qid=1634420972&rd=1&s=digital-skills&sr=1-1654", "Citadel FM Sleep Inn Asheville Biltmore West 1918": "https://www.amazon.com/Citadel-Sleep-Asheville-Biltmore-West/dp/B09961FCGX/ref=sr_1_1655?brr=1&dchild=1&qid=1634420972&rd=1&s=digital-skills&sr=1-1655", "Oh Dear": "https://www.amazon.com/self-Oh-Dear/dp/B0995ZWJ1X/ref=sr_1_1656?brr=1&dchild=1&qid=1634420972&rd=1&s=digital-skills&sr=1-1656", "Panchangum": "https://www.amazon.com/Robogenix-AI-Panchangum/dp/B0995XLG3G/ref=sr_1_1657?brr=1&dchild=1&qid=1634420972&rd=1&s=digital-skills&sr=1-1657", "Citadel FM Best Western Jacksonville Inn 1659": "https://www.amazon.com/Citadel-Best-Western-Jacksonville-1659/dp/B0995WVBKW/ref=sr_1_1658?brr=1&dchild=1&qid=1634420972&rd=1&s=digital-skills&sr=1-1658", "Citadel FM Microtel Bryson City NC 82": "https://www.amazon.com/Citadel-FM-Microtel-Bryson-City/dp/B0995R4T27/ref=sr_1_1659?brr=1&dchild=1&qid=1634420972&rd=1&s=digital-skills&sr=1-1659", "Microtel Franklin NC 81": "https://www.amazon.com/Ingress-Ventures-Microtel-Franklin-NC/dp/B0995PRF6X/ref=sr_1_1660?brr=1&dchild=1&qid=1634420972&rd=1&s=digital-skills&sr=1-1660", "Citadel FM Sleep Inn Bryson City NC 500": "https://www.amazon.com/Citadel-Sleep-Inn-Bryson-City/dp/B0995MKDD5/ref=sr_1_1661?brr=1&dchild=1&qid=1634420972&rd=1&s=digital-skills&sr=1-1661", "Quality Inn & Suites 255": "https://www.amazon.com/Ingress-Ventures-Quality-Inn-Suites/dp/B0995KZG5X/ref=sr_1_1662?brr=1&dchild=1&qid=1634420972&rd=1&s=digital-skills&sr=1-1662", "Citadel FM Best Western Crown Colony Suites 3211": "https://www.amazon.com/Citadel-Western-Crown-Colony-Suites/dp/B0995K39Y5/ref=sr_1_1663?brr=1&dchild=1&qid=1634420972&rd=1&s=digital-skills&sr=1-1663", "Citadel FM Best Western PLUS Mid County 7550": "https://www.amazon.com/Citadel-Best-Western-PLUS-County/dp/B0995HZ1RD/ref=sr_1_1664?brr=1&dchild=1&qid=1634420972&rd=1&s=digital-skills&sr=1-1664"}