{"Citadel FM Best Western Temple Inn & Suites 602": "https://www.amazon.com/Citadel-Best-Western-Temple-Suites/dp/B0995H6MNP/ref=sr_1_1665?brr=1&dchild=1&qid=1634420975&rd=1&s=digital-skills&sr=1-1665", "Citadel FM Quality Inn & Suites Metropolis 2118": "https://www.amazon.com/Citadel-Quality-Suites-Metropolis-2118/dp/B0995GSPXT/ref=sr_1_1666?brr=1&dchild=1&qid=1634420975&rd=1&s=digital-skills&sr=1-1666", "Citadel FM Best Western Plus Airport Suites 5050": "https://www.amazon.com/Citadel-Best-Western-Airport-Suites/dp/B0995DQBFH/ref=sr_1_1667?brr=1&dchild=1&qid=1634420975&rd=1&s=digital-skills&sr=1-1667", "Grid Battle": "https://www.amazon.com/Robert-Mroch-Grid-Battle/dp/B0995D4CB4/ref=sr_1_1668?brr=1&dchild=1&qid=1634420975&rd=1&s=digital-skills&sr=1-1668", "Citadel FM Best Western Executive Inn 1910": "https://www.amazon.com/Citadel-Best-Western-Executive-1910/dp/B0995CGJ6Z/ref=sr_1_1669?brr=1&dchild=1&qid=1634420975&rd=1&s=digital-skills&sr=1-1669", "Citadel FM Best Western Energy Corridor 1549": "https://www.amazon.com/Citadel-Best-Western-Energy-Corridor/dp/B0995BQ53P/ref=sr_1_1670?brr=1&dchild=1&qid=1634420975&rd=1&s=digital-skills&sr=1-1670", "Citadel FM Evolve Smoke Shop 6204": "https://www.amazon.com/Citadel-Evolve-Smoke-Shop-6204/dp/B0995BMJ7Y/ref=sr_1_1671?brr=1&dchild=1&qid=1634420975&rd=1&s=digital-skills&sr=1-1671", "Chemistry Facts (Jacob Bates)": "https://www.amazon.com/Geniuslead-U-K-PVT-LTD-Chemistry/dp/B0993BY2B5/ref=sr_1_1672?brr=1&dchild=1&qid=1634420975&rd=1&s=digital-skills&sr=1-1672", "City Market 1695": "https://www.amazon.com/Ingress-Ventures-City-Market-1695/dp/B0992GVHPB/ref=sr_1_1673?brr=1&dchild=1&qid=1634420975&rd=1&s=digital-skills&sr=1-1673", "Very Extremely High Intelligence Quiz (High IQ)": "https://www.amazon.com/Very-Extremely-High-Intelligence-Quiz/dp/B0992DVC3Y/ref=sr_1_1674?brr=1&dchild=1&qid=1634420975&rd=1&s=digital-skills&sr=1-1674", "VA Mobil 7228": "https://www.amazon.com/Ingress-Ventures-VA-Mobil-7228/dp/B0992DS134/ref=sr_1_1675?brr=1&dchild=1&qid=1634420975&rd=1&s=digital-skills&sr=1-1675", "Blue Heron Petroleum Inc 36": "https://www.amazon.com/Blue-Heron-Petroleum-Inc-36/dp/B0992DMGYY/ref=sr_1_1676?brr=1&dchild=1&qid=1634420975&rd=1&s=digital-skills&sr=1-1676", "Royal 1414": "https://www.amazon.com/Ingress-Ventures-Royal-1414/dp/B0992CVDNS/ref=sr_1_1677?brr=1&dchild=1&qid=1634420975&rd=1&s=digital-skills&sr=1-1677", "GK Quiz CSCBV": "https://www.amazon.com/Indian-Institute-of-Technology-Delhi/dp/B0992CM8V1/ref=sr_1_1678?brr=1&dchild=1&qid=1634420975&rd=1&s=digital-skills&sr=1-1678", "7 Eleven 516": "https://www.amazon.com/Ingress-Ventures-7-Eleven-516/dp/B0992BZRGR/ref=sr_1_1679?brr=1&dchild=1&qid=1634420975&rd=1&s=digital-skills&sr=1-1679", "Fitness CSCBV": "https://www.amazon.com/Indian-Institute-of-Technology-Delhi/dp/B09928QS73/ref=sr_1_1680?brr=1&dchild=1&qid=1634420975&rd=1&s=digital-skills&sr=1-1680"}