{"Synonyms Game CSCBV": "https://www.amazon.com/Indian-Institute-of-Technology-Delhi/dp/B098XQD4TT/ref=sr_1_1697?brr=1&dchild=1&qid=1634420981&rd=1&s=digital-skills&sr=1-1697", "Vocabulary CSCBV": "https://www.amazon.com/Indian-Institute-of-Technology-Delhi/dp/B098XPGTMK/ref=sr_1_1698?brr=1&dchild=1&qid=1634420981&rd=1&s=digital-skills&sr=1-1698", "True False CSCBV": "https://www.amazon.com/Indian-Institute-of-Technology-Delhi/dp/B098XNXXP3/ref=sr_1_1699?brr=1&dchild=1&qid=1634420981&rd=1&s=digital-skills&sr=1-1699", "Prayers CSCBV": "https://www.amazon.com/Indian-Institute-of-Technology-Delhi/dp/B098WYQX4Y/ref=sr_1_1700?brr=1&dchild=1&qid=1634420981&rd=1&s=digital-skills&sr=1-1700", "Epic Smarts Test": "https://www.amazon.com/John-Howell-Epic-Smarts-Test/dp/B098WVH1T1/ref=sr_1_1701?brr=1&dchild=1&qid=1634420981&rd=1&s=digital-skills&sr=1-1701", "Clyde Jokes": "https://www.amazon.com/Bluefin-Technology-Partners-Clyde-Jokes/dp/B098WV78GF/ref=sr_1_1702?brr=1&dchild=1&qid=1634420981&rd=1&s=digital-skills&sr=1-1702", "Guess Who": "https://www.amazon.com/Evergreen-Guess-Who/dp/B098SWBVN3/ref=sr_1_1703?brr=1&dchild=1&qid=1634420981&rd=1&s=digital-skills&sr=1-1703", "Death Valley Sight Seer": "https://www.amazon.com/Pramod-Death-Valley-Sight-Seer/dp/B098QCJYHZ/ref=sr_1_1712?brr=1&dchild=1&qid=1634420981&rd=1&s=digital-skills&sr=1-1712", "Citadel FM Columbia Liquors 2147": "https://www.amazon.com/Citadel-FM-Columbia-Liquors-2147/dp/B098QNM5HY/ref=sr_1_1705?brr=1&dchild=1&qid=1634420981&rd=1&s=digital-skills&sr=1-1705", "Citadel FM Jimmys truck stop 14907": "https://www.amazon.com/Citadel-Jimmys-truck-stop-14907/dp/B098QN19Z6/ref=sr_1_1706?brr=1&dchild=1&qid=1634420981&rd=1&s=digital-skills&sr=1-1706", "Bottle Stop Liquors 1411": "https://www.amazon.com/Ingress-Ventures-Bottle-Stop-Liquors/dp/B098QM9NN6/ref=sr_1_1707?brr=1&dchild=1&qid=1634420981&rd=1&s=digital-skills&sr=1-1707", "Citadel FM Super 8 by Wyndham Augusta 3026": "https://www.amazon.com/Citadel-Super-Wyndham-Augusta-3026/dp/B098QLXCP3/ref=sr_1_1708?brr=1&dchild=1&qid=1634420981&rd=1&s=digital-skills&sr=1-1708", "Travel lodge 3651": "https://www.amazon.com/Ingress-Ventures-Travel-lodge-3651/dp/B098QLKSF3/ref=sr_1_1709?brr=1&dchild=1&qid=1634420981&rd=1&s=digital-skills&sr=1-1709", "Citadel FM Cleveland Country Mart 5803": "https://www.amazon.com/Citadel-Cleveland-Country-Mart-5803/dp/B098QKKTTP/ref=sr_1_1710?brr=1&dchild=1&qid=1634420981&rd=1&s=digital-skills&sr=1-1710", "Cybersecurity Trivia": "https://www.amazon.com/Javier-Campos-Cybersecurity-Trivia/dp/B098QH5P71/ref=sr_1_1711?brr=1&dchild=1&qid=1634420981&rd=1&s=digital-skills&sr=1-1711"}