{"prod test three": "https://www.amazon.com/Hello-prod-test-three/dp/B09856GYC8/ref=sr_1_1825?brr=1&dchild=1&qid=1634421005&rd=1&s=digital-skills&sr=1-1825", "prod test two": "https://www.amazon.com/Hello-prod-test-two/dp/B09853S1SG/ref=sr_1_1826?brr=1&dchild=1&qid=1634421005&rd=1&s=digital-skills&sr=1-1826", "Chilean Playing Card \ud83c\udde8\ud83c\uddf1": "https://www.amazon.com/o16-funny-Claudio-D%C3%ADaz-Chilean/dp/B09841VMKT/ref=sr_1_1827?brr=1&dchild=1&qid=1634421005&rd=1&s=digital-skills&sr=1-1827", "Sentiment Sweep": "https://www.amazon.com/SN-forward-Sentiment-Sweep/dp/B0983SJSJK/ref=sr_1_1828?brr=1&dchild=1&qid=1634421005&rd=1&s=digital-skills&sr=1-1828", "The Demigod Quiz": "https://www.amazon.com/Evergreen-The-Demigod-Quiz/dp/B0983CRZ7Y/ref=sr_1_1829?brr=1&dchild=1&qid=1634421005&rd=1&s=digital-skills&sr=1-1829", "Whose Turn": "https://www.amazon.com/P-E-GROUP-Whose-Turn/dp/B09835VMNF/ref=sr_1_1830?brr=1&dchild=1&qid=1634421005&rd=1&s=digital-skills&sr=1-1830", "DJ Hour Radio": "https://www.amazon.com/Quimby-Oak-Middle-School-Radio/dp/B0982ZGFX1/ref=sr_1_1831?brr=1&dchild=1&qid=1634421005&rd=1&s=digital-skills&sr=1-1831", "Papa Jacks 3318": "https://www.amazon.com/Ingress-Ventures-Papa-Jacks-3318/dp/B0982TSN3R/ref=sr_1_1832?brr=1&dchild=1&qid=1634421005&rd=1&s=digital-skills&sr=1-1832", "Grand Wizard Sid": "https://www.amazon.com/Siddhartha-Kodeeswaran-Grand-Wizard-Sid/dp/B0981WMZ1V/ref=sr_1_1833?brr=1&dchild=1&qid=1634421005&rd=1&s=digital-skills&sr=1-1833", "Fun Riddles": "https://www.amazon.com/Evergreen-Fun-Riddles/dp/B097ZYDZZL/ref=sr_1_1834?brr=1&dchild=1&qid=1634421005&rd=1&s=digital-skills&sr=1-1834", "Marathon 304": "https://www.amazon.com/Ingress-Ventures-Marathon-304/dp/B097YK3DR5/ref=sr_1_1835?brr=1&dchild=1&qid=1634421005&rd=1&s=digital-skills&sr=1-1835", "Redbarn Grocery 1348": "https://www.amazon.com/Ingress-Ventures-Redbarn-Grocery-1348/dp/B097YK1K9F/ref=sr_1_1836?brr=1&dchild=1&qid=1634421005&rd=1&s=digital-skills&sr=1-1836", "A J Tavern 114": "https://www.amazon.com/Ingress-Ventures-A-Tavern-114/dp/B097YK164Z/ref=sr_1_1837?brr=1&dchild=1&qid=1634421005&rd=1&s=digital-skills&sr=1-1837", "New Hope Grocery 3140": "https://www.amazon.com/Ingress-Ventures-Hope-Grocery-3140/dp/B097YJKDNJ/ref=sr_1_1838?brr=1&dchild=1&qid=1634421005&rd=1&s=digital-skills&sr=1-1838", "Clarion Inn 185": "https://www.amazon.com/Ingress-Ventures-Clarion-Inn-185/dp/B097YJ7C47/ref=sr_1_1839?brr=1&dchild=1&qid=1634421005&rd=1&s=digital-skills&sr=1-1839", "Citadel FM The Smokers Market 429": "https://www.amazon.com/Citadel-FM-Smokers-Market-429/dp/B097YJ5CLZ/ref=sr_1_1840?brr=1&dchild=1&qid=1634421005&rd=1&s=digital-skills&sr=1-1840"}