{"Citadel FM Prestige Capital Group 5175": "https://www.amazon.com/Citadel-Prestige-Capital-Group-5175/dp/B097Y9177R/ref=sr_1_1857?brr=1&dchild=1&qid=1634421010&rd=1&s=digital-skills&sr=1-1857", "Citadel FM Prestige Capital Group 472": "https://www.amazon.com/Citadel-Prestige-Capital-Group-472/dp/B097Y88NV6/ref=sr_1_1858?brr=1&dchild=1&qid=1634421010&rd=1&s=digital-skills&sr=1-1858", "Prestige Capital Group 11": "https://www.amazon.com/Ingress-Ventures-Prestige-Capital-Group/dp/B097Y8543D/ref=sr_1_1859?brr=1&dchild=1&qid=1634421010&rd=1&s=digital-skills&sr=1-1859", "Citadel FM Prestige Capital Group 1201": "https://www.amazon.com/Citadel-Prestige-Capital-Group-1201/dp/B097Y83Q1V/ref=sr_1_1860?brr=1&dchild=1&qid=1634421010&rd=1&s=digital-skills&sr=1-1860", "Citadel FM Prestige Capital Group 899": "https://www.amazon.com/Citadel-Prestige-Capital-Group-899/dp/B097Y7WR3R/ref=sr_1_1861?brr=1&dchild=1&qid=1634421010&rd=1&s=digital-skills&sr=1-1861", "Citadel FM Prestige Capital Group 245": "https://www.amazon.com/Citadel-Prestige-Capital-Group-245/dp/B097Y7QPZ2/ref=sr_1_1862?brr=1&dchild=1&qid=1634421010&rd=1&s=digital-skills&sr=1-1862", "Citadel FM Prestige Capital Group 1580": "https://www.amazon.com/Citadel-Prestige-Capital-Group-1580/dp/B097Y6ZSSC/ref=sr_1_1863?brr=1&dchild=1&qid=1634421010&rd=1&s=digital-skills&sr=1-1863", "Frog Music": "https://www.amazon.com/F%C3%A8RUE-Frog-Music/dp/B097Y4VKPY/ref=sr_1_1864?brr=1&dchild=1&qid=1634421010&rd=1&s=digital-skills&sr=1-1864", "Citadel FM Venture Hospitality LLC 245": "https://www.amazon.com/Citadel-Venture-Hospitality-LLC-245/dp/B097Y4TPZQ/ref=sr_1_1865?brr=1&dchild=1&qid=1634421010&rd=1&s=digital-skills&sr=1-1865", "Village Music": "https://www.amazon.com/F%C3%A8RUE-Village-Music/dp/B097Y3HKQZ/ref=sr_1_1866?brr=1&dchild=1&qid=1634421010&rd=1&s=digital-skills&sr=1-1866", "Beach Music": "https://www.amazon.com/F%C3%A8RUE-Beach-Music/dp/B097Y39JNY/ref=sr_1_1867?brr=1&dchild=1&qid=1634421010&rd=1&s=digital-skills&sr=1-1867", "Spring Music": "https://www.amazon.com/F%C3%A8RUE-Spring-Music/dp/B097Y2JZFM/ref=sr_1_1868?brr=1&dchild=1&qid=1634421010&rd=1&s=digital-skills&sr=1-1868", "Autumn Music": "https://www.amazon.com/F%C3%A8RUE-Autumn-Music/dp/B097Y2J7CQ/ref=sr_1_1869?brr=1&dchild=1&qid=1634421010&rd=1&s=digital-skills&sr=1-1869", "Lake Music": "https://www.amazon.com/F%C3%A8RUE-Lake-Music/dp/B097Y1FTP5/ref=sr_1_1870?brr=1&dchild=1&qid=1634421010&rd=1&s=digital-skills&sr=1-1870", "River Music": "https://www.amazon.com/F%C3%A8RUE-River-Music/dp/B097Y15GQP/ref=sr_1_1871?brr=1&dchild=1&qid=1634421010&rd=1&s=digital-skills&sr=1-1871", "Garden Music": "https://www.amazon.com/F%C3%A8RUE-Garden-Music/dp/B097XZD4GY/ref=sr_1_1872?brr=1&dchild=1&qid=1634421010&rd=1&s=digital-skills&sr=1-1872"}