{"My Sponsor Says": "https://www.amazon.com/Love-the-Code-Labs-Sponsor/dp/B097PXL8DN/ref=sr_1_1889?brr=1&dchild=1&qid=1634421016&rd=1&s=digital-skills&sr=1-1889", "Citadel FM Foots Creek Deli Mart 3175": "https://www.amazon.com/Citadel-Foots-Creek-Deli-Mart/dp/B097PX59M8/ref=sr_1_1890?brr=1&dchild=1&qid=1634421016&rd=1&s=digital-skills&sr=1-1890", "Tobacco & Liquor King 816": "https://www.amazon.com/Ingress-Ventures-Tobacco-Liquor-King/dp/B097PWGNHD/ref=sr_1_1891?brr=1&dchild=1&qid=1634421016&rd=1&s=digital-skills&sr=1-1891", "Big Daddys Liquors 2811": "https://www.amazon.com/Ingress-Ventures-Daddys-Liquors-2811/dp/B097PW7DMN/ref=sr_1_1892?brr=1&dchild=1&qid=1634421016&rd=1&s=digital-skills&sr=1-1892", "Central Market 750": "https://www.amazon.com/Ingress-Ventures-Central-Market-750/dp/B097PW6MDP/ref=sr_1_1893?brr=1&dchild=1&qid=1634421016&rd=1&s=digital-skills&sr=1-1893", "Roof Rain Music": "https://www.amazon.com/F%C3%A8RUE-Roof-Rain-Music/dp/B097PVZY9S/ref=sr_1_1894?brr=1&dchild=1&qid=1634421016&rd=1&s=digital-skills&sr=1-1894", "Beachwalker Inn & Suites 501": "https://www.amazon.com/Ingress-Ventures-Beachwalker-Inn-Suites/dp/B097PVYSM2/ref=sr_1_1895?brr=1&dchild=1&qid=1634421016&rd=1&s=digital-skills&sr=1-1895", "Car Rain Music": "https://www.amazon.com/F%C3%A8RUE-Car-Rain-Music/dp/B097PVRCS6/ref=sr_1_1896?brr=1&dchild=1&qid=1634421016&rd=1&s=digital-skills&sr=1-1896", "Forest Rain Music": "https://www.amazon.com/F%C3%A8RUE-Forest-Rain-Music/dp/B097PVCSTR/ref=sr_1_1897?brr=1&dchild=1&qid=1634421016&rd=1&s=digital-skills&sr=1-1897", "Mundelein Liquors 626": "https://www.amazon.com/Ingress-Ventures-Mundelein-Liquors-626/dp/B097PV6VKJ/ref=sr_1_1898?brr=1&dchild=1&qid=1634421016&rd=1&s=digital-skills&sr=1-1898", "Window Rain Music": "https://www.amazon.com/F%C3%A8RUE-Window-Rain-Music/dp/B097PTWCKG/ref=sr_1_1899?brr=1&dchild=1&qid=1634421016&rd=1&s=digital-skills&sr=1-1899", "Best Fountain Sounds": "https://www.amazon.com/F%C3%A8RUE-Best-Fountain-Sounds/dp/B097PSBQKT/ref=sr_1_1900?brr=1&dchild=1&qid=1634421016&rd=1&s=digital-skills&sr=1-1900", "Cricket Music": "https://www.amazon.com/F%C3%A8RUE-Cricket-Music/dp/B097PRCMZG/ref=sr_1_1901?brr=1&dchild=1&qid=1634421016&rd=1&s=digital-skills&sr=1-1901", "Riverside Inn 1030": "https://www.amazon.com/Ingress-Ventures-Riverside-Inn-1030/dp/B097PQZ4CJ/ref=sr_1_1902?brr=1&dchild=1&qid=1634421016&rd=1&s=digital-skills&sr=1-1902", "Best Drop Sounds": "https://www.amazon.com/F%C3%A8RUE-Best-Drop-Sounds/dp/B097PQNL98/ref=sr_1_1903?brr=1&dchild=1&qid=1634421016&rd=1&s=digital-skills&sr=1-1903", "Liberty Street Liquors 419": "https://www.amazon.com/Ingress-Ventures-Liberty-Street-Liquors/dp/B097PQB912/ref=sr_1_1904?brr=1&dchild=1&qid=1634421016&rd=1&s=digital-skills&sr=1-1904"}