{"Tom story": "https://www.amazon.com/ACTIVE-ENGLISH-KIDS-Tom-story/dp/B08S6W3QTK/ref=sr_1_177?brr=1&dchild=1&qid=1634420710&rd=1&s=digital-skills&sr=1-177", "Rain Sounds": "https://www.amazon.com/Axantic-Rain-Sounds/dp/B09HMDC854/ref=sr_1_178?brr=1&dchild=1&qid=1634420710&rd=1&s=digital-skills&sr=1-178", "My Adventure Story": "https://www.amazon.com/Chaz-My-Adventure-Story/dp/B08WX1HLPN/ref=sr_1_179?brr=1&dchild=1&qid=1634420710&rd=1&s=digital-skills&sr=1-179", "Kids Adventure Story": "https://www.amazon.com/Matt-Kids-Adventure-Story/dp/B08N6QK7RK/ref=sr_1_180?brr=1&dchild=1&qid=1634420710&rd=1&s=digital-skills&sr=1-180", "Random Facts!": "https://www.amazon.com/Ciocca-Apps-Random-Facts/dp/B075QX7YCP/ref=sr_1_181?brr=1&dchild=1&qid=1634420710&rd=1&s=digital-skills&sr=1-181", "Rock Paper Scissors game for Kids (Random Answer)": "https://www.amazon.com/Rock-Paper-Scissors-Random-Answer/dp/B078SHYNW2/ref=sr_1_182?brr=1&dchild=1&qid=1634420710&rd=1&s=digital-skills&sr=1-182", "Cyberpunk NPC Name Generator": "https://www.amazon.com/DRDev-Cyberpunk-NPC-Name-Generator/dp/B079PQBPQ1/ref=sr_1_183?brr=1&dchild=1&qid=1634420710&rd=1&s=digital-skills&sr=1-183", "Star Trek Fan Phaser Battle Sound": "https://www.amazon.com/Star-Trek-Phaser-Battle-Sound/dp/B08Y8QZXGD/ref=sr_1_184?brr=1&dchild=1&qid=1634420710&rd=1&s=digital-skills&sr=1-184", "Chocolate Fun Facts by Ethel M Chocolates": "https://www.amazon.com/Chocolate-Fun-Facts-Ethel-Chocolates/dp/B07QZTWDQW/ref=sr_1_185?brr=1&dchild=1&qid=1634420710&rd=1&s=digital-skills&sr=1-185", "Space Launches": "https://www.amazon.com/Pleasant-Laurel-LLC-Space-Launches/dp/B09J3QBSBN/ref=sr_1_186?brr=1&dchild=1&qid=1634420710&rd=1&s=digital-skills&sr=1-186", "Rim Settler : A Space Roguelike Adventure Game": "https://www.amazon.com/Rim-Settler-Space-Roguelike-Adventure/dp/B09HHML6QX/ref=sr_1_187?brr=1&dchild=1&qid=1634420710&rd=1&s=digital-skills&sr=1-187", "Area Security Systems": "https://www.amazon.com/Jesse-Irvine-Area-Security-Systems/dp/B08FSRQZJZ/ref=sr_1_188?brr=1&dchild=1&qid=1634420710&rd=1&s=digital-skills&sr=1-188", "Classic Solitaire": "https://www.amazon.com/Whoa-Labs-Classic-Solitaire/dp/B0954DP288/ref=sr_1_189?brr=1&dchild=1&qid=1634420710&rd=1&s=digital-skills&sr=1-189", "Assassin\u2019s Creed\u00ae Odyssey Spartan": "https://www.amazon.com/Ubisoft-Assassins-Creed%C2%AE-Odyssey-Spartan/dp/B07HFL5BLS/ref=sr_1_190?brr=1&dchild=1&qid=1634420710&rd=1&s=digital-skills&sr=1-190", "D&D Plot Hooks": "https://www.amazon.com/Joseph-Hood-D-Plot-Hooks/dp/B077YZGWSB/ref=sr_1_191?brr=1&dchild=1&qid=1634420710&rd=1&s=digital-skills&sr=1-191", "Roast Me": "https://www.amazon.com/Nitin-Thakur-Roast-Me/dp/B083GRZZZJ/ref=sr_1_192?brr=1&dchild=1&qid=1634420710&rd=1&s=digital-skills&sr=1-192"}