{"Sleep Ocean": "https://www.amazon.com/F%C3%A8RUE-Sleep-Ocean/dp/B097PQ7T1V/ref=sr_1_1905?brr=1&dchild=1&qid=1634421019&rd=1&s=digital-skills&sr=1-1905", "Kwick Shop Liquor 112": "https://www.amazon.com/Ingress-Ventures-Kwick-Shop-Liquor/dp/B097PPTBN7/ref=sr_1_1906?brr=1&dchild=1&qid=1634421019&rd=1&s=digital-skills&sr=1-1906", "Tobacco Plus Cigar 529": "https://www.amazon.com/Ingress-Ventures-Tobacco-Plus-Cigar/dp/B097PNRZ6Z/ref=sr_1_1907?brr=1&dchild=1&qid=1634421019&rd=1&s=digital-skills&sr=1-1907", "Citadel FM Wine Basket & Spirit 1441": "https://www.amazon.com/Citadel-Wine-Basket-Spirit-1441/dp/B097PNCR1W/ref=sr_1_1908?brr=1&dchild=1&qid=1634421019&rd=1&s=digital-skills&sr=1-1908", "Drop Music": "https://www.amazon.com/F%C3%A8RUE-Drop-Music/dp/B097PN65G5/ref=sr_1_1909?brr=1&dchild=1&qid=1634421019&rd=1&s=digital-skills&sr=1-1909", "Best Ocean Sounds": "https://www.amazon.com/F%C3%A8RUE-Best-Ocean-Sounds/dp/B097PMBWS1/ref=sr_1_1910?brr=1&dchild=1&qid=1634421019&rd=1&s=digital-skills&sr=1-1910", "Station News 573": "https://www.amazon.com/Ingress-Ventures-Station-News-573/dp/B097PMBJP2/ref=sr_1_1911?brr=1&dchild=1&qid=1634421019&rd=1&s=digital-skills&sr=1-1911", "Cardinal Wine and Spirit 980": "https://www.amazon.com/Cardinal-Wine-and-Spirit-980/dp/B097PM6Q7N/ref=sr_1_1912?brr=1&dchild=1&qid=1634421019&rd=1&s=digital-skills&sr=1-1912", "Thunderstorm Music": "https://www.amazon.com/F%C3%A8RUE-Thunderstorm-Music/dp/B097PL4T8F/ref=sr_1_1913?brr=1&dchild=1&qid=1634421019&rd=1&s=digital-skills&sr=1-1913", "Sids Smoke Shop 1120": "https://www.amazon.com/Ingress-Ventures-Sids-Smoke-Shop/dp/B097PKQ55L/ref=sr_1_1914?brr=1&dchild=1&qid=1634421019&rd=1&s=digital-skills&sr=1-1914", "Jamies Verity 113": "https://www.amazon.com/Ingress-Ventures-Jamies-Verity-113/dp/B097PKN32L/ref=sr_1_1915?brr=1&dchild=1&qid=1634421019&rd=1&s=digital-skills&sr=1-1915", "BP With Subway 550": "https://www.amazon.com/Ingress-Ventures-With-Subway-550/dp/B097PKDGR2/ref=sr_1_1916?brr=1&dchild=1&qid=1634421019&rd=1&s=digital-skills&sr=1-1916", "Pigeon Music": "https://www.amazon.com/F%C3%A8RUE-Pigeon-Music/dp/B097PJPNKL/ref=sr_1_1917?brr=1&dchild=1&qid=1634421019&rd=1&s=digital-skills&sr=1-1917", "Storm Music": "https://www.amazon.com/F%C3%A8RUE-Storm-Music/dp/B097PJPJZF/ref=sr_1_1918?brr=1&dchild=1&qid=1634421019&rd=1&s=digital-skills&sr=1-1918", "Citadel FM BP with Checkers 1137": "https://www.amazon.com/Citadel-FM-BP-Checkers-1137/dp/B097PJL3GX/ref=sr_1_1919?brr=1&dchild=1&qid=1634421019&rd=1&s=digital-skills&sr=1-1919", "Pig Music": "https://www.amazon.com/F%C3%A8RUE-Pig-Music/dp/B097PJ78PK/ref=sr_1_1920?brr=1&dchild=1&qid=1634421019&rd=1&s=digital-skills&sr=1-1920"}