{"Light Cicada": "https://www.amazon.com/F%C3%A8RUE-Light-Cicada/dp/B097PHS9TZ/ref=sr_1_1921?brr=1&dchild=1&qid=1634421022&rd=1&s=digital-skills&sr=1-1921", "Best Bubbles Sounds": "https://www.amazon.com/F%C3%A8RUE-Best-Bubbles-Sounds/dp/B097PHQDTG/ref=sr_1_1922?brr=1&dchild=1&qid=1634421022&rd=1&s=digital-skills&sr=1-1922", "Best Sparrow Sounds": "https://www.amazon.com/F%C3%A8RUE-Best-Sparrow-Sounds/dp/B097PHJZPQ/ref=sr_1_1923?brr=1&dchild=1&qid=1634421022&rd=1&s=digital-skills&sr=1-1923", "Heavy Cicada": "https://www.amazon.com/F%C3%A8RUE-Heavy-Cicada/dp/B097PFRST3/ref=sr_1_1924?brr=1&dchild=1&qid=1634421022&rd=1&s=digital-skills&sr=1-1924", "Sleep Music": "https://www.amazon.com/F%C3%A8RUE-Sleep-Music/dp/B097PFHT7P/ref=sr_1_1925?brr=1&dchild=1&qid=1634421022&rd=1&s=digital-skills&sr=1-1925", "Sea Music": "https://www.amazon.com/F%C3%A8RUE-Sea-Music/dp/B097PF9HRX/ref=sr_1_1926?brr=1&dchild=1&qid=1634421022&rd=1&s=digital-skills&sr=1-1926", "Ocean Music": "https://www.amazon.com/F%C3%A8RUE-Ocean-Music/dp/B097PDYPQ7/ref=sr_1_1927?brr=1&dchild=1&qid=1634421022&rd=1&s=digital-skills&sr=1-1927", "Best Waterfall Sounds": "https://www.amazon.com/F%C3%A8RUE-Best-Waterfall-Sounds/dp/B097PDXJQF/ref=sr_1_1928?brr=1&dchild=1&qid=1634421022&rd=1&s=digital-skills&sr=1-1928", "Light Thunder": "https://www.amazon.com/F%C3%A8RUE-Light-Thunder/dp/B097PD224X/ref=sr_1_1929?brr=1&dchild=1&qid=1634421022&rd=1&s=digital-skills&sr=1-1929", "City Rain Music": "https://www.amazon.com/F%C3%A8RUE-City-Rain-Music/dp/B097PCNSVB/ref=sr_1_1930?brr=1&dchild=1&qid=1634421022&rd=1&s=digital-skills&sr=1-1930", "Gregorian Chant": "https://www.amazon.com/F%C3%A8RUE-Gregorian-Chant/dp/B097PC1LVN/ref=sr_1_1931?brr=1&dchild=1&qid=1634421022&rd=1&s=digital-skills&sr=1-1931", "Heavy Fan": "https://www.amazon.com/F%C3%A8RUE-Heavy-Fan/dp/B097PBV8CW/ref=sr_1_1932?brr=1&dchild=1&qid=1634421022&rd=1&s=digital-skills&sr=1-1932", "Heavy Thunder": "https://www.amazon.com/F%C3%A8RUE-Heavy-Thunder/dp/B097PBT5V9/ref=sr_1_1933?brr=1&dchild=1&qid=1634421022&rd=1&s=digital-skills&sr=1-1933", "Best Seaside Sounds": "https://www.amazon.com/F%C3%A8RUE-Best-Seaside-Sounds/dp/B097PBLWL8/ref=sr_1_1934?brr=1&dchild=1&qid=1634421022&rd=1&s=digital-skills&sr=1-1934", "Afternoon Sound": "https://www.amazon.com/F%C3%A8RUE-Afternoon-Sound/dp/B097P8S1ZZ/ref=sr_1_1935?brr=1&dchild=1&qid=1634421022&rd=1&s=digital-skills&sr=1-1935", "Japanese Flute": "https://www.amazon.com/F%C3%A8RUE-Japanese-Flute/dp/B097P6M665/ref=sr_1_1936?brr=1&dchild=1&qid=1634421022&rd=1&s=digital-skills&sr=1-1936"}