{"Benton Food Mart 5015": "https://www.amazon.com/Ingress-Ventures-Benton-Food-Mart/dp/B097N2C871/ref=sr_1_1953?brr=1&dchild=1&qid=1634421028&rd=1&s=digital-skills&sr=1-1953", "Citadel FM Tobacco and Beverage mart 2330": "https://www.amazon.com/Citadel-Tobacco-Beverage-mart-2330/dp/B097N27D2N/ref=sr_1_1954?brr=1&dchild=1&qid=1634421028&rd=1&s=digital-skills&sr=1-1954", "Waterfall Music": "https://www.amazon.com/F%C3%A8RUE-Waterfall-Music/dp/B097N1W77H/ref=sr_1_1955?brr=1&dchild=1&qid=1634421028&rd=1&s=digital-skills&sr=1-1955", "Hen Music": "https://www.amazon.com/F%C3%A8RUE-Hen-Music/dp/B097N1TJXT/ref=sr_1_1956?brr=1&dchild=1&qid=1634421028&rd=1&s=digital-skills&sr=1-1956", "Park Music": "https://www.amazon.com/F%C3%A8RUE-Park-Music/dp/B097MZJHW6/ref=sr_1_1957?brr=1&dchild=1&qid=1634421028&rd=1&s=digital-skills&sr=1-1957", "Citadel FM Top of the Hill Market 12882": "https://www.amazon.com/Citadel-Top-Hill-Market-12882/dp/B097MZFZ5P/ref=sr_1_1958?brr=1&dchild=1&qid=1634421028&rd=1&s=digital-skills&sr=1-1958", "Light Fountain": "https://www.amazon.com/F%C3%A8RUE-Light-Fountain/dp/B097MZ3X2Z/ref=sr_1_1959?brr=1&dchild=1&qid=1634421028&rd=1&s=digital-skills&sr=1-1959", "Seaside Music": "https://www.amazon.com/F%C3%A8RUE-Seaside-Music/dp/B097MYVSM2/ref=sr_1_1960?brr=1&dchild=1&qid=1634421028&rd=1&s=digital-skills&sr=1-1960", "Fan Music": "https://www.amazon.com/F%C3%A8RUE-Fan-Music/dp/B097MY7H7K/ref=sr_1_1961?brr=1&dchild=1&qid=1634421028&rd=1&s=digital-skills&sr=1-1961", "Barlow One Stop 710": "https://www.amazon.com/Ingress-Ventures-Barlow-One-Stop/dp/B097MXZRDP/ref=sr_1_1962?brr=1&dchild=1&qid=1634421028&rd=1&s=digital-skills&sr=1-1962", "Best Cicada Sounds": "https://www.amazon.com/F%C3%A8RUE-Best-Cicada-Sounds/dp/B097MXVXZ6/ref=sr_1_1963?brr=1&dchild=1&qid=1634421028&rd=1&s=digital-skills&sr=1-1963", "Sparrow Music": "https://www.amazon.com/F%C3%A8RUE-Sparrow-Music/dp/B097MXNCGT/ref=sr_1_1964?brr=1&dchild=1&qid=1634421028&rd=1&s=digital-skills&sr=1-1964", "Triangle Shell 425": "https://www.amazon.com/Ingress-Ventures-Triangle-Shell-425/dp/B097MX62QP/ref=sr_1_1965?brr=1&dchild=1&qid=1634421028&rd=1&s=digital-skills&sr=1-1965", "Best Fan Sounds": "https://www.amazon.com/F%C3%A8RUE-Best-Fan-Sounds/dp/B097MX2GSW/ref=sr_1_1966?brr=1&dchild=1&qid=1634421028&rd=1&s=digital-skills&sr=1-1966", "Best Seagull Sounds": "https://www.amazon.com/F%C3%A8RUE-Best-Seagull-Sounds/dp/B097MTXRHG/ref=sr_1_1967?brr=1&dchild=1&qid=1634421028&rd=1&s=digital-skills&sr=1-1967", "Best Sleep Sounds": "https://www.amazon.com/F%C3%A8RUE-Best-Sleep-Sounds/dp/B097MTGSCP/ref=sr_1_1968?brr=1&dchild=1&qid=1634421028&rd=1&s=digital-skills&sr=1-1968"}