{"Rain Music": "https://www.amazon.com/F%C3%A8RUE-Rain-Music/dp/B097MTBTZK/ref=sr_1_1969?brr=1&dchild=1&qid=1634421031&rd=1&s=digital-skills&sr=1-1969", "Heavy Seaside": "https://www.amazon.com/F%C3%A8RUE-Heavy-Seaside/dp/B097MSP4F1/ref=sr_1_1970?brr=1&dchild=1&qid=1634421031&rd=1&s=digital-skills&sr=1-1970", "Light Bubbles": "https://www.amazon.com/F%C3%A8RUE-Light-Bubbles/dp/B097MRTQM9/ref=sr_1_1971?brr=1&dchild=1&qid=1634421031&rd=1&s=digital-skills&sr=1-1971", "Best Pigeon Sounds": "https://www.amazon.com/F%C3%A8RUE-Best-Pigeon-Sounds/dp/B097MNFKML/ref=sr_1_1972?brr=1&dchild=1&qid=1634421031&rd=1&s=digital-skills&sr=1-1972", "Light Seaside": "https://www.amazon.com/F%C3%A8RUE-Light-Seaside/dp/B097MM499Q/ref=sr_1_1973?brr=1&dchild=1&qid=1634421031&rd=1&s=digital-skills&sr=1-1973", "Best Thunder Sounds": "https://www.amazon.com/F%C3%A8RUE-Best-Thunder-Sounds/dp/B097MLV7ZZ/ref=sr_1_1974?brr=1&dchild=1&qid=1634421031&rd=1&s=digital-skills&sr=1-1974", "Birds Music": "https://www.amazon.com/F%C3%A8RUE-Birds-Music/dp/B097MLHGHG/ref=sr_1_1975?brr=1&dchild=1&qid=1634421031&rd=1&s=digital-skills&sr=1-1975", "Heavy Birds": "https://www.amazon.com/F%C3%A8RUE-Heavy-Birds/dp/B097MJTRJ5/ref=sr_1_1976?brr=1&dchild=1&qid=1634421031&rd=1&s=digital-skills&sr=1-1976", "Hola Manvi": "https://www.amazon.com/Harsha-Hola-Manvi/dp/B097MJ1MFV/ref=sr_1_1977?brr=1&dchild=1&qid=1634421031&rd=1&s=digital-skills&sr=1-1977", "Center Store 518": "https://www.amazon.com/Ingress-Ventures-Center-Store-518/dp/B097M9VBKF/ref=sr_1_1978?brr=1&dchild=1&qid=1634421031&rd=1&s=digital-skills&sr=1-1978", "Mobile 250": "https://www.amazon.com/Ingress-Ventures-Mobile-250/dp/B097M9LNNX/ref=sr_1_1979?brr=1&dchild=1&qid=1634421031&rd=1&s=digital-skills&sr=1-1979", "BP 3900": "https://www.amazon.com/Ingress-Ventures-BP-3900/dp/B097M9DV66/ref=sr_1_1980?brr=1&dchild=1&qid=1634421031&rd=1&s=digital-skills&sr=1-1980", "BP 2101": "https://www.amazon.com/Ingress-Ventures-BP-2101/dp/B097M93Y8Q/ref=sr_1_1981?brr=1&dchild=1&qid=1634421031&rd=1&s=digital-skills&sr=1-1981", "Citadel FM Fast Stop Gas Grill 816": "https://www.amazon.com/Citadel-Fast-Stop-Gas-Grill/dp/B097M8JC8Y/ref=sr_1_1982?brr=1&dchild=1&qid=1634421031&rd=1&s=digital-skills&sr=1-1982", "E's Skin Care": "https://www.amazon.com/EIsKiwi-Es-Skin-Care/dp/B097M3YJDJ/ref=sr_1_1983?brr=1&dchild=1&qid=1634421031&rd=1&s=digital-skills&sr=1-1983", "welcome manvi": "https://www.amazon.com/Harsha-welcome-manvi/dp/B097L4TF1Y/ref=sr_1_1984?brr=1&dchild=1&qid=1634421031&rd=1&s=digital-skills&sr=1-1984"}