{"Citadel FM Kansa Food Mart 7300": "https://www.amazon.com/Citadel-Kansa-Food-Mart-7300/dp/B097996JZD/ref=sr_1_2017?brr=1&dchild=1&qid=1634421040&rd=1&s=digital-skills&sr=1-2017", "Daly Street Laundry 1550": "https://www.amazon.com/Ingress-Ventures-Daly-Street-Laundry/dp/B097994KWC/ref=sr_1_2018?brr=1&dchild=1&qid=1634421040&rd=1&s=digital-skills&sr=1-2018", "Central Perk - For FRIENDS Fans By FRIENDS Fans": "https://www.amazon.com/Central-Perk-FRIENDS-Fans/dp/B097983RSZ/ref=sr_1_2019?brr=1&dchild=1&qid=1634421040&rd=1&s=digital-skills&sr=1-2019", "Days Inn 8245": "https://www.amazon.com/Ingress-Ventures-Days-Inn-8245/dp/B097972WG5/ref=sr_1_2020?brr=1&dchild=1&qid=1634421040&rd=1&s=digital-skills&sr=1-2020", "Red Roof Inn 110": "https://www.amazon.com/Ingress-Ventures-Red-Roof-Inn/dp/B09795QSJJ/ref=sr_1_2021?brr=1&dchild=1&qid=1634421040&rd=1&s=digital-skills&sr=1-2021", "Ocoee Food Mart 5082": "https://www.amazon.com/Ingress-Ventures-Ocoee-Food-Mart/dp/B09793FQ92/ref=sr_1_2022?brr=1&dchild=1&qid=1634421040&rd=1&s=digital-skills&sr=1-2022", "Quick Pick Food Mart 602": "https://www.amazon.com/Quick-Pick-Food-Mart-602/dp/B0978S1B1Y/ref=sr_1_2023?brr=1&dchild=1&qid=1634421040&rd=1&s=digital-skills&sr=1-2023", "Citadel FM ABC Store 2425": "https://www.amazon.com/Citadel-FM-ABC-Store-2425/dp/B0978RTS9B/ref=sr_1_2024?brr=1&dchild=1&qid=1634421040&rd=1&s=digital-skills&sr=1-2024", "Valli Hai Motel 1034": "https://www.amazon.com/Ingress-Ventures-Valli-Motel-1034/dp/B0978RMQZ3/ref=sr_1_2025?brr=1&dchild=1&qid=1634421040&rd=1&s=digital-skills&sr=1-2025", "Ocoee River Inn 5082": "https://www.amazon.com/Ingress-Ventures-Ocoee-River-5082/dp/B0978QRS1T/ref=sr_1_2026?brr=1&dchild=1&qid=1634421040&rd=1&s=digital-skills&sr=1-2026", "Rarity Bay 256": "https://www.amazon.com/Ingress-Ventures-Rarity-Bay-256/dp/B0978QGV2H/ref=sr_1_2027?brr=1&dchild=1&qid=1634421040&rd=1&s=digital-skills&sr=1-2027", "Shorty Market 104": "https://www.amazon.com/Ingress-Ventures-Shorty-Market-104/dp/B0978NRN9L/ref=sr_1_2028?brr=1&dchild=1&qid=1634421040&rd=1&s=digital-skills&sr=1-2028", "Eagle Mart 316": "https://www.amazon.com/Ingress-Ventures-Eagle-Mart-316/dp/B09785DM5V/ref=sr_1_2029?brr=1&dchild=1&qid=1634421040&rd=1&s=digital-skills&sr=1-2029", "Chotard Landing Resort 350": "https://www.amazon.com/Ingress-Ventures-Chotard-Landing-Resort/dp/B097846VM1/ref=sr_1_2030?brr=1&dchild=1&qid=1634421040&rd=1&s=digital-skills&sr=1-2030", "Chore Picker": "https://www.amazon.com/Brooke-Chore-Picker/dp/B0977KH9GX/ref=sr_1_2031?brr=1&dchild=1&qid=1634421040&rd=1&s=digital-skills&sr=1-2031", "Citadel FM Stayable Suites Orlando 8700S": "https://www.amazon.com/Citadel-Stayable-Suites-Orlando-8700S/dp/B097743XB9/ref=sr_1_2032?brr=1&dchild=1&qid=1634421040&rd=1&s=digital-skills&sr=1-2032"}