{"Geneva motel 3233": "https://www.amazon.com/Ingress-Ventures-Geneva-motel-3233/dp/B0976R6DGF/ref=sr_1_2049?brr=1&dchild=1&qid=1634421046&rd=1&s=digital-skills&sr=1-2049", "Tobacco Mart 957": "https://www.amazon.com/Ingress-Ventures-Tobacco-Mart-957/dp/B0976R5K1D/ref=sr_1_2050?brr=1&dchild=1&qid=1634421046&rd=1&s=digital-skills&sr=1-2050", "State Line Market 110": "https://www.amazon.com/Ingress-Ventures-State-Line-Market/dp/B0976QX8Y5/ref=sr_1_2051?brr=1&dchild=1&qid=1634421046&rd=1&s=digital-skills&sr=1-2051", "Comfort Inn & Suites WV 1": "https://www.amazon.com/Comfort-Inn-Suites-WV-1/dp/B0976QQXDL/ref=sr_1_2052?brr=1&dchild=1&qid=1634421046&rd=1&s=digital-skills&sr=1-2052", "Tops Market 6735": "https://www.amazon.com/Ingress-Ventures-Tops-Market-6735/dp/B0976QM8LS/ref=sr_1_2053?brr=1&dchild=1&qid=1634421046&rd=1&s=digital-skills&sr=1-2053", "King Food Mart 667W": "https://www.amazon.com/Ingress-Ventures-King-Food-Mart/dp/B0976QLM5V/ref=sr_1_2054?brr=1&dchild=1&qid=1634421046&rd=1&s=digital-skills&sr=1-2054", "Vintage Shop 1511": "https://www.amazon.com/Ingress-Ventures-Vintage-Shop-1511/dp/B0976PZX27/ref=sr_1_2055?brr=1&dchild=1&qid=1634421046&rd=1&s=digital-skills&sr=1-2055", "High Five": "https://www.amazon.com/Siddhartha-Kodeeswaran-High-Five/dp/B0975V5DMJ/ref=sr_1_2056?brr=1&dchild=1&qid=1634421046&rd=1&s=digital-skills&sr=1-2056", "Citadel FM Tobacco beverage express 5959": "https://www.amazon.com/Citadel-Tobacco-beverage-express-5959/dp/B0975P2T2Y/ref=sr_1_2057?brr=1&dchild=1&qid=1634421046&rd=1&s=digital-skills&sr=1-2057", "My Random Quiz": "https://www.amazon.com/Shaik-My-Random-Quiz/dp/B0974LRZXL/ref=sr_1_2058?brr=1&dchild=1&qid=1634421046&rd=1&s=digital-skills&sr=1-2058", "Citadel FM Country Inn & Suites Youngstown OH 5570": "https://www.amazon.com/Citadel-Country-Suites-Youngstown-5570/dp/B09735SDYQ/ref=sr_1_2059?brr=1&dchild=1&qid=1634421046&rd=1&s=digital-skills&sr=1-2059", "Citadel FM Country Inn & Suites Mansfield OH 2069": "https://www.amazon.com/Citadel-Country-Suites-Mansfield-2069/dp/B09734YX28/ref=sr_1_2060?brr=1&dchild=1&qid=1634421046&rd=1&s=digital-skills&sr=1-2060", "Citadel FM Holiday Inn Express Ashland OH 1392": "https://www.amazon.com/Citadel-Holiday-Express-Ashland-1392/dp/B09734MJ5Q/ref=sr_1_2061?brr=1&dchild=1&qid=1634421046&rd=1&s=digital-skills&sr=1-2061", "Citadel FM Quality Suites Tinton Falls NJ 3": "https://www.amazon.com/Citadel-Quality-Suites-Tinton-Falls/dp/B09734BPBS/ref=sr_1_2062?brr=1&dchild=1&qid=1634421046&rd=1&s=digital-skills&sr=1-2062", "Citadel FM Hampton Inn Clearfield PA 1777": "https://www.amazon.com/Citadel-Hampton-Inn-Clearfield-1777/dp/B097349LBN/ref=sr_1_2063?brr=1&dchild=1&qid=1634421046&rd=1&s=digital-skills&sr=1-2063", "Baymont Inn 2284": "https://www.amazon.com/Ingress-Ventures-Baymont-Inn-2284/dp/B09733JR2H/ref=sr_1_2064?brr=1&dchild=1&qid=1634421046&rd=1&s=digital-skills&sr=1-2064"}