{"Sunrise Market 550": "https://www.amazon.com/Ingress-Ventures-Sunrise-Market-550/dp/B097337H62/ref=sr_1_2065?brr=1&dchild=1&qid=1634421048&rd=1&s=digital-skills&sr=1-2065", "Citadel FM Holiday Inn Express Mount Vernon OH": "https://www.amazon.com/Citadel-Holiday-Express-Mount-Vernon/dp/B0973317YK/ref=sr_1_2066?brr=1&dchild=1&qid=1634421048&rd=1&s=digital-skills&sr=1-2066", "Crazy Grape 1011": "https://www.amazon.com/Ingress-Ventures-Crazy-Grape-1011/dp/B09732QQBQ/ref=sr_1_2067?brr=1&dchild=1&qid=1634421048&rd=1&s=digital-skills&sr=1-2067", "Citadel FM Holiday Inn Express Newell WV 1181": "https://www.amazon.com/Citadel-Holiday-Express-Newell-1181/dp/B09732JLS5/ref=sr_1_2068?brr=1&dchild=1&qid=1634421048&rd=1&s=digital-skills&sr=1-2068", "Chotard Landing Resort Tavern 80": "https://www.amazon.com/Chotard-Landing-Resort-Tavern-80/dp/B09732HNBT/ref=sr_1_2069?brr=1&dchild=1&qid=1634421048&rd=1&s=digital-skills&sr=1-2069", "Harveys Motel 510": "https://www.amazon.com/Ingress-Ventures-Harveys-Motel-510/dp/B09731YFB5/ref=sr_1_2070?brr=1&dchild=1&qid=1634421048&rd=1&s=digital-skills&sr=1-2070", "Citadel FM Holiday Inn Express Saint Marys PA 195": "https://www.amazon.com/Citadel-Holiday-Express-Saint-Marys/dp/B097311JW8/ref=sr_1_2071?brr=1&dchild=1&qid=1634421048&rd=1&s=digital-skills&sr=1-2071", "Ance 11 1409": "https://www.amazon.com/Ingress-Ventures-Ance-11-1409/dp/B0972ZV7R8/ref=sr_1_2072?brr=1&dchild=1&qid=1634421048&rd=1&s=digital-skills&sr=1-2072", "Citadel FM Hampton inn Steubenville OH 820": "https://www.amazon.com/Citadel-Hampton-inn-Steubenville-820/dp/B0972Z27DJ/ref=sr_1_2073?brr=1&dchild=1&qid=1634421048&rd=1&s=digital-skills&sr=1-2073", "Citadel FM HARRYS TOBACCO MART 5 3288": "https://www.amazon.com/Citadel-HARRYS-TOBACCO-MART-3288/dp/B0972WL8N9/ref=sr_1_2074?brr=1&dchild=1&qid=1634421048&rd=1&s=digital-skills&sr=1-2074", "Citadel FM Tobacco Mart 17317": "https://www.amazon.com/Citadel-FM-Tobacco-Mart-17317/dp/B0972QJ4RM/ref=sr_1_2075?brr=1&dchild=1&qid=1634421048&rd=1&s=digital-skills&sr=1-2075", "Poway Wizard": "https://www.amazon.com/Lauren-Fromm-Poway-Wizard/dp/B0972PF28C/ref=sr_1_2076?brr=1&dchild=1&qid=1634421048&rd=1&s=digital-skills&sr=1-2076", "Citadel FM GEORGETOWN WINE SPIRITS 2325": "https://www.amazon.com/Citadel-GEORGETOWN-WINE-SPIRITS-2325/dp/B0972P57Z2/ref=sr_1_2077?brr=1&dchild=1&qid=1634421048&rd=1&s=digital-skills&sr=1-2077", "Citadel FM Comfort Inn West Mifflin PA 1340": "https://www.amazon.com/Citadel-Comfort-West-Mifflin-1340/dp/B0972LTRYQ/ref=sr_1_2078?brr=1&dchild=1&qid=1634421048&rd=1&s=digital-skills&sr=1-2078", "Tobacco Plus 248": "https://www.amazon.com/Ingress-Ventures-Tobacco-Plus-248/dp/B0972LHX4H/ref=sr_1_2079?brr=1&dchild=1&qid=1634421048&rd=1&s=digital-skills&sr=1-2079", "Citadel FM Holiday Inn Express Kittanning PA 13": "https://www.amazon.com/Citadel-Holiday-Inn-Express-Kittanning/dp/B0972KGW6X/ref=sr_1_2080?brr=1&dchild=1&qid=1634421048&rd=1&s=digital-skills&sr=1-2080"}