{"Quiz Maker": "https://www.amazon.com/P3-Apps-Quiz-Maker/dp/B096ZP68QK/ref=sr_1_2097?brr=1&dchild=1&qid=1634421054&rd=1&s=digital-skills&sr=1-2097", "HARRYS 8 1801": "https://www.amazon.com/Ingress-Ventures-HARRYS-8-1801/dp/B096YF57D8/ref=sr_1_2098?brr=1&dchild=1&qid=1634421054&rd=1&s=digital-skills&sr=1-2098", "Blue Facts": "https://www.amazon.com/DBBZ-Blue-Facts/dp/B096YCPMWR/ref=sr_1_2099?brr=1&dchild=1&qid=1634421054&rd=1&s=digital-skills&sr=1-2099", "get your location": "https://www.amazon.com/Anasuya-get-your-location/dp/B096YCMG18/ref=sr_1_2100?brr=1&dchild=1&qid=1634421054&rd=1&s=digital-skills&sr=1-2100", "Citadel FM Old 471 Foodmart 1016": "https://www.amazon.com/Citadel-Old-471-Foodmart-1016/dp/B096Y4N8D4/ref=sr_1_2101?brr=1&dchild=1&qid=1634421054&rd=1&s=digital-skills&sr=1-2101", "Vines Wine and Liquor 323": "https://www.amazon.com/Vines-Wine-and-Liquor-323/dp/B096Y3CLQK/ref=sr_1_2102?brr=1&dchild=1&qid=1634421054&rd=1&s=digital-skills&sr=1-2102", "Citadel FM HARRYS 43 3637": "https://www.amazon.com/Citadel-FM-HARRYS-43-3637/dp/B096XYQXLN/ref=sr_1_2103?brr=1&dchild=1&qid=1634421054&rd=1&s=digital-skills&sr=1-2103", "Citadel FM HARRYS 34 1195": "https://www.amazon.com/Citadel-FM-HARRYS-34-1195/dp/B096XY3XDF/ref=sr_1_2104?brr=1&dchild=1&qid=1634421054&rd=1&s=digital-skills&sr=1-2104", "Ninja Go Possession Story": "https://www.amazon.com/%E2%9C%A8i-am-awesome%E2%9C%A8-Ninja-Possession/dp/B096XQPXMK/ref=sr_1_2105?brr=1&dchild=1&qid=1634421054&rd=1&s=digital-skills&sr=1-2105", "Power Up Fm": "https://www.amazon.com/Arpit-sharma-Power-Up-Fm/dp/B096XF94VT/ref=sr_1_2106?brr=1&dchild=1&qid=1634421054&rd=1&s=digital-skills&sr=1-2106", "Fortune Cookie": "https://www.amazon.com/Tianqi-Wu-Fortune-Cookie/dp/B096X7VSKT/ref=sr_1_2107?brr=1&dchild=1&qid=1634421054&rd=1&s=digital-skills&sr=1-2107", "Season Five Spoilers - Ninjago": "https://www.amazon.com/%E2%9C%A8i-am-awesome%E2%9C%A8-Season-Spoilers/dp/B096X4K843/ref=sr_1_2108?brr=1&dchild=1&qid=1634421054&rd=1&s=digital-skills&sr=1-2108", "Citadel FM Holiday Express & Suites 1000": "https://www.amazon.com/Citadel-Holiday-Express-Suites-1000/dp/B096X2K8G2/ref=sr_1_2109?brr=1&dchild=1&qid=1634421054&rd=1&s=digital-skills&sr=1-2109", "Prodskillcustom": "https://www.amazon.com/Hima-Prodskillcustom/dp/B096WXCRBP/ref=sr_1_2110?brr=1&dchild=1&qid=1634421054&rd=1&s=digital-skills&sr=1-2110", "My Facts Seventeen": "https://www.amazon.com/Dinesh-Thangaraj-My-Facts-Seventeen/dp/B096WP5TSR/ref=sr_1_2111?brr=1&dchild=1&qid=1634421054&rd=1&s=digital-skills&sr=1-2111", "Life Outside Hogwarts": "https://www.amazon.com/Phoenix-Voice-Life-Outside-Hogwarts/dp/B096WKDM3M/ref=sr_1_2112?brr=1&dchild=1&qid=1634421054&rd=1&s=digital-skills&sr=1-2112"}