{"Citadel FM Best Way Inn Grants Pass 1253NE": "https://www.amazon.com/Citadel-Best-Grants-Pass-1253NE/dp/B096WDV328/ref=sr_1_2113?brr=1&dchild=1&qid=1634421057&rd=1&s=digital-skills&sr=1-2113", "Super 8 Wisconsin 800": "https://www.amazon.com/Ingress-Ventures-Super-Wisconsin-800/dp/B096W4JBBD/ref=sr_1_2114?brr=1&dchild=1&qid=1634421057&rd=1&s=digital-skills&sr=1-2114", "Mayas Salon 2380": "https://www.amazon.com/Ingress-Ventures-Mayas-Salon-2380/dp/B096W3SCSQ/ref=sr_1_2115?brr=1&dchild=1&qid=1634421057&rd=1&s=digital-skills&sr=1-2115", "Adventure Heroes": "https://www.amazon.com/Daliah-Adventure-Heroes/dp/B096VXVXCT/ref=sr_1_2116?brr=1&dchild=1&qid=1634421057&rd=1&s=digital-skills&sr=1-2116", "Harrys 16 4512": "https://www.amazon.com/Ingress-Ventures-Harrys-16-4512/dp/B096VK5L2Y/ref=sr_1_2117?brr=1&dchild=1&qid=1634421057&rd=1&s=digital-skills&sr=1-2117", "Citadel FM HARRYS 28 3370": "https://www.amazon.com/Citadel-FM-HARRYS-28-3370/dp/B096VJS16B/ref=sr_1_2118?brr=1&dchild=1&qid=1634421057&rd=1&s=digital-skills&sr=1-2118", "Citadel FM HARRYS 38 1704": "https://www.amazon.com/Citadel-FM-HARRYS-38-1704/dp/B096VHLKLK/ref=sr_1_2119?brr=1&dchild=1&qid=1634421057&rd=1&s=digital-skills&sr=1-2119", "HARRYS WINE & SPIRITS 705": "https://www.amazon.com/Ingress-Ventures-HARRYS-WINE-SPIRITS/dp/B096TXNCS7/ref=sr_1_2120?brr=1&dchild=1&qid=1634421057&rd=1&s=digital-skills&sr=1-2120", "HARRYS 40 2300": "https://www.amazon.com/Ingress-Ventures-HARRYS-40-2300/dp/B096TWVXTS/ref=sr_1_2121?brr=1&dchild=1&qid=1634421057&rd=1&s=digital-skills&sr=1-2121", "HARRYS 39 101": "https://www.amazon.com/Ingress-Ventures-HARRYS-39-101/dp/B096TWTN7W/ref=sr_1_2122?brr=1&dchild=1&qid=1634421057&rd=1&s=digital-skills&sr=1-2122", "Harrys 18 5150N": "https://www.amazon.com/Ingress-Ventures-Harrys-18-5150N/dp/B096TVN7RF/ref=sr_1_2123?brr=1&dchild=1&qid=1634421057&rd=1&s=digital-skills&sr=1-2123", "Citadel FM Harrys Corp Office 4850": "https://www.amazon.com/Citadel-Harrys-Corp-Office-4850/dp/B096TV1RYB/ref=sr_1_2124?brr=1&dchild=1&qid=1634421057&rd=1&s=digital-skills&sr=1-2124", "Econo Lodge Cottage Sunset 310": "https://www.amazon.com/Econo-Lodge-Cottage-Sunset-310/dp/B096TTYQWW/ref=sr_1_2125?brr=1&dchild=1&qid=1634421057&rd=1&s=digital-skills&sr=1-2125", "Citadel FM Walnut Express 2425E": "https://www.amazon.com/Citadel-FM-Walnut-Express-2425E/dp/B096TTJRM5/ref=sr_1_2126?brr=1&dchild=1&qid=1634421057&rd=1&s=digital-skills&sr=1-2126", "HARRYS 14 13000": "https://www.amazon.com/Ingress-Ventures-HARRYS-14-13000/dp/B096TTB34N/ref=sr_1_2127?brr=1&dchild=1&qid=1634421057&rd=1&s=digital-skills&sr=1-2127", "Citadel FM HARRYS 19 1498": "https://www.amazon.com/Citadel-FM-HARRYS-19-1498/dp/B096T6F5MW/ref=sr_1_2128?brr=1&dchild=1&qid=1634421057&rd=1&s=digital-skills&sr=1-2128"}