{"HARRYS 29 516": "https://www.amazon.com/Ingress-Ventures-HARRYS-29-516/dp/B096SY7DRD/ref=sr_1_2145?brr=1&dchild=1&qid=1634421063&rd=1&s=digital-skills&sr=1-2145", "Citadel FM HARRYS TOBACCO MART 6 1562": "https://www.amazon.com/Citadel-HARRYS-TOBACCO-MART-1562/dp/B096SRPVL5/ref=sr_1_2146?brr=1&dchild=1&qid=1634421063&rd=1&s=digital-skills&sr=1-2146", "Citadel FM Prime time Sedalia 65301": "https://www.amazon.com/Citadel-Prime-time-Sedalia-65301/dp/B096SKC627/ref=sr_1_2147?brr=1&dchild=1&qid=1634421063&rd=1&s=digital-skills&sr=1-2147", "Ad Astra Sports": "https://www.amazon.com/ShoutStreaming-Ad-Astra-Sports/dp/B096SK2NSP/ref=sr_1_2148?brr=1&dchild=1&qid=1634421063&rd=1&s=digital-skills&sr=1-2148", "RED HOT LIQUORS 1708": "https://www.amazon.com/Ingress-Ventures-RED-LIQUORS-1708/dp/B096SJ46WJ/ref=sr_1_2149?brr=1&dchild=1&qid=1634421063&rd=1&s=digital-skills&sr=1-2149", "HARRYS 30 280": "https://www.amazon.com/Ingress-Ventures-HARRYS-30-280/dp/B096SHGGK3/ref=sr_1_2150?brr=1&dchild=1&qid=1634421063&rd=1&s=digital-skills&sr=1-2150", "Sinclair 1704": "https://www.amazon.com/Ingress-Ventures-Sinclair-1704/dp/B096SHBBCR/ref=sr_1_2151?brr=1&dchild=1&qid=1634421063&rd=1&s=digital-skills&sr=1-2151", "HARRYS 1 150": "https://www.amazon.com/Ingress-Ventures-HARRYS-1-150/dp/B096SH7YPC/ref=sr_1_2152?brr=1&dchild=1&qid=1634421063&rd=1&s=digital-skills&sr=1-2152", "Power Up Jazz": "https://www.amazon.com/Arpit-sharma-Power-Up-Jazz/dp/B096SGWG1Y/ref=sr_1_2153?brr=1&dchild=1&qid=1634421063&rd=1&s=digital-skills&sr=1-2153", "Citadel FM Phillips 66 1509W": "https://www.amazon.com/Citadel-FM-Phillips-66-1509W/dp/B096SGG44H/ref=sr_1_2154?brr=1&dchild=1&qid=1634421063&rd=1&s=digital-skills&sr=1-2154", "Citadel FM EAST BRAINERD WINE & SPIRITS 7804": "https://www.amazon.com/Citadel-EAST-BRAINERD-WINE-SPIRITS/dp/B096SFJ8GT/ref=sr_1_2155?brr=1&dchild=1&qid=1634421063&rd=1&s=digital-skills&sr=1-2155", "Citadel FM MIDLAND DISCOUNT LIQUOR 7162": "https://www.amazon.com/Citadel-MIDLAND-DISCOUNT-LIQUOR-7162/dp/B096SFC79F/ref=sr_1_2156?brr=1&dchild=1&qid=1634421063&rd=1&s=digital-skills&sr=1-2156", "HARRYS 12 5205": "https://www.amazon.com/Ingress-Ventures-HARRYS-12-5205/dp/B096SCTQND/ref=sr_1_2157?brr=1&dchild=1&qid=1634421063&rd=1&s=digital-skills&sr=1-2157", "Citadel FM WOODYS GAS EXPRESS 109": "https://www.amazon.com/Citadel-WOODYS-GAS-EXPRESS-109/dp/B096SBCR8P/ref=sr_1_2158?brr=1&dchild=1&qid=1634421063&rd=1&s=digital-skills&sr=1-2158", "Citadel FM NALL VALLEY WINE & SPIRITS 5308W": "https://www.amazon.com/Citadel-NALL-VALLEY-SPIRITS-5308W/dp/B096S8CL26/ref=sr_1_2159?brr=1&dchild=1&qid=1634421063&rd=1&s=digital-skills&sr=1-2159", "Tobacco Depot 203": "https://www.amazon.com/Ingress-Ventures-Tobacco-Depot-203/dp/B096S3VXG1/ref=sr_1_2160?brr=1&dchild=1&qid=1634421063&rd=1&s=digital-skills&sr=1-2160"}