{"Orange Market 1823": "https://www.amazon.com/Ingress-Ventures-Orange-Market-1823/dp/B096S1W2YX/ref=sr_1_2161?brr=1&dchild=1&qid=1634421066&rd=1&s=digital-skills&sr=1-2161", "Surf N Go 5002NE": "https://www.amazon.com/Ingress-Ventures-Surf-Go-5002NE/dp/B096S1KL3W/ref=sr_1_2162?brr=1&dchild=1&qid=1634421066&rd=1&s=digital-skills&sr=1-2162", "Citadel FM MASTIN DISCOUNT LIQUOR 10321": "https://www.amazon.com/Citadel-MASTIN-DISCOUNT-LIQUOR-10321/dp/B096S1HB6X/ref=sr_1_2163?brr=1&dchild=1&qid=1634421066&rd=1&s=digital-skills&sr=1-2163", "Sinclair 922E": "https://www.amazon.com/Ingress-Ventures-Sinclair-922E/dp/B096S119P9/ref=sr_1_2164?brr=1&dchild=1&qid=1634421066&rd=1&s=digital-skills&sr=1-2164", "TRUMAN TOWN 4302": "https://www.amazon.com/Ingress-Ventures-TRUMAN-TOWN-4302/dp/B096RYYSXY/ref=sr_1_2165?brr=1&dchild=1&qid=1634421066&rd=1&s=digital-skills&sr=1-2165", "Citadel FM HARRYS LIQUOR 4388": "https://www.amazon.com/Citadel-FM-HARRYS-LIQUOR-4388/dp/B096RYXP52/ref=sr_1_2166?brr=1&dchild=1&qid=1634421066&rd=1&s=digital-skills&sr=1-2166", "Comfort Inn 2200": "https://www.amazon.com/Ingress-Ventures-Comfort-Inn-2200/dp/B096RXTGGZ/ref=sr_1_2167?brr=1&dchild=1&qid=1634421066&rd=1&s=digital-skills&sr=1-2167", "Citadel FM Hanging Rock BP & Subway 1812": "https://www.amazon.com/Citadel-Hanging-Rock-Subway-1812/dp/B096RXNG38/ref=sr_1_2168?brr=1&dchild=1&qid=1634421066&rd=1&s=digital-skills&sr=1-2168", "Citadel FM Caverns Market 5721": "https://www.amazon.com/Citadel-FM-Caverns-Market-5721/dp/B096RX9Q8N/ref=sr_1_2169?brr=1&dchild=1&qid=1634421066&rd=1&s=digital-skills&sr=1-2169", "Citadel FM Discount Beverage Mart 11167": "https://www.amazon.com/Citadel-Discount-Beverage-Mart-11167/dp/B096RX2J1N/ref=sr_1_2170?brr=1&dchild=1&qid=1634421066&rd=1&s=digital-skills&sr=1-2170", "Power Up Rnb": "https://www.amazon.com/Arpit-sharma-Power-Up-Rnb/dp/B096RWN95K/ref=sr_1_2171?brr=1&dchild=1&qid=1634421066&rd=1&s=digital-skills&sr=1-2171", "BHRAMANI INC 114S": "https://www.amazon.com/Ingress-Ventures-BHRAMANI-INC-114S/dp/B096RW62P9/ref=sr_1_2172?brr=1&dchild=1&qid=1634421066&rd=1&s=digital-skills&sr=1-2172", "2048": "https://www.amazon.com/Whoa-Labs-2048/dp/B096RVRR5T/ref=sr_1_2173?brr=1&dchild=1&qid=1634421066&rd=1&s=digital-skills&sr=1-2173", "Citadel FM Rays Drive Thru 4496W": "https://www.amazon.com/Citadel-Rays-Drive-Thru-4496W/dp/B096RTCBZP/ref=sr_1_2174?brr=1&dchild=1&qid=1634421066&rd=1&s=digital-skills&sr=1-2174", "Citadel FM Green way Market 1338": "https://www.amazon.com/Citadel-Green-way-Market-1338/dp/B096RS9875/ref=sr_1_2175?brr=1&dchild=1&qid=1634421066&rd=1&s=digital-skills&sr=1-2175", "Citadel FM PARK N SHOP FOOD LIQUOR 4581": "https://www.amazon.com/Citadel-PARK-SHOP-FOOD-LIQUOR/dp/B096RRW5CH/ref=sr_1_2176?brr=1&dchild=1&qid=1634421066&rd=1&s=digital-skills&sr=1-2176"}