{"Aloha Inn 235": "https://www.amazon.com/Ingress-Ventures-Aloha-Inn-235/dp/B096M7M9T9/ref=sr_1_2193?brr=1&dchild=1&qid=1634421072&rd=1&s=digital-skills&sr=1-2193", "Fontana Village Inn": "https://www.amazon.com/Ingress-Ventures-Fontana-Village-Inn/dp/B096M767WB/ref=sr_1_2194?brr=1&dchild=1&qid=1634421072&rd=1&s=digital-skills&sr=1-2194", "Baymont Inn & Suites 7030": "https://www.amazon.com/Ingress-Ventures-Baymont-Suites-7030/dp/B096M3WRSC/ref=sr_1_2195?brr=1&dchild=1&qid=1634421072&rd=1&s=digital-skills&sr=1-2195", "Kampus Inn 2820NW": "https://www.amazon.com/Ingress-Ventures-Kampus-Inn-2820NW/dp/B096LYXXJC/ref=sr_1_2196?brr=1&dchild=1&qid=1634421072&rd=1&s=digital-skills&sr=1-2196", "Lakeland Inn 1002": "https://www.amazon.com/Ingress-Ventures-Lakeland-Inn-1002/dp/B096LYWRPB/ref=sr_1_2197?brr=1&dchild=1&qid=1634421072&rd=1&s=digital-skills&sr=1-2197", "Motel 6 911": "https://www.amazon.com/Ingress-Ventures-Motel-6-911/dp/B096LWYC3W/ref=sr_1_2198?brr=1&dchild=1&qid=1634421072&rd=1&s=digital-skills&sr=1-2198", "Quality Inn Seaside Oregon 2455S": "https://www.amazon.com/Quality-Inn-Seaside-Oregon-2455S/dp/B096LWY3Y5/ref=sr_1_2199?brr=1&dchild=1&qid=1634421072&rd=1&s=digital-skills&sr=1-2199", "Pomona Inn 1840": "https://www.amazon.com/Ingress-Ventures-Pomona-Inn-1840/dp/B096LWK3RT/ref=sr_1_2200?brr=1&dchild=1&qid=1634421072&rd=1&s=digital-skills&sr=1-2200", "Citadel FM Prairie Inn and Suites 3913": "https://www.amazon.com/Citadel-Prairie-Inn-Suites-3913/dp/B096LVXF7Z/ref=sr_1_2201?brr=1&dchild=1&qid=1634421072&rd=1&s=digital-skills&sr=1-2201", "LX Hotel 201": "https://www.amazon.com/Ingress-Ventures-LX-Hotel-201/dp/B096LPMRSM/ref=sr_1_2202?brr=1&dchild=1&qid=1634421072&rd=1&s=digital-skills&sr=1-2202", "Tech Master": "https://www.amazon.com/CoPa-Inc-Tech-Master/dp/B096L9YPJJ/ref=sr_1_2203?brr=1&dchild=1&qid=1634421072&rd=1&s=digital-skills&sr=1-2203", "Car Tic": "https://www.amazon.com/Trim-Estates-Car-Tic/dp/B096L9Y7NP/ref=sr_1_2204?brr=1&dchild=1&qid=1634421072&rd=1&s=digital-skills&sr=1-2204", "Author Quiz": "https://www.amazon.com/NoScratch-Author-Quiz/dp/B096L1HTQL/ref=sr_1_2205?brr=1&dchild=1&qid=1634421072&rd=1&s=digital-skills&sr=1-2205", "Pick One": "https://www.amazon.com/SilentAssassin-Pick-One/dp/B096KX2MNF/ref=sr_1_2206?brr=1&dchild=1&qid=1634421072&rd=1&s=digital-skills&sr=1-2206", "Indian Food information": "https://www.amazon.com/Advait-Shiralkar-Indian-Food-information/dp/B096KT9846/ref=sr_1_2207?brr=1&dchild=1&qid=1634421072&rd=1&s=digital-skills&sr=1-2207", "Econo Lodge 400E": "https://www.amazon.com/Ingress-Ventures-Econo-Lodge-400E/dp/B096KQWXFW/ref=sr_1_2208?brr=1&dchild=1&qid=1634421072&rd=1&s=digital-skills&sr=1-2208"}