{"Eddyville Wine and Spirits 652": "https://www.amazon.com/Eddyville-Wine-and-Spirits-652/dp/B096KPT843/ref=sr_1_2209?brr=1&dchild=1&qid=1634421075&rd=1&s=digital-skills&sr=1-2209", "Power Up Hits": "https://www.amazon.com/Arpit-sharma-Power-Up-Hits/dp/B096KC54D8/ref=sr_1_2210?brr=1&dchild=1&qid=1634421075&rd=1&s=digital-skills&sr=1-2210", "Power Up Reggae": "https://www.amazon.com/Arpit-sharma-Power-Up-Reggae/dp/B096KB6VDL/ref=sr_1_2211?brr=1&dchild=1&qid=1634421075&rd=1&s=digital-skills&sr=1-2211", "Power Up Dance": "https://www.amazon.com/Arpit-sharma-Power-Up-Dance/dp/B096K1K8M5/ref=sr_1_2212?brr=1&dchild=1&qid=1634421075&rd=1&s=digital-skills&sr=1-2212", "Power Up Classic": "https://www.amazon.com/Arpit-sharma-Power-Up-Classic/dp/B096JWVKML/ref=sr_1_2213?brr=1&dchild=1&qid=1634421075&rd=1&s=digital-skills&sr=1-2213", "Capitals Quiz": "https://www.amazon.com/Pub-Capitals-Quiz/dp/B096JSJRKJ/ref=sr_1_2214?brr=1&dchild=1&qid=1634421075&rd=1&s=digital-skills&sr=1-2214", "Power Up Soca": "https://www.amazon.com/Arpit-sharma-Power-Up-Soca/dp/B096JQDVB8/ref=sr_1_2215?brr=1&dchild=1&qid=1634421075&rd=1&s=digital-skills&sr=1-2215", "Power Up Dancehall": "https://www.amazon.com/Arpit-sharma-Power-Up-Dancehall/dp/B096HMDHHD/ref=sr_1_2216?brr=1&dchild=1&qid=1634421075&rd=1&s=digital-skills&sr=1-2216", "Power Up Hip Hop": "https://www.amazon.com/Arpit-sharma-Power-Hip-Hop/dp/B096H8BSW9/ref=sr_1_2217?brr=1&dchild=1&qid=1634421075&rd=1&s=digital-skills&sr=1-2217", "Power Up Raw": "https://www.amazon.com/Arpit-sharma-Power-Up-Raw/dp/B096H86KDZ/ref=sr_1_2218?brr=1&dchild=1&qid=1634421075&rd=1&s=digital-skills&sr=1-2218", "My Bestie Girl": "https://www.amazon.com/Daliah-My-Bestie-Girl/dp/B096FZR1FQ/ref=sr_1_2219?brr=1&dchild=1&qid=1634421075&rd=1&s=digital-skills&sr=1-2219", "Brookside Motel 603": "https://www.amazon.com/Ingress-Ventures-Brookside-Motel-603/dp/B096FYHWZJ/ref=sr_1_2220?brr=1&dchild=1&qid=1634421075&rd=1&s=digital-skills&sr=1-2220", "Citadel FM Travelers Inn Medford 954": "https://www.amazon.com/Citadel-Travelers-Inn-Medford-954/dp/B096FY5SHN/ref=sr_1_2221?brr=1&dchild=1&qid=1634421075&rd=1&s=digital-skills&sr=1-2221", "Super 8 2809": "https://www.amazon.com/Ingress-Ventures-Super-8-2809/dp/B096FX8ZK4/ref=sr_1_2222?brr=1&dchild=1&qid=1634421075&rd=1&s=digital-skills&sr=1-2222", "Relax Inn of Medford 1102N": "https://www.amazon.com/Relax-Inn-of-Medford-1102N/dp/B096FWFCDP/ref=sr_1_2223?brr=1&dchild=1&qid=1634421075&rd=1&s=digital-skills&sr=1-2223", "Citadel FM Colonial Liquor 2813": "https://www.amazon.com/Citadel-FM-Colonial-Liquor-2813/dp/B096FN73VC/ref=sr_1_2224?brr=1&dchild=1&qid=1634421075&rd=1&s=digital-skills&sr=1-2224"}