{"Original Tales": "https://www.amazon.com/Alexa-Originals-Original-Tales/dp/B08BX4QR69/ref=sr_1_209?brr=1&dchild=1&qid=1634420715&rd=1&s=digital-skills&sr=1-209", "Ghost Sounds: Spooky Sounds": "https://www.amazon.com/RB-Innovate-Spooky-Sounds/dp/B07KK4XZL7/ref=sr_1_210?brr=1&dchild=1&qid=1634420715&rd=1&s=digital-skills&sr=1-210", "Escape Room in a Box": "https://www.amazon.com/Escape-Room-In-A-Box/dp/B076FG8JWC/ref=sr_1_211?brr=1&dchild=1&qid=1634420715&rd=1&s=digital-skills&sr=1-211", "Fifty States Challenge": "https://www.amazon.com/Foomaloo-Too-Fifty-States-Challenge/dp/B07QGZTGLZ/ref=sr_1_212?brr=1&dchild=1&qid=1634420715&rd=1&s=digital-skills&sr=1-212", "Answers at questions": "https://www.amazon.com/Chris-Answers-at-questions/dp/B0834MS7F8/ref=sr_1_213?brr=1&dchild=1&qid=1634420715&rd=1&s=digital-skills&sr=1-213", "Last Light in the Dark": "https://www.amazon.com/Last-Light-in-the-Dark/dp/B098TX4ZRT/ref=sr_1_214?brr=1&dchild=1&qid=1634420715&rd=1&s=digital-skills&sr=1-214", "Baby Rattle": "https://www.amazon.com/Ganesh-Baby-Rattle/dp/B06XQVYN5C/ref=sr_1_215?brr=1&dchild=1&qid=1634420715&rd=1&s=digital-skills&sr=1-215", "Unofficial Animal Crossing Price Guide": "https://www.amazon.com/Unofficial-Animal-Crossing-Price-Guide/dp/B0876NHZC2/ref=sr_1_216?brr=1&dchild=1&qid=1634420715&rd=1&s=digital-skills&sr=1-216", "2 Train Trivia": "https://www.amazon.com/jnthnrzr-2-Train-Trivia/dp/B07K27XXDT/ref=sr_1_217?brr=1&dchild=1&qid=1634420715&rd=1&s=digital-skills&sr=1-217", "Premium Dollar Facts": "https://www.amazon.com/Pramod-Premium-Dollar-Facts/dp/B09BDQXCCP/ref=sr_1_218?brr=1&dchild=1&qid=1634420715&rd=1&s=digital-skills&sr=1-218", "Kids Quiz!": "https://www.amazon.com/VoicePress-AI-Kids-Quiz/dp/B07JJYNY5J/ref=sr_1_219?brr=1&dchild=1&qid=1634420715&rd=1&s=digital-skills&sr=1-219", "Star Trek-Borg Phaser, Beam and Transporter Sound": "https://www.amazon.com/Star-Trek-Borg-Phaser-Transporter-Sound/dp/B08Y5JHM4Y/ref=sr_1_220?brr=1&dchild=1&qid=1634420715&rd=1&s=digital-skills&sr=1-220", "Star Trek - Discovery Phaser Battle Sound": "https://www.amazon.com/Star-Trek-Discovery-Phaser-Battle/dp/B08XPGWL33/ref=sr_1_221?brr=1&dchild=1&qid=1634420715&rd=1&s=digital-skills&sr=1-221", "NFL Trivia": "https://www.amazon.com/Amazon-Prime-Video-NFL-Trivia/dp/B074KQXBD4/ref=sr_1_222?brr=1&dchild=1&qid=1634420715&rd=1&s=digital-skills&sr=1-222", "Challenge Accepted Facts": "https://www.amazon.com/ChallAcc-Challenge-Accepted-Facts/dp/B0813V813G/ref=sr_1_223?brr=1&dchild=1&qid=1634420715&rd=1&s=digital-skills&sr=1-223", "Spanish Trivia": "https://www.amazon.com/planadecu-Spanish-Trivia/dp/B07R7R441G/ref=sr_1_224?brr=1&dchild=1&qid=1634420715&rd=1&s=digital-skills&sr=1-224"}