{"Korner Kwik Mart 901W": "https://www.amazon.com/Ingress-Ventures-Korner-Kwik-Mart/dp/B0969C6YFN/ref=sr_1_2241?brr=1&dchild=1&qid=1634421081&rd=1&s=digital-skills&sr=1-2241", "Task Tracker": "https://www.amazon.com/Tosha-Task-Tracker/dp/B0968M59GC/ref=sr_1_2242?brr=1&dchild=1&qid=1634421081&rd=1&s=digital-skills&sr=1-2242", "Fanzone Football Quiz": "https://www.amazon.com/Zanzoon-Fanzone-Football-Quiz/dp/B0968HNGH2/ref=sr_1_2243?brr=1&dchild=1&qid=1634421081&rd=1&s=digital-skills&sr=1-2243", "La Quinta 1100W": "https://www.amazon.com/Ingress-Ventures-La-Quinta-1100W/dp/B0968G82MS/ref=sr_1_2244?brr=1&dchild=1&qid=1634421081&rd=1&s=digital-skills&sr=1-2244", "Team Shop Vegas": "https://www.amazon.com/H-Team-Shop-Vegas/dp/B0968G6LRT/ref=sr_1_2245?brr=1&dchild=1&qid=1634421081&rd=1&s=digital-skills&sr=1-2245", "La Quinta 2705": "https://www.amazon.com/Ingress-Ventures-La-Quinta-2705/dp/B0968FY116/ref=sr_1_2246?brr=1&dchild=1&qid=1634421081&rd=1&s=digital-skills&sr=1-2246", "Citadel FM BP Express Kenosha 2616": "https://www.amazon.com/Citadel-FM-Express-Kenosha-2616/dp/B0968FKVQV/ref=sr_1_2247?brr=1&dchild=1&qid=1634421081&rd=1&s=digital-skills&sr=1-2247", "Grove Quick Mart 1380": "https://www.amazon.com/Ingress-Ventures-Grove-Quick-Mart/dp/B0968F6RNG/ref=sr_1_2248?brr=1&dchild=1&qid=1634421081&rd=1&s=digital-skills&sr=1-2248", "Citadel FM La Quinta 44575": "https://www.amazon.com/Citadel-FM-La-Quinta-44575/dp/B0968F2MZM/ref=sr_1_2249?brr=1&dchild=1&qid=1634421081&rd=1&s=digital-skills&sr=1-2249", "Best Western Llano 901": "https://www.amazon.com/Ingress-Ventures-Best-Western-Llano/dp/B0968DWT4X/ref=sr_1_2250?brr=1&dchild=1&qid=1634421081&rd=1&s=digital-skills&sr=1-2250", "Citadel FM Super Spin Laundromat 294": "https://www.amazon.com/Citadel-Super-Spin-Laundromat-294/dp/B0968DLWW7/ref=sr_1_2251?brr=1&dchild=1&qid=1634421081&rd=1&s=digital-skills&sr=1-2251", "Citadel FM 7 Star Motel Marshfield 2121 W": "https://www.amazon.com/Citadel-Star-Motel-Marshfield-2121/dp/B0968DLM7Y/ref=sr_1_2252?brr=1&dchild=1&qid=1634421081&rd=1&s=digital-skills&sr=1-2252", "Citadel FM Holiday Inn Express 1561": "https://www.amazon.com/Citadel-Holiday-Inn-Express-1561/dp/B0968D85HM/ref=sr_1_2253?brr=1&dchild=1&qid=1634421081&rd=1&s=digital-skills&sr=1-2253", "Citadel FM Baymont Marshfield 2107": "https://www.amazon.com/Citadel-FM-Baymont-Marshfield-2107/dp/B0968CQJPQ/ref=sr_1_2254?brr=1&dchild=1&qid=1634421081&rd=1&s=digital-skills&sr=1-2254", "Agify!": "https://www.amazon.com/Ryan-Kauffman-Agify/dp/B0968C3XTF/ref=sr_1_2255?brr=1&dchild=1&qid=1634421081&rd=1&s=digital-skills&sr=1-2255", "Hotel Texas 2400N": "https://www.amazon.com/Ingress-Ventures-Hotel-Texas-2400N/dp/B0968BY9HP/ref=sr_1_2256?brr=1&dchild=1&qid=1634421081&rd=1&s=digital-skills&sr=1-2256"}