{"Citadel FM La Quinta Inn 7603N": "https://www.amazon.com/Citadel-FM-Quinta-Inn-7603N/dp/B0968B53YR/ref=sr_1_2257?brr=1&dchild=1&qid=1634421084&rd=1&s=digital-skills&sr=1-2257", "Golden Bear Hotel 1620": "https://www.amazon.com/Ingress-Ventures-Golden-Bear-Hotel/dp/B09688KWXC/ref=sr_1_2258?brr=1&dchild=1&qid=1634421084&rd=1&s=digital-skills&sr=1-2258", "Camp Inn Lodge 3111 N": "https://www.amazon.com/Camp-Inn-Lodge-3111-N/dp/B09687X7JS/ref=sr_1_2259?brr=1&dchild=1&qid=1634421084&rd=1&s=digital-skills&sr=1-2259", "Warfield hotel Inc 118": "https://www.amazon.com/Ingress-Ventures-Warfield-hotel-Inc/dp/B09687V7KB/ref=sr_1_2260?brr=1&dchild=1&qid=1634421084&rd=1&s=digital-skills&sr=1-2260", "SCOTTISH INN & SUITES 50": "https://www.amazon.com/Ingress-Ventures-SCOTTISH-INN-SUITES/dp/B09687PCH2/ref=sr_1_2261?brr=1&dchild=1&qid=1634421084&rd=1&s=digital-skills&sr=1-2261", "Citadel FM Knights Inn Motel 104 SE": "https://www.amazon.com/Citadel-Knights-Inn-Motel-104/dp/B09687P746/ref=sr_1_2262?brr=1&dchild=1&qid=1634421084&rd=1&s=digital-skills&sr=1-2262", "Citadel FM Mableton bottle shop 757": "https://www.amazon.com/Citadel-Mableton-bottle-shop-757/dp/B09687K53G/ref=sr_1_2263?brr=1&dchild=1&qid=1634421084&rd=1&s=digital-skills&sr=1-2263", "My Facts Eleven": "https://www.amazon.com/Dinesh-Thangaraj-My-Facts-Eleven/dp/B096872322/ref=sr_1_2264?brr=1&dchild=1&qid=1634421084&rd=1&s=digital-skills&sr=1-2264", "Citadel FM Garden Inn & Suites 3698": "https://www.amazon.com/Citadel-Garden-Inn-Suites-3698/dp/B09686TP81/ref=sr_1_2265?brr=1&dchild=1&qid=1634421084&rd=1&s=digital-skills&sr=1-2265", "Kwik Stop 489": "https://www.amazon.com/Ingress-Ventures-Kwik-Stop-489/dp/B09686D11Y/ref=sr_1_2266?brr=1&dchild=1&qid=1634421084&rd=1&s=digital-skills&sr=1-2266", "BP Eola 1207 N": "https://www.amazon.com/Ingress-Ventures-BP-Eola-1207/dp/B09685VSDT/ref=sr_1_2267?brr=1&dchild=1&qid=1634421084&rd=1&s=digital-skills&sr=1-2267", "Budget inn 342": "https://www.amazon.com/Ingress-Ventures-Budget-inn-342/dp/B09685JC2Q/ref=sr_1_2268?brr=1&dchild=1&qid=1634421084&rd=1&s=digital-skills&sr=1-2268", "Comfort Inn 5135": "https://www.amazon.com/Ingress-Ventures-Comfort-Inn-5135/dp/B09685DLZ4/ref=sr_1_2269?brr=1&dchild=1&qid=1634421084&rd=1&s=digital-skills&sr=1-2269", "Coin Wash 10414": "https://www.amazon.com/Ingress-Ventures-Coin-Wash-10414/dp/B096838NLJ/ref=sr_1_2270?brr=1&dchild=1&qid=1634421084&rd=1&s=digital-skills&sr=1-2270", "Baymont Inn 750": "https://www.amazon.com/Ingress-Ventures-Baymont-Inn-750/dp/B09681DH6B/ref=sr_1_2271?brr=1&dchild=1&qid=1634421084&rd=1&s=digital-skills&sr=1-2271", "Whistle Stop 200": "https://www.amazon.com/Ingress-Ventures-Whistle-Stop-200/dp/B096812MZ2/ref=sr_1_2272?brr=1&dchild=1&qid=1634421084&rd=1&s=digital-skills&sr=1-2272"}