{"Subway 783 S": "https://www.amazon.com/Ingress-Ventures-Subway-783-S/dp/B0967ZZP8G/ref=sr_1_2273?brr=1&dchild=1&qid=1634421086&rd=1&s=digital-skills&sr=1-2273", "TRAVELODGE 1407": "https://www.amazon.com/Ingress-Ventures-TRAVELODGE-1407/dp/B0967ZSQKK/ref=sr_1_2274?brr=1&dchild=1&qid=1634421086&rd=1&s=digital-skills&sr=1-2274", "Village Store 1016": "https://www.amazon.com/Ingress-Ventures-Village-Store-1016/dp/B0967YWWDM/ref=sr_1_2275?brr=1&dchild=1&qid=1634421086&rd=1&s=digital-skills&sr=1-2275", "Flagstone Food Mart 8066": "https://www.amazon.com/Ingress-Ventures-Flagstone-Food-Mart/dp/B0967YP5CJ/ref=sr_1_2276?brr=1&dchild=1&qid=1634421086&rd=1&s=digital-skills&sr=1-2276", "Melrose Square 2027": "https://www.amazon.com/Ingress-Ventures-Melrose-Square-2027/dp/B0967XZXJ3/ref=sr_1_2277?brr=1&dchild=1&qid=1634421086&rd=1&s=digital-skills&sr=1-2277", "Tobacco & Beverage Mart 65": "https://www.amazon.com/Ingress-Ventures-Tobacco-Beverage-Mart/dp/B0967W7VD6/ref=sr_1_2278?brr=1&dchild=1&qid=1634421086&rd=1&s=digital-skills&sr=1-2278", "Smoke Shop 5956": "https://www.amazon.com/Ingress-Ventures-Smoke-Shop-5956/dp/B0967VWZZM/ref=sr_1_2279?brr=1&dchild=1&qid=1634421086&rd=1&s=digital-skills&sr=1-2279", "Citadel FM D.M.C Coin Laundry 6253": "https://www.amazon.com/Citadel-D-M-C-Coin-Laundry-6253/dp/B0967TC14X/ref=sr_1_2280?brr=1&dchild=1&qid=1634421086&rd=1&s=digital-skills&sr=1-2280", "Citadel FM Spin Cycle 2561 NW": "https://www.amazon.com/Citadel-FM-Spin-Cycle-2561/dp/B0967SVJLJ/ref=sr_1_2281?brr=1&dchild=1&qid=1634421086&rd=1&s=digital-skills&sr=1-2281", "Citadel FM Laundromat Station 247 19701 NW": "https://www.amazon.com/Citadel-Laundromat-Station-247-19701/dp/B0967R7XMK/ref=sr_1_2282?brr=1&dchild=1&qid=1634421086&rd=1&s=digital-skills&sr=1-2282", "Soaphias Laundromat 1050 W": "https://www.amazon.com/Ingress-Ventures-Soaphias-Laundromat-1050/dp/B0967PLGDW/ref=sr_1_2283?brr=1&dchild=1&qid=1634421086&rd=1&s=digital-skills&sr=1-2283", "Citadel FM Super Wash & Dry 15725 SW": "https://www.amazon.com/Citadel-Super-Wash-Dry-15725/dp/B0967NRW38/ref=sr_1_2284?brr=1&dchild=1&qid=1634421086&rd=1&s=digital-skills&sr=1-2284", "Citadel FM Laundry One Lavanderia 8218 NW": "https://www.amazon.com/Citadel-Laundry-One-Lavanderia-8218/dp/B0967MXTY8/ref=sr_1_2285?brr=1&dchild=1&qid=1634421086&rd=1&s=digital-skills&sr=1-2285", "Motel 6 469 W": "https://www.amazon.com/Ingress-Ventures-Motel-6-469/dp/B0967K73TL/ref=sr_1_2286?brr=1&dchild=1&qid=1634421086&rd=1&s=digital-skills&sr=1-2286", "TradeCruncher Option Quiz Game": "https://www.amazon.com/TradeCruncher-Option-Quiz-Game/dp/B0966BDWRC/ref=sr_1_2287?brr=1&dchild=1&qid=1634421086&rd=1&s=digital-skills&sr=1-2287", "FreeSO Code Helper": "https://www.amazon.com/Thomas-Grice-FreeSO-Code-Helper/dp/B0965XDZ69/ref=sr_1_2288?brr=1&dchild=1&qid=1634421086&rd=1&s=digital-skills&sr=1-2288"}