{"Ramada 1855 S": "https://www.amazon.com/Ingress-Ventures-Ramada-1855-S/dp/B0952R54MZ/ref=sr_1_2353?brr=1&dchild=1&qid=1634421101&rd=1&s=digital-skills&sr=1-2353", "Stage Stop Inn 330": "https://www.amazon.com/Ingress-Ventures-Stage-Stop-Inn/dp/B095236NYR/ref=sr_1_2354?brr=1&dchild=1&qid=1634421101&rd=1&s=digital-skills&sr=1-2354", "Big three trivia": "https://www.amazon.com/Emmanuel-Acheampong-Big-three-trivia/dp/B09522C7RW/ref=sr_1_2355?brr=1&dchild=1&qid=1634421101&rd=1&s=digital-skills&sr=1-2355", "Rodeway Inn 300 E": "https://www.amazon.com/Ingress-Ventures-Rodeway-Inn-300/dp/B0951Z9TK2/ref=sr_1_2356?brr=1&dchild=1&qid=1634421101&rd=1&s=digital-skills&sr=1-2356", "Game": "https://www.amazon.com/NA-Game/dp/B0951YFHP8/ref=sr_1_2357?brr=1&dchild=1&qid=1634421101&rd=1&s=digital-skills&sr=1-2357", "Crown Inn 1968": "https://www.amazon.com/Ingress-Ventures-Crown-Inn-1968/dp/B0951XW1WB/ref=sr_1_2358?brr=1&dchild=1&qid=1634421101&rd=1&s=digital-skills&sr=1-2358", "Express motel 301": "https://www.amazon.com/Ingress-Ventures-Express-motel-301/dp/B0951V9M34/ref=sr_1_2359?brr=1&dchild=1&qid=1634421101&rd=1&s=digital-skills&sr=1-2359", "Citadel FM Fun Wash Laundry 2230 S": "https://www.amazon.com/Citadel-Fun-Wash-Laundry-2230/dp/B0951TQYVP/ref=sr_1_2360?brr=1&dchild=1&qid=1634421101&rd=1&s=digital-skills&sr=1-2360", "Citadel FM Railside Liquor Store 11232": "https://www.amazon.com/Citadel-Railside-Liquor-Store-11232/dp/B0951QSXKC/ref=sr_1_2361?brr=1&dchild=1&qid=1634421101&rd=1&s=digital-skills&sr=1-2361", "WVFV - Voice for Victory Radio": "https://www.amazon.com/WVFV-Voice-for-Victory-Radio/dp/B0951Q946G/ref=sr_1_2362?brr=1&dchild=1&qid=1634421101&rd=1&s=digital-skills&sr=1-2362", "Sweet Dream Inn 7330": "https://www.amazon.com/Ingress-Ventures-Sweet-Dream-7330/dp/B0951Q6BJX/ref=sr_1_2363?brr=1&dchild=1&qid=1634421101&rd=1&s=digital-skills&sr=1-2363", "Citadel FM Railside Shell 11232": "https://www.amazon.com/Citadel-FM-Railside-Shell-11232/dp/B0951PBCN4/ref=sr_1_2364?brr=1&dchild=1&qid=1634421101&rd=1&s=digital-skills&sr=1-2364", "Relationship Builders Verses": "https://www.amazon.com/Familyworks-Ministries-Relationship-Builders-Verses/dp/B0951NRXBW/ref=sr_1_2365?brr=1&dchild=1&qid=1634421101&rd=1&s=digital-skills&sr=1-2365", "Citadel FM Comfort Suites 1137 W": "https://www.amazon.com/Citadel-FM-Comfort-Suites-1137/dp/B0951MS29B/ref=sr_1_2366?brr=1&dchild=1&qid=1634421101&rd=1&s=digital-skills&sr=1-2366", "chargeback facts": "https://www.amazon.com/Jamie-Taschetti-chargeback-facts/dp/B094ZL6TGY/ref=sr_1_2367?brr=1&dchild=1&qid=1634421101&rd=1&s=digital-skills&sr=1-2367", "NEU MART 5 3269": "https://www.amazon.com/Ingress-Ventures-NEU-MART-3269/dp/B094Z93ZYC/ref=sr_1_2368?brr=1&dchild=1&qid=1634421101&rd=1&s=digital-skills&sr=1-2368"}