{"Santa's Letter": "https://www.amazon.com/Liam-Jones-Santas-Letter/dp/B094R5ML51/ref=sr_1_2385?brr=1&dchild=1&qid=1634421106&rd=1&s=digital-skills&sr=1-2385", "Citadel FM FavTrip KCMO 705": "https://www.amazon.com/Citadel-FM-FavTrip-KCMO-705/dp/B094R1JVMH/ref=sr_1_2386?brr=1&dchild=1&qid=1634421106&rd=1&s=digital-skills&sr=1-2386", "my First Skill": "https://www.amazon.com/NA-my-First-Skill/dp/B094QZ5WLN/ref=sr_1_2387?brr=1&dchild=1&qid=1634421106&rd=1&s=digital-skills&sr=1-2387", "Snowdon Facts": "https://www.amazon.com/KhaosGaming-Snowdon-Facts/dp/B094QYW1DP/ref=sr_1_2388?brr=1&dchild=1&qid=1634421106&rd=1&s=digital-skills&sr=1-2388", "Citadel FM LAUNDRY 107 800 E": "https://www.amazon.com/Citadel-FM-LAUNDRY-107-800/dp/B094QPTJSF/ref=sr_1_2389?brr=1&dchild=1&qid=1634421106&rd=1&s=digital-skills&sr=1-2389", "Citadel FM LAUNDRY 117 697": "https://www.amazon.com/Citadel-FM-LAUNDRY-117-697/dp/B094QM6BBH/ref=sr_1_2390?brr=1&dchild=1&qid=1634421106&rd=1&s=digital-skills&sr=1-2390", "LAUNDRY 112 401": "https://www.amazon.com/Ingress-Ventures-LAUNDRY-112-401/dp/B094QKK855/ref=sr_1_2391?brr=1&dchild=1&qid=1634421106&rd=1&s=digital-skills&sr=1-2391", "LAUNDRY 109 106": "https://www.amazon.com/Ingress-Ventures-LAUNDRY-109-106/dp/B094QFRVCS/ref=sr_1_2392?brr=1&dchild=1&qid=1634421106&rd=1&s=digital-skills&sr=1-2392", "Citadel FM LAUNDRY 105 638 S": "https://www.amazon.com/Citadel-FM-LAUNDRY-105-638/dp/B094QCFPZZ/ref=sr_1_2393?brr=1&dchild=1&qid=1634421106&rd=1&s=digital-skills&sr=1-2393", "LAUNDRY 115 620": "https://www.amazon.com/Ingress-Ventures-LAUNDRY-115-620/dp/B094Q9FB1M/ref=sr_1_2394?brr=1&dchild=1&qid=1634421106&rd=1&s=digital-skills&sr=1-2394", "Trail Laundry 25 S": "https://www.amazon.com/Ingress-Ventures-Trail-Laundry-25/dp/B094PMRHGR/ref=sr_1_2395?brr=1&dchild=1&qid=1634421106&rd=1&s=digital-skills&sr=1-2395", "Roddenberry Daily Quote": "https://www.amazon.com/K4-Media-Roddenberry-Daily-Quote/dp/B094PHGV9X/ref=sr_1_2396?brr=1&dchild=1&qid=1634421106&rd=1&s=digital-skills&sr=1-2396", "Citadel FM La Quinta Inn Paducah 3960": "https://www.amazon.com/Citadel-Quinta-Inn-Paducah-3960/dp/B094NNV3WP/ref=sr_1_2397?brr=1&dchild=1&qid=1634421106&rd=1&s=digital-skills&sr=1-2397", "Citadel FM DBA PETRO SAVE 1126 N": "https://www.amazon.com/Citadel-DBA-PETRO-SAVE-1126/dp/B094NNP9ZF/ref=sr_1_2398?brr=1&dchild=1&qid=1634421106&rd=1&s=digital-skills&sr=1-2398", "DBA PETRO SAVE 64 N": "https://www.amazon.com/DBA-PETRO-SAVE-64-N/dp/B094NL2184/ref=sr_1_2399?brr=1&dchild=1&qid=1634421106&rd=1&s=digital-skills&sr=1-2399", "DBA PETRO SAVE 514N": "https://www.amazon.com/Ingress-Ventures-PETRO-SAVE-514N/dp/B094NDMB45/ref=sr_1_2400?brr=1&dchild=1&qid=1634421106&rd=1&s=digital-skills&sr=1-2400"}