{"Citadel FM Campbelltown Laundromat 2834": "https://www.amazon.com/Citadel-FM-Campbelltown-Laundromat-2834/dp/B094NCTN3R/ref=sr_1_2401?brr=1&dchild=1&qid=1634421109&rd=1&s=digital-skills&sr=1-2401", "Citadel FM Cash 4 Gold 3939 W": "https://www.amazon.com/Citadel-FM-Cash-Gold-3939/dp/B094NCGFWJ/ref=sr_1_2402?brr=1&dchild=1&qid=1634421109&rd=1&s=digital-skills&sr=1-2402", "LAUNDRY 101 1009": "https://www.amazon.com/Ingress-Ventures-LAUNDRY-101-1009/dp/B094N9T4ML/ref=sr_1_2403?brr=1&dchild=1&qid=1634421109&rd=1&s=digital-skills&sr=1-2403", "Citadel FM MR PAYROLL EAGLE PASS 2455E": "https://www.amazon.com/Citadel-PAYROLL-EAGLE-PASS-2455E/dp/B094N5WLXK/ref=sr_1_2404?brr=1&dchild=1&qid=1634421109&rd=1&s=digital-skills&sr=1-2404", "Lykens Laundromat 501": "https://www.amazon.com/Ingress-Ventures-Lykens-Laundromat-501/dp/B094N5PY92/ref=sr_1_2405?brr=1&dchild=1&qid=1634421109&rd=1&s=digital-skills&sr=1-2405", "Citadel FM MINITS 117 697": "https://www.amazon.com/Citadel-FM-MINITS-117-697/dp/B094N13JMZ/ref=sr_1_2406?brr=1&dchild=1&qid=1634421109&rd=1&s=digital-skills&sr=1-2406", "Citadel FM MINITS 125 2455": "https://www.amazon.com/Citadel-FM-MINITS-125-2455/dp/B094MYQGSF/ref=sr_1_2407?brr=1&dchild=1&qid=1634421109&rd=1&s=digital-skills&sr=1-2407", "LAUNDRY 6 444 W": "https://www.amazon.com/Ingress-Ventures-LAUNDRY-6-444/dp/B094MYJXY2/ref=sr_1_2408?brr=1&dchild=1&qid=1634421109&rd=1&s=digital-skills&sr=1-2408", "LAUNDRY 2 1989 S": "https://www.amazon.com/Ingress-Ventures-LAUNDRY-2-1989/dp/B094MX251S/ref=sr_1_2409?brr=1&dchild=1&qid=1634421109&rd=1&s=digital-skills&sr=1-2409", "Citadel FM MINITS 115 620": "https://www.amazon.com/Citadel-FM-MINITS-115-620/dp/B094MV8YJS/ref=sr_1_2410?brr=1&dchild=1&qid=1634421109&rd=1&s=digital-skills&sr=1-2410", "LAUNDRY 3 3165": "https://www.amazon.com/Ingress-Ventures-LAUNDRY-3-3165/dp/B094MNJ55M/ref=sr_1_2411?brr=1&dchild=1&qid=1634421109&rd=1&s=digital-skills&sr=1-2411", "Learn Tamil": "https://www.amazon.com/Experience-for-Alexa-Learn-Tamil/dp/B094MJ7ZC2/ref=sr_1_2412?brr=1&dchild=1&qid=1634421109&rd=1&s=digital-skills&sr=1-2412", "Citadel FM Palomar Motel 3975": "https://www.amazon.com/Citadel-FM-Palomar-Motel-3975/dp/B094M79MMJ/ref=sr_1_2413?brr=1&dchild=1&qid=1634421109&rd=1&s=digital-skills&sr=1-2413", "Whacked Out Golf": "https://www.amazon.com/King-Neptune-Games-Whacked-Golf/dp/B094KTHSJ9/ref=sr_1_2414?brr=1&dchild=1&qid=1634421109&rd=1&s=digital-skills&sr=1-2414", "CCV Stars N Phoenix baseball": "https://www.amazon.com/CCV-Stars-N-Phoenix-baseball/dp/B094JPPL26/ref=sr_1_2415?brr=1&dchild=1&qid=1634421109&rd=1&s=digital-skills&sr=1-2415", "Citadel FM MINITS 111 23269": "https://www.amazon.com/Citadel-FM-MINITS-111-23269/dp/B094JNXL4Y/ref=sr_1_2416?brr=1&dchild=1&qid=1634421109&rd=1&s=digital-skills&sr=1-2416"}