{"NEU MART 6 101": "https://www.amazon.com/Ingress-Ventures-NEU-MART-101/dp/B094H496XG/ref=sr_1_2433?brr=1&dchild=1&qid=1634421115&rd=1&s=digital-skills&sr=1-2433", "NEU MART 3 3280": "https://www.amazon.com/Ingress-Ventures-NEU-MART-3280/dp/B094H3SG8F/ref=sr_1_2434?brr=1&dchild=1&qid=1634421115&rd=1&s=digital-skills&sr=1-2434", "MINITS 3 3165": "https://www.amazon.com/Ingress-Ventures-MINITS-3-3165/dp/B094H3L1S8/ref=sr_1_2435?brr=1&dchild=1&qid=1634421115&rd=1&s=digital-skills&sr=1-2435", "MINITS 101 1009": "https://www.amazon.com/Ingress-Ventures-MINITS-101-1009/dp/B094H2W5R6/ref=sr_1_2436?brr=1&dchild=1&qid=1634421115&rd=1&s=digital-skills&sr=1-2436", "Ricks Cleaners 12218": "https://www.amazon.com/Ingress-Ventures-Ricks-Cleaners-12218/dp/B094H2STXS/ref=sr_1_2437?brr=1&dchild=1&qid=1634421115&rd=1&s=digital-skills&sr=1-2437", "NEU MART 4 3555": "https://www.amazon.com/Ingress-Ventures-NEU-MART-3555/dp/B094GZT57K/ref=sr_1_2438?brr=1&dchild=1&qid=1634421115&rd=1&s=digital-skills&sr=1-2438", "Citadel FM MINITS 109 106": "https://www.amazon.com/Citadel-FM-MINITS-109-106/dp/B094GZRB7C/ref=sr_1_2439?brr=1&dchild=1&qid=1634421115&rd=1&s=digital-skills&sr=1-2439", "Citadel FM Northside Coin Laundry 103E": "https://www.amazon.com/Citadel-Northside-Coin-Laundry-103E/dp/B094GZC11X/ref=sr_1_2440?brr=1&dchild=1&qid=1634421115&rd=1&s=digital-skills&sr=1-2440", "Lemoore Crossing 1225": "https://www.amazon.com/Ingress-Ventures-Lemoore-Crossing-1225/dp/B094GWQ86B/ref=sr_1_2441?brr=1&dchild=1&qid=1634421115&rd=1&s=digital-skills&sr=1-2441", "MINITS 2 1989 S": "https://www.amazon.com/Ingress-Ventures-MINITS-2-1989/dp/B094GWCGGF/ref=sr_1_2442?brr=1&dchild=1&qid=1634421115&rd=1&s=digital-skills&sr=1-2442", "Ricks Cleaners 850N": "https://www.amazon.com/Ingress-Ventures-Ricks-Cleaners-850N/dp/B094GVLCZV/ref=sr_1_2443?brr=1&dchild=1&qid=1634421115&rd=1&s=digital-skills&sr=1-2443", "Ricks Cleaners 3652": "https://www.amazon.com/Ingress-Ventures-Ricks-Cleaners-3652/dp/B094GSKMNZ/ref=sr_1_2444?brr=1&dchild=1&qid=1634421115&rd=1&s=digital-skills&sr=1-2444", "Citadel FM Ricks Cleaners 13492": "https://www.amazon.com/Citadel-FM-Ricks-Cleaners-13492/dp/B094GS9BP1/ref=sr_1_2445?brr=1&dchild=1&qid=1634421115&rd=1&s=digital-skills&sr=1-2445", "Ricks Cleaners 8400": "https://www.amazon.com/Ingress-Ventures-Ricks-Cleaners-8400/dp/B094GS3B5P/ref=sr_1_2446?brr=1&dchild=1&qid=1634421115&rd=1&s=digital-skills&sr=1-2446", "Citadel FM MINITS 112 401": "https://www.amazon.com/Citadel-FM-MINITS-112-401/dp/B094GRCB4J/ref=sr_1_2447?brr=1&dchild=1&qid=1634421115&rd=1&s=digital-skills&sr=1-2447", "myFirstSkill": "https://www.amazon.com/Rohit-Kumar-myFirstSkill/dp/B094GR6NVJ/ref=sr_1_2448?brr=1&dchild=1&qid=1634421115&rd=1&s=digital-skills&sr=1-2448"}