{"Ricks Cleaners 11126": "https://www.amazon.com/Ingress-Ventures-Ricks-Cleaners-11126/dp/B094GR259K/ref=sr_1_2449?brr=1&dchild=1&qid=1634421118&rd=1&s=digital-skills&sr=1-2449", "Motel 6 Lemoore 1290": "https://www.amazon.com/Ingress-Ventures-Motel-Lemoore-1290/dp/B094GQKKV3/ref=sr_1_2450?brr=1&dchild=1&qid=1634421118&rd=1&s=digital-skills&sr=1-2450", "Citadel FM Economy Inn Motel 2311": "https://www.amazon.com/Citadel-Economy-Inn-Motel-2311/dp/B094GQKCVX/ref=sr_1_2451?brr=1&dchild=1&qid=1634421118&rd=1&s=digital-skills&sr=1-2451", "My First Skill": "https://www.amazon.com/NA-My-First-Skill/dp/B094GCZQTN/ref=sr_1_2452?brr=1&dchild=1&qid=1634421118&rd=1&s=digital-skills&sr=1-2452", "Siesta motel 2585": "https://www.amazon.com/Ingress-Ventures-Siesta-motel-2585/dp/B094G2WN1J/ref=sr_1_2453?brr=1&dchild=1&qid=1634421118&rd=1&s=digital-skills&sr=1-2453", "Ricks Cleaners 900N": "https://www.amazon.com/Ingress-Ventures-Ricks-Cleaners-900N/dp/B094FZRX2L/ref=sr_1_2454?brr=1&dchild=1&qid=1634421118&rd=1&s=digital-skills&sr=1-2454", "Ricks Cleaners 3411N": "https://www.amazon.com/Ingress-Ventures-Ricks-Cleaners-3411N/dp/B094FZ59WV/ref=sr_1_2455?brr=1&dchild=1&qid=1634421118&rd=1&s=digital-skills&sr=1-2455", "myFirstSkill": "https://www.amazon.com/Arun-Kumar-myFirstSkill/dp/B094FYV9C6/ref=sr_1_2456?brr=1&dchild=1&qid=1634421118&rd=1&s=digital-skills&sr=1-2456", "Ricks Cleaners 13011": "https://www.amazon.com/Ingress-Ventures-Ricks-Cleaners-13011/dp/B094FXML9D/ref=sr_1_2457?brr=1&dchild=1&qid=1634421118&rd=1&s=digital-skills&sr=1-2457", "David motel 2045": "https://www.amazon.com/Ingress-Ventures-David-motel-2045/dp/B094FX4KKW/ref=sr_1_2458?brr=1&dchild=1&qid=1634421118&rd=1&s=digital-skills&sr=1-2458", "Ricks Cleaners 500W": "https://www.amazon.com/Ingress-Ventures-Ricks-Cleaners-500W/dp/B094FX3V5S/ref=sr_1_2459?brr=1&dchild=1&qid=1634421118&rd=1&s=digital-skills&sr=1-2459", "Saginaw Laundry Center 416": "https://www.amazon.com/Ingress-Ventures-Saginaw-Laundry-Center/dp/B094FQ7FBL/ref=sr_1_2460?brr=1&dchild=1&qid=1634421118&rd=1&s=digital-skills&sr=1-2460", "Ricks Cleaners 3810": "https://www.amazon.com/Ingress-Ventures-Ricks-Cleaners-3810/dp/B094FKYRH8/ref=sr_1_2461?brr=1&dchild=1&qid=1634421118&rd=1&s=digital-skills&sr=1-2461", "Ricks Cleaners 7435": "https://www.amazon.com/Ingress-Ventures-Ricks-Cleaners-7435/dp/B094FJ441V/ref=sr_1_2462?brr=1&dchild=1&qid=1634421118&rd=1&s=digital-skills&sr=1-2462", "Ricks Cleaners 110N": "https://www.amazon.com/Ingress-Ventures-Ricks-Cleaners-110N/dp/B094FHZXGN/ref=sr_1_2463?brr=1&dchild=1&qid=1634421118&rd=1&s=digital-skills&sr=1-2463", "Ricks Cleaners 2614S": "https://www.amazon.com/Ingress-Ventures-Ricks-Cleaners-2614S/dp/B094FF1QQ3/ref=sr_1_2464?brr=1&dchild=1&qid=1634421118&rd=1&s=digital-skills&sr=1-2464"}