{"Bull Terrier Facts": "https://www.amazon.com/Allison-J-Bull-Terrier-Facts/dp/B0942B9X4F/ref=sr_1_2497?brr=1&dchild=1&qid=1634421126&rd=1&s=digital-skills&sr=1-2497", "The Friendship Test": "https://www.amazon.com/waynesindustry-The-Friendship-Test/dp/B093ZZWJWB/ref=sr_1_2498?brr=1&dchild=1&qid=1634421126&rd=1&s=digital-skills&sr=1-2498", "Fold origami": "https://www.amazon.com/creativival-Fold-origami/dp/B093ZX1RDK/ref=sr_1_2499?brr=1&dchild=1&qid=1634421126&rd=1&s=digital-skills&sr=1-2499", "Spencer Fortune Telling": "https://www.amazon.com/Default-User-Spencer-Fortune-Telling/dp/B093ZND8XG/ref=sr_1_2500?brr=1&dchild=1&qid=1634421126&rd=1&s=digital-skills&sr=1-2500", "5 Quotes": "https://www.amazon.com/Trivia-Family-Skills-5-Quotes/dp/B093ZFM4RN/ref=sr_1_2501?brr=1&dchild=1&qid=1634421126&rd=1&s=digital-skills&sr=1-2501", "Pawcatuck North Stonington 9 -10 Minors Softball": "https://www.amazon.com/Pawcatuck-North-Stonington-Minors-Softball/dp/B093Z3VMKD/ref=sr_1_2502?brr=1&dchild=1&qid=1634421126&rd=1&s=digital-skills&sr=1-2502", "Fact": "https://www.amazon.com/ILLUMINATI-Fact/dp/B093Y8X5X3/ref=sr_1_2506?brr=1&dchild=1&qid=1634421126&rd=1&s=digital-skills&sr=1-2506", "Carefree Inn Flatonia 718": "https://www.amazon.com/Ingress-Ventures-Carefree-Inn-Flatonia/dp/B093YVY35R/ref=sr_1_2504?brr=1&dchild=1&qid=1634421126&rd=1&s=digital-skills&sr=1-2504", "Cow Trivia": "https://www.amazon.com/coolkid5-Cow-Trivia/dp/B093YJKF4C/ref=sr_1_2505?brr=1&dchild=1&qid=1634421126&rd=1&s=digital-skills&sr=1-2505", "Dead Giveaway": "https://www.amazon.com/X2Games-Dead-Giveaway/dp/B093Y5M237/ref=sr_1_2507?brr=1&dchild=1&qid=1634421126&rd=1&s=digital-skills&sr=1-2507", "cat fact": "https://www.amazon.com/kmitl-cat-fact/dp/B093XQCR8R/ref=sr_1_2508?brr=1&dchild=1&qid=1634421126&rd=1&s=digital-skills&sr=1-2508", "Quiz": "https://www.amazon.com/Shifali-Quiz/dp/B093XND6FC/ref=sr_1_2509?brr=1&dchild=1&qid=1634421126&rd=1&s=digital-skills&sr=1-2509", "Who touches him": "https://www.amazon.com/Thomas-Bello-Who-touches-him/dp/B093X8V234/ref=sr_1_2510?brr=1&dchild=1&qid=1634421126&rd=1&s=digital-skills&sr=1-2510", "Uncle Bs Laundromat 406": "https://www.amazon.com/Ingress-Ventures-Uncle-Laundromat-406/dp/B093WX4139/ref=sr_1_2511?brr=1&dchild=1&qid=1634421126&rd=1&s=digital-skills&sr=1-2511", "FavoriteDogBreed": "https://www.amazon.com/Kenzie-FavoriteDogBreed/dp/B093WNXNYX/ref=sr_1_2512?brr=1&dchild=1&qid=1634421126&rd=1&s=digital-skills&sr=1-2512"}