{"Motel 6 Wausau 116s": "https://www.amazon.com/Ingress-Ventures-Motel-Wausau-116s/dp/B093LJH3G2/ref=sr_1_2529?brr=1&dchild=1&qid=1634421132&rd=1&s=digital-skills&sr=1-2529", "Pawcatuck North Stonington Little League Majors": "https://www.amazon.com/Pawcatuck-Stonington-Little-League-Majors/dp/B093LD94QS/ref=sr_1_2530?brr=1&dchild=1&qid=1634421132&rd=1&s=digital-skills&sr=1-2530", "Atascadero Inn 6505": "https://www.amazon.com/Ingress-Ventures-Atascadero-Inn-6505/dp/B093L1XLKY/ref=sr_1_2531?brr=1&dchild=1&qid=1634421132&rd=1&s=digital-skills&sr=1-2531", "bar closing": "https://www.amazon.com/University-of-Georgia-bar-closing/dp/B093KV9DTV/ref=sr_1_2532?brr=1&dchild=1&qid=1634421132&rd=1&s=digital-skills&sr=1-2532", "Pawcatuck North Stonington Little League Tee Ball": "https://www.amazon.com/Pawcatuck-North-Stonington-Little-League/dp/B093HGJQC9/ref=sr_1_2533?brr=1&dchild=1&qid=1634421132&rd=1&s=digital-skills&sr=1-2533", "Give Me Number": "https://www.amazon.com/University-of-Georgia-Give-Number/dp/B093H7XYKM/ref=sr_1_2534?brr=1&dchild=1&qid=1634421132&rd=1&s=digital-skills&sr=1-2534", "Brain Wiki": "https://www.amazon.com/Robowolf-Brain-Wiki/dp/B093H7SHBM/ref=sr_1_2535?brr=1&dchild=1&qid=1634421132&rd=1&s=digital-skills&sr=1-2535", "Zombie No Zombie": "https://www.amazon.com/Clayrain-Zombie-No/dp/B093H71B1R/ref=sr_1_2536?brr=1&dchild=1&qid=1634421132&rd=1&s=digital-skills&sr=1-2536", "Ambient music for Gaming": "https://www.amazon.com/Keyring-Corp-Ambient-music-Gaming/dp/B093GS3QNM/ref=sr_1_2537?brr=1&dchild=1&qid=1634421132&rd=1&s=digital-skills&sr=1-2537", "Post Pack & Ship 1035": "https://www.amazon.com/Ingress-Ventures-Post-Pack-Ship/dp/B093GLB6T5/ref=sr_1_2538?brr=1&dchild=1&qid=1634421132&rd=1&s=digital-skills&sr=1-2538", "Days Inn 755": "https://www.amazon.com/Ingress-Ventures-Days-Inn-755/dp/B093GKRSZJ/ref=sr_1_2539?brr=1&dchild=1&qid=1634421132&rd=1&s=digital-skills&sr=1-2539", "Russian Federal Subjects Quiz": "https://www.amazon.com/University-of-Georgia-Russian-Subjects/dp/B093G2KW9K/ref=sr_1_2540?brr=1&dchild=1&qid=1634421132&rd=1&s=digital-skills&sr=1-2540", "Fairfield 948": "https://www.amazon.com/Ingress-Ventures-Fairfield-948/dp/B093FMW629/ref=sr_1_2541?brr=1&dchild=1&qid=1634421132&rd=1&s=digital-skills&sr=1-2541", "Best Wester Brighton Inn 15151": "https://www.amazon.com/Best-Wester-Brighton-Inn-15151/dp/B093FG6RXC/ref=sr_1_2542?brr=1&dchild=1&qid=1634421132&rd=1&s=digital-skills&sr=1-2542", "Best Wester Plus Austin 1805": "https://www.amazon.com/Best-Wester-Plus-Austin-1805/dp/B093F9LFDC/ref=sr_1_2543?brr=1&dchild=1&qid=1634421132&rd=1&s=digital-skills&sr=1-2543", "Four of countries": "https://www.amazon.com/Oivon-VoiceApps-Four-of-countries/dp/B093CRF1YD/ref=sr_1_2544?brr=1&dchild=1&qid=1634421132&rd=1&s=digital-skills&sr=1-2544"}