{"Simple Who's Turn": "https://www.amazon.com/Assal-Al-Janabi-Simple-Whos/dp/B092JJJ46P/ref=sr_1_2577?brr=1&dchild=1&qid=1634421140&rd=1&s=digital-skills&sr=1-2577", "My Fairy Tale": "https://www.amazon.com/Vince-Pappas-My-Fairy-Tale/dp/B092JJDQF6/ref=sr_1_2578?brr=1&dchild=1&qid=1634421140&rd=1&s=digital-skills&sr=1-2578", "Bruh Sounds": "https://www.amazon.com/Ear-Candy-Corp-Bruh-Sounds/dp/B092JG5DVL/ref=sr_1_2579?brr=1&dchild=1&qid=1634421140&rd=1&s=digital-skills&sr=1-2579", "Who's next": "https://www.amazon.com/Luz-Warner-Whos-next/dp/B092JFZXL7/ref=sr_1_2580?brr=1&dchild=1&qid=1634421140&rd=1&s=digital-skills&sr=1-2580", "The Office Quiz": "https://www.amazon.com/Voica-Tech-The-Office-Quiz/dp/B092J6HZQY/ref=sr_1_2581?brr=1&dchild=1&qid=1634421140&rd=1&s=digital-skills&sr=1-2581", "Ultimate Arithmetic Quiz": "https://www.amazon.com/Donald-Juicy-Ultimate-Arithmetic-Quiz/dp/B092J1GQCP/ref=sr_1_2582?brr=1&dchild=1&qid=1634421140&rd=1&s=digital-skills&sr=1-2582", "Song Man - Guess Movie or Album Name of the song": "https://www.amazon.com/Song-Man-Guess-Movie-Album/dp/B092HSNHWG/ref=sr_1_2583?brr=1&dchild=1&qid=1634421140&rd=1&s=digital-skills&sr=1-2583", "Whose Turn": "https://www.amazon.com/Mom-Whose-Turn/dp/B092DMY64H/ref=sr_1_2584?brr=1&dchild=1&qid=1634421140&rd=1&s=digital-skills&sr=1-2584", "Algonquin Tobacco & Liquor 1117S": "https://www.amazon.com/Ingress-Ventures-Algonquin-Tobacco-Liquor/dp/B092DMTKNP/ref=sr_1_2585?brr=1&dchild=1&qid=1634421140&rd=1&s=digital-skills&sr=1-2585", "Lanwdale Laundry 14529": "https://www.amazon.com/Ingress-Ventures-Lanwdale-Laundry-14529/dp/B092DB8CWZ/ref=sr_1_2586?brr=1&dchild=1&qid=1634421140&rd=1&s=digital-skills&sr=1-2586", "Ultimate Card War": "https://www.amazon.com/King-Neptune-Games-Ultimate-Card/dp/B092D2WMW2/ref=sr_1_2587?brr=1&dchild=1&qid=1634421140&rd=1&s=digital-skills&sr=1-2587", "Drawing Pad": "https://www.amazon.com/Whoa-Labs-Drawing-Pad/dp/B092D2NYLJ/ref=sr_1_2588?brr=1&dchild=1&qid=1634421140&rd=1&s=digital-skills&sr=1-2588", "Addition Facts": "https://www.amazon.com/Contrainer-Addition-Facts/dp/B092CFSS1J/ref=sr_1_2589?brr=1&dchild=1&qid=1634421140&rd=1&s=digital-skills&sr=1-2589", "The Blu Hotel 11349": "https://www.amazon.com/Ingress-Ventures-The-Hotel-11349/dp/B092C7FTQG/ref=sr_1_2590?brr=1&dchild=1&qid=1634421140&rd=1&s=digital-skills&sr=1-2590", "Game Night Joke": "https://www.amazon.com/Camille-Game-Night-Joke/dp/B092B7VCPS/ref=sr_1_2591?brr=1&dchild=1&qid=1634421140&rd=1&s=digital-skills&sr=1-2591", "Costa Rican bombs": "https://www.amazon.com/davr59-Costa-Rican-bombs/dp/B0929DQKBJ/ref=sr_1_2592?brr=1&dchild=1&qid=1634421140&rd=1&s=digital-skills&sr=1-2592"}