{"Canaan Fuels 53": "https://www.amazon.com/Ingress-Ventures-Canaan-Fuels-53/dp/B091RGPLGR/ref=sr_1_2641?brr=1&dchild=1&qid=1634421152&rd=1&s=digital-skills&sr=1-2641", "Never Have I Ever": "https://www.amazon.com/Smart-Skills-Never-Have-Ever/dp/B091R4HZQV/ref=sr_1_2642?brr=1&dchild=1&qid=1634421152&rd=1&s=digital-skills&sr=1-2642", "Mexican Lottery Cantada": "https://www.amazon.com/MORENO-GAMES-Mexican-Lottery-Cantada/dp/B091QB2DKJ/ref=sr_1_2643?brr=1&dchild=1&qid=1634421152&rd=1&s=digital-skills&sr=1-2643", "Sentiment Blue": "https://www.amazon.com/SN-forward-Sentiment-Blue/dp/B091PTHSR2/ref=sr_1_2644?brr=1&dchild=1&qid=1634421152&rd=1&s=digital-skills&sr=1-2644", "Ember Spirit Trivia": "https://www.amazon.com/Huni-Ding-Ember-Spirit-Trivia/dp/B091NW5N3S/ref=sr_1_2645?brr=1&dchild=1&qid=1634421152&rd=1&s=digital-skills&sr=1-2645", "General Chemistry Review": "https://www.amazon.com/Kaleb-Cross-General-Chemistry-Review/dp/B091NPSGJW/ref=sr_1_2646?brr=1&dchild=1&qid=1634421152&rd=1&s=digital-skills&sr=1-2646", "AI Captain": "https://www.amazon.com/Mvk-AI-Captain/dp/B091NPCLHK/ref=sr_1_2647?brr=1&dchild=1&qid=1634421152&rd=1&s=digital-skills&sr=1-2647", "Random stuff": "https://www.amazon.com/Hmss-Entertainment-Random-stuff/dp/B091NMXHSW/ref=sr_1_2648?brr=1&dchild=1&qid=1634421152&rd=1&s=digital-skills&sr=1-2648", "Pedro's Fire Challenge by American Red Cross": "https://www.amazon.com/Pedros-Challenge-American-Red-Cross/dp/B091NFH66J/ref=sr_1_2649?brr=1&dchild=1&qid=1634421152&rd=1&s=digital-skills&sr=1-2649", "Top 300 Drug game": "https://www.amazon.com/Kaylen-Lanius-Top-Drug-game/dp/B091MVVSY1/ref=sr_1_2650?brr=1&dchild=1&qid=1634421152&rd=1&s=digital-skills&sr=1-2650", "highlow game": "https://www.amazon.com/East-Tennessee-State-University-highlow/dp/B091JBDS77/ref=sr_1_2651?brr=1&dchild=1&qid=1634421152&rd=1&s=digital-skills&sr=1-2651", "Relaxing Sound for Sleep-Chill Beats": "https://www.amazon.com/Relaxing-Sound-for-Sleep-Chill-Beats/dp/B091GX79B4/ref=sr_1_2652?brr=1&dchild=1&qid=1634421152&rd=1&s=digital-skills&sr=1-2652", "Guess the Number": "https://www.amazon.com/Mahaly-Guess-the-Number/dp/B091GSXNNR/ref=sr_1_2653?brr=1&dchild=1&qid=1634421152&rd=1&s=digital-skills&sr=1-2653", "Relaxing Sound for Study-Hip Hop Beats": "https://www.amazon.com/Relaxing-Sound-Study-Hip-Hop-Beats/dp/B091GSL1YM/ref=sr_1_2654?brr=1&dchild=1&qid=1634421152&rd=1&s=digital-skills&sr=1-2654", "Higher or Lower": "https://www.amazon.com/Jonah-Welch-Higher-or-Lower/dp/B091GRRZXN/ref=sr_1_2655?brr=1&dchild=1&qid=1634421152&rd=1&s=digital-skills&sr=1-2655", "Relaxing Sound-Real Chill Rap Beats": "https://www.amazon.com/Relaxing-Sound-Real-Chill-Rap-Beats/dp/B091GL3B42/ref=sr_1_2656?brr=1&dchild=1&qid=1634421152&rd=1&s=digital-skills&sr=1-2656"}