{"imi e foame": "https://www.amazon.com/David-Copoeru-Solutions-imi-foame/dp/B08ZJJPGY5/ref=sr_1_2721?brr=1&dchild=1&qid=1634421166&rd=1&s=digital-skills&sr=1-2721", "Singapore Trivia": "https://www.amazon.com/Shankar-V-Thiyagarajan-Singapore-Trivia/dp/B08ZHV6K5X/ref=sr_1_2722?brr=1&dchild=1&qid=1634421166&rd=1&s=digital-skills&sr=1-2722", "Cake Time": "https://www.amazon.com/Ablett-Bell-Ltd-Cake-Time/dp/B08ZHD3FPS/ref=sr_1_2723?brr=1&dchild=1&qid=1634421166&rd=1&s=digital-skills&sr=1-2723", "Simple Quiz": "https://www.amazon.com/Moburst-Simple-Quiz/dp/B08ZH7D1R8/ref=sr_1_2724?brr=1&dchild=1&qid=1634421166&rd=1&s=digital-skills&sr=1-2724", "EVE Online": "https://www.amazon.com/Torsten-Feld-EVE-Online/dp/B08ZDV7BR5/ref=sr_1_2725?brr=1&dchild=1&qid=1634421166&rd=1&s=digital-skills&sr=1-2725", "Icebreaker Alexa Skill": "https://www.amazon.com/Amazon-Icebreaker-Alexa-Skill/dp/B08ZDM7F2B/ref=sr_1_2726?brr=1&dchild=1&qid=1634421166&rd=1&s=digital-skills&sr=1-2726", "Blower Sound": "https://www.amazon.com/Smart-Skills-Blower-Sound/dp/B08ZDFT6MC/ref=sr_1_2727?brr=1&dchild=1&qid=1634421166&rd=1&s=digital-skills&sr=1-2727", "Nightdust Hours": "https://www.amazon.com/Uniquely-Sites-Nightdust-Hours/dp/B08ZD3MBM9/ref=sr_1_2728?brr=1&dchild=1&qid=1634421166&rd=1&s=digital-skills&sr=1-2728", "Citadel FM Best price tobacco & gifts 11717": "https://www.amazon.com/Citadel-price-tobacco-gifts-11717/dp/B08ZD2RBMC/ref=sr_1_2729?brr=1&dchild=1&qid=1634421166&rd=1&s=digital-skills&sr=1-2729", "Best Western Franklin 835": "https://www.amazon.com/Ingress-Ventures-Best-Western-Franklin/dp/B08ZCZ9XSZ/ref=sr_1_2730?brr=1&dchild=1&qid=1634421166&rd=1&s=digital-skills&sr=1-2730", "True or False": "https://www.amazon.com/Smart-Skills-True-or-False/dp/B08ZCPFNVQ/ref=sr_1_2731?brr=1&dchild=1&qid=1634421166&rd=1&s=digital-skills&sr=1-2731", "Shopwise 704": "https://www.amazon.com/Ingress-Ventures-Shopwise-704/dp/B08ZCLVH6G/ref=sr_1_2732?brr=1&dchild=1&qid=1634421166&rd=1&s=digital-skills&sr=1-2732", "Seed and Soil": "https://www.amazon.com/Auto-Works-Studios-Seed-Soil/dp/B08ZC7XBQV/ref=sr_1_2733?brr=1&dchild=1&qid=1634421166&rd=1&s=digital-skills&sr=1-2733", "It's up to you": "https://www.amazon.com/Modo-aburrida-Its-up-you/dp/B08ZBG2QHW/ref=sr_1_2734?brr=1&dchild=1&qid=1634421166&rd=1&s=digital-skills&sr=1-2734", "Pick a movie": "https://www.amazon.com/Terrance-706-Pick-a-movie/dp/B08Z8CJCJ8/ref=sr_1_2735?brr=1&dchild=1&qid=1634421166&rd=1&s=digital-skills&sr=1-2735", "Whose Turn": "https://www.amazon.com/Gretchen-R-Whose-Turn/dp/B08Z84FGNB/ref=sr_1_2736?brr=1&dchild=1&qid=1634421166&rd=1&s=digital-skills&sr=1-2736"}