{"My Game Show": "https://www.amazon.com/Isabel-My-Game-Show/dp/B08Z7ZG6KL/ref=sr_1_2737?brr=1&dchild=1&qid=1634421168&rd=1&s=digital-skills&sr=1-2737", "My jokes": "https://www.amazon.com/dukey-My-jokes/dp/B08Z7NVCVR/ref=sr_1_2738?brr=1&dchild=1&qid=1634421168&rd=1&s=digital-skills&sr=1-2738", "Know ur Cat": "https://www.amazon.com/Lafayette-Radio-Know-ur-Cat/dp/B08Z7KZYHD/ref=sr_1_2739?brr=1&dchild=1&qid=1634421168&rd=1&s=digital-skills&sr=1-2739", "xtrachef product search": "https://www.amazon.com/MTS-xtrachef-product-search/dp/B08Z7H8ZXK/ref=sr_1_2740?brr=1&dchild=1&qid=1634421168&rd=1&s=digital-skills&sr=1-2740", "Math Facts": "https://www.amazon.com/Code-Drive-Math-Facts/dp/B08Z7GV112/ref=sr_1_2741?brr=1&dchild=1&qid=1634421168&rd=1&s=digital-skills&sr=1-2741", "Train Noises": "https://www.amazon.com/Nickopanther-Train-Noises/dp/B08Z78YVRY/ref=sr_1_2742?brr=1&dchild=1&qid=1634421168&rd=1&s=digital-skills&sr=1-2742", "Learning Names": "https://www.amazon.com/University-of-Chicago-Learning-Names/dp/B08Z764Y6B/ref=sr_1_2743?brr=1&dchild=1&qid=1634421168&rd=1&s=digital-skills&sr=1-2743", "Out of this world Facts": "https://www.amazon.com/Out-of-this-world-Facts/dp/B08Z5TXT4W/ref=sr_1_2744?brr=1&dchild=1&qid=1634421168&rd=1&s=digital-skills&sr=1-2744", "States Quiz": "https://www.amazon.com/Jeramie-Hill-States-Quiz/dp/B08Z5PGPXC/ref=sr_1_2745?brr=1&dchild=1&qid=1634421168&rd=1&s=digital-skills&sr=1-2745", "Space Bones Online RPG": "https://www.amazon.com/Chris-Castle-Inc-Space-Online/dp/B08Z44JXJH/ref=sr_1_2746?brr=1&dchild=1&qid=1634421168&rd=1&s=digital-skills&sr=1-2746", "Can I take you out?": "https://www.amazon.com/Can-I-take-you-out/dp/B08Z3SZQYS/ref=sr_1_2747?brr=1&dchild=1&qid=1634421168&rd=1&s=digital-skills&sr=1-2747", "Norris Nuts Facts": "https://www.amazon.com/Wisdom-Is-Principal-Apps-Norris/dp/B08Z3G2V43/ref=sr_1_2748?brr=1&dchild=1&qid=1634421168&rd=1&s=digital-skills&sr=1-2748", "Guess the Wrestler": "https://www.amazon.com/Gaggle-Guess-the-Wrestler/dp/B08Z3C7B69/ref=sr_1_2749?brr=1&dchild=1&qid=1634421168&rd=1&s=digital-skills&sr=1-2749", "Camera film facts": "https://www.amazon.com/Healy-Visions-Camera-film-facts/dp/B08Z34YXLV/ref=sr_1_2750?brr=1&dchild=1&qid=1634421168&rd=1&s=digital-skills&sr=1-2750", "High Low Game": "https://www.amazon.com/student-High-Low-Game/dp/B08Z34NW18/ref=sr_1_2751?brr=1&dchild=1&qid=1634421168&rd=1&s=digital-skills&sr=1-2751", "Stock Magic with MonteCarlo": "https://www.amazon.com/ChandanMaloo-Stock-Magic-with-MonteCarlo/dp/B08Z2VNQ84/ref=sr_1_2752?brr=1&dchild=1&qid=1634421168&rd=1&s=digital-skills&sr=1-2752"}