{"Best Western Haverhill 401": "https://www.amazon.com/Ingress-Ventures-Best-Western-Haverhill/dp/B08XMJ7V6J/ref=sr_1_2833?brr=1&dchild=1&qid=1634421185&rd=1&s=digital-skills&sr=1-2833", "Menlo Park Inn": "https://www.amazon.com/Ingress-Ventures-Menlo-Park-Inn/dp/B08XMFSMZG/ref=sr_1_2834?brr=1&dchild=1&qid=1634421185&rd=1&s=digital-skills&sr=1-2834", "RobbieFact": "https://www.amazon.com/Nisha-Dekhtawala-RobbieFact/dp/B08XMBG5VV/ref=sr_1_2835?brr=1&dchild=1&qid=1634421185&rd=1&s=digital-skills&sr=1-2835", "Hotel Zico": "https://www.amazon.com/Ingress-Ventures-Hotel-Zico/dp/B08XM8PXMX/ref=sr_1_2836?brr=1&dchild=1&qid=1634421185&rd=1&s=digital-skills&sr=1-2836", "Alpine Inn & Suites": "https://www.amazon.com/Ingress-Ventures-Alpine-Inn-Suites/dp/B08XM14QTG/ref=sr_1_2837?brr=1&dchild=1&qid=1634421185&rd=1&s=digital-skills&sr=1-2837", "Unofficial Fortnite Dance Quiz": "https://www.amazon.com/Wisdom-Is-Principal-Apps-Unofficial/dp/B08XLZXXBD/ref=sr_1_2838?brr=1&dchild=1&qid=1634421185&rd=1&s=digital-skills&sr=1-2838", "scientist escape the room 9": "https://www.amazon.com/scientist-escape-the-room-9/dp/B08XLTX8H8/ref=sr_1_2839?brr=1&dchild=1&qid=1634421185&rd=1&s=digital-skills&sr=1-2839", "Star Trek-Tricorder Sound": "https://www.amazon.com/Wisdom-Is-Principal-Apps-Trek-Tricorder/dp/B08XLSJ2BR/ref=sr_1_2840?brr=1&dchild=1&qid=1634421185&rd=1&s=digital-skills&sr=1-2840", "Alura Inn": "https://www.amazon.com/Ingress-Ventures-Alura-Inn/dp/B08XLHYC8W/ref=sr_1_2841?brr=1&dchild=1&qid=1634421185&rd=1&s=digital-skills&sr=1-2841", "Smash Character Selector": "https://www.amazon.com/W-B-Smash-Character-Selector/dp/B08XK7V3JP/ref=sr_1_2842?brr=1&dchild=1&qid=1634421185&rd=1&s=digital-skills&sr=1-2842", "Ogunquit Hotel & Suites 719": "https://www.amazon.com/Ingress-Ventures-Ogunquit-Hotel-Suites/dp/B08XK586DX/ref=sr_1_2843?brr=1&dchild=1&qid=1634421185&rd=1&s=digital-skills&sr=1-2843", "Rainmaker Hospitality 2452": "https://www.amazon.com/Ingress-Ventures-Rainmaker-Hospitality-2452/dp/B08XJTYWB4/ref=sr_1_2844?brr=1&dchild=1&qid=1634421185&rd=1&s=digital-skills&sr=1-2844", "Comfort Inn Auburn 426": "https://www.amazon.com/Ingress-Ventures-Comfort-Inn-Auburn/dp/B08XJS34ZB/ref=sr_1_2845?brr=1&dchild=1&qid=1634421185&rd=1&s=digital-skills&sr=1-2845", "Unofficial Fortnite Jokes": "https://www.amazon.com/Wisdom-Is-Principal-Apps-Unofficial/dp/B08XJQHQKC/ref=sr_1_2846?brr=1&dchild=1&qid=1634421185&rd=1&s=digital-skills&sr=1-2846", "Rap Adlibs": "https://www.amazon.com/Kuttle-Rap-Adlibs/dp/B08XFWRMS1/ref=sr_1_2847?brr=1&dchild=1&qid=1634421185&rd=1&s=digital-skills&sr=1-2847", "Texas Lodge Kenedy 108E": "https://www.amazon.com/Ingress-Ventures-Texas-Lodge-Kenedy/dp/B08XBR9L19/ref=sr_1_2848?brr=1&dchild=1&qid=1634421185&rd=1&s=digital-skills&sr=1-2848"}