{"Sequencer": "https://www.amazon.com/Micah-Smith-Sequencer/dp/B08X6HQR7S/ref=sr_1_2865?brr=1&dchild=1&qid=1634421191&rd=1&s=digital-skills&sr=1-2865", "mind blowing facts": "https://www.amazon.com/deshkarthik-mind-blowing-facts/dp/B08X6DMKQB/ref=sr_1_2866?brr=1&dchild=1&qid=1634421191&rd=1&s=digital-skills&sr=1-2866", "Sword drill": "https://www.amazon.com/Brian-Waugh-Sword-drill/dp/B08X63Z17X/ref=sr_1_2867?brr=1&dchild=1&qid=1634421191&rd=1&s=digital-skills&sr=1-2867", "Number Memorizer": "https://www.amazon.com/marcosamm-Number-Memorizer/dp/B08X4WGKF3/ref=sr_1_2868?brr=1&dchild=1&qid=1634421191&rd=1&s=digital-skills&sr=1-2868", "Whose Turn": "https://www.amazon.com/Carissa-Whose-Turn/dp/B08X4SNRNR/ref=sr_1_2869?brr=1&dchild=1&qid=1634421191&rd=1&s=digital-skills&sr=1-2869", "Smart Salem": "https://www.amazon.com/Fastlink-Smart-Salem/dp/B08X4S6ML4/ref=sr_1_2870?brr=1&dchild=1&qid=1634421191&rd=1&s=digital-skills&sr=1-2870", "ANIMAL TRIVIA": "https://www.amazon.com/Adam-man98-ANIMAL-TRIVIA/dp/B08X48YD8Q/ref=sr_1_2871?brr=1&dchild=1&qid=1634421191&rd=1&s=digital-skills&sr=1-2871", "Robert Downey Jr Quotes": "https://www.amazon.com/Voica-Tech-Robert-Downey-Quotes/dp/B08X48RCTN/ref=sr_1_2872?brr=1&dchild=1&qid=1634421191&rd=1&s=digital-skills&sr=1-2872", "Video Game Trivia": "https://www.amazon.com/Wisdom-Is-Principal-Apps-Trivia/dp/B08X463LHZ/ref=sr_1_2873?brr=1&dchild=1&qid=1634421191&rd=1&s=digital-skills&sr=1-2873", "Who's time": "https://www.amazon.com/Arjun-Whos-time/dp/B08X3YD3D1/ref=sr_1_2874?brr=1&dchild=1&qid=1634421191&rd=1&s=digital-skills&sr=1-2874", "Spelling Bee": "https://www.amazon.com/worldengine-Spelling-Bee/dp/B08X3VNJFC/ref=sr_1_2875?brr=1&dchild=1&qid=1634421191&rd=1&s=digital-skills&sr=1-2875", "Hogwarts quiz": "https://www.amazon.com/Samta-Bansal-Hogwarts-quiz/dp/B08X3DGZGD/ref=sr_1_2876?brr=1&dchild=1&qid=1634421191&rd=1&s=digital-skills&sr=1-2876", "Sleep Sounds Drone Machine": "https://www.amazon.com/SamPaul-Skills-Sleep-Sounds-Machine/dp/B08X39PW93/ref=sr_1_2877?brr=1&dchild=1&qid=1634421191&rd=1&s=digital-skills&sr=1-2877", "Sleep Sounds Clothes Dryer": "https://www.amazon.com/SamPaul-Skills-Sleep-Sounds-Clothes/dp/B08X2GN75P/ref=sr_1_2878?brr=1&dchild=1&qid=1634421191&rd=1&s=digital-skills&sr=1-2878", "General Quiz": "https://www.amazon.com/Sanchit-Arora-Coding-Kangaroo-General/dp/B08X2BS2J6/ref=sr_1_2879?brr=1&dchild=1&qid=1634421191&rd=1&s=digital-skills&sr=1-2879", "Big boss quiz": "https://www.amazon.com/Samta-Bansal-Big-boss-quiz/dp/B08X27J3HP/ref=sr_1_2880?brr=1&dchild=1&qid=1634421191&rd=1&s=digital-skills&sr=1-2880"}