{"Whose Turn": "https://www.amazon.com/Home-Whose-Turn/dp/B08WX35QBD/ref=sr_1_2895?brr=1&dchild=1&qid=1634421194&rd=1&s=digital-skills&sr=1-2895", "Idaho golf courses": "https://www.amazon.com/Robert-Namin-Idaho-golf-courses/dp/B08X1WDVBJ/ref=sr_1_2882?brr=1&dchild=1&qid=1634421194&rd=1&s=digital-skills&sr=1-2882", "Dash of Sage": "https://www.amazon.com/JRW-Dash-of-Sage/dp/B08X1R8K32/ref=sr_1_2883?brr=1&dchild=1&qid=1634421194&rd=1&s=digital-skills&sr=1-2883", "interesting unique facts": "https://www.amazon.com/Jolley-Talk-interesting-unique-facts/dp/B08X1N4PLL/ref=sr_1_2884?brr=1&dchild=1&qid=1634421194&rd=1&s=digital-skills&sr=1-2884", "Alpacalpa Alpaca | StoryQube Original Music game": "https://www.amazon.com/Alpacalpa-Alpaca-StoryQube-Original-Music/dp/B08X1LYGGQ/ref=sr_1_2885?brr=1&dchild=1&qid=1634421194&rd=1&s=digital-skills&sr=1-2885", "My drawings timer": "https://www.amazon.com/Fab-My-drawings-timer/dp/B08X1J9VJN/ref=sr_1_2886?brr=1&dchild=1&qid=1634421194&rd=1&s=digital-skills&sr=1-2886", "Quiz It : Guess Dialogues and Music": "https://www.amazon.com/Shubham-Quiz-Guess-Dialogues-Music/dp/B08X1DJJF9/ref=sr_1_2887?brr=1&dchild=1&qid=1634421194&rd=1&s=digital-skills&sr=1-2887", "Quality Inn Alachua": "https://www.amazon.com/Ingress-Ventures-Quality-Inn-Alachua/dp/B08X1CM1HP/ref=sr_1_2888?brr=1&dchild=1&qid=1634421194&rd=1&s=digital-skills&sr=1-2888", "Family time quiz": "https://www.amazon.com/Connor-Family-time-quiz/dp/B08WZ7K2MK/ref=sr_1_2889?brr=1&dchild=1&qid=1634421194&rd=1&s=digital-skills&sr=1-2889", "My Birthday Trivia": "https://www.amazon.com/Danny-My-Birthday-Trivia/dp/B08WYZLQ8R/ref=sr_1_2890?brr=1&dchild=1&qid=1634421194&rd=1&s=digital-skills&sr=1-2890", "Sleep Sounds Car Ride Freeway": "https://www.amazon.com/Sleep-Sounds-Car-Ride-Freeway/dp/B08WYLQJRL/ref=sr_1_2891?brr=1&dchild=1&qid=1634421194&rd=1&s=digital-skills&sr=1-2891", "Woodhill Mart Store 2360": "https://www.amazon.com/Ingress-Ventures-Woodhill-Mart-Store/dp/B08WYF3VKP/ref=sr_1_2892?brr=1&dchild=1&qid=1634421194&rd=1&s=digital-skills&sr=1-2892", "92.5 WFSX-FM": "https://www.amazon.com/Nobex-Technologies-92-5-WFSX-FM/dp/B08WXFFQ8G/ref=sr_1_2893?brr=1&dchild=1&qid=1634421194&rd=1&s=digital-skills&sr=1-2893", "number trivia": "https://www.amazon.com/longhike-number-trivia/dp/B08WX5YLMP/ref=sr_1_2894?brr=1&dchild=1&qid=1634421194&rd=1&s=digital-skills&sr=1-2894", "Hawaii Golf Courses": "https://www.amazon.com/Robert-Namin-Hawaii-Golf-Courses/dp/B08WX1SMXQ/ref=sr_1_2896?brr=1&dchild=1&qid=1634421194&rd=1&s=digital-skills&sr=1-2896"}