{"stvs-led-animation": "https://www.amazon.com/ST-Microelectronics-stvs-led-animation/dp/B08WWGXS87/ref=sr_1_2897?brr=1&dchild=1&qid=1634421196&rd=1&s=digital-skills&sr=1-2897", "Word Jumble": "https://www.amazon.com/worldengine-Word-Jumble/dp/B08WV9FWC8/ref=sr_1_2898?brr=1&dchild=1&qid=1634421196&rd=1&s=digital-skills&sr=1-2898", "Who's up to him": "https://www.amazon.com/Fabian-Chacon-Who-touches-him/dp/B08WRXNJWX/ref=sr_1_2899?brr=1&dchild=1&qid=1634421196&rd=1&s=digital-skills&sr=1-2899", "Sleep Sounds Shower Sounds": "https://www.amazon.com/SamPaul-Skills-Sleep-Sounds-Shower/dp/B08WRXFKHR/ref=sr_1_2900?brr=1&dchild=1&qid=1634421196&rd=1&s=digital-skills&sr=1-2900", "Guess My Secret": "https://www.amazon.com/Azalea-Labs-Guess-My-Secret/dp/B08WRLX2LH/ref=sr_1_2901?brr=1&dchild=1&qid=1634421196&rd=1&s=digital-skills&sr=1-2901", "Unofficial Google Trending Terms": "https://www.amazon.com/Li60-Unofficial-Google-Trending-Terms/dp/B08WRLH7CD/ref=sr_1_2902?brr=1&dchild=1&qid=1634421196&rd=1&s=digital-skills&sr=1-2902", "Funny Jokes": "https://www.amazon.com/Advahoo-Funny-Jokes/dp/B08WR9BX18/ref=sr_1_2903?brr=1&dchild=1&qid=1634421196&rd=1&s=digital-skills&sr=1-2903", "Fivestar Liquors": "https://www.amazon.com/Ingress-Ventures-Fivestar-Liquors/dp/B08WR85SBJ/ref=sr_1_2904?brr=1&dchild=1&qid=1634421196&rd=1&s=digital-skills&sr=1-2904", "Sports Trivia Game": "https://www.amazon.com/Wisdom-Is-Principal-Apps-Sports/dp/B08WR79LTJ/ref=sr_1_2905?brr=1&dchild=1&qid=1634421196&rd=1&s=digital-skills&sr=1-2905", "ginkoidname": "https://www.amazon.com/JoshDaBosh-ginkoidname/dp/B08WQ2ZQMX/ref=sr_1_2906?brr=1&dchild=1&qid=1634421196&rd=1&s=digital-skills&sr=1-2906", "React Quiz": "https://www.amazon.com/Samta-Bansal-React-Quiz/dp/B08WPYJSLF/ref=sr_1_2907?brr=1&dchild=1&qid=1634421196&rd=1&s=digital-skills&sr=1-2907", "Fast bot": "https://www.amazon.com/KOBUTO-nami-Fast-bot/dp/B08WLX5RFX/ref=sr_1_2908?brr=1&dchild=1&qid=1634421196&rd=1&s=digital-skills&sr=1-2908", "Master the force": "https://www.amazon.com/Jay-Master-the-force/dp/B08WLWQ8KS/ref=sr_1_2909?brr=1&dchild=1&qid=1634421196&rd=1&s=digital-skills&sr=1-2909", "Quiz Land": "https://www.amazon.com/Thomas-Bernard-Quiz-Land/dp/B08WLTTF9M/ref=sr_1_2910?brr=1&dchild=1&qid=1634421196&rd=1&s=digital-skills&sr=1-2910", "Sentiment Expert": "https://www.amazon.com/SN-forward-Sentiment-Expert/dp/B08WLSR47S/ref=sr_1_2911?brr=1&dchild=1&qid=1634421196&rd=1&s=digital-skills&sr=1-2911", "Television Series Trivia Game-True or False": "https://www.amazon.com/Wisdom-Principal-Apps-Television-Game-True/dp/B08WLRD5LB/ref=sr_1_2912?brr=1&dchild=1&qid=1634421196&rd=1&s=digital-skills&sr=1-2912"}