{"Austin Liquors 370": "https://www.amazon.com/Ingress-Ventures-Austin-Liquors-370/dp/B08WLR3XT8/ref=sr_1_2913?brr=1&dchild=1&qid=1634421199&rd=1&s=digital-skills&sr=1-2913", "Jays Smoke Shop 725": "https://www.amazon.com/Ingress-Ventures-Jays-Smoke-Shop/dp/B08WLQW7TR/ref=sr_1_2914?brr=1&dchild=1&qid=1634421199&rd=1&s=digital-skills&sr=1-2914", "Salida Laundromat": "https://www.amazon.com/Ingress-Ventures-Salida-Laundromat/dp/B08WLQLHY6/ref=sr_1_2915?brr=1&dchild=1&qid=1634421199&rd=1&s=digital-skills&sr=1-2915", "Jays Smoke Shop 475": "https://www.amazon.com/Ingress-Ventures-Jays-Smoke-Shop/dp/B08WLQFCPG/ref=sr_1_2916?brr=1&dchild=1&qid=1634421199&rd=1&s=digital-skills&sr=1-2916", "Liquor World 6": "https://www.amazon.com/Ingress-Ventures-Liquor-World-6/dp/B08WLPQQGN/ref=sr_1_2917?brr=1&dchild=1&qid=1634421199&rd=1&s=digital-skills&sr=1-2917", "Webster Sq Pkg Store": "https://www.amazon.com/Ingress-Ventures-Webster-Pkg-Store/dp/B08WLPJ3J8/ref=sr_1_2918?brr=1&dchild=1&qid=1634421199&rd=1&s=digital-skills&sr=1-2918", "Vally Plaza Discount Liquor": "https://www.amazon.com/Ingress-Ventures-Vally-Discount-Liquor/dp/B08WLPHTH6/ref=sr_1_2919?brr=1&dchild=1&qid=1634421199&rd=1&s=digital-skills&sr=1-2919", "Boston Discount Liquors": "https://www.amazon.com/Ingress-Ventures-Boston-Discount-Liquors/dp/B08WL3FGGQ/ref=sr_1_2920?brr=1&dchild=1&qid=1634421199&rd=1&s=digital-skills&sr=1-2920", "Austin Liquors 117": "https://www.amazon.com/Ingress-Ventures-Austin-Liquors-117/dp/B08WL2KX7M/ref=sr_1_2921?brr=1&dchild=1&qid=1634421199&rd=1&s=digital-skills&sr=1-2921", "Liquor World 9": "https://www.amazon.com/Ingress-Ventures-Liquor-World-9/dp/B08WL1XM8G/ref=sr_1_2922?brr=1&dchild=1&qid=1634421199&rd=1&s=digital-skills&sr=1-2922", "H B Wine Liquors": "https://www.amazon.com/Ingress-Ventures-H-Wine-Liquors/dp/B08WL19D6P/ref=sr_1_2923?brr=1&dchild=1&qid=1634421199&rd=1&s=digital-skills&sr=1-2923", "D&D Trivia": "https://www.amazon.com/Critical-Dice-D-Trivia/dp/B08WKZ4XQ4/ref=sr_1_2924?brr=1&dchild=1&qid=1634421199&rd=1&s=digital-skills&sr=1-2924", "Yes no maybe": "https://www.amazon.com/Blocky927-Yes-no-maybe/dp/B08WKK2F3J/ref=sr_1_2925?brr=1&dchild=1&qid=1634421199&rd=1&s=digital-skills&sr=1-2925", "Georgia Golf Courses": "https://www.amazon.com/Robert-Namin-Georgia-Golf-Courses/dp/B08WK6M8TD/ref=sr_1_2926?brr=1&dchild=1&qid=1634421199&rd=1&s=digital-skills&sr=1-2926", "Jays Smoke Shop 9": "https://www.amazon.com/Ingress-Ventures-Jays-Smoke-Shop/dp/B08WK6LQDK/ref=sr_1_2927?brr=1&dchild=1&qid=1634421199&rd=1&s=digital-skills&sr=1-2927", "Super 8 Greencastle 735": "https://www.amazon.com/Ingress-Ventures-Super-Greencastle-735/dp/B08WK651N8/ref=sr_1_2928?brr=1&dchild=1&qid=1634421199&rd=1&s=digital-skills&sr=1-2928"}