{"Jays Smoke Shop 83": "https://www.amazon.com/Ingress-Ventures-Jays-Smoke-Shop/dp/B08WK633G5/ref=sr_1_2929?brr=1&dchild=1&qid=1634421202&rd=1&s=digital-skills&sr=1-2929", "Milford Pkg Store": "https://www.amazon.com/Ingress-Ventures-Milford-Pkg-Store/dp/B08WK57ZVC/ref=sr_1_2930?brr=1&dchild=1&qid=1634421202&rd=1&s=digital-skills&sr=1-2930", "Jays Smoke Shop 5 S": "https://www.amazon.com/Jays-Smoke-Shop-5-S/dp/B08WK53CRV/ref=sr_1_2931?brr=1&dchild=1&qid=1634421202&rd=1&s=digital-skills&sr=1-2931", "Crowleys Pkg": "https://www.amazon.com/Ingress-Ventures-Crowleys-Pkg/dp/B08WK3SQL8/ref=sr_1_2932?brr=1&dchild=1&qid=1634421202&rd=1&s=digital-skills&sr=1-2932", "Bingo Caller": "https://www.amazon.com/worldengine-Bingo-Caller/dp/B08WJFZTXC/ref=sr_1_2933?brr=1&dchild=1&qid=1634421202&rd=1&s=digital-skills&sr=1-2933", "Kautilya Management": "https://www.amazon.com/Ingress-Ventures-Kautilya-Management/dp/B08WJD524L/ref=sr_1_2934?brr=1&dchild=1&qid=1634421202&rd=1&s=digital-skills&sr=1-2934", "Days inn 2905": "https://www.amazon.com/Ingress-Ventures-Days-inn-2905/dp/B08WJ7C3F3/ref=sr_1_2935?brr=1&dchild=1&qid=1634421202&rd=1&s=digital-skills&sr=1-2935", "Kautilya Management - Microtel Inn": "https://www.amazon.com/Ingress-Ventures-Kautilya-Management-Microtel/dp/B08WJ61KKZ/ref=sr_1_2936?brr=1&dchild=1&qid=1634421202&rd=1&s=digital-skills&sr=1-2936", "Kautilya Management - Hampton Inn 1525": "https://www.amazon.com/Kautilya-Management-Hampton-Inn-1525/dp/B08WHYKXDT/ref=sr_1_2937?brr=1&dchild=1&qid=1634421202&rd=1&s=digital-skills&sr=1-2937", "Kautilya Management - LaQuinta Inn": "https://www.amazon.com/Ingress-Ventures-Kautilya-Management-LaQuinta/dp/B08WHT46H6/ref=sr_1_2938?brr=1&dchild=1&qid=1634421202&rd=1&s=digital-skills&sr=1-2938", "Kautilya Management - Sleep Inn": "https://www.amazon.com/Ingress-Ventures-Kautilya-Management-Sleep/dp/B08WHRQCD2/ref=sr_1_2939?brr=1&dchild=1&qid=1634421202&rd=1&s=digital-skills&sr=1-2939", "Kautilya Management - Fairfield Inn": "https://www.amazon.com/Ingress-Ventures-Kautilya-Management-Fairfield/dp/B08WHR7X1M/ref=sr_1_2940?brr=1&dchild=1&qid=1634421202&rd=1&s=digital-skills&sr=1-2940", "Kautilya Management - Hampton Inn 11484": "https://www.amazon.com/Kautilya-Management-Hampton-Inn-11484/dp/B08WHR611K/ref=sr_1_2941?brr=1&dchild=1&qid=1634421202&rd=1&s=digital-skills&sr=1-2941", "Kautilya Management - Hawthorn Suites": "https://www.amazon.com/Ingress-Ventures-Kautilya-Management-Hawthorn/dp/B08WHNXJW3/ref=sr_1_2942?brr=1&dchild=1&qid=1634421202&rd=1&s=digital-skills&sr=1-2942", "Unofficial Super Bowl 2021 Highlights": "https://www.amazon.com/Unofficial-Super-Bowl-2021-Highlights/dp/B08WHL1JFX/ref=sr_1_2943?brr=1&dchild=1&qid=1634421202&rd=1&s=digital-skills&sr=1-2943", "Kautilya Management - Hampton Inn 7329": "https://www.amazon.com/Kautilya-Management-Hampton-Inn-7329/dp/B08WHHWJKS/ref=sr_1_2944?brr=1&dchild=1&qid=1634421202&rd=1&s=digital-skills&sr=1-2944"}