{"Storyteller Cafe": "https://www.amazon.com/Chatables-LLC-Storyteller-Cafe/dp/B08WH6MYL1/ref=sr_1_2945?brr=1&dchild=1&qid=1634421205&rd=1&s=digital-skills&sr=1-2945", "Who's next": "https://www.amazon.com/Demario-Hill-Whos-next/dp/B08WCMKKYL/ref=sr_1_2946?brr=1&dchild=1&qid=1634421205&rd=1&s=digital-skills&sr=1-2946", "Fly 98.5": "https://www.amazon.com/Nobex-Technologies-Fly-98-5/dp/B08WCGZ249/ref=sr_1_2947?brr=1&dchild=1&qid=1634421205&rd=1&s=digital-skills&sr=1-2947", "O'Chiese": "https://www.amazon.com/Default-User-OChiese/dp/B08WCFQZ6C/ref=sr_1_2948?brr=1&dchild=1&qid=1634421205&rd=1&s=digital-skills&sr=1-2948", "Beautiful Dreams": "https://www.amazon.com/Smart-Skills-Beautiful-Dreams/dp/B08WCCFT41/ref=sr_1_2949?brr=1&dchild=1&qid=1634421205&rd=1&s=digital-skills&sr=1-2949", "Whose Turn": "https://www.amazon.com/America-Tijeras-Whose-Turn/dp/B08W9NFSM8/ref=sr_1_2952?brr=1&dchild=1&qid=1634421205&rd=1&s=digital-skills&sr=1-2952", "WiselyWise AI Quizmaster": "https://www.amazon.com/WiselyWise-AI-Quizmaster/dp/B08W9XL33K/ref=sr_1_2951?brr=1&dchild=1&qid=1634421205&rd=1&s=digital-skills&sr=1-2951", "dee-twenty": "https://www.amazon.com/chadg-net-dee-twenty/dp/B08W9MC8HH/ref=sr_1_2953?brr=1&dchild=1&qid=1634421205&rd=1&s=digital-skills&sr=1-2953", "Entrar Students": "https://www.amazon.com/SKOODLE-LEARNING-Entrar-Students/dp/B08W9H74QQ/ref=sr_1_2954?brr=1&dchild=1&qid=1634421205&rd=1&s=digital-skills&sr=1-2954", "Musical Chairs": "https://www.amazon.com/worldengine-Musical-Chairs/dp/B08W8RCR1K/ref=sr_1_2955?brr=1&dchild=1&qid=1634421205&rd=1&s=digital-skills&sr=1-2955", "Unofficial English Premier League Highlights": "https://www.amazon.com/Unofficial-English-Premier-League-Highlights/dp/B08W8HR9HZ/ref=sr_1_2956?brr=1&dchild=1&qid=1634421205&rd=1&s=digital-skills&sr=1-2956", "Effing clean": "https://www.amazon.com/smashley-Jo-Effing-clean/dp/B08W5D7P9F/ref=sr_1_2957?brr=1&dchild=1&qid=1634421205&rd=1&s=digital-skills&sr=1-2957", "Super 8 Hotel 2209": "https://www.amazon.com/Ingress-Ventures-Super-Hotel-2209/dp/B08W56TY78/ref=sr_1_2958?brr=1&dchild=1&qid=1634421205&rd=1&s=digital-skills&sr=1-2958", "Who touches him": "https://www.amazon.com/Tania-Candia-Guti%C3%A9rrez-Who-touches/dp/B08W55ZT51/ref=sr_1_2959?brr=1&dchild=1&qid=1634421205&rd=1&s=digital-skills&sr=1-2959", "Lego City": "https://www.amazon.com/Eric-Huglen-Lego-City/dp/B08W55KG4S/ref=sr_1_2960?brr=1&dchild=1&qid=1634421205&rd=1&s=digital-skills&sr=1-2960"}