{"Dad jokes": "https://www.amazon.com/Raedyn-Dad-jokes/dp/B08V21CWG9/ref=sr_1_3025?brr=1&dchild=1&qid=1634421219&rd=1&s=digital-skills&sr=1-3025", "Who's up to him": "https://www.amazon.com/cristina-lopez-Who-touches-him/dp/B08V1TL5CC/ref=sr_1_3026?brr=1&dchild=1&qid=1634421219&rd=1&s=digital-skills&sr=1-3026", "Thyroid News": "https://www.amazon.com/Belmont-Informatics-Thyroid-News/dp/B08TX6K997/ref=sr_1_3027?brr=1&dchild=1&qid=1634421219&rd=1&s=digital-skills&sr=1-3027", "Unofficial among us spaceship": "https://www.amazon.com/The-imposter-Unofficial-among-spaceship/dp/B08TWYXYFX/ref=sr_1_3028?brr=1&dchild=1&qid=1634421219&rd=1&s=digital-skills&sr=1-3028", "Whose Turn": "https://www.amazon.com/Donnie-Whose-Turn/dp/B08TWWP3X2/ref=sr_1_3029?brr=1&dchild=1&qid=1634421219&rd=1&s=digital-skills&sr=1-3029", "Fortune Teller": "https://www.amazon.com/J-A-P-Fortune-Teller/dp/B08TWWM1BC/ref=sr_1_3030?brr=1&dchild=1&qid=1634421219&rd=1&s=digital-skills&sr=1-3030", "Trevo's pleasure or pain": "https://www.amazon.com/Mistress-Angelas-Trevos-pleasure-pain/dp/B08TWTWYFH/ref=sr_1_3031?brr=1&dchild=1&qid=1634421219&rd=1&s=digital-skills&sr=1-3031", "Who is going": "https://www.amazon.com/ronald-xavier-Who-is-going/dp/B08TWS4H1G/ref=sr_1_3032?brr=1&dchild=1&qid=1634421219&rd=1&s=digital-skills&sr=1-3032", "rock paper scissors": "https://www.amazon.com/Shabana-rock-paper-scissors/dp/B08TVRKZ94/ref=sr_1_3038?brr=1&dchild=1&qid=1634421219&rd=1&s=digital-skills&sr=1-3038", "Rock Paper Scissor": "https://www.amazon.com/Megha-Darda-Rock-Paper-Scissor/dp/B08TWKM4CQ/ref=sr_1_3034?brr=1&dchild=1&qid=1634421219&rd=1&s=digital-skills&sr=1-3034", "crime investigation team": "https://www.amazon.com/varnit-crime-investigation-team/dp/B08TWH7VWV/ref=sr_1_3035?brr=1&dchild=1&qid=1634421219&rd=1&s=digital-skills&sr=1-3035", "Abbie Hunt's Quiz": "https://www.amazon.com/Abbie-Hunt-Hunts-Quiz/dp/B08TWG6C65/ref=sr_1_3036?brr=1&dchild=1&qid=1634421219&rd=1&s=digital-skills&sr=1-3036", "92.3 and 101.1 The River": "https://www.amazon.com/92-3-and-101-1-The-River/dp/B08TWBLX7G/ref=sr_1_3037?brr=1&dchild=1&qid=1634421219&rd=1&s=digital-skills&sr=1-3037", "testskill": "https://www.amazon.com/Matthew-Toles-testskill/dp/B08TVJ2X8D/ref=sr_1_3039?brr=1&dchild=1&qid=1634421219&rd=1&s=digital-skills&sr=1-3039", "Quem vai": "https://www.amazon.com/Fabio-Quem-vai/dp/B08TV49KBB/ref=sr_1_3040?brr=1&dchild=1&qid=1634421219&rd=1&s=digital-skills&sr=1-3040"}