{"Music Box": "https://www.amazon.com/worldengine-Music-Box/dp/B08TV1VXK5/ref=sr_1_3041?brr=1&dchild=1&qid=1634421222&rd=1&s=digital-skills&sr=1-3041", "Whose Turn": "https://www.amazon.com/Marlisa-Garza-Whose-Turn/dp/B08TTKY74N/ref=sr_1_3043?brr=1&dchild=1&qid=1634421222&rd=1&s=digital-skills&sr=1-3043", "Drinking Game": "https://www.amazon.com/Smart-Skills-Drinking-Game/dp/B08TRRVSVM/ref=sr_1_3044?brr=1&dchild=1&qid=1634421222&rd=1&s=digital-skills&sr=1-3044", "rock paper scissors": "https://www.amazon.com/Lila-Poonawalla-Foundation-paper-scissors/dp/B08TH85TCW/ref=sr_1_3056?brr=1&dchild=1&qid=1634421222&rd=1&s=digital-skills&sr=1-3056", "Division Tutor": "https://www.amazon.com/worldengine-Division-Tutor/dp/B08TR7TQ3Y/ref=sr_1_3046?brr=1&dchild=1&qid=1634421222&rd=1&s=digital-skills&sr=1-3046", "What am I": "https://www.amazon.com/Caitlyn-What-am-I/dp/B08TQXLBT7/ref=sr_1_3047?brr=1&dchild=1&qid=1634421222&rd=1&s=digital-skills&sr=1-3047", "Revise Biology (GCSE AQA and Edexcel)": "https://www.amazon.com/Revise-Biology-GCSE-AQA-Edexcel/dp/B08TQRQC95/ref=sr_1_3048?brr=1&dchild=1&qid=1634421222&rd=1&s=digital-skills&sr=1-3048", "puzzle with fazal": "https://www.amazon.com/zombie-technologies-puzzle-with-fazal/dp/B08TQBVDNF/ref=sr_1_3049?brr=1&dchild=1&qid=1634421222&rd=1&s=digital-skills&sr=1-3049", "Fast Five": "https://www.amazon.com/Amanda-Wuorinen-Fast-Five/dp/B08TQ65GPS/ref=sr_1_3050?brr=1&dchild=1&qid=1634421222&rd=1&s=digital-skills&sr=1-3050", "Multiplication Tutor": "https://www.amazon.com/worldengine-Multiplication-Tutor/dp/B08TMFR5SC/ref=sr_1_3051?brr=1&dchild=1&qid=1634421222&rd=1&s=digital-skills&sr=1-3051", "Rock paper scissors": "https://www.amazon.com/Asmita-Nalawade-Rock-paper-scissors/dp/B08TM7Y3VM/ref=sr_1_3052?brr=1&dchild=1&qid=1634421222&rd=1&s=digital-skills&sr=1-3052", "escape ultimate room": "https://www.amazon.com/Nayavo-escape-ultimate-room/dp/B08THYMP1V/ref=sr_1_3053?brr=1&dchild=1&qid=1634421222&rd=1&s=digital-skills&sr=1-3053", "Lets get busy with Wiki Places for Kids": "https://www.amazon.com/Lets-busy-Wiki-Places-Kids/dp/B08THSG37T/ref=sr_1_3054?brr=1&dchild=1&qid=1634421222&rd=1&s=digital-skills&sr=1-3054", "CharlottePipe": "https://www.amazon.com/Charlotte-Pipe-and-Foundry-CharlottePipe/dp/B08THNK5ZW/ref=sr_1_3055?brr=1&dchild=1&qid=1634421222&rd=1&s=digital-skills&sr=1-3055"}