{"Slow Counter": "https://www.amazon.com/worldengine-Slow-Counter/dp/B08TGHVQNT/ref=sr_1_3057?brr=1&dchild=1&qid=1634421224&rd=1&s=digital-skills&sr=1-3057", "hello-world-sid": "https://www.amazon.com/siddhartha-manwani-hello-world-sid/dp/B08TG5SXQF/ref=sr_1_3058?brr=1&dchild=1&qid=1634421224&rd=1&s=digital-skills&sr=1-3058", "cloudcomputing2021": "https://www.amazon.com/auburn-university-cloudcomputing2021/dp/B08TG5C5H2/ref=sr_1_3059?brr=1&dchild=1&qid=1634421224&rd=1&s=digital-skills&sr=1-3059", "Whose Turn": "https://www.amazon.com/Dadronic-Whose-Turn/dp/B08TC5FKRP/ref=sr_1_3062?brr=1&dchild=1&qid=1634421224&rd=1&s=digital-skills&sr=1-3062", "Dance 'n Pop FM": "https://www.amazon.com/FMRadioNet-Dance-n-Pop-FM/dp/B08TBZ5Q31/ref=sr_1_3063?brr=1&dchild=1&qid=1634421224&rd=1&s=digital-skills&sr=1-3063", "Video Game Suggester": "https://www.amazon.com/Dan-Dias-Video-Game-Suggester/dp/B08TBP222H/ref=sr_1_3064?brr=1&dchild=1&qid=1634421224&rd=1&s=digital-skills&sr=1-3064", "rock paper scissor": "https://www.amazon.com/Bhavana-rock-paper-scissor/dp/B08TBL8B3F/ref=sr_1_3065?brr=1&dchild=1&qid=1634421224&rd=1&s=digital-skills&sr=1-3065", "rock paper scissors": "https://www.amazon.com/FARHAD-TECH-rock-paper-scissors/dp/B08T9WWL5R/ref=sr_1_3066?brr=1&dchild=1&qid=1634421224&rd=1&s=digital-skills&sr=1-3066", "Musical Instruments Quiz": "https://www.amazon.com/worldengine-Musical-Instruments-Quiz/dp/B08T9Q32MK/ref=sr_1_3067?brr=1&dchild=1&qid=1634421224&rd=1&s=digital-skills&sr=1-3067", "Whose turn": "https://www.amazon.com/Jeremy-Whose-turn/dp/B08T9K62LQ/ref=sr_1_3068?brr=1&dchild=1&qid=1634421224&rd=1&s=digital-skills&sr=1-3068", "Godzilla game show": "https://www.amazon.com/Deanna-Godzilla-game-show/dp/B08T9D9MD3/ref=sr_1_3069?brr=1&dchild=1&qid=1634421224&rd=1&s=digital-skills&sr=1-3069", "Family Jokes": "https://www.amazon.com/Karen-Family-Jokes/dp/B08T986F85/ref=sr_1_3070?brr=1&dchild=1&qid=1634421224&rd=1&s=digital-skills&sr=1-3070", "A better listener": "https://www.amazon.com/Real-American-News-better-listener/dp/B08T94V5W9/ref=sr_1_3071?brr=1&dchild=1&qid=1634421224&rd=1&s=digital-skills&sr=1-3071", "Doubles Trouble": "https://www.amazon.com/Karen-Doubles-Trouble/dp/B08T8YN86M/ref=sr_1_3072?brr=1&dchild=1&qid=1634421224&rd=1&s=digital-skills&sr=1-3072"}