{"Anime facts junction": "https://www.amazon.com/Anurag-Srivastava-Anime-facts-junction/dp/B08SHZS7VF/ref=sr_1_3121?brr=1&dchild=1&qid=1634421236&rd=1&s=digital-skills&sr=1-3121", "Cash Me Outside": "https://www.amazon.com/Sea-Pigeon-Cash-Me-Outside/dp/B08SG9J9S8/ref=sr_1_3122?brr=1&dchild=1&qid=1634421236&rd=1&s=digital-skills&sr=1-3122", "Sheep Counter": "https://www.amazon.com/worldengine-Sheep-Counter/dp/B08SCJ6KLP/ref=sr_1_3123?brr=1&dchild=1&qid=1634421236&rd=1&s=digital-skills&sr=1-3123", "Ukulele Ear Exerciser": "https://www.amazon.com/Kevin-Moreland-Ukulele-Ear-Exerciser/dp/B08SCDBD19/ref=sr_1_3124?brr=1&dchild=1&qid=1634421236&rd=1&s=digital-skills&sr=1-3124", "California Golf Courses": "https://www.amazon.com/Robert-Namin-California-Golf-Courses/dp/B08SCBKDYY/ref=sr_1_3125?brr=1&dchild=1&qid=1634421236&rd=1&s=digital-skills&sr=1-3125", "Facts": "https://www.amazon.com/utkarsh-Facts/dp/B08SC2CS25/ref=sr_1_3126?brr=1&dchild=1&qid=1634421236&rd=1&s=digital-skills&sr=1-3126", "Wild Sounds": "https://www.amazon.com/Smart-Skills-Wild-Sounds/dp/B08SC1PSJP/ref=sr_1_3127?brr=1&dchild=1&qid=1634421236&rd=1&s=digital-skills&sr=1-3127", "AEMContentSkill-2": "https://www.amazon.com/MagicWorks-AEMContentSkill-2/dp/B08SBH26B7/ref=sr_1_3128?brr=1&dchild=1&qid=1634421236&rd=1&s=digital-skills&sr=1-3128", "Gollum Riddles": "https://www.amazon.com/Emmanuel-Acheampong-Gollum-Riddles/dp/B08SBGWHVZ/ref=sr_1_3129?brr=1&dchild=1&qid=1634421236&rd=1&s=digital-skills&sr=1-3129", "Meow Meow": "https://www.amazon.com/ENVI%C3%A9-Meow/dp/B08S7G277D/ref=sr_1_3130?brr=1&dchild=1&qid=1634421236&rd=1&s=digital-skills&sr=1-3130", "active game one": "https://www.amazon.com/ACTIVE-ENGLISH-KIDS-active-game/dp/B08S79ZC45/ref=sr_1_3131?brr=1&dchild=1&qid=1634421236&rd=1&s=digital-skills&sr=1-3131", "active game three": "https://www.amazon.com/ACTIVE-ENGLISH-KIDS-active-three/dp/B08S79K8TR/ref=sr_1_3132?brr=1&dchild=1&qid=1634421236&rd=1&s=digital-skills&sr=1-3132", "Active two": "https://www.amazon.com/ACTIVE-ENGLISH-KIDS-Active-two/dp/B08S78YCKB/ref=sr_1_3133?brr=1&dchild=1&qid=1634421236&rd=1&s=digital-skills&sr=1-3133", "ACTIVE GAME TWO": "https://www.amazon.com/ACTIVE-ENGLISH-KIDS-GAME-TWO/dp/B08S77JP1C/ref=sr_1_3134?brr=1&dchild=1&qid=1634421236&rd=1&s=digital-skills&sr=1-3134", "Gingers Have Souls": "https://www.amazon.com/Sea-Pigeon-Gingers-Have-Souls/dp/B08S778HC6/ref=sr_1_3135?brr=1&dchild=1&qid=1634421236&rd=1&s=digital-skills&sr=1-3135", "active one": "https://www.amazon.com/ACTIVE-ENGLISH-KIDS-active-one/dp/B08S757DCV/ref=sr_1_3136?brr=1&dchild=1&qid=1634421236&rd=1&s=digital-skills&sr=1-3136"}