{"Sheldon game": "https://www.amazon.com/Jayaram-Singh-Sheldon-game/dp/B08S72RQY5/ref=sr_1_3137?brr=1&dchild=1&qid=1634421238&rd=1&s=digital-skills&sr=1-3137", "QUESTIONS TWO": "https://www.amazon.com/ACTIVE-ENGLISH-KIDS-QUESTIONS-TWO/dp/B08S72GMTJ/ref=sr_1_3138?brr=1&dchild=1&qid=1634421238&rd=1&s=digital-skills&sr=1-3138", "Supa Hot Fire": "https://www.amazon.com/Sea-Pigeon-Supa-Hot-Fire/dp/B08S6ZLBVT/ref=sr_1_3139?brr=1&dchild=1&qid=1634421238&rd=1&s=digital-skills&sr=1-3139", "World Currencies Game": "https://www.amazon.com/AKSKILLS-World-Currencies-Game/dp/B08S6W7PDG/ref=sr_1_3140?brr=1&dchild=1&qid=1634421238&rd=1&s=digital-skills&sr=1-3140", "Whose Turn": "https://www.amazon.com/Harper-Whose-Turn/dp/B08S43GL29/ref=sr_1_3145?brr=1&dchild=1&qid=1634421238&rd=1&s=digital-skills&sr=1-3145", "Hide Yo Wife": "https://www.amazon.com/Sea-Pigeon-Hide-Yo-Wife/dp/B08S6K4RZ9/ref=sr_1_3142?brr=1&dchild=1&qid=1634421238&rd=1&s=digital-skills&sr=1-3142", "Rate me": "https://www.amazon.com/Nitin-Thakur-Rate-me/dp/B08S442V55/ref=sr_1_3144?brr=1&dchild=1&qid=1634421238&rd=1&s=digital-skills&sr=1-3144", "ohh the zigbee": "https://www.amazon.com/andrewstech-ohh-the-zigbee/dp/B08S3TT7C1/ref=sr_1_3146?brr=1&dchild=1&qid=1634421238&rd=1&s=digital-skills&sr=1-3146", "Whose Turn is it to feed the dog": "https://www.amazon.com/Carters-Whose-Turn-feed-dog/dp/B08S3RSYTG/ref=sr_1_3147?brr=1&dchild=1&qid=1634421238&rd=1&s=digital-skills&sr=1-3147", "My Firetruck by doqxD": "https://www.amazon.com/doqxD-My-Firetruck-by/dp/B08S3RRMKJ/ref=sr_1_3148?brr=1&dchild=1&qid=1634421238&rd=1&s=digital-skills&sr=1-3148", "Windmill Sound": "https://www.amazon.com/Smart-Skills-Windmill-Sound/dp/B08S3QP9NP/ref=sr_1_3149?brr=1&dchild=1&qid=1634421238&rd=1&s=digital-skills&sr=1-3149", "Dragon Adventure": "https://www.amazon.com/Rohit-Rajdev-Dragon-Adventure/dp/B08S3K2DMP/ref=sr_1_3150?brr=1&dchild=1&qid=1634421238&rd=1&s=digital-skills&sr=1-3150", "Shuo Testing Quiz": "https://www.amazon.com/shuo-Shuo-Testing-Quiz/dp/B08S3D7W1G/ref=sr_1_3151?brr=1&dchild=1&qid=1634421238&rd=1&s=digital-skills&sr=1-3151", "those of sarriena": "https://www.amazon.com/s21sec-those-of-sarriena/dp/B08S311C2H/ref=sr_1_3152?brr=1&dchild=1&qid=1634421238&rd=1&s=digital-skills&sr=1-3152"}