{"Even or Odd Day": "https://www.amazon.com/random_a-Even-or-Odd-Day/dp/B08RYKLGV4/ref=sr_1_3169?brr=1&dchild=1&qid=1634421244&rd=1&s=digital-skills&sr=1-3169", "Hee Ho": "https://www.amazon.com/blankaex-Hee-Ho/dp/B08RXXSDKX/ref=sr_1_3170?brr=1&dchild=1&qid=1634421244&rd=1&s=digital-skills&sr=1-3170", "Logic Test Two": "https://www.amazon.com/Steven-Sutlief-Logic-Test-Two/dp/B08RXQ15T8/ref=sr_1_3171?brr=1&dchild=1&qid=1634421244&rd=1&s=digital-skills&sr=1-3171", "He Needs Some Milk": "https://www.amazon.com/Sea-Pigeon-Needs-Some-Milk/dp/B08RXJZ4NP/ref=sr_1_3172?brr=1&dchild=1&qid=1634421244&rd=1&s=digital-skills&sr=1-3172", "My RV": "https://www.amazon.com/EBRITECH-My-RV/dp/B08RX5XKN4/ref=sr_1_3173?brr=1&dchild=1&qid=1634421244&rd=1&s=digital-skills&sr=1-3173", "Periodic Table Trivia": "https://www.amazon.com/dbstek-Periodic-Table-Trivia/dp/B08RWCXMPV/ref=sr_1_3174?brr=1&dchild=1&qid=1634421244&rd=1&s=digital-skills&sr=1-3174", "RPS": "https://www.amazon.com/Bhavana-Shrotri-RPS/dp/B08RSLLXPZ/ref=sr_1_3175?brr=1&dchild=1&qid=1634421244&rd=1&s=digital-skills&sr=1-3175", "Corvette Trivia": "https://www.amazon.com/National-Corvette-Museum-Trivia/dp/B08RS92VHB/ref=sr_1_3176?brr=1&dchild=1&qid=1634421244&rd=1&s=digital-skills&sr=1-3176", "rock paper scissors": "https://www.amazon.com/Lila-Poonawalla-Foundation-paper-scissors/dp/B08RRRMP7J/ref=sr_1_3181?brr=1&dchild=1&qid=1634421244&rd=1&s=digital-skills&sr=1-3181", "Sleepy Princess Goodnight Zzz Unofficial": "https://www.amazon.com/Sleepy-Princess-Goodnight-Zzz-Unofficial/dp/B08RS7SC6L/ref=sr_1_3178?brr=1&dchild=1&qid=1634421244&rd=1&s=digital-skills&sr=1-3178", "Villa Trivia": "https://www.amazon.com/Half-Shell-Productions-Villa-Trivia/dp/B08RS5LHWC/ref=sr_1_3179?brr=1&dchild=1&qid=1634421244&rd=1&s=digital-skills&sr=1-3179", "Ralph Waldo Emerson Quotes": "https://www.amazon.com/Lauren-M-Ralph-Emerson-Quotes/dp/B08RRWBXQJ/ref=sr_1_3180?brr=1&dchild=1&qid=1634421244&rd=1&s=digital-skills&sr=1-3180", "Where Warzone": "https://www.amazon.com/Alex1232r-Where-Warzone/dp/B08RRM5N88/ref=sr_1_3182?brr=1&dchild=1&qid=1634421244&rd=1&s=digital-skills&sr=1-3182", "Board Game": "https://www.amazon.com/Jes%C3%BAs-Caballero-Board-Game/dp/B08RPC5ZWJ/ref=sr_1_3183?brr=1&dchild=1&qid=1634421244&rd=1&s=digital-skills&sr=1-3183", "Dragon Story": "https://www.amazon.com/Chickens-Dragon-Story/dp/B08RP6GNK1/ref=sr_1_3184?brr=1&dchild=1&qid=1634421244&rd=1&s=digital-skills&sr=1-3184"}