{"Mixing Board": "https://www.amazon.com/Chemels-Mixer/dp/B08RP66X5V/ref=sr_1_3185?brr=1&dchild=1&qid=1634421247&rd=1&s=digital-skills&sr=1-3185", "Who's next": "https://www.amazon.com/Kids-Whos-next/dp/B08RNY2RVC/ref=sr_1_3186?brr=1&dchild=1&qid=1634421247&rd=1&s=digital-skills&sr=1-3186", "mama llama": "https://www.amazon.com/J6-Labs-mama-llama/dp/B08RNW58G5/ref=sr_1_3187?brr=1&dchild=1&qid=1634421247&rd=1&s=digital-skills&sr=1-3187", "Whose next": "https://www.amazon.com/Sound-Body-Fitness-Whose-next/dp/B08RNTKMPS/ref=sr_1_3188?brr=1&dchild=1&qid=1634421247&rd=1&s=digital-skills&sr=1-3188", "Random Picker": "https://www.amazon.com/daniel-wotapka-Random-Picker/dp/B08RNGRS5J/ref=sr_1_3189?brr=1&dchild=1&qid=1634421247&rd=1&s=digital-skills&sr=1-3189", "Botja": "https://www.amazon.com/Aditya-Botja/dp/B08RN7FF7K/ref=sr_1_3190?brr=1&dchild=1&qid=1634421247&rd=1&s=digital-skills&sr=1-3190", "Whose Turn": "https://www.amazon.com/Josie-Whose-Turn/dp/B08RM4SVSQ/ref=sr_1_3194?brr=1&dchild=1&qid=1634421247&rd=1&s=digital-skills&sr=1-3194", "Automotive Electrical Game": "https://www.amazon.com/EHS-Automotive-Electrical-Game/dp/B08RMWS1PK/ref=sr_1_3192?brr=1&dchild=1&qid=1634421247&rd=1&s=digital-skills&sr=1-3192", "lost in the eighties": "https://www.amazon.com/Hippie-Soul-Cafe-lost-eighties/dp/B08RMWGSCH/ref=sr_1_3193?brr=1&dchild=1&qid=1634421247&rd=1&s=digital-skills&sr=1-3193", "My Game Show": "https://www.amazon.com/Anyia-Harrison-My-Game-Show/dp/B08RLP1KSK/ref=sr_1_3195?brr=1&dchild=1&qid=1634421247&rd=1&s=digital-skills&sr=1-3195", "Salute Your Shorts (Nickelodeon)": "https://www.amazon.com/Steve-Slavkin-Salute-Shorts-Nickelodeon/dp/B08RLJSKWQ/ref=sr_1_3196?brr=1&dchild=1&qid=1634421247&rd=1&s=digital-skills&sr=1-3196", "Pick someone": "https://www.amazon.com/Timothy-Pick-someone/dp/B08RJK3TWJ/ref=sr_1_3197?brr=1&dchild=1&qid=1634421247&rd=1&s=digital-skills&sr=1-3197", "Office Etiquette": "https://www.amazon.com/Content-Marketing-Kitchen-Office-Etiquette/dp/B08RJ8T4W5/ref=sr_1_3198?brr=1&dchild=1&qid=1634421247&rd=1&s=digital-skills&sr=1-3198", "Patrick": "https://www.amazon.com/Bree-Patrick/dp/B08RHM1BKQ/ref=sr_1_3199?brr=1&dchild=1&qid=1634421247&rd=1&s=digital-skills&sr=1-3199", "Make or Break it": "https://www.amazon.com/JoshTheDeveloper-Make-or-Break-it/dp/B08RDVWFQY/ref=sr_1_3200?brr=1&dchild=1&qid=1634421247&rd=1&s=digital-skills&sr=1-3200"}