{"Joke lol": "https://www.amazon.com/Korbaen-Joke-lol/dp/B08RDV1SD1/ref=sr_1_3201?brr=1&dchild=1&qid=1634421250&rd=1&s=digital-skills&sr=1-3201", "Is it math": "https://www.amazon.com/MorethanoneYT-Is-it-math/dp/B08RDTPLF1/ref=sr_1_3202?brr=1&dchild=1&qid=1634421250&rd=1&s=digital-skills&sr=1-3202", "Who touches him": "https://www.amazon.com/Felipe-Mu%C3%B1oz-Who-touches-him/dp/B08RDN3P2Y/ref=sr_1_3206?brr=1&dchild=1&qid=1634421250&rd=1&s=digital-skills&sr=1-3206", "Marriage Challenge": "https://www.amazon.com/Ruark-Family-Marriage-Challenge/dp/B08RDQGLLV/ref=sr_1_3204?brr=1&dchild=1&qid=1634421250&rd=1&s=digital-skills&sr=1-3204", "Arkansas Quiz": "https://www.amazon.com/srinivasa-anisetti-Arkansas-Quiz/dp/B08RDPKWCF/ref=sr_1_3205?brr=1&dchild=1&qid=1634421250&rd=1&s=digital-skills&sr=1-3205", "Hari Profile": "https://www.amazon.com/Harikrishnan-Hari-Profile/dp/B08RDLSS1B/ref=sr_1_3207?brr=1&dchild=1&qid=1634421250&rd=1&s=digital-skills&sr=1-3207", "Henry Stickman Collection BETA": "https://www.amazon.com/Facilitation-Technologies-LLC-Stickman-Collection/dp/B08RDGFD7D/ref=sr_1_3208?brr=1&dchild=1&qid=1634421250&rd=1&s=digital-skills&sr=1-3208", "Whose Turn": "https://www.amazon.com/Joy-Whose-Turn/dp/B08RDCBYJM/ref=sr_1_3209?brr=1&dchild=1&qid=1634421250&rd=1&s=digital-skills&sr=1-3209", "Connect 4": "https://www.amazon.com/TZ-TECHNO-Connect-4/dp/B08RCRRSRS/ref=sr_1_3210?brr=1&dchild=1&qid=1634421250&rd=1&s=digital-skills&sr=1-3210", "Daily Useless Fact": "https://www.amazon.com/Default-User-Daily-Useless-Fact/dp/B08RCKKXST/ref=sr_1_3211?brr=1&dchild=1&qid=1634421250&rd=1&s=digital-skills&sr=1-3211", "Basketball Players trivia": "https://www.amazon.com/Anh-Thu-Le-Basketball-Players/dp/B08RCFHD1Y/ref=sr_1_3212?brr=1&dchild=1&qid=1634421250&rd=1&s=digital-skills&sr=1-3212", "Defend the Castle": "https://www.amazon.com/Ben-Means-Defend-the-Castle/dp/B08RB27N1N/ref=sr_1_3213?brr=1&dchild=1&qid=1634421250&rd=1&s=digital-skills&sr=1-3213", "Five Item Rush": "https://www.amazon.com/Isaac-Five-Item-Rush/dp/B08RB219XN/ref=sr_1_3214?brr=1&dchild=1&qid=1634421250&rd=1&s=digital-skills&sr=1-3214", "First Letter": "https://www.amazon.com/Matty-G-First-Letter/dp/B08R9X6RY1/ref=sr_1_3215?brr=1&dchild=1&qid=1634421250&rd=1&s=digital-skills&sr=1-3215", "Geography Chain- The multiplayer word game": "https://www.amazon.com/Geography-Chain-multiplayer-word-game/dp/B08R99H44X/ref=sr_1_3216?brr=1&dchild=1&qid=1634421250&rd=1&s=digital-skills&sr=1-3216"}