{"Octonauts Quiz": "https://www.amazon.com/Poem-Octonauts-Quiz/dp/B08R8XZLLD/ref=sr_1_3217?brr=1&dchild=1&qid=1634421253&rd=1&s=digital-skills&sr=1-3217", "Spartan inspiration": "https://www.amazon.com/Marshall034-Spartan-inspiration/dp/B08R8XZ8FL/ref=sr_1_3218?brr=1&dchild=1&qid=1634421253&rd=1&s=digital-skills&sr=1-3218", "Name Those Movies!": "https://www.amazon.com/Steven-Weatherspoon-Name-Those-Movies/dp/B08R8W3RZT/ref=sr_1_3219?brr=1&dchild=1&qid=1634421253&rd=1&s=digital-skills&sr=1-3219", "Whose Turn": "https://www.amazon.com/Gili-f-Whose-Turn/dp/B08R8KTKF1/ref=sr_1_3220?brr=1&dchild=1&qid=1634421253&rd=1&s=digital-skills&sr=1-3220", "Superball": "https://www.amazon.com/derpatrick-Superball/dp/B08R8K5X3G/ref=sr_1_3221?brr=1&dchild=1&qid=1634421253&rd=1&s=digital-skills&sr=1-3221", "Four Corners": "https://www.amazon.com/Jordan-Baczuk-Four-Corners/dp/B08R8HSLNP/ref=sr_1_3222?brr=1&dchild=1&qid=1634421253&rd=1&s=digital-skills&sr=1-3222", "Who's next": "https://www.amazon.com/Brain-Whos-next/dp/B08R8F24C2/ref=sr_1_3223?brr=1&dchild=1&qid=1634421253&rd=1&s=digital-skills&sr=1-3223", "Uniquely's Merry Fable": "https://www.amazon.com/Uniquely-Sites-Uniquelys-Merry-Fable/dp/B08R7KZHXJ/ref=sr_1_3224?brr=1&dchild=1&qid=1634421253&rd=1&s=digital-skills&sr=1-3224", "Funny Sounding Words": "https://www.amazon.com/SlyDeveloper-Solutions-Funny-Sounding-Words/dp/B08R7BTCDN/ref=sr_1_3225?brr=1&dchild=1&qid=1634421253&rd=1&s=digital-skills&sr=1-3225", "rock paper scissors": "https://www.amazon.com/Kalyani-Chandrakant-Wankhede-paper-scissors/dp/B08R6KNBMF/ref=sr_1_3228?brr=1&dchild=1&qid=1634421253&rd=1&s=digital-skills&sr=1-3228", "365SPORTSCAST": "https://www.amazon.com/Online-Radio-365SPORTSCAST/dp/B08R6Y23HW/ref=sr_1_3227?brr=1&dchild=1&qid=1634421253&rd=1&s=digital-skills&sr=1-3227", "My music facts": "https://www.amazon.com/Tom-Marcotte-My-music-facts/dp/B08R6GMY9R/ref=sr_1_3229?brr=1&dchild=1&qid=1634421253&rd=1&s=digital-skills&sr=1-3229", "PREPPERS: THE GAME": "https://www.amazon.com/Casson-and-Friends-PREPPERS-GAME/dp/B08R66QZBG/ref=sr_1_3230?brr=1&dchild=1&qid=1634421253&rd=1&s=digital-skills&sr=1-3230", "Prakhar's Quiz": "https://www.amazon.com/Prakhar-Shreyash-Prakhars-Quiz/dp/B08R6683XY/ref=sr_1_3231?brr=1&dchild=1&qid=1634421253&rd=1&s=digital-skills&sr=1-3231", "Christmas Santa Activities": "https://www.amazon.com/Uniquely-Sites-Christmas-Santa-Activities/dp/B08R653TSM/ref=sr_1_3232?brr=1&dchild=1&qid=1634421253&rd=1&s=digital-skills&sr=1-3232"}