{"Indori Rocks": "https://www.amazon.com/algo-Indori-Rocks/dp/B08R5TJK79/ref=sr_1_3233?brr=1&dchild=1&qid=1634421256&rd=1&s=digital-skills&sr=1-3233", "Abu Alam": "https://www.amazon.com/Abu-Alam/dp/B08R5SLY91/ref=sr_1_3234?brr=1&dchild=1&qid=1634421256&rd=1&s=digital-skills&sr=1-3234", "My Recorded Affirmations": "https://www.amazon.com/Top-Skill-My-Recorded-Affirmations/dp/B08R5S6W7Y/ref=sr_1_3235?brr=1&dchild=1&qid=1634421256&rd=1&s=digital-skills&sr=1-3235", "Memory Chain": "https://www.amazon.com/ofreaks-Memory-Chain/dp/B08R5RC9MD/ref=sr_1_3236?brr=1&dchild=1&qid=1634421256&rd=1&s=digital-skills&sr=1-3236", "The Catholic Rosary": "https://www.amazon.com/Aristas-Multimedia-S-A-Catholic-Rosary/dp/B08R437LVJ/ref=sr_1_3237?brr=1&dchild=1&qid=1634421256&rd=1&s=digital-skills&sr=1-3237", "Whose turn": "https://www.amazon.com/Ava-claps-Whose-turn/dp/B08R3XZSKW/ref=sr_1_3238?brr=1&dchild=1&qid=1634421256&rd=1&s=digital-skills&sr=1-3238", "The Charm of Christmas Past": "https://www.amazon.com/The-Charm-of-Christmas-Past/dp/B08R3PZZLB/ref=sr_1_3239?brr=1&dchild=1&qid=1634421256&rd=1&s=digital-skills&sr=1-3239", "rock paper scissors": "https://www.amazon.com/Sneha-Raghunath-Shetty-paper-scissors/dp/B08R2H3V7W/ref=sr_1_3245?brr=1&dchild=1&qid=1634421256&rd=1&s=digital-skills&sr=1-3245", "Scientist Escape the Room 5": "https://www.amazon.com/Scientist-Escape-the-Room-5/dp/B08R3BMR6Y/ref=sr_1_3241?brr=1&dchild=1&qid=1634421256&rd=1&s=digital-skills&sr=1-3241", "Name picker": "https://www.amazon.com/Nadia-Heyns-Name-picker/dp/B08R2TFZXD/ref=sr_1_3242?brr=1&dchild=1&qid=1634421256&rd=1&s=digital-skills&sr=1-3242", "Rock Paper Scissor": "https://www.amazon.com/Ankita-Dalvi-Rock-Paper-Scissor/dp/B08R2J2XVL/ref=sr_1_3244?brr=1&dchild=1&qid=1634421256&rd=1&s=digital-skills&sr=1-3244", "Kids Channel": "https://www.amazon.com/Asankha-Perera-Kids-Channel/dp/B08R1N8GCM/ref=sr_1_3246?brr=1&dchild=1&qid=1634421256&rd=1&s=digital-skills&sr=1-3246", "Frozen SING!": "https://www.amazon.com/Disney-Frozen-SING/dp/B08R176V45/ref=sr_1_3247?brr=1&dchild=1&qid=1634421256&rd=1&s=digital-skills&sr=1-3247", "2 Dice": "https://www.amazon.com/Julien-Deux-d%C3%A9s/dp/B08QZCNCWP/ref=sr_1_3248?brr=1&dchild=1&qid=1634421256&rd=1&s=digital-skills&sr=1-3248"}