{"Dirty Sounding Words": "https://www.amazon.com/SlyDeveloper-Solutions-Dirty-Sounding-Words/dp/B08QYYGSWD/ref=sr_1_3249?brr=1&dchild=1&qid=1634421259&rd=1&s=digital-skills&sr=1-3249", "Picture Memory": "https://www.amazon.com/PLDG-Media-Picture-Memory/dp/B08QYWNFF2/ref=sr_1_3250?brr=1&dchild=1&qid=1634421259&rd=1&s=digital-skills&sr=1-3250", "BLM Burn List Mayhem": "https://www.amazon.com/SlyDeveloper-Solutions-Burn-List-Mayhem/dp/B08QVWYSRS/ref=sr_1_3251?brr=1&dchild=1&qid=1634421259&rd=1&s=digital-skills&sr=1-3251", "six sea game": "https://www.amazon.com/Culberson-Company-six-sea-game/dp/B08QVWRFXD/ref=sr_1_3252?brr=1&dchild=1&qid=1634421259&rd=1&s=digital-skills&sr=1-3252", "Epic sax wake up": "https://www.amazon.com/independant-Epic-sax-wake-up/dp/B08QVWH3HM/ref=sr_1_3253?brr=1&dchild=1&qid=1634421259&rd=1&s=digital-skills&sr=1-3253", "Jack and the Beanstalk": "https://www.amazon.com/Pinpoint-Digital-LLC-Jack-Beanstalk/dp/B08QVTD259/ref=sr_1_3254?brr=1&dchild=1&qid=1634421259&rd=1&s=digital-skills&sr=1-3254", "Guinness World Records": "https://www.amazon.com/Guinness-World-Records/dp/B08QVDVDFD/ref=sr_1_3255?brr=1&dchild=1&qid=1634421259&rd=1&s=digital-skills&sr=1-3255", "Game Jam": "https://www.amazon.com/PianoBear-Game-Jam/dp/B08QVBCF4Q/ref=sr_1_3256?brr=1&dchild=1&qid=1634421259&rd=1&s=digital-skills&sr=1-3256", "Wise Yoga Quotes": "https://www.amazon.com/Lenlehm-Wise-Yoga-Quotes/dp/B08QTZF1JH/ref=sr_1_3257?brr=1&dchild=1&qid=1634421259&rd=1&s=digital-skills&sr=1-3257", "Query arXiv": "https://www.amazon.com/Akash-Ranjan-Query-arXiv/dp/B08QTWHNZB/ref=sr_1_3258?brr=1&dchild=1&qid=1634421259&rd=1&s=digital-skills&sr=1-3258", "got a question": "https://www.amazon.com/Mike-got-a-question/dp/B08QTQQM7S/ref=sr_1_3259?brr=1&dchild=1&qid=1634421259&rd=1&s=digital-skills&sr=1-3259", "Waves Sound": "https://www.amazon.com/Smart-Skills-Waves-Sound/dp/B08QSCT926/ref=sr_1_3260?brr=1&dchild=1&qid=1634421259&rd=1&s=digital-skills&sr=1-3260", "First Letter Last Letter": "https://www.amazon.com/JoshTheDeveloper-First-Letter-Last/dp/B08QRZMSDH/ref=sr_1_3261?brr=1&dchild=1&qid=1634421259&rd=1&s=digital-skills&sr=1-3261", "Chore Spinner": "https://www.amazon.com/Montgomery-County-College-Chore-Spinner/dp/B08QPS84LF/ref=sr_1_3262?brr=1&dchild=1&qid=1634421259&rd=1&s=digital-skills&sr=1-3262", "Interesting Earth Facts": "https://www.amazon.com/NA-Interesting-Earth-Facts/dp/B08QNFBMTP/ref=sr_1_3263?brr=1&dchild=1&qid=1634421259&rd=1&s=digital-skills&sr=1-3263", "Chinese History Interactive Lecture": "https://www.amazon.com/Syracuse-University-Chinese-History-Interactive/dp/B08QNBBY4S/ref=sr_1_3264?brr=1&dchild=1&qid=1634421259&rd=1&s=digital-skills&sr=1-3264"}