{"Moment of Truth": "https://www.amazon.com/Tinkouse-Design-Moment-of-Truth/dp/B08QN9TK2L/ref=sr_1_3265?brr=1&dchild=1&qid=1634421261&rd=1&s=digital-skills&sr=1-3265", "Ghost Journal": "https://www.amazon.com/Z55-Studios-Ghost-Journal/dp/B08QN5K9W9/ref=sr_1_3266?brr=1&dchild=1&qid=1634421261&rd=1&s=digital-skills&sr=1-3266", "Hey Duggee Quiz (Unofficial)": "https://www.amazon.com/Knownentity-Skills-Duggee-Quiz-Unofficial/dp/B08QMYRSSQ/ref=sr_1_3267?brr=1&dchild=1&qid=1634421261&rd=1&s=digital-skills&sr=1-3267", "electric circuit facts": "https://www.amazon.com/Pranav-Myana-electric-circuit-facts/dp/B08QMY1R47/ref=sr_1_3268?brr=1&dchild=1&qid=1634421261&rd=1&s=digital-skills&sr=1-3268", "Stackery re:Invent Quiz": "https://www.amazon.com/Stackery-re-Invent-Quiz/dp/B08QMSCTHG/ref=sr_1_3269?brr=1&dchild=1&qid=1634421261&rd=1&s=digital-skills&sr=1-3269", "Where In The World Quiz": "https://www.amazon.com/Where-In-The-World-Quiz/dp/B08QMP3ZD2/ref=sr_1_3270?brr=1&dchild=1&qid=1634421261&rd=1&s=digital-skills&sr=1-3270", "Blindfold Chess": "https://www.amazon.com/Creative-Solution-By-SBA-Blindfold/dp/B08QMJQ626/ref=sr_1_3271?brr=1&dchild=1&qid=1634421261&rd=1&s=digital-skills&sr=1-3271", "gammaliveskill node unhappy": "https://www.amazon.com/Amazon-gammaliveskill-node-unhappy/dp/B08QMGJ27B/ref=sr_1_3272?brr=1&dchild=1&qid=1634421261&rd=1&s=digital-skills&sr=1-3272", "Who's the killer": "https://www.amazon.com/Lupi-Emit-Whos-the-killer/dp/B08QJPTJ6C/ref=sr_1_3273?brr=1&dchild=1&qid=1634421261&rd=1&s=digital-skills&sr=1-3273", "Smarty Pants": "https://www.amazon.com/Mahesh-Smarty-Pants/dp/B08QJJY3MB/ref=sr_1_3274?brr=1&dchild=1&qid=1634421261&rd=1&s=digital-skills&sr=1-3274", "\u2b50Kids Cartoon Quiz\u2b50": "https://www.amazon.com/FDelaplace-%E2%AD%90Kids-Cartoon-Quiz%E2%AD%90/dp/B08QJHR4FK/ref=sr_1_3275?brr=1&dchild=1&qid=1634421261&rd=1&s=digital-skills&sr=1-3275", "WBZDFM": "https://www.amazon.com/AirKast-Inc-WBZDFM/dp/B08QJH4S7S/ref=sr_1_3276?brr=1&dchild=1&qid=1634421261&rd=1&s=digital-skills&sr=1-3276", "Digital Drawing Fun Facts": "https://www.amazon.com/CSUB-Digital-Drawing-Fun-Facts/dp/B08QJH26S5/ref=sr_1_3277?brr=1&dchild=1&qid=1634421261&rd=1&s=digital-skills&sr=1-3277", "Whose Turn": "https://www.amazon.com/bh-Whose-Turn/dp/B08QJDJ7R2/ref=sr_1_3278?brr=1&dchild=1&qid=1634421261&rd=1&s=digital-skills&sr=1-3278", "present now one": "https://www.amazon.com/ACTIVE-ENGLISH-KIDS-present-now/dp/B08QJ8VSK9/ref=sr_1_3279?brr=1&dchild=1&qid=1634421261&rd=1&s=digital-skills&sr=1-3279", "Video game facts": "https://www.amazon.com/lepanto-Video-game-facts/dp/B08QJ8J9GX/ref=sr_1_3280?brr=1&dchild=1&qid=1634421261&rd=1&s=digital-skills&sr=1-3280"}