{"Official Chef Benjamin": "https://www.amazon.com/Jordan-Hoehne-Official-Chef-Benjamin/dp/B08PYRGTD1/ref=sr_1_3297?brr=1&dchild=1&qid=1634421267&rd=1&s=digital-skills&sr=1-3297", "Dice Throne Hero Randomizer": "https://www.amazon.com/Reydum-Dice-Throne-Hero-Randomizer/dp/B08PY768KK/ref=sr_1_3298?brr=1&dchild=1&qid=1634421267&rd=1&s=digital-skills&sr=1-3298", "yusuf intro prod": "https://www.amazon.com/aaa-yusuf-intro-prod/dp/B08PW61HLV/ref=sr_1_3299?brr=1&dchild=1&qid=1634421267&rd=1&s=digital-skills&sr=1-3299", "More X than Y": "https://www.amazon.com/Alejandro-Rodriguez-More-X-than/dp/B08PVZ5R2K/ref=sr_1_3300?brr=1&dchild=1&qid=1634421267&rd=1&s=digital-skills&sr=1-3300", "Escape the School": "https://www.amazon.com/TNT-Development-Escape-the-School/dp/B08PVTHNJ2/ref=sr_1_3301?brr=1&dchild=1&qid=1634421267&rd=1&s=digital-skills&sr=1-3301", "MSIS Group Six": "https://www.amazon.com/Jaolive-MSIS-Group-Six/dp/B08PVNXZ6J/ref=sr_1_3302?brr=1&dchild=1&qid=1634421267&rd=1&s=digital-skills&sr=1-3302", "Who touches him": "https://www.amazon.com/Eduardo-Quino-Who-touches-him/dp/B08PVM9R74/ref=sr_1_3303?brr=1&dchild=1&qid=1634421267&rd=1&s=digital-skills&sr=1-3303", "Whose turn": "https://www.amazon.com/ruby-hobbs-Whose-turn/dp/B08PVCKPL9/ref=sr_1_3304?brr=1&dchild=1&qid=1634421267&rd=1&s=digital-skills&sr=1-3304", "Fun Facts Trivia": "https://www.amazon.com/Marissa-Perry-Fun-Facts-Trivia/dp/B08PVBTHH8/ref=sr_1_3305?brr=1&dchild=1&qid=1634421267&rd=1&s=digital-skills&sr=1-3305", "Fun Color Game: Test and improve your memory!": "https://www.amazon.com/Fun-Color-Game-improve-memory/dp/B08PV1TR9G/ref=sr_1_3306?brr=1&dchild=1&qid=1634421267&rd=1&s=digital-skills&sr=1-3306", "Five Christmas Rush": "https://www.amazon.com/Uniquely-Sites-Five-Christmas-Rush/dp/B08PTYWF1S/ref=sr_1_3307?brr=1&dchild=1&qid=1634421267&rd=1&s=digital-skills&sr=1-3307", "RandomVoice": "https://www.amazon.com/Mark-Houghton-RandomVoice/dp/B08PTJPWKK/ref=sr_1_3308?brr=1&dchild=1&qid=1634421267&rd=1&s=digital-skills&sr=1-3308", "letter number conversion": "https://www.amazon.com/ChihYing-Chang-letter-number-conversion/dp/B08PSS1DG3/ref=sr_1_3309?brr=1&dchild=1&qid=1634421267&rd=1&s=digital-skills&sr=1-3309", "Florin Joke Bot": "https://www.amazon.com/LRNT-Florin-Joke-Bot/dp/B08PSRJ6MJ/ref=sr_1_3310?brr=1&dchild=1&qid=1634421267&rd=1&s=digital-skills&sr=1-3310", "Iron Falcon \u2013 Shadows of the past": "https://www.amazon.com/Ear-Reality-Iron-Falcon-Shadows/dp/B08PPYDQ72/ref=sr_1_3311?brr=1&dchild=1&qid=1634421267&rd=1&s=digital-skills&sr=1-3311", "rock paper scissors": "https://www.amazon.com/WiselyWise-rock-paper-scissors/dp/B08PPPPNF3/ref=sr_1_3312?brr=1&dchild=1&qid=1634421267&rd=1&s=digital-skills&sr=1-3312"}