{"Whose Turn": "https://www.amazon.com/Gracee-Whose-Turn/dp/B08PP7DDVK/ref=sr_1_3313?brr=1&dchild=1&qid=1634421270&rd=1&s=digital-skills&sr=1-3313", "Just Words": "https://www.amazon.com/Navoo-Nomi-Cose-Citt%C3%A0/dp/B08PP6HFSJ/ref=sr_1_3314?brr=1&dchild=1&qid=1634421270&rd=1&s=digital-skills&sr=1-3314", "Shield Spell Sword": "https://www.amazon.com/Games-For-Love-Shield-Spell/dp/B08PNWJ1PQ/ref=sr_1_3315?brr=1&dchild=1&qid=1634421270&rd=1&s=digital-skills&sr=1-3315", "monitor container prod different": "https://www.amazon.com/aaa-monitor-container-prod-different/dp/B08PMHSY9J/ref=sr_1_3316?brr=1&dchild=1&qid=1634421270&rd=1&s=digital-skills&sr=1-3316", "Whose Turn to do the dishes?": "https://www.amazon.com/Hany-Whose-Turn-do-dishes/dp/B08PKZS62H/ref=sr_1_3317?brr=1&dchild=1&qid=1634421270&rd=1&s=digital-skills&sr=1-3317", "Basketball season Quiz": "https://www.amazon.com/Viskar-Basketball-season-Quiz/dp/B08PKRQ37G/ref=sr_1_3318?brr=1&dchild=1&qid=1634421270&rd=1&s=digital-skills&sr=1-3318", "Sensapure Flavors Presents Flavor Facts": "https://www.amazon.com/Sensapure-Flavors-Presents-Flavor-Facts/dp/B08PK7Y7QH/ref=sr_1_3319?brr=1&dchild=1&qid=1634421270&rd=1&s=digital-skills&sr=1-3319", "NIKHIL SPACE FACTS": "https://www.amazon.com/NIKHIL-SPACE-FACTS/dp/B08PJW5S4L/ref=sr_1_3320?brr=1&dchild=1&qid=1634421270&rd=1&s=digital-skills&sr=1-3320", "Who touches him": "https://www.amazon.com/toma-valdez-Who-touches-him/dp/B08PFZV9L3/ref=sr_1_3322?brr=1&dchild=1&qid=1634421270&rd=1&s=digital-skills&sr=1-3322", "Student Hire": "https://www.amazon.com/Amazon-Student-Hire/dp/B08PFYX8W9/ref=sr_1_3323?brr=1&dchild=1&qid=1634421270&rd=1&s=digital-skills&sr=1-3323", "Who is going": "https://www.amazon.com/JDLR-Who-is-going/dp/B08PFYKXD8/ref=sr_1_3324?brr=1&dchild=1&qid=1634421270&rd=1&s=digital-skills&sr=1-3324", "SayHelloPrashant": "https://www.amazon.com/Vedant-Technologies-SayHelloPrashant/dp/B08PF7WP22/ref=sr_1_3325?brr=1&dchild=1&qid=1634421270&rd=1&s=digital-skills&sr=1-3325", "Soundex Casino": "https://www.amazon.com/SN-forward-Soundex-Casino/dp/B08PF5CKQD/ref=sr_1_3326?brr=1&dchild=1&qid=1634421270&rd=1&s=digital-skills&sr=1-3326", "Linkee": "https://www.amazon.com/Vocala-co-Linkee/dp/B08PDW7FKY/ref=sr_1_3327?brr=1&dchild=1&qid=1634421270&rd=1&s=digital-skills&sr=1-3327", "Santa Banter": "https://www.amazon.com/Vocala-co-Santa-Banter/dp/B08PDQZVQN/ref=sr_1_3328?brr=1&dchild=1&qid=1634421270&rd=1&s=digital-skills&sr=1-3328"}