{"My Bestie changed": "https://www.amazon.com/HK-My-Bestie-changed/dp/B08P74HBGW/ref=sr_1_3345?brr=1&dchild=1&qid=1634421275&rd=1&s=digital-skills&sr=1-3345", "Our Site Trivia": "https://www.amazon.com/Uniquely-Sites-Our-Site-Trivia/dp/B08P6ZY24S/ref=sr_1_3346?brr=1&dchild=1&qid=1634421275&rd=1&s=digital-skills&sr=1-3346", "Tarot": "https://www.amazon.com/ModnaR-Enterprises-Tarot/dp/B08P6JJSW2/ref=sr_1_3347?brr=1&dchild=1&qid=1634421275&rd=1&s=digital-skills&sr=1-3347", "Sort Them Up": "https://www.amazon.com/Uniquely-Sites-Sort-Them-Up/dp/B08P5ZG19Z/ref=sr_1_3348?brr=1&dchild=1&qid=1634421275&rd=1&s=digital-skills&sr=1-3348", "Trivia Battle": "https://www.amazon.com/Matthew-Gaming-Trivia-Battle/dp/B08P5Y7PXF/ref=sr_1_3349?brr=1&dchild=1&qid=1634421275&rd=1&s=digital-skills&sr=1-3349", "Daily Random": "https://www.amazon.com/Tomas-Pulido-Daily-Random/dp/B08P5XR9DL/ref=sr_1_3350?brr=1&dchild=1&qid=1634421275&rd=1&s=digital-skills&sr=1-3350", "Break It Down": "https://www.amazon.com/Aron-Break-It-Down/dp/B08P5THFH9/ref=sr_1_3351?brr=1&dchild=1&qid=1634421275&rd=1&s=digital-skills&sr=1-3351", "Ghost Hotel Tale": "https://www.amazon.com/Wendy-Ghost-Hotel-Tale/dp/B08P5SJ1GY/ref=sr_1_3352?brr=1&dchild=1&qid=1634421275&rd=1&s=digital-skills&sr=1-3352", "Moderately Funny Word Jokes": "https://www.amazon.com/poorpoorj-Moderately-Funny-Word-Jokes/dp/B08P5GHVZ8/ref=sr_1_3353?brr=1&dchild=1&qid=1634421275&rd=1&s=digital-skills&sr=1-3353", "English Edge Vocabulary Builder": "https://www.amazon.com/Anurag-Seth-English-Vocabulary-Builder/dp/B08P57PKS1/ref=sr_1_3354?brr=1&dchild=1&qid=1634421275&rd=1&s=digital-skills&sr=1-3354", "Roll a Dice": "https://www.amazon.com/Reader-Roll-a-Dice/dp/B08P56VZ1M/ref=sr_1_3355?brr=1&dchild=1&qid=1634421275&rd=1&s=digital-skills&sr=1-3355", "Let's Play: You Decide!": "https://www.amazon.com/FX-Digital-Lets-Play-Decide/dp/B08P55F4NP/ref=sr_1_3356?brr=1&dchild=1&qid=1634421275&rd=1&s=digital-skills&sr=1-3356", "How Many Days": "https://www.amazon.com/U-S-A-How-Many-Days/dp/B08P53ML2Q/ref=sr_1_3357?brr=1&dchild=1&qid=1634421275&rd=1&s=digital-skills&sr=1-3357", "Indian Premier League": "https://www.amazon.com/Ashwin-Iyer-Indian-Premier-League/dp/B08P4PYJXS/ref=sr_1_3358?brr=1&dchild=1&qid=1634421275&rd=1&s=digital-skills&sr=1-3358", "monitor-live-break": "https://www.amazon.com/Jonathan-Medhanie-monitor-live-break/dp/B08P4KZWLG/ref=sr_1_3359?brr=1&dchild=1&qid=1634421275&rd=1&s=digital-skills&sr=1-3359", "Rip One": "https://www.amazon.com/Voice-Labs-Rip-One/dp/B08P4CQRYB/ref=sr_1_3360?brr=1&dchild=1&qid=1634421275&rd=1&s=digital-skills&sr=1-3360"}