{"Matt the Fortune teller": "https://www.amazon.com/Matt-Theeler-the-Fortune-teller/dp/B08P49CXBG/ref=sr_1_3361?brr=1&dchild=1&qid=1634421278&rd=1&s=digital-skills&sr=1-3361", "Ninety Day Knowledge": "https://www.amazon.com/Oxygen-Box-Ninety-Day-Knowledge/dp/B08P3QFVQ4/ref=sr_1_3362?brr=1&dchild=1&qid=1634421278&rd=1&s=digital-skills&sr=1-3362", "Quiz Trivia": "https://www.amazon.com/Matthew-Gaming-Quiz-Trivia/dp/B08P3MKG5P/ref=sr_1_3363?brr=1&dchild=1&qid=1634421278&rd=1&s=digital-skills&sr=1-3363", "Charlie's Maze": "https://www.amazon.com/Idc-Charlies-Maze/dp/B08P38YGJY/ref=sr_1_3364?brr=1&dchild=1&qid=1634421278&rd=1&s=digital-skills&sr=1-3364", "games lime": "https://www.amazon.com/University-of-the-west-indies/dp/B08P2X4P3X/ref=sr_1_3365?brr=1&dchild=1&qid=1634421278&rd=1&s=digital-skills&sr=1-3365", "gammaSkill": "https://www.amazon.com/sainadhreddy92-gammaSkill/dp/B08P2DQJ79/ref=sr_1_3366?brr=1&dchild=1&qid=1634421278&rd=1&s=digital-skills&sr=1-3366", "Jack's Adventure Story": "https://www.amazon.com/K-Richards-Jacks-Adventure-Story/dp/B08P28YM6S/ref=sr_1_3367?brr=1&dchild=1&qid=1634421278&rd=1&s=digital-skills&sr=1-3367", "Trivia of capitals": "https://www.amazon.com/JM-Trivia-of-capitals/dp/B08P2746JR/ref=sr_1_3368?brr=1&dchild=1&qid=1634421278&rd=1&s=digital-skills&sr=1-3368", "Where do I fall in Fornite": "https://www.amazon.com/Where-do-I-fall-Fornite/dp/B08P26PZ2S/ref=sr_1_3369?brr=1&dchild=1&qid=1634421278&rd=1&s=digital-skills&sr=1-3369", "Item Rush": "https://www.amazon.com/Anonymous-Item-Rush/dp/B08P25J3FJ/ref=sr_1_3370?brr=1&dchild=1&qid=1634421278&rd=1&s=digital-skills&sr=1-3370", "Aviation Fun!": "https://www.amazon.com/UWI-Cave-Hill-Aviation-Fun/dp/B08P21TP3S/ref=sr_1_3371?brr=1&dchild=1&qid=1634421278&rd=1&s=digital-skills&sr=1-3371", "Database Query Assistant": "https://www.amazon.com/Rutgers-University-Database-Query-Assistant/dp/B08P1ZCSPS/ref=sr_1_3372?brr=1&dchild=1&qid=1634421278&rd=1&s=digital-skills&sr=1-3372", "Escape Scenarios": "https://www.amazon.com/PyruDheu-Escape-Scenarios/dp/B08NZ5419L/ref=sr_1_3373?brr=1&dchild=1&qid=1634421278&rd=1&s=digital-skills&sr=1-3373", "Rocker Guesser Two": "https://www.amazon.com/Matthew-Gaming-Rocker-Guesser-Two/dp/B08NYW21FX/ref=sr_1_3374?brr=1&dchild=1&qid=1634421278&rd=1&s=digital-skills&sr=1-3374", "Colorful Trivia": "https://www.amazon.com/Matthew-Gaming-Colorful-Trivia/dp/B08NYV2MV7/ref=sr_1_3375?brr=1&dchild=1&qid=1634421278&rd=1&s=digital-skills&sr=1-3375", "Quizbowl reader": "https://www.amazon.com/Amherst-College-Quizbowl-reader/dp/B08NYPCG7J/ref=sr_1_3376?brr=1&dchild=1&qid=1634421278&rd=1&s=digital-skills&sr=1-3376"}