{"Test my trivia": "https://www.amazon.com/Smile-Team-Test-my-trivia/dp/B08NY84KW8/ref=sr_1_3377?brr=1&dchild=1&qid=1634421281&rd=1&s=digital-skills&sr=1-3377", "MIke's Joke Bot": "https://www.amazon.com/Mike-Weber-MIkes-Joke-Bot/dp/B08NY6D88R/ref=sr_1_3378?brr=1&dchild=1&qid=1634421281&rd=1&s=digital-skills&sr=1-3378", "Noise of the sea": "https://www.amazon.com/ENVI%C3%A9-Noise-of-the-sea/dp/B08NXVV66B/ref=sr_1_3379?brr=1&dchild=1&qid=1634421281&rd=1&s=digital-skills&sr=1-3379", "Ocean Noise": "https://www.amazon.com/ENVI%C3%A9-Ocean-Noise/dp/B08NXQV6V5/ref=sr_1_3380?brr=1&dchild=1&qid=1634421281&rd=1&s=digital-skills&sr=1-3380", "Ambidextrous Robot": "https://www.amazon.com/Alfredo-Dimaunahan-Ambidextrous-Robot/dp/B08NXL7MBP/ref=sr_1_3381?brr=1&dchild=1&qid=1634421281&rd=1&s=digital-skills&sr=1-3381", "Math Maven": "https://www.amazon.com/Learnhall-LLC-Math-Maven/dp/B08NXK1PGM/ref=sr_1_3382?brr=1&dchild=1&qid=1634421281&rd=1&s=digital-skills&sr=1-3382", "Random Interval": "https://www.amazon.com/Embers-Random-Interval/dp/B08NX7S4N3/ref=sr_1_3383?brr=1&dchild=1&qid=1634421281&rd=1&s=digital-skills&sr=1-3383", "maths facts": "https://www.amazon.com/JECRC-maths-facts/dp/B08NX495PS/ref=sr_1_3384?brr=1&dchild=1&qid=1634421281&rd=1&s=digital-skills&sr=1-3384", "Straw into Gold": "https://www.amazon.com/Bauk-Straw-into-Gold/dp/B08NWTH7V9/ref=sr_1_3385?brr=1&dchild=1&qid=1634421281&rd=1&s=digital-skills&sr=1-3385", "Latest Gaming News": "https://www.amazon.com/Veer-Pratap-Solanki-Latest-Gaming/dp/B08NWH99J5/ref=sr_1_3386?brr=1&dchild=1&qid=1634421281&rd=1&s=digital-skills&sr=1-3386", "Epic Hero Adventure": "https://www.amazon.com/Fruit-Soup-Media-Epic-Adventure/dp/B08NWF8MJ7/ref=sr_1_3387?brr=1&dchild=1&qid=1634421281&rd=1&s=digital-skills&sr=1-3387", "Trivia Simpson": "https://www.amazon.com/Rulinchas-Trivia-Simpson/dp/B08NWF1F1N/ref=sr_1_3388?brr=1&dchild=1&qid=1634421281&rd=1&s=digital-skills&sr=1-3388", "Whose Turn": "https://www.amazon.com/Marley-Whose-Turn/dp/B08NW9CSMD/ref=sr_1_3389?brr=1&dchild=1&qid=1634421281&rd=1&s=digital-skills&sr=1-3389", "Dev facts": "https://www.amazon.com/SRM-INSTITUTE-SCIENCE-AND-TECHNOLOGY/dp/B08NW4Y4DK/ref=sr_1_3390?brr=1&dchild=1&qid=1634421281&rd=1&s=digital-skills&sr=1-3390", "Santa's Helper": "https://www.amazon.com/Voice-Arcade-%F0%9F%87%BA%F0%9F%87%B8-Santas-Helper/dp/B08NW4P5RY/ref=sr_1_3391?brr=1&dchild=1&qid=1634421281&rd=1&s=digital-skills&sr=1-3391", "Chore turn": "https://www.amazon.com/Carrie-Chore-turn/dp/B08NV9HMB7/ref=sr_1_3392?brr=1&dchild=1&qid=1634421281&rd=1&s=digital-skills&sr=1-3392"}