{"Eid Time": "https://www.amazon.com/The-University-of-West-Indies/dp/B08NTYZQ4P/ref=sr_1_3393?brr=1&dchild=1&qid=1634421283&rd=1&s=digital-skills&sr=1-3393", "Hogwarts Soothing Ambient Music - Relaxation": "https://www.amazon.com/Hogwarts-Soothing-Ambient-Music-Relaxation/dp/B08NTR4CMR/ref=sr_1_3394?brr=1&dchild=1&qid=1634421283&rd=1&s=digital-skills&sr=1-3394", "Multiplication Table Helper": "https://www.amazon.com/Subhasish-Sarkar-SS-Multiplication-Helper/dp/B08NTHVC8C/ref=sr_1_3395?brr=1&dchild=1&qid=1634421283&rd=1&s=digital-skills&sr=1-3395", "Quarantine Trivia Game": "https://www.amazon.com/Xarillias-stien-corp-Quarantine-Trivia/dp/B08NTHL8TX/ref=sr_1_3396?brr=1&dchild=1&qid=1634421283&rd=1&s=digital-skills&sr=1-3396", "Games Attractions": "https://www.amazon.com/EduardoAma-Games-Attractions/dp/B08NTFJT3G/ref=sr_1_3397?brr=1&dchild=1&qid=1634421283&rd=1&s=digital-skills&sr=1-3397", "Whose Turn": "https://www.amazon.com/Jr425prod-Whose-Turn/dp/B08NT1YXL5/ref=sr_1_3403?brr=1&dchild=1&qid=1634421283&rd=1&s=digital-skills&sr=1-3403", "fortest skillmigrationgammalive2": "https://www.amazon.com/Amazon-fortest-skillmigrationgammalive2/dp/B08NT5Y75S/ref=sr_1_3399?brr=1&dchild=1&qid=1634421283&rd=1&s=digital-skills&sr=1-3399", "Fruit Nutrition Facts": "https://www.amazon.com/Amazon-Fruit-Nutrition-Facts/dp/B08NT5RQBR/ref=sr_1_3400?brr=1&dchild=1&qid=1634421283&rd=1&s=digital-skills&sr=1-3400", "roach-motel": "https://www.amazon.com/Craig-Walls-roach-motel/dp/B08NT51J23/ref=sr_1_3401?brr=1&dchild=1&qid=1634421283&rd=1&s=digital-skills&sr=1-3401", "Best football skills": "https://www.amazon.com/Tj-Best-football-skills/dp/B08NT2NPPN/ref=sr_1_3402?brr=1&dchild=1&qid=1634421283&rd=1&s=digital-skills&sr=1-3402", "Mandalorian Theme Song": "https://www.amazon.com/Eric-Huglen-Mandalorian-Theme-Song/dp/B08NT1SV1T/ref=sr_1_3404?brr=1&dchild=1&qid=1634421283&rd=1&s=digital-skills&sr=1-3404", "Threat Intelligence Quiz": "https://www.amazon.com/A-Eye-Threat-Intelligence-Quiz/dp/B08NSYBZGC/ref=sr_1_3405?brr=1&dchild=1&qid=1634421283&rd=1&s=digital-skills&sr=1-3405", "Lefair Key": "https://www.amazon.com/Hothtech-Lefair-Key/dp/B08NSGL2M5/ref=sr_1_3406?brr=1&dchild=1&qid=1634421283&rd=1&s=digital-skills&sr=1-3406", "Car Fact": "https://www.amazon.com/University-West-Indies-Cavehill-Campu/dp/B08NS2KZBJ/ref=sr_1_3407?brr=1&dchild=1&qid=1634421283&rd=1&s=digital-skills&sr=1-3407", "Voice IT Golf": "https://www.amazon.com/Robert-Namin-Voice-IT-Golf/dp/B08NPTYHPM/ref=sr_1_3408?brr=1&dchild=1&qid=1634421283&rd=1&s=digital-skills&sr=1-3408"}