{"Interesting facts about the World": "https://www.amazon.com/Interesting-facts-about-the-World/dp/B08NPQVY5W/ref=sr_1_3409?brr=1&dchild=1&qid=1634421286&rd=1&s=digital-skills&sr=1-3409", "Accent Game": "https://www.amazon.com/spiz-Accent-Game/dp/B08NPP5TT9/ref=sr_1_3410?brr=1&dchild=1&qid=1634421286&rd=1&s=digital-skills&sr=1-3410", "Radio 53 Live": "https://www.amazon.com/Online-Radio-53-Live/dp/B08NPLKDWY/ref=sr_1_3411?brr=1&dchild=1&qid=1634421286&rd=1&s=digital-skills&sr=1-3411", "cricket facts": "https://www.amazon.com/jecrc-university-cricket-facts/dp/B08NPH29DG/ref=sr_1_3412?brr=1&dchild=1&qid=1634421286&rd=1&s=digital-skills&sr=1-3412", "Got My Back": "https://www.amazon.com/Chris-Camarillo-Got-My-Back/dp/B08NPDMV2L/ref=sr_1_3413?brr=1&dchild=1&qid=1634421286&rd=1&s=digital-skills&sr=1-3413", "Mind Gym": "https://www.amazon.com/Akash_Agrawal-Mind-Gym/dp/B08NP8CHPH/ref=sr_1_3414?brr=1&dchild=1&qid=1634421286&rd=1&s=digital-skills&sr=1-3414", "Music Theory Facts": "https://www.amazon.com/OlioEngr-Development-Music-Theory-Facts/dp/B08NP5M2JP/ref=sr_1_3415?brr=1&dchild=1&qid=1634421286&rd=1&s=digital-skills&sr=1-3415", "Zoo Keeper": "https://www.amazon.com/LC-Publishing-Zoo-Keeper/dp/B08NP3H5FP/ref=sr_1_3416?brr=1&dchild=1&qid=1634421286&rd=1&s=digital-skills&sr=1-3416", "Who Got Arrow": "https://www.amazon.com/self-Who-Got-Arrow/dp/B08NP39KD2/ref=sr_1_3417?brr=1&dchild=1&qid=1634421286&rd=1&s=digital-skills&sr=1-3417", "My name game": "https://www.amazon.com/Nick-Bottka-My-name-game/dp/B08NMR6KGX/ref=sr_1_3418?brr=1&dchild=1&qid=1634421286&rd=1&s=digital-skills&sr=1-3418", "True love trivia": "https://www.amazon.com/Xarillias-stien-corp-True-trivia/dp/B08NK8BN8P/ref=sr_1_3419?brr=1&dchild=1&qid=1634421286&rd=1&s=digital-skills&sr=1-3419", "rookie to the rescue": "https://www.amazon.com/JLA-novice-to-the-rescue/dp/B08NK82ZJX/ref=sr_1_3420?brr=1&dchild=1&qid=1634421286&rd=1&s=digital-skills&sr=1-3420", "Joanna's Job Hunt": "https://www.amazon.com/Joannasiu-Joannas-Job-Hunt/dp/B08NK2LYJ1/ref=sr_1_3421?brr=1&dchild=1&qid=1634421286&rd=1&s=digital-skills&sr=1-3421", "Cool Fun Facts": "https://www.amazon.com/Developer-Cool-Fun-Facts/dp/B08NJRQ1YJ/ref=sr_1_3422?brr=1&dchild=1&qid=1634421286&rd=1&s=digital-skills&sr=1-3422", "Cat food": "https://www.amazon.com/Sean-Cat-food/dp/B08NJQFGGP/ref=sr_1_3423?brr=1&dchild=1&qid=1634421286&rd=1&s=digital-skills&sr=1-3423", "Right game time": "https://www.amazon.com/Jere-Right-game-time/dp/B08NJMKRYP/ref=sr_1_3424?brr=1&dchild=1&qid=1634421286&rd=1&s=digital-skills&sr=1-3424"}