{"favorite sport": "https://www.amazon.com/Akiel-favorite-sport/dp/B08MKX9DQV/ref=sr_1_3489?brr=1&dchild=1&qid=1634421300&rd=1&s=digital-skills&sr=1-3489", "Indian States Quiz": "https://www.amazon.com/Suraj-Mani-Indian-States-Quiz/dp/B08MKWRR1N/ref=sr_1_3490?brr=1&dchild=1&qid=1634421300&rd=1&s=digital-skills&sr=1-3490", "Firstdemo": "https://www.amazon.com/Student-Firstdemo/dp/B08MKTC86Q/ref=sr_1_3491?brr=1&dchild=1&qid=1634421300&rd=1&s=digital-skills&sr=1-3491", "Mortal Kombat: Choose Your Destiny (UNOFFICIAL)": "https://www.amazon.com/Mortal-Kombat-Choose-Destiny-UNOFFICIAL/dp/B08MKSCD2H/ref=sr_1_3492?brr=1&dchild=1&qid=1634421300&rd=1&s=digital-skills&sr=1-3492", "Life Form": "https://www.amazon.com/MaXavier-Life-Form/dp/B08MKNZDMH/ref=sr_1_3493?brr=1&dchild=1&qid=1634421300&rd=1&s=digital-skills&sr=1-3493", "Whose Turn": "https://www.amazon.com/Matt-Whose-Turn/dp/B08M6JLJK4/ref=sr_1_3503?brr=1&dchild=1&qid=1634421300&rd=1&s=digital-skills&sr=1-3503", "GrannyMaster": "https://www.amazon.com/Clearfundu-Labs-Pvt-Ltd-GrannyMaster/dp/B08MFP8SXG/ref=sr_1_3495?brr=1&dchild=1&qid=1634421300&rd=1&s=digital-skills&sr=1-3495", "Roll a dice": "https://www.amazon.com/Gursi-Roll-a-dice/dp/B08MF15NNF/ref=sr_1_3498?brr=1&dchild=1&qid=1634421300&rd=1&s=digital-skills&sr=1-3498", "Ocean State Live": "https://www.amazon.com/Ocean-State-Roleplay-Live/dp/B08MC36MTD/ref=sr_1_3499?brr=1&dchild=1&qid=1634421300&rd=1&s=digital-skills&sr=1-3499", "UWI Cavehill Facts": "https://www.amazon.com/UWI-Cavehill-Facts/dp/B08M9QZ4GM/ref=sr_1_3500?brr=1&dchild=1&qid=1634421300&rd=1&s=digital-skills&sr=1-3500", "daily factologies": "https://www.amazon.com/Palatine-daily-factologies/dp/B08M9PWN6Q/ref=sr_1_3501?brr=1&dchild=1&qid=1634421300&rd=1&s=digital-skills&sr=1-3501", "Fake Weather Bot": "https://www.amazon.com/MatejKrcek-Fake-Weather-Bot/dp/B08M95D6G1/ref=sr_1_3502?brr=1&dchild=1&qid=1634421300&rd=1&s=digital-skills&sr=1-3502", "Bim Facts": "https://www.amazon.com/Ramon-Dalrymple-Bim-Facts/dp/B08M6645WC/ref=sr_1_3504?brr=1&dchild=1&qid=1634421300&rd=1&s=digital-skills&sr=1-3504"}