{"Design Thinking": "https://www.amazon.com/yogeshwar-singh-Design-Thinking/dp/B08M64L586/ref=sr_1_3505?brr=1&dchild=1&qid=1634421303&rd=1&s=digital-skills&sr=1-3505", "Mii Channel Music": "https://www.amazon.com/Eric-Huglen-Mii-Channel-Music/dp/B08M62NXQM/ref=sr_1_3506?brr=1&dchild=1&qid=1634421303&rd=1&s=digital-skills&sr=1-3506", "Wii Shop Channel Music": "https://www.amazon.com/Eric-Huglen-Shop-Channel-Music/dp/B08M5V91K9/ref=sr_1_3507?brr=1&dchild=1&qid=1634421303&rd=1&s=digital-skills&sr=1-3507", "Plus You": "https://www.amazon.com/UWI-Plus-You/dp/B08M3WJZ5W/ref=sr_1_3508?brr=1&dchild=1&qid=1634421303&rd=1&s=digital-skills&sr=1-3508", "Inside Day One": "https://www.amazon.com/Amazon-Inside-Day-One/dp/B08M3LVLN7/ref=sr_1_3509?brr=1&dchild=1&qid=1634421303&rd=1&s=digital-skills&sr=1-3509", "Hello Uma test": "https://www.amazon.com/Uma-Hello-test/dp/B08M3J4F5B/ref=sr_1_3510?brr=1&dchild=1&qid=1634421303&rd=1&s=digital-skills&sr=1-3510", "color trivia": "https://www.amazon.com/Crystal-Hurdle-color-trivia/dp/B08M38Z4ZP/ref=sr_1_3511?brr=1&dchild=1&qid=1634421303&rd=1&s=digital-skills&sr=1-3511", "Who's going": "https://www.amazon.com/Skorp-Whos-going/dp/B08M31T7XP/ref=sr_1_3512?brr=1&dchild=1&qid=1634421303&rd=1&s=digital-skills&sr=1-3512", "Whose movie night": "https://www.amazon.com/Foxy-Whose-movie-night/dp/B08LZXY1WB/ref=sr_1_3513?brr=1&dchild=1&qid=1634421303&rd=1&s=digital-skills&sr=1-3513", "Scorigami": "https://www.amazon.com/tincher-Scorigami/dp/B08LZK4D7B/ref=sr_1_3514?brr=1&dchild=1&qid=1634421303&rd=1&s=digital-skills&sr=1-3514", "My Adventure Story": "https://www.amazon.com/Rebecca-Aleck-My-Adventure-Story/dp/B08LZFJM5Z/ref=sr_1_3515?brr=1&dchild=1&qid=1634421303&rd=1&s=digital-skills&sr=1-3515", "Countdown till Xmas": "https://www.amazon.com/Kristina-Hartman-Countdown-till-Xmas/dp/B08LZDWJWK/ref=sr_1_3516?brr=1&dchild=1&qid=1634421303&rd=1&s=digital-skills&sr=1-3516", "Whose Turn": "https://www.amazon.com/Lilly-Whose-Turn/dp/B08LYYMGXX/ref=sr_1_3519?brr=1&dchild=1&qid=1634421303&rd=1&s=digital-skills&sr=1-3519", "Engineering Word": "https://www.amazon.com/Pios-Labs-Engineering-Word/dp/B08LZC4DGR/ref=sr_1_3518?brr=1&dchild=1&qid=1634421303&rd=1&s=digital-skills&sr=1-3518", "Trump Facts": "https://www.amazon.com/nazwhale-Trump-Facts/dp/B08LYXHG7Z/ref=sr_1_3520?brr=1&dchild=1&qid=1634421303&rd=1&s=digital-skills&sr=1-3520"}