{"Hip Hop Movement": "https://www.amazon.com/Hip-Hop-Movement/dp/B08LDD9C13/ref=sr_1_3553?brr=1&dchild=1&qid=1634421311&rd=1&s=digital-skills&sr=1-3553", "Who's next": "https://www.amazon.com/Jenn-Whos-next/dp/B08LDB3LH6/ref=sr_1_3554?brr=1&dchild=1&qid=1634421311&rd=1&s=digital-skills&sr=1-3554", "Smart Math": "https://www.amazon.com/Kiara-Williams-Smart-Math/dp/B08LD6L7KH/ref=sr_1_3555?brr=1&dchild=1&qid=1634421311&rd=1&s=digital-skills&sr=1-3555", "gamma live self hosted skill chennjc": "https://www.amazon.com/gamma-live-hosted-skill-chennjc/dp/B08LD3J69B/ref=sr_1_3556?brr=1&dchild=1&qid=1634421311&rd=1&s=digital-skills&sr=1-3556", "Star Trek Facts": "https://www.amazon.com/Gus-Monty-Star-Trek-Facts/dp/B08LC79Z5W/ref=sr_1_3557?brr=1&dchild=1&qid=1634421311&rd=1&s=digital-skills&sr=1-3557", "Radio Musika": "https://www.amazon.com/Online-Radio-Musika/dp/B08LC58W7Y/ref=sr_1_3558?brr=1&dchild=1&qid=1634421311&rd=1&s=digital-skills&sr=1-3558", "General knowledge Quiz": "https://www.amazon.com/Hardik-kathiriya-General-knowledge-Quiz/dp/B08LBRZXJ9/ref=sr_1_3559?brr=1&dchild=1&qid=1634421311&rd=1&s=digital-skills&sr=1-3559", "Scientist Escape the Room 3": "https://www.amazon.com/Scientist-Escape-the-Room-3/dp/B08LBLNWSB/ref=sr_1_3560?brr=1&dchild=1&qid=1634421311&rd=1&s=digital-skills&sr=1-3560", "Potty Training": "https://www.amazon.com/TBW-LLC-Potty-Training/dp/B08LBL8WPM/ref=sr_1_3561?brr=1&dchild=1&qid=1634421311&rd=1&s=digital-skills&sr=1-3561", "Scratch Heroes Two": "https://www.amazon.com/Jelly-Man-Three-Two-Four/dp/B08LB2GGMP/ref=sr_1_3562?brr=1&dchild=1&qid=1634421311&rd=1&s=digital-skills&sr=1-3562", "What books to read": "https://www.amazon.com/Kenner-Rodriguez-What-books-read/dp/B08L9RXJYY/ref=sr_1_3563?brr=1&dchild=1&qid=1634421311&rd=1&s=digital-skills&sr=1-3563", "Garden Party - Arcade Game": "https://www.amazon.com/applicate-Garden-Party-Arcade-Game/dp/B08L9JCNNB/ref=sr_1_3564?brr=1&dchild=1&qid=1634421311&rd=1&s=digital-skills&sr=1-3564", "Whose Turn": "https://www.amazon.com/Madison-rininger-Whose-Turn/dp/B08L9H3XN2/ref=sr_1_3565?brr=1&dchild=1&qid=1634421311&rd=1&s=digital-skills&sr=1-3565", "Ouija": "https://www.amazon.com/Donald-Morton-Ouija/dp/B08L9F14BD/ref=sr_1_3566?brr=1&dchild=1&qid=1634421311&rd=1&s=digital-skills&sr=1-3566", "Who is going": "https://www.amazon.com/Maximo-Alm%C3%A1nzar-Whos-going/dp/B08L9CCTG7/ref=sr_1_3567?brr=1&dchild=1&qid=1634421311&rd=1&s=digital-skills&sr=1-3567", "Why I Love Thomas": "https://www.amazon.com/DavisOA19-Why-I-Love-Thomas/dp/B08L99P38B/ref=sr_1_3568?brr=1&dchild=1&qid=1634421311&rd=1&s=digital-skills&sr=1-3568"}