{"Ramayana Quiz": "https://www.amazon.com/Aashish-Jain-Ramayana-Quiz/dp/B08KHMNFWZ/ref=sr_1_3649?brr=1&dchild=1&qid=1634421328&rd=1&s=digital-skills&sr=1-3649", "Whose Turn": "https://www.amazon.com/Charlee-Albertson-Whose-Turn/dp/B08KGNHHCD/ref=sr_1_3659?brr=1&dchild=1&qid=1634421328&rd=1&s=digital-skills&sr=1-3659", "Comedies of Vadivelu": "https://www.amazon.com/Shankar-V-Thiyagarajan-Comedies-Vadivelu/dp/B08KHB16M3/ref=sr_1_3651?brr=1&dchild=1&qid=1634421328&rd=1&s=digital-skills&sr=1-3651", "Galgotias University": "https://www.amazon.com/Ashu00800-Galgotias-University/dp/B08KH982K5/ref=sr_1_3652?brr=1&dchild=1&qid=1634421328&rd=1&s=digital-skills&sr=1-3652", "memory power": "https://www.amazon.com/Sarath-memory-power/dp/B08KH5D5BW/ref=sr_1_3653?brr=1&dchild=1&qid=1634421328&rd=1&s=digital-skills&sr=1-3653", "quizy kolkata": "https://www.amazon.com/Sayanta-Bhattacharjee-quizy-kolkata/dp/B08KH4L8SJ/ref=sr_1_3654?brr=1&dchild=1&qid=1634421328&rd=1&s=digital-skills&sr=1-3654", "date.a.voice": "https://www.amazon.com/Date-A-Voice-date-a-voice/dp/B08KGXHJR5/ref=sr_1_3655?brr=1&dchild=1&qid=1634421328&rd=1&s=digital-skills&sr=1-3655", "Smart Quiz": "https://www.amazon.com/Exelosys-Technologies-Smart-Quiz/dp/B08KGVLCVD/ref=sr_1_3656?brr=1&dchild=1&qid=1634421328&rd=1&s=digital-skills&sr=1-3656", "Football Trivia Game": "https://www.amazon.com/Rentylo-Football-Trivia-Game/dp/B08KGRB8WL/ref=sr_1_3658?brr=1&dchild=1&qid=1634421328&rd=1&s=digital-skills&sr=1-3658", "Noodle Oracle": "https://www.amazon.com/SaltedMango-Noodle-Oracle/dp/B08KGG4J2Z/ref=sr_1_3660?brr=1&dchild=1&qid=1634421328&rd=1&s=digital-skills&sr=1-3660", "Hello Mars": "https://www.amazon.com/Belmont-University-Hello-Mars/dp/B08KG73XM3/ref=sr_1_3661?brr=1&dchild=1&qid=1634421328&rd=1&s=digital-skills&sr=1-3661", "Simon's Cat": "https://www.amazon.com/Voice-Interactive-Simons-Cat/dp/B08KFF3FG2/ref=sr_1_3662?brr=1&dchild=1&qid=1634421328&rd=1&s=digital-skills&sr=1-3662", "Doubles Trouble": "https://www.amazon.com/Peachykeen-Doubles-Trouble/dp/B08KFCKPBQ/ref=sr_1_3663?brr=1&dchild=1&qid=1634421328&rd=1&s=digital-skills&sr=1-3663", "the yes or no game": "https://www.amazon.com/the-yes-or-no-game/dp/B08KFBMZG7/ref=sr_1_3664?brr=1&dchild=1&qid=1634421328&rd=1&s=digital-skills&sr=1-3664"}