{"CJK Scavenger Hunt": "https://www.amazon.com/Daniel-Snapp-CJK-Scavenger-Hunt/dp/B08KF99PZF/ref=sr_1_3665?brr=1&dchild=1&qid=1634421331&rd=1&s=digital-skills&sr=1-3665", "Who's going": "https://www.amazon.com/Diego-Whos-going/dp/B08KD7Q9NT/ref=sr_1_3666?brr=1&dchild=1&qid=1634421331&rd=1&s=digital-skills&sr=1-3666", "Space Whiz": "https://www.amazon.com/Robin-Space-Whiz/dp/B08KD33T93/ref=sr_1_3667?brr=1&dchild=1&qid=1634421331&rd=1&s=digital-skills&sr=1-3667", "Psy's-Quiz Game, the Ultimate quiz challenge": "https://www.amazon.com/Psys-Quiz-Game-Ultimate-quiz-challenge/dp/B08KCYC2QJ/ref=sr_1_3668?brr=1&dchild=1&qid=1634421331&rd=1&s=digital-skills&sr=1-3668", "Fun AI Facts": "https://www.amazon.com/Yasaswi-Singamneni-Fun-AI-Facts/dp/B08KCTV7XF/ref=sr_1_3669?brr=1&dchild=1&qid=1634421331&rd=1&s=digital-skills&sr=1-3669", "Don't Shoot Your Eye Out!": "https://www.amazon.com/Dont-Shoot-Your-Eye-Out/dp/B08KCTD3XZ/ref=sr_1_3670?brr=1&dchild=1&qid=1634421331&rd=1&s=digital-skills&sr=1-3670", "Can Geo Group of Seven Quiz": "https://www.amazon.com/Can-Geo-Group-Seven-Quiz/dp/B08KBR7LPK/ref=sr_1_3671?brr=1&dchild=1&qid=1634421331&rd=1&s=digital-skills&sr=1-3671", "New Horizons Theme Song": "https://www.amazon.com/Eric-Huglen-Horizons-Theme-Song/dp/B08K97WV5T/ref=sr_1_3672?brr=1&dchild=1&qid=1634421331&rd=1&s=digital-skills&sr=1-3672", "Creeper Sound": "https://www.amazon.com/Eric-Huglen-Creeper-Sound/dp/B08K97S3Y1/ref=sr_1_3673?brr=1&dchild=1&qid=1634421331&rd=1&s=digital-skills&sr=1-3673", "Stephen Hawking Trivia": "https://www.amazon.com/Ashish-Jha-Stephen-Hawking-Trivia/dp/B08K96SYNN/ref=sr_1_3674?brr=1&dchild=1&qid=1634421331&rd=1&s=digital-skills&sr=1-3674", "Tom Dear Voice Site": "https://www.amazon.com/Voiceweave-Tom-Dear-Voice-Site/dp/B08K96HT5P/ref=sr_1_3675?brr=1&dchild=1&qid=1634421331&rd=1&s=digital-skills&sr=1-3675", "Whose Turn": "https://www.amazon.com/Luis-Whose-Turn/dp/B08K93BTBB/ref=sr_1_3679?brr=1&dchild=1&qid=1634421331&rd=1&s=digital-skills&sr=1-3679", "Be a Superhero": "https://www.amazon.com/Shisah-Solutions-Be-a-Superhero/dp/B08K93R4VY/ref=sr_1_3677?brr=1&dchild=1&qid=1634421331&rd=1&s=digital-skills&sr=1-3677", "Yeet Sound": "https://www.amazon.com/Eric-Huglen-Yeet-Sound/dp/B08K93JW2S/ref=sr_1_3678?brr=1&dchild=1&qid=1634421331&rd=1&s=digital-skills&sr=1-3678", "MTGStocks - Magic the Gathering prices": "https://www.amazon.com/MTGStocks-Magic-the-Gathering-prices/dp/B08K8VHJCY/ref=sr_1_3680?brr=1&dchild=1&qid=1634421331&rd=1&s=digital-skills&sr=1-3680"}