{"How Many Days": "https://www.amazon.com/DomenicFurfaro-How-Many-Days/dp/B08JFW79K7/ref=sr_1_3729?brr=1&dchild=1&qid=1634421342&rd=1&s=digital-skills&sr=1-3729", "Personality Quiz": "https://www.amazon.com/Sermer-Outdoor-Personality-Quiz/dp/B08JCXM833/ref=sr_1_3730?brr=1&dchild=1&qid=1634421342&rd=1&s=digital-skills&sr=1-3730", "Tom Dheere voicesite": "https://www.amazon.com/Voiceweave-Tom-Dheere-voicesite/dp/B08JCR9L56/ref=sr_1_3731?brr=1&dchild=1&qid=1634421342&rd=1&s=digital-skills&sr=1-3731", "Corduroy picks": "https://www.amazon.com/Pablo-Castro-Corduroy-picks/dp/B08JCNNS5Y/ref=sr_1_3732?brr=1&dchild=1&qid=1634421342&rd=1&s=digital-skills&sr=1-3732", "Heroes Quiz": "https://www.amazon.com/MLH-LocalHost-Heroes-Quiz/dp/B08JCLD2PZ/ref=sr_1_3733?brr=1&dchild=1&qid=1634421342&rd=1&s=digital-skills&sr=1-3733", "The Silicon Valley Quiz": "https://www.amazon.com/cute-siya-surge-sh-The-Silicon-Valley-Quiz/dp/B08JCKDQHF/ref=sr_1_3734?brr=1&dchild=1&qid=1634421342&rd=1&s=digital-skills&sr=1-3734", "Chuck Norris jokes": "https://www.amazon.com/Ron-Parks-Chuck-Norris-jokes/dp/B08J9C7SKH/ref=sr_1_3735?brr=1&dchild=1&qid=1634421342&rd=1&s=digital-skills&sr=1-3735", "Curiosities of cinema": "https://www.amazon.com/Fernanda-Brise%C3%B1o-Curiosities-of-cinema/dp/B08J858Q59/ref=sr_1_3736?brr=1&dchild=1&qid=1634421342&rd=1&s=digital-skills&sr=1-3736", "travel india": "https://www.amazon.com/Yash-travel-india/dp/B08J83KQNX/ref=sr_1_3737?brr=1&dchild=1&qid=1634421342&rd=1&s=digital-skills&sr=1-3737", "Escape Paradise": "https://www.amazon.com/MSIM-Consulting-Escape-Paradise/dp/B08J7T5SNC/ref=sr_1_3738?brr=1&dchild=1&qid=1634421342&rd=1&s=digital-skills&sr=1-3738", "What's my BMI?": "https://www.amazon.com/Simon-Kingaby-Whats-my-BMI/dp/B08J7P27W1/ref=sr_1_3739?brr=1&dchild=1&qid=1634421342&rd=1&s=digital-skills&sr=1-3739", "Shiritori": "https://www.amazon.com/yiruinn-Shiritori/dp/B08J7NNHSL/ref=sr_1_3740?brr=1&dchild=1&qid=1634421342&rd=1&s=digital-skills&sr=1-3740", "The Office Quotes (Real Audio)": "https://www.amazon.com/The-Office-Quotes-Real-Audio/dp/B08J7MTTYK/ref=sr_1_3741?brr=1&dchild=1&qid=1634421342&rd=1&s=digital-skills&sr=1-3741", "Space Station Conservation": "https://www.amazon.com/National-Theatre-for-Children-Conservation/dp/B08J7CZW37/ref=sr_1_3742?brr=1&dchild=1&qid=1634421342&rd=1&s=digital-skills&sr=1-3742", "interesting facts about mexico": "https://www.amazon.com/Rivco-interesting-facts-about-mexico/dp/B08J79CL1Z/ref=sr_1_3743?brr=1&dchild=1&qid=1634421342&rd=1&s=digital-skills&sr=1-3743", "Frame Data": "https://www.amazon.com/Marquis-Simmons-Frame-Data/dp/B08J6VW6TP/ref=sr_1_3744?brr=1&dchild=1&qid=1634421342&rd=1&s=digital-skills&sr=1-3744"}