{"Curiosities of the body": "https://www.amazon.com/AzzY-Curiosities-of-the-body/dp/B08HZH55HL/ref=sr_1_3761?brr=1&dchild=1&qid=1634421348&rd=1&s=digital-skills&sr=1-3761", "How I Met Your Mother's Legendary Quiz": "https://www.amazon.com/How-Your-Mothers-Legendary-Quiz/dp/B08HZ2ZYT5/ref=sr_1_3762?brr=1&dchild=1&qid=1634421348&rd=1&s=digital-skills&sr=1-3762", "Train your Brain": "https://www.amazon.com/K-Sriram-Train-your-Brain/dp/B08HYX9BDH/ref=sr_1_3763?brr=1&dchild=1&qid=1634421348&rd=1&s=digital-skills&sr=1-3763", "questions answers": "https://www.amazon.com/Soumyadeep-questions-answers/dp/B08HY5RT9D/ref=sr_1_3764?brr=1&dchild=1&qid=1634421348&rd=1&s=digital-skills&sr=1-3764", "Argentina Facts": "https://www.amazon.com/Jenn-Argentina-Facts/dp/B08HXQD9QF/ref=sr_1_3765?brr=1&dchild=1&qid=1634421348&rd=1&s=digital-skills&sr=1-3765", "The lost Treasure": "https://www.amazon.com/Marcel-Transier-The-lost-Treasure/dp/B08HXP15B5/ref=sr_1_3766?brr=1&dchild=1&qid=1634421348&rd=1&s=digital-skills&sr=1-3766", "State Capitals": "https://www.amazon.com/Squoval-Research-Group-State-Capitals/dp/B08HWGP114/ref=sr_1_3767?brr=1&dchild=1&qid=1634421348&rd=1&s=digital-skills&sr=1-3767", "Sky Kingdom Family": "https://www.amazon.com/Kiara-Aahana-Sky-Kingdom-Family/dp/B08HVT4SMC/ref=sr_1_3768?brr=1&dchild=1&qid=1634421348&rd=1&s=digital-skills&sr=1-3768", "Pets Inspiration": "https://www.amazon.com/Cerner-Pets-Inspiration/dp/B08HVSJ842/ref=sr_1_3769?brr=1&dchild=1&qid=1634421348&rd=1&s=digital-skills&sr=1-3769", "30 laws of ux": "https://www.amazon.com/yogeshwar-singh-30-laws-of/dp/B08HVN3TCZ/ref=sr_1_3770?brr=1&dchild=1&qid=1634421348&rd=1&s=digital-skills&sr=1-3770", "Who's up to him": "https://www.amazon.com/Noeli-Who-touches-him/dp/B08HVMFLPL/ref=sr_1_3771?brr=1&dchild=1&qid=1634421348&rd=1&s=digital-skills&sr=1-3771", "Valorant Trivia [Unofficial]": "https://www.amazon.com/Kunal-Malhotra-Valorant-Trivia-Unofficial/dp/B08HVCTLGZ/ref=sr_1_3772?brr=1&dchild=1&qid=1634421348&rd=1&s=digital-skills&sr=1-3772", "I Have The Highground": "https://www.amazon.com/Eric-Huglen-Have-The-Highground/dp/B08HV95CRJ/ref=sr_1_3773?brr=1&dchild=1&qid=1634421348&rd=1&s=digital-skills&sr=1-3773", "CDR8010": "https://www.amazon.com/%E6%88%90%E9%83%BD%E5%A4%A9%E8%BD%AF%E4%BF%A1%E6%81%AF%E6%8A%80%E6%9C%AF%E6%9C%89%E9%99%90%E5%85%AC%E5%8F%B8-CDR8010/dp/B08HV6536C/ref=sr_1_3774?brr=1&dchild=1&qid=1634421348&rd=1&s=digital-skills&sr=1-3774", "Word Guess Game": "https://www.amazon.com/Avr-Techs-Word-Guess-Game/dp/B08HV2RSLS/ref=sr_1_3775?brr=1&dchild=1&qid=1634421348&rd=1&s=digital-skills&sr=1-3775", "chore picker": "https://www.amazon.com/Bruhdo-chore-picker/dp/B08HSMX961/ref=sr_1_3776?brr=1&dchild=1&qid=1634421348&rd=1&s=digital-skills&sr=1-3776"}