{"space facts": "https://www.amazon.com/tejaswi-space-facts/dp/B08HRNCYWC/ref=sr_1_3777?brr=1&dchild=1&qid=1634421351&rd=1&s=digital-skills&sr=1-3777", "Dani Trivia": "https://www.amazon.com/Conner-Dani-Trivia/dp/B08HRMNCMQ/ref=sr_1_3778?brr=1&dchild=1&qid=1634421351&rd=1&s=digital-skills&sr=1-3778", "Funny name calling": "https://www.amazon.com/Greg-Funny-name-calling/dp/B08HR9Y2ZJ/ref=sr_1_3779?brr=1&dchild=1&qid=1634421351&rd=1&s=digital-skills&sr=1-3779", "Default Dance": "https://www.amazon.com/Eric-Huglen-Default-Dance/dp/B08HQSRWW2/ref=sr_1_3780?brr=1&dchild=1&qid=1634421351&rd=1&s=digital-skills&sr=1-3780", "Trivia Royale": "https://www.amazon.com/Loren-Jamison-Trivia-Royale/dp/B08HQJ9M5F/ref=sr_1_3781?brr=1&dchild=1&qid=1634421351&rd=1&s=digital-skills&sr=1-3781", "The Office Theme Song": "https://www.amazon.com/Eric-Huglen-Office-Theme-Song/dp/B08HQ6DDYX/ref=sr_1_3782?brr=1&dchild=1&qid=1634421351&rd=1&s=digital-skills&sr=1-3782", "Personality Quiz": "https://www.amazon.com/Hannah-Buchholz-Personality-Quiz/dp/B08HPZRRWL/ref=sr_1_3783?brr=1&dchild=1&qid=1634421351&rd=1&s=digital-skills&sr=1-3783", "AADI'S SCIENCE FACT": "https://www.amazon.com/Aadi-AADIS-SCIENCE-FACT/dp/B08HPSBGS9/ref=sr_1_3784?brr=1&dchild=1&qid=1634421351&rd=1&s=digital-skills&sr=1-3784", "design laws": "https://www.amazon.com/yogeshwar-singh-design-laws/dp/B08HPQCXTP/ref=sr_1_3785?brr=1&dchild=1&qid=1634421351&rd=1&s=digital-skills&sr=1-3785", "Who touches him": "https://www.amazon.com/Jesu-Toro-Who-touches-him/dp/B08HNFJ7DV/ref=sr_1_3786?brr=1&dchild=1&qid=1634421351&rd=1&s=digital-skills&sr=1-3786", "Wii Sports Theme Song": "https://www.amazon.com/Eric-Huglen-Sports-Theme-Song/dp/B08HN846BL/ref=sr_1_3787?brr=1&dchild=1&qid=1634421351&rd=1&s=digital-skills&sr=1-3787", "First World Quiz": "https://www.amazon.com/TV3-Group-First-World-Quiz/dp/B08HMX9J77/ref=sr_1_3788?brr=1&dchild=1&qid=1634421351&rd=1&s=digital-skills&sr=1-3788", "Sprite Cranberry": "https://www.amazon.com/Eric-Huglen-Sprite-Cranberry/dp/B08HMSK3F8/ref=sr_1_3789?brr=1&dchild=1&qid=1634421351&rd=1&s=digital-skills&sr=1-3789", "AADI GARG FACT ON INDIA": "https://www.amazon.com/AADI-GARG-FACT-ON-INDIA/dp/B08HMNK5G3/ref=sr_1_3790?brr=1&dchild=1&qid=1634421351&rd=1&s=digital-skills&sr=1-3790", "Whose Turn": "https://www.amazon.com/Rohit-Bommisetti-Whose-Turn/dp/B08HM4GQHK/ref=sr_1_3791?brr=1&dchild=1&qid=1634421351&rd=1&s=digital-skills&sr=1-3791", "Space Facts Jat": "https://www.amazon.com/Self-inc-Space-Facts-Jat/dp/B08HLZ161Z/ref=sr_1_3792?brr=1&dchild=1&qid=1634421351&rd=1&s=digital-skills&sr=1-3792"}