{"Yes, no, or maybe": "https://www.amazon.com/Charlie-Merlo-Yes-no-maybe/dp/B08HLYWHD8/ref=sr_1_3793?brr=1&dchild=1&qid=1634421354&rd=1&s=digital-skills&sr=1-3793", "Contact Andromeda": "https://www.amazon.com/CoderDojo-Contact-Andromeda/dp/B08HLV7CGJ/ref=sr_1_3794?brr=1&dchild=1&qid=1634421354&rd=1&s=digital-skills&sr=1-3794", "Who touches him": "https://www.amazon.com/Fabian-cordoba-Who-touches-him/dp/B08HLQQG86/ref=sr_1_3795?brr=1&dchild=1&qid=1634421354&rd=1&s=digital-skills&sr=1-3795", "Park noise": "https://www.amazon.com/ENVI%C3%A9-Park-noise/dp/B08HL1PT7K/ref=sr_1_3796?brr=1&dchild=1&qid=1634421354&rd=1&s=digital-skills&sr=1-3796", "Trash Time": "https://www.amazon.com/James-Trash-Time/dp/B08HJXP47L/ref=sr_1_3797?brr=1&dchild=1&qid=1634421354&rd=1&s=digital-skills&sr=1-3797", "What to do": "https://www.amazon.com/Knead-And-Roll-Manzanillo-What/dp/B08HJPC55D/ref=sr_1_3798?brr=1&dchild=1&qid=1634421354&rd=1&s=digital-skills&sr=1-3798", "Doubles Trouble": "https://www.amazon.com/Chicken-Butt-Doubles-Trouble/dp/B08HJP72R2/ref=sr_1_3799?brr=1&dchild=1&qid=1634421354&rd=1&s=digital-skills&sr=1-3799", "Xtra awesome trivia": "https://www.amazon.com/Lil-ez-Xtra-awesome-trivia/dp/B08HHXLZB2/ref=sr_1_3800?brr=1&dchild=1&qid=1634421354&rd=1&s=digital-skills&sr=1-3800", "Chess Fever": "https://www.amazon.com/Gaggle-Chess-Fever/dp/B08HHXBZKC/ref=sr_1_3801?brr=1&dchild=1&qid=1634421354&rd=1&s=digital-skills&sr=1-3801", "Haiku Reader": "https://www.amazon.com/Sermer-Outdoor-Haiku-Reader/dp/B08HHSQ36B/ref=sr_1_3802?brr=1&dchild=1&qid=1634421354&rd=1&s=digital-skills&sr=1-3802", "Let's Get SUPERCHARGED": "https://www.amazon.com/SUPERCHARGED-Lets-Get/dp/B08HHRGDQT/ref=sr_1_3803?brr=1&dchild=1&qid=1634421354&rd=1&s=digital-skills&sr=1-3803", "Boost me": "https://www.amazon.com/SUPERCHARGED-Boost-me/dp/B08HHRG6F1/ref=sr_1_3804?brr=1&dchild=1&qid=1634421354&rd=1&s=digital-skills&sr=1-3804", "Name Picker": "https://www.amazon.com/Jes-Name-Picker/dp/B08HHMVXP7/ref=sr_1_3805?brr=1&dchild=1&qid=1634421354&rd=1&s=digital-skills&sr=1-3805", "Mix Master": "https://www.amazon.com/QuHarrison-Terry-Mix-Master/dp/B08HH8CLQT/ref=sr_1_3806?brr=1&dchild=1&qid=1634421354&rd=1&s=digital-skills&sr=1-3806", "Christian Rosselli's voicesite": "https://www.amazon.com/Voiceweave-Christian-Rossellis-voicesite/dp/B08HH41C7J/ref=sr_1_3807?brr=1&dchild=1&qid=1634421354&rd=1&s=digital-skills&sr=1-3807", "Programmer Quotes": "https://www.amazon.com/SteBurz-Programmer-Quotes/dp/B08HH3L48M/ref=sr_1_3808?brr=1&dchild=1&qid=1634421354&rd=1&s=digital-skills&sr=1-3808"}