{"my host jarvis": "https://www.amazon.com/Shravan-Naik-my-host-jarvis/dp/B0899KN7RH/ref=sr_1_369?brr=1&dchild=1&qid=1634420744&rd=1&s=digital-skills&sr=1-369", "Questions from Pandora Trivia": "https://www.amazon.com/Brent-W-Questions-Pandora-Trivia/dp/B074BQVHBY/ref=sr_1_370?brr=1&dchild=1&qid=1634420744&rd=1&s=digital-skills&sr=1-370", "The Doughboys Donut 3451": "https://www.amazon.com/Ingress-Ventures-Doughboys-Donut-3451/dp/B09HSHS8HF/ref=sr_1_371?brr=1&dchild=1&qid=1634420744&rd=1&s=digital-skills&sr=1-371", "Scythe Recruit": "https://www.amazon.com/Timothy-Shiner-Scythe-Recruit/dp/B07KHQLLCB/ref=sr_1_372?brr=1&dchild=1&qid=1634420744&rd=1&s=digital-skills&sr=1-372", "Memory Verse": "https://www.amazon.com/NewLevel-Memory-Verse/dp/B073TDYBK9/ref=sr_1_373?brr=1&dchild=1&qid=1634420744&rd=1&s=digital-skills&sr=1-373", "Zen Sounds": "https://www.amazon.com/Smart-Skills-Zen-Sounds/dp/B08ZHM81L3/ref=sr_1_374?brr=1&dchild=1&qid=1634420744&rd=1&s=digital-skills&sr=1-374", "Simon Says": "https://www.amazon.com/Ed-Lea-Simon-Says/dp/B06XYVX2VB/ref=sr_1_375?brr=1&dchild=1&qid=1634420744&rd=1&s=digital-skills&sr=1-375", "Fantasy Football": "https://www.amazon.com/TayTech-LLC-Fantasy-Football/dp/B017OBGRKY/ref=sr_1_376?brr=1&dchild=1&qid=1634420744&rd=1&s=digital-skills&sr=1-376", "Take on G": "https://www.amazon.com/James-Abels-Take-on-G/dp/B07K8564FW/ref=sr_1_377?brr=1&dchild=1&qid=1634420744&rd=1&s=digital-skills&sr=1-377", "Voice Note": "https://www.amazon.com/Steven-Foyston-Voice-Note/dp/B09FDX8Y4Q/ref=sr_1_378?brr=1&dchild=1&qid=1634420744&rd=1&s=digital-skills&sr=1-378", "Game of Thrones Quiz": "https://www.amazon.com/Isha-Narkhede-Game-Thrones-Quiz/dp/B08DJ62F3X/ref=sr_1_379?brr=1&dchild=1&qid=1634420744&rd=1&s=digital-skills&sr=1-379", "This Day In Motown": "https://www.amazon.com/Motown-Records-This-Day-In/dp/B07VSLXKQS/ref=sr_1_380?brr=1&dchild=1&qid=1634420744&rd=1&s=digital-skills&sr=1-380", "CSGO Facts": "https://www.amazon.com/Kunal-Garg-CSGO-Facts/dp/B07BV3SDNG/ref=sr_1_381?brr=1&dchild=1&qid=1634420744&rd=1&s=digital-skills&sr=1-381", "Fountain Sounds": "https://www.amazon.com/Axantic-Fountain-Sounds/dp/B09HPR8KVX/ref=sr_1_382?brr=1&dchild=1&qid=1634420744&rd=1&s=digital-skills&sr=1-382", "Fidget Spinner : Latest Edition": "https://www.amazon.com/Black-Bulls-Fidget-Spinner-Edition/dp/B088R9VYB7/ref=sr_1_383?brr=1&dchild=1&qid=1634420744&rd=1&s=digital-skills&sr=1-383", "Citadel FM Spin Cycle Laundry 2157": "https://www.amazon.com/Citadel-Spin-Cycle-Laundry-2157/dp/B098K42GZT/ref=sr_1_384?brr=1&dchild=1&qid=1634420744&rd=1&s=digital-skills&sr=1-384"}