{"Burn ya": "https://www.amazon.com/Knightryry-Burn-ya/dp/B08H24F9GS/ref=sr_1_3825?brr=1&dchild=1&qid=1634421359&rd=1&s=digital-skills&sr=1-3825", "Random Picker": "https://www.amazon.com/Aisha-Random-Picker/dp/B08H1RXTYH/ref=sr_1_3826?brr=1&dchild=1&qid=1634421359&rd=1&s=digital-skills&sr=1-3826", "A Better Tongue Twister": "https://www.amazon.com/Gustavo-Leszczynski-Better-Tongue-Twister/dp/B08GZY4FDK/ref=sr_1_3827?brr=1&dchild=1&qid=1634421359&rd=1&s=digital-skills&sr=1-3827", "Hogwarts (Audio Quiz)": "https://www.amazon.com/Top-Skills-Hogwarts-Audio-Quiz/dp/B08GXXH6RH/ref=sr_1_3828?brr=1&dchild=1&qid=1634421359&rd=1&s=digital-skills&sr=1-3828", "Car Trivia": "https://www.amazon.com/Andrew-yung-Car-Trivia/dp/B08GXD6F7G/ref=sr_1_3829?brr=1&dchild=1&qid=1634421359&rd=1&s=digital-skills&sr=1-3829", "CVE Reader": "https://www.amazon.com/MBHS-Cybersecurity-Club-CVE-Reader/dp/B08GWQV4MC/ref=sr_1_3830?brr=1&dchild=1&qid=1634421359&rd=1&s=digital-skills&sr=1-3830", "Whose Turn is it to feed Roxy?": "https://www.amazon.com/Shawn-Rebecca-Whose-Turn-feed/dp/B08GSQ6QDD/ref=sr_1_3831?brr=1&dchild=1&qid=1634421359&rd=1&s=digital-skills&sr=1-3831", "Name It": "https://www.amazon.com/Name-It-Inc/dp/B08GSPJ6KP/ref=sr_1_3832?brr=1&dchild=1&qid=1634421359&rd=1&s=digital-skills&sr=1-3832", "Whose Turn": "https://www.amazon.com/Crison-Whose-Turn/dp/B08GQS2QC6/ref=sr_1_3836?brr=1&dchild=1&qid=1634421359&rd=1&s=digital-skills&sr=1-3836", "mars tycoon": "https://www.amazon.com/Innomore-LLC-mars-tycoon/dp/B08GSJDQ11/ref=sr_1_3834?brr=1&dchild=1&qid=1634421359&rd=1&s=digital-skills&sr=1-3834", "Mine Oof": "https://www.amazon.com/Eric-Huglen-Mine-Oof/dp/B08GPVH92R/ref=sr_1_3837?brr=1&dchild=1&qid=1634421359&rd=1&s=digital-skills&sr=1-3837", "Make America Fun Again": "https://www.amazon.com/Sergey-Yuryev-Make-America-Again/dp/B08GPPRLWP/ref=sr_1_3838?brr=1&dchild=1&qid=1634421359&rd=1&s=digital-skills&sr=1-3838", "R2D2 Scream": "https://www.amazon.com/Eric-Huglen-R2D2-Scream/dp/B08GPNCMC1/ref=sr_1_3839?brr=1&dchild=1&qid=1634421359&rd=1&s=digital-skills&sr=1-3839", "Simon Says": "https://www.amazon.com/LC-Publishing-Simon-Says/dp/B08GP8M7QG/ref=sr_1_3840?brr=1&dchild=1&qid=1634421359&rd=1&s=digital-skills&sr=1-3840"}