{"Voice Trivia Quiz": "https://www.amazon.com/Merkle-Voice-Trivia-Quiz/dp/B08GMCCQWJ/ref=sr_1_3841?brr=1&dchild=1&qid=1634421362&rd=1&s=digital-skills&sr=1-3841", "Flood Expert Trivia": "https://www.amazon.com/National-Flood-Experts-Expert-Trivia/dp/B08GMB8FKS/ref=sr_1_3842?brr=1&dchild=1&qid=1634421362&rd=1&s=digital-skills&sr=1-3842", "Roblox Scream": "https://www.amazon.com/Eric-Huglen-Roblox-Scream/dp/B08GM7VZ9V/ref=sr_1_3843?brr=1&dchild=1&qid=1634421362&rd=1&s=digital-skills&sr=1-3843", "Golf Game Lie Adjustment": "https://www.amazon.com/ToyerSkills-Golf-Game-Lie-Adjustment/dp/B08GLTT6HR/ref=sr_1_3844?brr=1&dchild=1&qid=1634421362&rd=1&s=digital-skills&sr=1-3844", "Funny Insults": "https://www.amazon.com/Mahesh-Funny-Insults/dp/B08GLSKK4V/ref=sr_1_3845?brr=1&dchild=1&qid=1634421362&rd=1&s=digital-skills&sr=1-3845", "Trivia": "https://www.amazon.com/Gautham-Anant-Trivia/dp/B08GLQC1DR/ref=sr_1_3846?brr=1&dchild=1&qid=1634421362&rd=1&s=digital-skills&sr=1-3846", "Whose Turn is it?": "https://www.amazon.com/Charlie-Merlo-Whose-Turn-is/dp/B08GLPSXNT/ref=sr_1_3847?brr=1&dchild=1&qid=1634421362&rd=1&s=digital-skills&sr=1-3847", "Aeons Adventure Book": "https://www.amazon.com/Student-Aeons-Adventure-Book/dp/B08GLDVMTT/ref=sr_1_3848?brr=1&dchild=1&qid=1634421362&rd=1&s=digital-skills&sr=1-3848", "Demotivational Quotes": "https://www.amazon.com/Marss-Creations-Demotivational-Quotes/dp/B08GLDK42C/ref=sr_1_3849?brr=1&dchild=1&qid=1634421362&rd=1&s=digital-skills&sr=1-3849", "My Facts": "https://www.amazon.com/NBK-My-Facts/dp/B08GL53JGF/ref=sr_1_3850?brr=1&dchild=1&qid=1634421362&rd=1&s=digital-skills&sr=1-3850", "The Hardest Soccer Quiz": "https://www.amazon.com/Kevin-A-Hardest-Soccer-Quiz/dp/B08GL4GX83/ref=sr_1_3851?brr=1&dchild=1&qid=1634421362&rd=1&s=digital-skills&sr=1-3851", "Jeff Stelling's Sports Quiz": "https://www.amazon.com/Vocala-co-Jeff-Stellings-Sports-Quiz/dp/B08GL1DS8Z/ref=sr_1_3852?brr=1&dchild=1&qid=1634421362&rd=1&s=digital-skills&sr=1-3852", "Prevent Wildfires Facts": "https://www.amazon.com/Bess-Ho-Prevent-Wildfires-Facts/dp/B08GKWMMHF/ref=sr_1_3853?brr=1&dchild=1&qid=1634421362&rd=1&s=digital-skills&sr=1-3853", "Aeon's Fortunes": "https://www.amazon.com/Student-Aeons-Fortunes/dp/B08GKSJTTB/ref=sr_1_3854?brr=1&dchild=1&qid=1634421362&rd=1&s=digital-skills&sr=1-3854", "ConstitutionFacts": "https://www.amazon.com/NA-ConstitutionFacts/dp/B08GKGTJ46/ref=sr_1_3855?brr=1&dchild=1&qid=1634421362&rd=1&s=digital-skills&sr=1-3855", "Whose Turn": "https://www.amazon.com/Tremica-Whose-Turn/dp/B08GKD7JCY/ref=sr_1_3856?brr=1&dchild=1&qid=1634421362&rd=1&s=digital-skills&sr=1-3856"}