{"Whose Turn": "https://www.amazon.com/Thomas-Whose-Turn/dp/B08G8PG1XW/ref=sr_1_3873?brr=1&dchild=1&qid=1634421368&rd=1&s=digital-skills&sr=1-3873", "Discraft History Quiz": "https://www.amazon.com/Discraft-Discs-History-Quiz/dp/B08G8FT7Q6/ref=sr_1_3874?brr=1&dchild=1&qid=1634421368&rd=1&s=digital-skills&sr=1-3874", "Yes No Sure": "https://www.amazon.com/Rihaan-Yes-No-Sure/dp/B08G8BJTXV/ref=sr_1_3875?brr=1&dchild=1&qid=1634421368&rd=1&s=digital-skills&sr=1-3875", "When is Christmas": "https://www.amazon.com/Ro-news-When-is-Christmas/dp/B08G532PGH/ref=sr_1_3876?brr=1&dchild=1&qid=1634421368&rd=1&s=digital-skills&sr=1-3876", "Five Item Hunt": "https://www.amazon.com/Siya-Five-Item-Hunt/dp/B08G4ZBVVX/ref=sr_1_3877?brr=1&dchild=1&qid=1634421368&rd=1&s=digital-skills&sr=1-3877", "BOT 1.0": "https://www.amazon.com/ADP-BOT-1-0/dp/B08G4T8MXK/ref=sr_1_3878?brr=1&dchild=1&qid=1634421368&rd=1&s=digital-skills&sr=1-3878", "Motivational Quotes": "https://www.amazon.com/SRMIST-Motivational-Quotes/dp/B08G4LK1FR/ref=sr_1_3879?brr=1&dchild=1&qid=1634421368&rd=1&s=digital-skills&sr=1-3879", "Summer Gardening Tips": "https://www.amazon.com/Withings-Summer-Gardening-Tips/dp/B08G42WG9C/ref=sr_1_3880?brr=1&dchild=1&qid=1634421368&rd=1&s=digital-skills&sr=1-3880", "The Golden Knight": "https://www.amazon.com/Alexander-Andruch-The-Golden-Knight/dp/B08G3Z965R/ref=sr_1_3881?brr=1&dchild=1&qid=1634421368&rd=1&s=digital-skills&sr=1-3881", "Capitals Quiz": "https://www.amazon.com/Charlie-Capitals-Quiz/dp/B08G1WLYTT/ref=sr_1_3882?brr=1&dchild=1&qid=1634421368&rd=1&s=digital-skills&sr=1-3882", "Is Roblox Working?": "https://www.amazon.com/Ro-news-Is-Roblox-Working/dp/B08G1QQDH4/ref=sr_1_3883?brr=1&dchild=1&qid=1634421368&rd=1&s=digital-skills&sr=1-3883", "What Would Kanye Say?": "https://www.amazon.com/Harish-Kotra-What-Would-Kanye/dp/B08G1N2C96/ref=sr_1_3884?brr=1&dchild=1&qid=1634421368&rd=1&s=digital-skills&sr=1-3884", "Fortune Speaker Box": "https://www.amazon.com/Dunrick-Fortune-Speaker-Box/dp/B08G19KSWC/ref=sr_1_3885?brr=1&dchild=1&qid=1634421368&rd=1&s=digital-skills&sr=1-3885", "Whose turn": "https://www.amazon.com/A-Knight-Whose-turn/dp/B08G14LFBF/ref=sr_1_3886?brr=1&dchild=1&qid=1634421368&rd=1&s=digital-skills&sr=1-3886", "Virtual Suspect Demo": "https://www.amazon.com/IST_Palhas-Virtual-Suspect-Demo/dp/B08FZMVS7H/ref=sr_1_3887?brr=1&dchild=1&qid=1634421368&rd=1&s=digital-skills&sr=1-3887", "Space Facts": "https://www.amazon.com/Awesome-Peeps-Space-Facts/dp/B08FZJJCHJ/ref=sr_1_3888?brr=1&dchild=1&qid=1634421368&rd=1&s=digital-skills&sr=1-3888"}