{"Count Your Nine": "https://www.amazon.com/TZ-TECHNO-Count-Your-Nine/dp/B08FZB3J2Y/ref=sr_1_3889?brr=1&dchild=1&qid=1634421371&rd=1&s=digital-skills&sr=1-3889", "Whose Turn": "https://www.amazon.com/Dad-Whose-Turn/dp/B08FXJVMKP/ref=sr_1_3900?brr=1&dchild=1&qid=1634421371&rd=1&s=digital-skills&sr=1-3900", "Light jokes": "https://www.amazon.com/Aidan-b-Light-jokes/dp/B08FYVTR3V/ref=sr_1_3891?brr=1&dchild=1&qid=1634421371&rd=1&s=digital-skills&sr=1-3891", "Barney": "https://www.amazon.com/coolkid5-Barney/dp/B08FXWR88Q/ref=sr_1_3892?brr=1&dchild=1&qid=1634421371&rd=1&s=digital-skills&sr=1-3892", "Bookmakers": "https://www.amazon.com/casasdeapuestas-com-Bookmakers/dp/B08FXTWL3C/ref=sr_1_3893?brr=1&dchild=1&qid=1634421371&rd=1&s=digital-skills&sr=1-3893", "Snowy Tom": "https://www.amazon.com/Sanket-Zade-Snowy-Tom/dp/B08FXR848B/ref=sr_1_3894?brr=1&dchild=1&qid=1634421371&rd=1&s=digital-skills&sr=1-3894", "Best Friend": "https://www.amazon.com/Yr-Best-Friend/dp/B08FXLKSB6/ref=sr_1_3896?brr=1&dchild=1&qid=1634421371&rd=1&s=digital-skills&sr=1-3896", "Turn choose": "https://www.amazon.com/Divyam-Turn-choose/dp/B08FXLCDHD/ref=sr_1_3897?brr=1&dchild=1&qid=1634421371&rd=1&s=digital-skills&sr=1-3897", "Fairy tail": "https://www.amazon.com/Momma-Fairy-tail/dp/B08FXKXZ6L/ref=sr_1_3898?brr=1&dchild=1&qid=1634421371&rd=1&s=digital-skills&sr=1-3898", "Aliens are here": "https://www.amazon.com/Leonardo-Canepa-Aliens-are-here/dp/B08FXK746M/ref=sr_1_3899?brr=1&dchild=1&qid=1634421371&rd=1&s=digital-skills&sr=1-3899", "sagar birthday": "https://www.amazon.com/sagar-birthday/dp/B08FXJ87WR/ref=sr_1_3901?brr=1&dchild=1&qid=1634421371&rd=1&s=digital-skills&sr=1-3901", "Beach Day": "https://www.amazon.com/Gayathri-Venkatachalapathi-Beach-Day/dp/B08FXGMS29/ref=sr_1_3902?brr=1&dchild=1&qid=1634421371&rd=1&s=digital-skills&sr=1-3902", "Learning To Code Skills!": "https://www.amazon.com/JayGMZ-Learning-To-Code-Skills/dp/B08FXFSVML/ref=sr_1_3903?brr=1&dchild=1&qid=1634421371&rd=1&s=digital-skills&sr=1-3903", "Magical spirit orb": "https://www.amazon.com/Reid-hayes-Magical-spirit-orb/dp/B08FXDS38H/ref=sr_1_3904?brr=1&dchild=1&qid=1634421371&rd=1&s=digital-skills&sr=1-3904"}