{"The Fortune Teller": "https://www.amazon.com/Reid-hayes-The-Fortune-Teller/dp/B08FX67X7X/ref=sr_1_3905?brr=1&dchild=1&qid=1634421374&rd=1&s=digital-skills&sr=1-3905", "Blind Chess": "https://www.amazon.com/DFV-Blind-Chess/dp/B08FX4CB5G/ref=sr_1_3906?brr=1&dchild=1&qid=1634421374&rd=1&s=digital-skills&sr=1-3906", "Online Tasks": "https://www.amazon.com/P3-Apps-Online-Tasks/dp/B08FX1MX8D/ref=sr_1_3907?brr=1&dchild=1&qid=1634421374&rd=1&s=digital-skills&sr=1-3907", "name the person": "https://www.amazon.com/BaronGale-name-the-person/dp/B08FX1FNM7/ref=sr_1_3908?brr=1&dchild=1&qid=1634421374&rd=1&s=digital-skills&sr=1-3908", "Who's next": "https://www.amazon.com/Pulkit-Whos-next/dp/B08FX1CMFT/ref=sr_1_3909?brr=1&dchild=1&qid=1634421374&rd=1&s=digital-skills&sr=1-3909", "The gamer quiz": "https://www.amazon.com/Talon-The-gamer-quiz/dp/B08FWVL8GL/ref=sr_1_3910?brr=1&dchild=1&qid=1634421374&rd=1&s=digital-skills&sr=1-3910", "It's your turn.": "https://www.amazon.com/%C3%93scar-lozano-Its-your-turn/dp/B08FV6MCJQ/ref=sr_1_3911?brr=1&dchild=1&qid=1634421374&rd=1&s=digital-skills&sr=1-3911", "hello apod": "https://www.amazon.com/Dhananjay-Purohit-hello-apod/dp/B08FTDN76M/ref=sr_1_3912?brr=1&dchild=1&qid=1634421374&rd=1&s=digital-skills&sr=1-3912", "binod": "https://www.amazon.com/shantam-binod/dp/B08FTC7RKC/ref=sr_1_3913?brr=1&dchild=1&qid=1634421374&rd=1&s=digital-skills&sr=1-3913", "FAU Research": "https://www.amazon.com/Florida-Atlantic-University-FAU-Research/dp/B08FT9PTHR/ref=sr_1_3914?brr=1&dchild=1&qid=1634421374&rd=1&s=digital-skills&sr=1-3914", "How Many Days": "https://www.amazon.com/Patrick-How-Many-Days/dp/B08FT6VZBB/ref=sr_1_3915?brr=1&dchild=1&qid=1634421374&rd=1&s=digital-skills&sr=1-3915", "Choose a name": "https://www.amazon.com/Tarun-Chhabra-Choose-a-name/dp/B08FT5X96V/ref=sr_1_3916?brr=1&dchild=1&qid=1634421374&rd=1&s=digital-skills&sr=1-3916", "Random Picker": "https://www.amazon.com/Cobblerto-Random-Picker/dp/B08FT43XKK/ref=sr_1_3917?brr=1&dchild=1&qid=1634421374&rd=1&s=digital-skills&sr=1-3917", "Whose game": "https://www.amazon.com/Taylor-Whose-game/dp/B08FSZ98SY/ref=sr_1_3918?brr=1&dchild=1&qid=1634421374&rd=1&s=digital-skills&sr=1-3918", "Smash Bros Randomizer": "https://www.amazon.com/Jesus-Smash-Bros-Randomizer/dp/B08FSZ3N2L/ref=sr_1_3919?brr=1&dchild=1&qid=1634421374&rd=1&s=digital-skills&sr=1-3919", "The Muggle Quiz": "https://www.amazon.com/Lubna-The-Muggle-Quiz/dp/B08FSYCTPR/ref=sr_1_3920?brr=1&dchild=1&qid=1634421374&rd=1&s=digital-skills&sr=1-3920"}