{"Animal Quiz": "https://www.amazon.com/Liam-Coach-Animal-Quiz/dp/B08FHTBPKS/ref=sr_1_3953?brr=1&dchild=1&qid=1634421382&rd=1&s=digital-skills&sr=1-3953", "Indian Peacock Sounds - 6 hour relaxation": "https://www.amazon.com/Indian-Peacock-Sounds-hour-relaxation/dp/B08FHT5PCS/ref=sr_1_3954?brr=1&dchild=1&qid=1634421382&rd=1&s=digital-skills&sr=1-3954", "Evil steve the scary nightmare dinosaur!": "https://www.amazon.com/Evil-steve-scary-nightmare-dinosaur/dp/B08FHBTJB2/ref=sr_1_3955?brr=1&dchild=1&qid=1634421382&rd=1&s=digital-skills&sr=1-3955", "Whose Turn": "https://www.amazon.com/Thanush-Whose-Turn/dp/B08FCSHKC1/ref=sr_1_3968?brr=1&dchild=1&qid=1634421382&rd=1&s=digital-skills&sr=1-3968", "Boredom Reliever": "https://www.amazon.com/Darshan-Singh-Boredom-Reliever/dp/B08FGY91W6/ref=sr_1_3957?brr=1&dchild=1&qid=1634421382&rd=1&s=digital-skills&sr=1-3957", "Ree Cola": "https://www.amazon.com/Part12-Studios-Ree-Cola/dp/B08FGVRJSL/ref=sr_1_3958?brr=1&dchild=1&qid=1634421382&rd=1&s=digital-skills&sr=1-3958", "93.5 SBG": "https://www.amazon.com/7-Mountains-Creative-93-5-SBG/dp/B08FGTQ8WY/ref=sr_1_3959?brr=1&dchild=1&qid=1634421382&rd=1&s=digital-skills&sr=1-3959", "Lee's International Space Station Guide": "https://www.amazon.com/Lees-International-Space-Station-Guide/dp/B08FGQZN5Z/ref=sr_1_3960?brr=1&dchild=1&qid=1634421382&rd=1&s=digital-skills&sr=1-3960", "My Cool Radio": "https://www.amazon.com/7-Mountains-Creative-Cool-Radio/dp/B08FG47KBX/ref=sr_1_3961?brr=1&dchild=1&qid=1634421382&rd=1&s=digital-skills&sr=1-3961", "Bigfoot Poconos": "https://www.amazon.com/7-Mountains-Creative-Bigfoot-Poconos/dp/B08FFR7MBD/ref=sr_1_3962?brr=1&dchild=1&qid=1634421382&rd=1&s=digital-skills&sr=1-3962", "The Met Rocks": "https://www.amazon.com/7-Mountains-Creative-The-Rocks/dp/B08FFR5HR4/ref=sr_1_3963?brr=1&dchild=1&qid=1634421382&rd=1&s=digital-skills&sr=1-3963", "Cheese Names": "https://www.amazon.com/Dan-Taylor-Cheese-Names/dp/B08FF5C1BN/ref=sr_1_3964?brr=1&dchild=1&qid=1634421382&rd=1&s=digital-skills&sr=1-3964", "Magicians Trivia 2020": "https://www.amazon.com/Shadowfax-Software-Magicians-Trivia-2020/dp/B08FDS7VGR/ref=sr_1_3965?brr=1&dchild=1&qid=1634421382&rd=1&s=digital-skills&sr=1-3965", "Fishing Tip Briefing": "https://www.amazon.com/Fishing-Culture-Tip-Briefing/dp/B08FDKPL8V/ref=sr_1_3966?brr=1&dchild=1&qid=1634421382&rd=1&s=digital-skills&sr=1-3966", "Clue Countdown": "https://www.amazon.com/P4A-Clue-Countdown/dp/B08FD24TBJ/ref=sr_1_3967?brr=1&dchild=1&qid=1634421382&rd=1&s=digital-skills&sr=1-3967"}