{"Powers Fighter": "https://www.amazon.com/The-Tales-of-Old-Powers/dp/B08FCLHKHF/ref=sr_1_3969?brr=1&dchild=1&qid=1634421385&rd=1&s=digital-skills&sr=1-3969", "Never Have I Ever": "https://www.amazon.com/DaDeather-Never-Have-I-Ever/dp/B08FBXLD3S/ref=sr_1_3970?brr=1&dchild=1&qid=1634421385&rd=1&s=digital-skills&sr=1-3970", "Fortune Teller": "https://www.amazon.com/MJ-Fortune-Teller/dp/B08FBP2T2F/ref=sr_1_3971?brr=1&dchild=1&qid=1634421385&rd=1&s=digital-skills&sr=1-3971", "Ramayana Quiz": "https://www.amazon.com/Bhaskar-Sarma-Ramayana-Quiz/dp/B08FBNGY68/ref=sr_1_3972?brr=1&dchild=1&qid=1634421385&rd=1&s=digital-skills&sr=1-3972", "Five Item Rush": "https://www.amazon.com/Jackbox-Five-Item-Rush/dp/B08FBNBNB2/ref=sr_1_3973?brr=1&dchild=1&qid=1634421385&rd=1&s=digital-skills&sr=1-3973", "Kool 94": "https://www.amazon.com/Cool-Radio-Streaming-Kool-94/dp/B08FBCMXNX/ref=sr_1_3974?brr=1&dchild=1&qid=1634421385&rd=1&s=digital-skills&sr=1-3974", "Whose Turn": "https://www.amazon.com/Mariam-Qafi-Whose-Turn/dp/B08FBB4BN2/ref=sr_1_3975?brr=1&dchild=1&qid=1634421385&rd=1&s=digital-skills&sr=1-3975", "Task Suggester": "https://www.amazon.com/Jackbox-Task-Suggester/dp/B08FB8LTWC/ref=sr_1_3976?brr=1&dchild=1&qid=1634421385&rd=1&s=digital-skills&sr=1-3976", "Three Word Sort": "https://www.amazon.com/Jackbox-Three-Word-Sort/dp/B08FB624Z4/ref=sr_1_3977?brr=1&dchild=1&qid=1634421385&rd=1&s=digital-skills&sr=1-3977", "Music Selector": "https://www.amazon.com/Music-Selector/dp/B08F9SXHF2/ref=sr_1_3978?brr=1&dchild=1&qid=1634421385&rd=1&s=digital-skills&sr=1-3978", "Whose on deck": "https://www.amazon.com/Kungfu-Kenny-Whose-on-deck/dp/B08F9PHGGR/ref=sr_1_3979?brr=1&dchild=1&qid=1634421385&rd=1&s=digital-skills&sr=1-3979", "Facts About Shivani": "https://www.amazon.com/Shivani-Ganeshan-Facts-About/dp/B08F9LXMCS/ref=sr_1_3980?brr=1&dchild=1&qid=1634421385&rd=1&s=digital-skills&sr=1-3980", "Suits Series Quotes": "https://www.amazon.com/koolgax99-Suits-Series-Quotes/dp/B08F7XNQP3/ref=sr_1_3981?brr=1&dchild=1&qid=1634421385&rd=1&s=digital-skills&sr=1-3981", "Ninja Quotes": "https://www.amazon.com/Some-Guy-Ninja-Quotes/dp/B08F7RDJ33/ref=sr_1_3982?brr=1&dchild=1&qid=1634421385&rd=1&s=digital-skills&sr=1-3982", "Ashwins facts about Albert Einstein": "https://www.amazon.com/Ashwins-facts-about-Albert-Einstein/dp/B08F7P7XZR/ref=sr_1_3983?brr=1&dchild=1&qid=1634421385&rd=1&s=digital-skills&sr=1-3983", "Shiver Me Timbers": "https://www.amazon.com/noelio-Shiver-Me-Timbers/dp/B08F7NZBCM/ref=sr_1_3984?brr=1&dchild=1&qid=1634421385&rd=1&s=digital-skills&sr=1-3984"}