{"Sounds animals": "https://www.amazon.com/Smart-Skills-Sounds-animals/dp/B08DXYC225/ref=sr_1_4017?brr=1&dchild=1&qid=1634421393&rd=1&s=digital-skills&sr=1-4017", "Whose Turn": "https://www.amazon.com/Chakara-Whose-Turn/dp/B08DQWLHV2/ref=sr_1_4032?brr=1&dchild=1&qid=1634421393&rd=1&s=digital-skills&sr=1-4032", "Diaper Duty": "https://www.amazon.com/Qualtrics-Diaper-Duty/dp/B08DXQJWM7/ref=sr_1_4019?brr=1&dchild=1&qid=1634421393&rd=1&s=digital-skills&sr=1-4019", "My Facts": "https://www.amazon.com/Gregory-My-Facts/dp/B08DWDCVC1/ref=sr_1_4020?brr=1&dchild=1&qid=1634421393&rd=1&s=digital-skills&sr=1-4020", "Big Talk": "https://www.amazon.com/Tim-Ackroyd-Big-Talk/dp/B08DV74WNN/ref=sr_1_4021?brr=1&dchild=1&qid=1634421393&rd=1&s=digital-skills&sr=1-4021", "WEBR 1440": "https://www.amazon.com/Radio-co-WEBR-1440/dp/B08DV4Y5SG/ref=sr_1_4022?brr=1&dchild=1&qid=1634421393&rd=1&s=digital-skills&sr=1-4022", "Godrej HIT": "https://www.amazon.com/Godrej-Consumer-Products-Ltd-HIT/dp/B08DTNWHMQ/ref=sr_1_4023?brr=1&dchild=1&qid=1634421393&rd=1&s=digital-skills&sr=1-4023", "sims four fun facts": "https://www.amazon.com/Create-a-Skill-sims-facts/dp/B08DT936P7/ref=sr_1_4024?brr=1&dchild=1&qid=1634421393&rd=1&s=digital-skills&sr=1-4024", "Bells sound": "https://www.amazon.com/Smart-Skills-Bells-sound/dp/B08DS71P76/ref=sr_1_4025?brr=1&dchild=1&qid=1634421393&rd=1&s=digital-skills&sr=1-4025", "My Family Trivia": "https://www.amazon.com/merlo-family-My-Family-Trivia/dp/B08DRWF2X8/ref=sr_1_4026?brr=1&dchild=1&qid=1634421393&rd=1&s=digital-skills&sr=1-4026", "Engine facts": "https://www.amazon.com/Bhuvneshwar-Tanwar-Engine-facts/dp/B08DRVPWH9/ref=sr_1_4027?brr=1&dchild=1&qid=1634421393&rd=1&s=digital-skills&sr=1-4027", "Odds Game, Can You Guess The Number?": "https://www.amazon.com/Odds-Game-Can-Guess-Number/dp/B08DRMFLK6/ref=sr_1_4028?brr=1&dchild=1&qid=1634421393&rd=1&s=digital-skills&sr=1-4028", "Who gets FamiliaHeram": "https://www.amazon.com/Vania-Hern%C3%A1ndez-Whos-next-Heram/dp/B08DRMF7TC/ref=sr_1_4029?brr=1&dchild=1&qid=1634421393&rd=1&s=digital-skills&sr=1-4029", "Locked cat": "https://www.amazon.com/Universidad-de-Granada-Locked-cat/dp/B08DRKXGH4/ref=sr_1_4030?brr=1&dchild=1&qid=1634421393&rd=1&s=digital-skills&sr=1-4030", "My names": "https://www.amazon.com/Killa-My-names/dp/B08DRF9SV7/ref=sr_1_4031?brr=1&dchild=1&qid=1634421393&rd=1&s=digital-skills&sr=1-4031"}