{"Fall asleep sounds": "https://www.amazon.com/Smart-Skills-Fall-asleep-sounds/dp/B08DKNHZ4F/ref=sr_1_4049?brr=1&dchild=1&qid=1634421399&rd=1&s=digital-skills&sr=1-4049", "Study sounds": "https://www.amazon.com/Smart-Skills-Study-sounds/dp/B08DKHV74X/ref=sr_1_4050?brr=1&dchild=1&qid=1634421399&rd=1&s=digital-skills&sr=1-4050", "Animal Rock": "https://www.amazon.com/Creativity-Inc-Animal-Rock/dp/B08DK5XFYR/ref=sr_1_4051?brr=1&dchild=1&qid=1634421399&rd=1&s=digital-skills&sr=1-4051", "Birthday Trivia": "https://www.amazon.com/Siddharth-Birthday-Trivia/dp/B08DJBT1R8/ref=sr_1_4052?brr=1&dchild=1&qid=1634421399&rd=1&s=digital-skills&sr=1-4052", "Yoga Sounds": "https://www.amazon.com/Smart-Skills-Yoga-sounds/dp/B08DHZPWZ5/ref=sr_1_4053?brr=1&dchild=1&qid=1634421399&rd=1&s=digital-skills&sr=1-4053", "Roast peyton": "https://www.amazon.com/Pirate-Roast-peyton/dp/B08DHY5QLB/ref=sr_1_4054?brr=1&dchild=1&qid=1634421399&rd=1&s=digital-skills&sr=1-4054", "Pick me": "https://www.amazon.com/Aubri-Pick-me/dp/B08DHY41FK/ref=sr_1_4055?brr=1&dchild=1&qid=1634421399&rd=1&s=digital-skills&sr=1-4055", "Eagle noise": "https://www.amazon.com/Smart-Skills-Eagle-noise/dp/B08DHMDVHV/ref=sr_1_4056?brr=1&dchild=1&qid=1634421399&rd=1&s=digital-skills&sr=1-4056", "Urban Intellectuals": "https://www.amazon.com/Urban-Intellectuals/dp/B08DHKH1JX/ref=sr_1_4057?brr=1&dchild=1&qid=1634421399&rd=1&s=digital-skills&sr=1-4057", "The Future door": "https://www.amazon.com/Defrag-The-Future-door/dp/B08DHJ9RC8/ref=sr_1_4058?brr=1&dchild=1&qid=1634421399&rd=1&s=digital-skills&sr=1-4058", "Poetry Quiz": "https://www.amazon.com/Rebecca-B-Weiss-Poetry-Quiz/dp/B08DHJ8C11/ref=sr_1_4059?brr=1&dchild=1&qid=1634421399&rd=1&s=digital-skills&sr=1-4059", "Future foresight": "https://www.amazon.com/Midnixht-Future-foresight/dp/B08DHCHYR9/ref=sr_1_4060?brr=1&dchild=1&qid=1634421399&rd=1&s=digital-skills&sr=1-4060", "Darts Scorer": "https://www.amazon.com/Richard-Bellairs-Darts-Scorer/dp/B08DG78S3L/ref=sr_1_4061?brr=1&dchild=1&qid=1634421399&rd=1&s=digital-skills&sr=1-4061", "quick timer": "https://www.amazon.com/SnS-quick-timer/dp/B08DFBP7W8/ref=sr_1_4062?brr=1&dchild=1&qid=1634421399&rd=1&s=digital-skills&sr=1-4062", "Whose Turn": "https://www.amazon.com/Me-Whose-Turn/dp/B08DF6XZSF/ref=sr_1_4063?brr=1&dchild=1&qid=1634421399&rd=1&s=digital-skills&sr=1-4063", "Math Monsters": "https://www.amazon.com/SoapVox-Math-Monsters/dp/B08DDFB1HY/ref=sr_1_4064?brr=1&dchild=1&qid=1634421399&rd=1&s=digital-skills&sr=1-4064"}