{"Incohearent": "https://www.amazon.com/Anthony-Incohearent/dp/B08CXZTZ8Y/ref=sr_1_4097?brr=1&dchild=1&qid=1634421407&rd=1&s=digital-skills&sr=1-4097", "facts budapest": "https://www.amazon.com/Vanshika-Navya-facts-budapest/dp/B08CXZ9LJ4/ref=sr_1_4098?brr=1&dchild=1&qid=1634421407&rd=1&s=digital-skills&sr=1-4098", "Personal Trainer": "https://www.amazon.com/Me-Personal-Trainer/dp/B08CXLRQLK/ref=sr_1_4099?brr=1&dchild=1&qid=1634421407&rd=1&s=digital-skills&sr=1-4099", "Simon Says": "https://www.amazon.com/Hannah-Leung-Simon-Says/dp/B08CXKYBX7/ref=sr_1_4100?brr=1&dchild=1&qid=1634421407&rd=1&s=digital-skills&sr=1-4100", "know universe": "https://www.amazon.com/Vanshika-Navya-know-universe/dp/B08CXKT1JW/ref=sr_1_4101?brr=1&dchild=1&qid=1634421407&rd=1&s=digital-skills&sr=1-4101", "Whose Turn": "https://www.amazon.com/Timmy-frank-Whose-Turn/dp/B08CV3QDTR/ref=sr_1_4107?brr=1&dchild=1&qid=1634421407&rd=1&s=digital-skills&sr=1-4107", "Hack the Mainframe": "https://www.amazon.com/Daniel-Hack-the-Mainframe/dp/B08CX6YQ8G/ref=sr_1_4103?brr=1&dchild=1&qid=1634421407&rd=1&s=digital-skills&sr=1-4103", "Fun Questions": "https://www.amazon.com/Lee-Cjin-Pheow-Fun-Questions/dp/B08CVND5SM/ref=sr_1_4105?brr=1&dchild=1&qid=1634421407&rd=1&s=digital-skills&sr=1-4105", "APL Engineering Information": "https://www.amazon.com/Edonica-APL-Engineering-Information/dp/B08CVCC9WY/ref=sr_1_4106?brr=1&dchild=1&qid=1634421407&rd=1&s=digital-skills&sr=1-4106", "Sleepy Time": "https://www.amazon.com/DK-Sleepy-Time/dp/B08CTRT29N/ref=sr_1_4108?brr=1&dchild=1&qid=1634421407&rd=1&s=digital-skills&sr=1-4108", "Popular Douyin and Tiktok Rankings": "https://www.amazon.com/Popular-Douyin-and-Tiktok-Rankings/dp/B08CTBXH6Z/ref=sr_1_4109?brr=1&dchild=1&qid=1634421407&rd=1&s=digital-skills&sr=1-4109", "Heads Up Quiz": "https://www.amazon.com/MSIM-Consulting-Heads-Up/dp/B08CSNGF1H/ref=sr_1_4110?brr=1&dchild=1&qid=1634421407&rd=1&s=digital-skills&sr=1-4110", "Quotes to Live By": "https://www.amazon.com/Mr-Michael-Wright-Dope-Quotes/dp/B08CSDKCJ5/ref=sr_1_4111?brr=1&dchild=1&qid=1634421407&rd=1&s=digital-skills&sr=1-4111", "Albany State Univ. Trivia - Golden Ram": "https://www.amazon.com/Albany-State-Univ-Trivia-Golden/dp/B08CS3GZ26/ref=sr_1_4112?brr=1&dchild=1&qid=1634421407&rd=1&s=digital-skills&sr=1-4112"}