{"Quotation mark": "https://www.amazon.com/Midnixht-Quotation-mark/dp/B08CRYQSNY/ref=sr_1_4113?brr=1&dchild=1&qid=1634421410&rd=1&s=digital-skills&sr=1-4113", "Word Quiz": "https://www.amazon.com/FA-Software-Word-Quiz/dp/B08CRSH8MN/ref=sr_1_4114?brr=1&dchild=1&qid=1634421410&rd=1&s=digital-skills&sr=1-4114", "Who's turn": "https://www.amazon.com/Tori-Whos-turn/dp/B08CRHR469/ref=sr_1_4115?brr=1&dchild=1&qid=1634421410&rd=1&s=digital-skills&sr=1-4115", "Bollywood Badshah: Movie Suggester": "https://www.amazon.com/Keyring-Corp-Bollywood-Badshah-Suggester/dp/B08CR3M58K/ref=sr_1_4116?brr=1&dchild=1&qid=1634421410&rd=1&s=digital-skills&sr=1-4116", "99.7 WOOF FM": "https://www.amazon.com/WOOF-Radio-Inc-99-7-FM/dp/B08CNC4F3Q/ref=sr_1_4117?brr=1&dchild=1&qid=1634421410&rd=1&s=digital-skills&sr=1-4117", "Controller Player": "https://www.amazon.com/Eric-Huglen-Controller-Player/dp/B08CL5VVMG/ref=sr_1_4118?brr=1&dchild=1&qid=1634421410&rd=1&s=digital-skills&sr=1-4118", "mathcounts countdown": "https://www.amazon.com/Ram-Potham-mathcounts-countdown/dp/B08CKTVBK6/ref=sr_1_4119?brr=1&dchild=1&qid=1634421410&rd=1&s=digital-skills&sr=1-4119", "Quize dom": "https://www.amazon.com/Nathan-kidd-Quize-dom/dp/B08CKCK3TW/ref=sr_1_4120?brr=1&dchild=1&qid=1634421410&rd=1&s=digital-skills&sr=1-4120", "Guess the Fake!": "https://www.amazon.com/Zanzoon-Guess-the-Fake/dp/B08CK5CCJ8/ref=sr_1_4121?brr=1&dchild=1&qid=1634421410&rd=1&s=digital-skills&sr=1-4121", "Whose Turn": "https://www.amazon.com/Connor-Whose-Turn/dp/B08CJZGPP4/ref=sr_1_4122?brr=1&dchild=1&qid=1634421410&rd=1&s=digital-skills&sr=1-4122", "Courteney Cox Facts": "https://www.amazon.com/ADCCU-Courteney-Cox-Facts/dp/B08CHDPQ51/ref=sr_1_4123?brr=1&dchild=1&qid=1634421410&rd=1&s=digital-skills&sr=1-4123", "Girl Scouts Info": "https://www.amazon.com/Girl-Scouts-Info/dp/B08CH13J3X/ref=sr_1_4124?brr=1&dchild=1&qid=1634421410&rd=1&s=digital-skills&sr=1-4124", "haryana's facts": "https://www.amazon.com/puranjay-haryanas-facts/dp/B08CGYFBHN/ref=sr_1_4125?brr=1&dchild=1&qid=1634421410&rd=1&s=digital-skills&sr=1-4125", "Stupid science": "https://www.amazon.com/Me-Stupid-science/dp/B08CGTM6NF/ref=sr_1_4126?brr=1&dchild=1&qid=1634421410&rd=1&s=digital-skills&sr=1-4126", "random date game": "https://www.amazon.com/Matthew-Park-random-date-game/dp/B08CGL7CW3/ref=sr_1_4127?brr=1&dchild=1&qid=1634421410&rd=1&s=digital-skills&sr=1-4127", "Cake Time": "https://www.amazon.com/No-Cake-Time/dp/B08CFPXGYK/ref=sr_1_4128?brr=1&dchild=1&qid=1634421410&rd=1&s=digital-skills&sr=1-4128"}