{"Violin Soothing music": "https://www.amazon.com/KC-USA-Violin-Soothing-music/dp/B08CF1DMC9/ref=sr_1_4129?brr=1&dchild=1&qid=1634421413&rd=1&s=digital-skills&sr=1-4129", "What's Harley Quinn's Favorite Song?": "https://www.amazon.com/Whats-Harley-Quinns-Favorite-Song/dp/B08CDZL2C8/ref=sr_1_4130?brr=1&dchild=1&qid=1634421413&rd=1&s=digital-skills&sr=1-4130", "Strong Force": "https://www.amazon.com/Mike-Cognata-Strong-Force/dp/B08CDNWS9X/ref=sr_1_4131?brr=1&dchild=1&qid=1634421413&rd=1&s=digital-skills&sr=1-4131", "E.S.O. crafting": "https://www.amazon.com/Sentamugo7-E-S-O-crafting/dp/B08CD8JPDP/ref=sr_1_4132?brr=1&dchild=1&qid=1634421413&rd=1&s=digital-skills&sr=1-4132", "Inspired Quotes and Sayings.": "https://www.amazon.com/Mr-Michael-Wright-Inspired-Sayings/dp/B08CBXLFMS/ref=sr_1_4133?brr=1&dchild=1&qid=1634421413&rd=1&s=digital-skills&sr=1-4133", "Swifty wits": "https://www.amazon.com/Me-Swifty-wits/dp/B08CBX5YJ2/ref=sr_1_4134?brr=1&dchild=1&qid=1634421413&rd=1&s=digital-skills&sr=1-4134", "Movie matching": "https://www.amazon.com/pd-Movie-matching/dp/B08CBP2VTT/ref=sr_1_4135?brr=1&dchild=1&qid=1634421413&rd=1&s=digital-skills&sr=1-4135", "facts kashi": "https://www.amazon.com/GRAPHEFOLIO-facts-kashi/dp/B08CBL2DJ8/ref=sr_1_4136?brr=1&dchild=1&qid=1634421413&rd=1&s=digital-skills&sr=1-4136", "Whose Turn": "https://www.amazon.com/gaming-kid-420-Whose-Turn/dp/B08CBK11TN/ref=sr_1_4137?brr=1&dchild=1&qid=1634421413&rd=1&s=digital-skills&sr=1-4137", "Rollback Gamma Insta Pub": "https://www.amazon.com/Amazon-COPS-QA-Rollback-Gamma-Insta-Pub/dp/B08C9DQF7D/ref=sr_1_4138?brr=1&dchild=1&qid=1634421413&rd=1&s=digital-skills&sr=1-4138", "Hello_world": "https://www.amazon.com/hestergazette-Hello_world/dp/B08C9B2RT9/ref=sr_1_4139?brr=1&dchild=1&qid=1634421413&rd=1&s=digital-skills&sr=1-4139", "The Millennial Design": "https://www.amazon.com/The-Millennial-Design/dp/B08C94NGMY/ref=sr_1_4140?brr=1&dchild=1&qid=1634421413&rd=1&s=digital-skills&sr=1-4140", "TTS Donation Messages": "https://www.amazon.com/tdot-TTS-Donation-Messages/dp/B08C7MZJ5T/ref=sr_1_4141?brr=1&dchild=1&qid=1634421413&rd=1&s=digital-skills&sr=1-4141", "dad joke of the day": "https://www.amazon.com/dad-joke-of-the-day/dp/B08C7GWK8G/ref=sr_1_4142?brr=1&dchild=1&qid=1634421413&rd=1&s=digital-skills&sr=1-4142", "Your Name Says": "https://www.amazon.com/Unified-Computer-Intelligence-Corporation-Your/dp/B08C7CC4CC/ref=sr_1_4143?brr=1&dchild=1&qid=1634421413&rd=1&s=digital-skills&sr=1-4143", "Gamma Eighteen Metadata Update": "https://www.amazon.com/Squid-Ward-Eighteen-Metadata-Update/dp/B08C75T8CT/ref=sr_1_4144?brr=1&dchild=1&qid=1634421413&rd=1&s=digital-skills&sr=1-4144"}