{"Fruits First Letter": "https://www.amazon.com/Bessem-Hamud-Fruits-First-Letter/dp/B08C56543J/ref=sr_1_4161?brr=1&dchild=1&qid=1634421419&rd=1&s=digital-skills&sr=1-4161", "poop a poop": "https://www.amazon.com/Natalie-Altieri-poop-a/dp/B08C4WVY4Q/ref=sr_1_4162?brr=1&dchild=1&qid=1634421419&rd=1&s=digital-skills&sr=1-4162", "Whose Turn": "https://www.amazon.com/Gerardo-Whose-Turn/dp/B08BZG2X14/ref=sr_1_4171?brr=1&dchild=1&qid=1634421419&rd=1&s=digital-skills&sr=1-4171", "Jo jo trivia": "https://www.amazon.com/TheRogama-Jo-jo-trivia/dp/B08C3TK74T/ref=sr_1_4164?brr=1&dchild=1&qid=1634421419&rd=1&s=digital-skills&sr=1-4164", "Quotable Movie Quote Quiz": "https://www.amazon.com/Good-Play-Quotable-Movie-Quote/dp/B08C36GGVY/ref=sr_1_4165?brr=1&dchild=1&qid=1634421419&rd=1&s=digital-skills&sr=1-4165", "Richest Trivia": "https://www.amazon.com/Ezekiel-Montoya-Richest-Trivia/dp/B08C2YWHHD/ref=sr_1_4166?brr=1&dchild=1&qid=1634421419&rd=1&s=digital-skills&sr=1-4166", "Age of Empires 2 Helper": "https://www.amazon.com/Age-of-Empires-2-Helper/dp/B08C2K4H7R/ref=sr_1_4167?brr=1&dchild=1&qid=1634421419&rd=1&s=digital-skills&sr=1-4167", "my hosted model": "https://www.amazon.com/RLSI-BCA-BELAGAVI-hosted-model/dp/B08BZR9398/ref=sr_1_4168?brr=1&dchild=1&qid=1634421419&rd=1&s=digital-skills&sr=1-4168", "Quotable Quotes": "https://www.amazon.com/Tohu-Wa-Bohu-Quotable-Quotes/dp/B08BZQSY4N/ref=sr_1_4169?brr=1&dchild=1&qid=1634421419&rd=1&s=digital-skills&sr=1-4169", "my hosted name": "https://www.amazon.com/Developer-my-hosted-name/dp/B08BZJVMY3/ref=sr_1_4170?brr=1&dchild=1&qid=1634421419&rd=1&s=digital-skills&sr=1-4170", "Football mini quiz": "https://www.amazon.com/Sharannyo-Basu-Football-mini-quiz/dp/B08BZ7VPJC/ref=sr_1_4172?brr=1&dchild=1&qid=1634421419&rd=1&s=digital-skills&sr=1-4172", "Who are next": "https://www.amazon.com/Kmitl-Who-are-next/dp/B08BZ6GVMY/ref=sr_1_4173?brr=1&dchild=1&qid=1634421419&rd=1&s=digital-skills&sr=1-4173", "All Unknown Facts About World - Everything": "https://www.amazon.com/All-Facts-About-World-Everything/dp/B08BYBBNVR/ref=sr_1_4174?brr=1&dchild=1&qid=1634421419&rd=1&s=digital-skills&sr=1-4174", "cool hello world": "https://www.amazon.com/KLEs-College-of-BCA-RLSI/dp/B08BXX9T3T/ref=sr_1_4175?brr=1&dchild=1&qid=1634421419&rd=1&s=digital-skills&sr=1-4175", "AnimalCrossingPrices": "https://www.amazon.com/Ben-Plotnick-AnimalCrossingPrices/dp/B08BXT8TRC/ref=sr_1_4176?brr=1&dchild=1&qid=1634421419&rd=1&s=digital-skills&sr=1-4176"}