{"Random Picker": "https://www.amazon.com/Wunderkind-infotech-Random-Picker/dp/B08BX172KQ/ref=sr_1_4177?brr=1&dchild=1&qid=1634421421&rd=1&s=digital-skills&sr=1-4177", "motivational quotes": "https://www.amazon.com/self-motivational-quotes/dp/B08BWZXH86/ref=sr_1_4178?brr=1&dchild=1&qid=1634421421&rd=1&s=digital-skills&sr=1-4178", "KNEO Sports Network": "https://www.amazon.com/Sky-High-Broadcasting-KNEO-Radio/dp/B08BWVQL87/ref=sr_1_4179?brr=1&dchild=1&qid=1634421421&rd=1&s=digital-skills&sr=1-4179", "99 7": "https://www.amazon.com/99-7-WOOF-FM-Dothan/dp/B08BWPHTS7/ref=sr_1_4180?brr=1&dchild=1&qid=1634421421&rd=1&s=digital-skills&sr=1-4180", "Lewis Kid Quotes": "https://www.amazon.com/The-Crowded-Kitchen-Lewis-Quotes/dp/B08BWP9PJP/ref=sr_1_4181?brr=1&dchild=1&qid=1634421421&rd=1&s=digital-skills&sr=1-4181", "Whose Turn": "https://www.amazon.com/Neicey-Whose-Turn/dp/B08BW32G5Q/ref=sr_1_4182?brr=1&dchild=1&qid=1634421421&rd=1&s=digital-skills&sr=1-4182", "Names of conductor": "https://www.amazon.com/Wunderkind-infotech-Names-of-conductor/dp/B08BW1XB88/ref=sr_1_4183?brr=1&dchild=1&qid=1634421421&rd=1&s=digital-skills&sr=1-4183", "Projects for school light trivia": "https://www.amazon.com/Projects-for-school-light-trivia/dp/B08BTVXZXV/ref=sr_1_4184?brr=1&dchild=1&qid=1634421421&rd=1&s=digital-skills&sr=1-4184", "cool hello world": "https://www.amazon.com/shrihari-kulkarni-cool-hello-world/dp/B08BTVB3D9/ref=sr_1_4185?brr=1&dchild=1&qid=1634421421&rd=1&s=digital-skills&sr=1-4185", "family movie chooser": "https://www.amazon.com/Rho-Technologies-Ltd-family-chooser/dp/B08BTMZ4T9/ref=sr_1_4186?brr=1&dchild=1&qid=1634421421&rd=1&s=digital-skills&sr=1-4186", "Movie Quiz": "https://www.amazon.com/Pavan-Siddharth-Movie-Quiz/dp/B08BT5MNYK/ref=sr_1_4187?brr=1&dchild=1&qid=1634421421&rd=1&s=digital-skills&sr=1-4187", "Hotel quiz": "https://www.amazon.com/Darren-choi-Hotel-quiz/dp/B08BRYYFW6/ref=sr_1_4188?brr=1&dchild=1&qid=1634421421&rd=1&s=digital-skills&sr=1-4188", "Sleepy Sounds": "https://www.amazon.com/VoiceXpert-Sleepy-Sounds/dp/B08BRCMR1Y/ref=sr_1_4189?brr=1&dchild=1&qid=1634421421&rd=1&s=digital-skills&sr=1-4189", "The alien story": "https://www.amazon.com/Darren-choi-The-alien-story/dp/B08BRBVKHH/ref=sr_1_4190?brr=1&dchild=1&qid=1634421421&rd=1&s=digital-skills&sr=1-4190", "Dungeon Frenzy": "https://www.amazon.com/Volley-Inc-Dungeon-Frenzy/dp/B08BR78G9D/ref=sr_1_4191?brr=1&dchild=1&qid=1634421421&rd=1&s=digital-skills&sr=1-4191", "Special facts": "https://www.amazon.com/Darren-choi-Special-facts/dp/B08BR4XGLF/ref=sr_1_4192?brr=1&dchild=1&qid=1634421421&rd=1&s=digital-skills&sr=1-4192"}