{"Chore chart": "https://www.amazon.com/Momma-Chore-chart/dp/B08BF3XQHF/ref=sr_1_4241?brr=1&dchild=1&qid=1634421433&rd=1&s=digital-skills&sr=1-4241", "Grace FM": "https://www.amazon.com/Grace-FM-Grace-FM/dp/B08BCTN9N7/ref=sr_1_4242?brr=1&dchild=1&qid=1634421433&rd=1&s=digital-skills&sr=1-4242", "No Touch Airport": "https://www.amazon.com/Pragmatic-Voice-No-Touch-Airport/dp/B08BCQMY9P/ref=sr_1_4243?brr=1&dchild=1&qid=1634421433&rd=1&s=digital-skills&sr=1-4243", "Quarantine House": "https://www.amazon.com/Rad-Dad-Quarantine-House/dp/B08BCQGH76/ref=sr_1_4244?brr=1&dchild=1&qid=1634421433&rd=1&s=digital-skills&sr=1-4244", "cool world": "https://www.amazon.com/KLE-College-BCA-RLSI-Belgaum/dp/B08BCH6KNH/ref=sr_1_4245?brr=1&dchild=1&qid=1634421433&rd=1&s=digital-skills&sr=1-4245", "World's Best Kid": "https://www.amazon.com/Adrian-Brown-Worlds-Best-Kid/dp/B08BCGCXDX/ref=sr_1_4246?brr=1&dchild=1&qid=1634421433&rd=1&s=digital-skills&sr=1-4246", "cake walk": "https://www.amazon.com/VIT-cake-walk/dp/B08BC3MLLY/ref=sr_1_4247?brr=1&dchild=1&qid=1634421433&rd=1&s=digital-skills&sr=1-4247", "Number chosen": "https://www.amazon.com/Intance-Number-chosen/dp/B08BB8VYRC/ref=sr_1_4248?brr=1&dchild=1&qid=1634421433&rd=1&s=digital-skills&sr=1-4248", "10 Things": "https://www.amazon.com/Gap-Year-Media-10-Things/dp/B08B8VGPN5/ref=sr_1_4249?brr=1&dchild=1&qid=1634421433&rd=1&s=digital-skills&sr=1-4249", "Quick Math": "https://www.amazon.com/Debdas-Barik-Quick-Math/dp/B08B8SGMBW/ref=sr_1_4250?brr=1&dchild=1&qid=1634421433&rd=1&s=digital-skills&sr=1-4250", "Whose Turn": "https://www.amazon.com/Rose-Whose-Turn/dp/B08B89WK4N/ref=sr_1_4251?brr=1&dchild=1&qid=1634421433&rd=1&s=digital-skills&sr=1-4251", "The Best Mu": "https://www.amazon.com/Jason-Alexander-The-Best-Mu/dp/B08B88TBN3/ref=sr_1_4252?brr=1&dchild=1&qid=1634421433&rd=1&s=digital-skills&sr=1-4252", "Battle Royale questions": "https://www.amazon.com/ShiftySharkMomments-Battle-Royale-questions/dp/B08B87R1XP/ref=sr_1_4253?brr=1&dchild=1&qid=1634421433&rd=1&s=digital-skills&sr=1-4253", "roshambo": "https://www.amazon.com/Developer-roshambo/dp/B08B86CFWT/ref=sr_1_4254?brr=1&dchild=1&qid=1634421433&rd=1&s=digital-skills&sr=1-4254", "Mary fortune": "https://www.amazon.com/Mary-fortune/dp/B08B822ZS3/ref=sr_1_4255?brr=1&dchild=1&qid=1634421433&rd=1&s=digital-skills&sr=1-4255", "I love you": "https://www.amazon.com/vivek-I-love-you/dp/B08B7ZMVL9/ref=sr_1_4256?brr=1&dchild=1&qid=1634421433&rd=1&s=digital-skills&sr=1-4256"}