{"Friends Facts": "https://www.amazon.com/Content-Test-Specialist-Friends-Facts/dp/B08B7WDN6V/ref=sr_1_4257?brr=1&dchild=1&qid=1634421436&rd=1&s=digital-skills&sr=1-4257", "Royal SmackDown": "https://www.amazon.com/Vishal-company-Royal-SmackDown/dp/B08B7QTW33/ref=sr_1_4258?brr=1&dchild=1&qid=1634421436&rd=1&s=digital-skills&sr=1-4258", "Whose turn": "https://www.amazon.com/Amanda-Whose-turn/dp/B08B71QS8F/ref=sr_1_4259?brr=1&dchild=1&qid=1634421436&rd=1&s=digital-skills&sr=1-4259", "Ken Ken'isms": "https://www.amazon.com/Mvk-Ken-Kenisms/dp/B08B6DFW7G/ref=sr_1_4260?brr=1&dchild=1&qid=1634421436&rd=1&s=digital-skills&sr=1-4260", "The Outer Limits Quotes": "https://www.amazon.com/treblelogic-The-Outer-Limits-Quotes/dp/B08B64D3YR/ref=sr_1_4261?brr=1&dchild=1&qid=1634421436&rd=1&s=digital-skills&sr=1-4261", "My Second Bestie": "https://www.amazon.com/Will-My-Second-Bestie/dp/B08B6261D8/ref=sr_1_4262?brr=1&dchild=1&qid=1634421436&rd=1&s=digital-skills&sr=1-4262", "Landon's story": "https://www.amazon.com/Jeslyn-Landons-story/dp/B08B61T3ZP/ref=sr_1_4263?brr=1&dchild=1&qid=1634421436&rd=1&s=digital-skills&sr=1-4263", "Cool Hello World": "https://www.amazon.com/KLEs-RLSI-BCA-Hello-World/dp/B08B5492FC/ref=sr_1_4272?brr=1&dchild=1&qid=1634421436&rd=1&s=digital-skills&sr=1-4272", "number game": "https://www.amazon.com/NIKHIL-number-game/dp/B08B5VFG83/ref=sr_1_4265?brr=1&dchild=1&qid=1634421436&rd=1&s=digital-skills&sr=1-4265", "cool hello world": "https://www.amazon.com/Kles-College-BCA-institute-Belgavi/dp/B08B55F47J/ref=sr_1_4271?brr=1&dchild=1&qid=1634421436&rd=1&s=digital-skills&sr=1-4271", "Pro Hoops Fun Facts": "https://www.amazon.com/Rad-Dad-Pro-Hoops-Facts/dp/B08B5D6GTJ/ref=sr_1_4268?brr=1&dchild=1&qid=1634421436&rd=1&s=digital-skills&sr=1-4268", "Next D. B. D. killer": "https://www.amazon.com/Next-D-B-killer/dp/B08B58DSNX/ref=sr_1_4269?brr=1&dchild=1&qid=1634421436&rd=1&s=digital-skills&sr=1-4269"}