{"Know Show": "https://www.amazon.com/coolkid5-Know-Show/dp/B08B1M5L2L/ref=sr_1_4289?brr=1&dchild=1&qid=1634421441&rd=1&s=digital-skills&sr=1-4289", "Golden Girls Characters": "https://www.amazon.com/coolkid5-Golden-Girls-Characters/dp/B08B1M4B4N/ref=sr_1_4290?brr=1&dchild=1&qid=1634421441&rd=1&s=digital-skills&sr=1-4290", "Baby Translator": "https://www.amazon.com/coolkid5-Baby-Translator/dp/B08B1LM3NB/ref=sr_1_4291?brr=1&dchild=1&qid=1634421441&rd=1&s=digital-skills&sr=1-4291", "Black Stories": "https://www.amazon.com/Devone-Williams-Black-Stories/dp/B08B1F6SW2/ref=sr_1_4292?brr=1&dchild=1&qid=1634421441&rd=1&s=digital-skills&sr=1-4292", "Who's Mike": "https://www.amazon.com/Mighty-Kaos-Whos-Mike/dp/B08B1DGS7G/ref=sr_1_4293?brr=1&dchild=1&qid=1634421441&rd=1&s=digital-skills&sr=1-4293", "Deep Space Dice": "https://www.amazon.com/Ertay-Shashko-Deep-Space-Dice/dp/B08B1481NR/ref=sr_1_4294?brr=1&dchild=1&qid=1634421441&rd=1&s=digital-skills&sr=1-4294", "Who is Mike?": "https://www.amazon.com/Mighty-Kaos-Who-is-Mike/dp/B08B144F24/ref=sr_1_4295?brr=1&dchild=1&qid=1634421441&rd=1&s=digital-skills&sr=1-4295", "Wine Facts": "https://www.amazon.com/Industrial-Sommelier-Wine-Facts/dp/B08B13XM88/ref=sr_1_4296?brr=1&dchild=1&qid=1634421441&rd=1&s=digital-skills&sr=1-4296", "Cool Hello World": "https://www.amazon.com/student-Cool-Hello-World/dp/B08B11YNQQ/ref=sr_1_4297?brr=1&dchild=1&qid=1634421441&rd=1&s=digital-skills&sr=1-4297", "PAW Patrol Quiz": "https://www.amazon.com/Knownentity-Consulting-Limited-Patrol-Quiz/dp/B089ZZX98Q/ref=sr_1_4298?brr=1&dchild=1&qid=1634421441&rd=1&s=digital-skills&sr=1-4298", "Weekly workout for kids ( 7 minutes )": "https://www.amazon.com/Weekly-workout-kids-7-minutes/dp/B089ZZ8F78/ref=sr_1_4299?brr=1&dchild=1&qid=1634421441&rd=1&s=digital-skills&sr=1-4299", "Burp Sounds": "https://www.amazon.com/Nickopanther-Burp-Sounds/dp/B089ZVRH6R/ref=sr_1_4300?brr=1&dchild=1&qid=1634421441&rd=1&s=digital-skills&sr=1-4300", "Question Asker": "https://www.amazon.com/coolkid5-Question-Asker/dp/B089ZQKC6H/ref=sr_1_4301?brr=1&dchild=1&qid=1634421441&rd=1&s=digital-skills&sr=1-4301", "Whose Turn": "https://www.amazon.com/James-Carter-Whose-Turn/dp/B089YWZLSD/ref=sr_1_4302?brr=1&dchild=1&qid=1634421441&rd=1&s=digital-skills&sr=1-4302", "guess my animal": "https://www.amazon.com/Sis-guess-my-animal/dp/B089YS8VC3/ref=sr_1_4303?brr=1&dchild=1&qid=1634421441&rd=1&s=digital-skills&sr=1-4303", "Shot Target": "https://www.amazon.com/TZ-TECHNO-Shot-Target/dp/B089YRJJDC/ref=sr_1_4304?brr=1&dchild=1&qid=1634421441&rd=1&s=digital-skills&sr=1-4304"}