{"Surprise Surprise!": "https://www.amazon.com/Lakshmi-Priya-Surprise/dp/B08LNMR5GC/ref=sr_1_417?brr=1&dchild=1&qid=1634420752&rd=1&s=digital-skills&sr=1-417", "MNU SPORTS": "https://www.amazon.com/MidAmerica-Nazarene-University-MNU-SPORTS/dp/B07KK52DQT/ref=sr_1_418?brr=1&dchild=1&qid=1634420752&rd=1&s=digital-skills&sr=1-418", "Boat Orders Helper": "https://www.amazon.com/whovian-Boat-Orders-Helper/dp/B077XR61P2/ref=sr_1_419?brr=1&dchild=1&qid=1634420752&rd=1&s=digital-skills&sr=1-419", "Top Albums from iTunes US Unofficial": "https://www.amazon.com/Top-Albums-iTunes-US-Unofficial/dp/B07KQMJ89H/ref=sr_1_420?brr=1&dchild=1&qid=1634420752&rd=1&s=digital-skills&sr=1-420", "Fast Fact Christmas Edition": "https://www.amazon.com/ButtonPushApps-Fast-Fact-Christmas-Edition/dp/B07JRFRXZF/ref=sr_1_421?brr=1&dchild=1&qid=1634420752&rd=1&s=digital-skills&sr=1-421", "Star Trek CCG Price Tracker": "https://www.amazon.com/Star-Trek-CCG-Price-Tracker/dp/B073VF6F9X/ref=sr_1_422?brr=1&dchild=1&qid=1634420752&rd=1&s=digital-skills&sr=1-422", "States Quiz Game": "https://www.amazon.com/Eric-Quach-States-Quiz-Game/dp/B06ZZD1DTR/ref=sr_1_423?brr=1&dchild=1&qid=1634420752&rd=1&s=digital-skills&sr=1-423", "Journey 3000: an interactive audio adventure": "https://www.amazon.com/Journey-3000-interactive-audio-adventure/dp/B08KJ6DGNT/ref=sr_1_424?brr=1&dchild=1&qid=1634420752&rd=1&s=digital-skills&sr=1-424", "The 94% Game - General Knowledge Trivia Quiz Game": "https://www.amazon.com/94-Game-General-Knowledge-Trivia/dp/B095X3N661/ref=sr_1_425?brr=1&dchild=1&qid=1634420752&rd=1&s=digital-skills&sr=1-425", "The Friday Night Lights Personality Quiz": "https://www.amazon.com/Friday-Night-Lights-Personality-Quiz/dp/B06Y6LX6G2/ref=sr_1_426?brr=1&dchild=1&qid=1634420752&rd=1&s=digital-skills&sr=1-426", "Math Game": "https://www.amazon.com/FDelaplace-Math-Game/dp/B07B7CYQYC/ref=sr_1_427?brr=1&dchild=1&qid=1634420752&rd=1&s=digital-skills&sr=1-427", "The Handmaid's Tale": "https://www.amazon.com/Cygnus-Consulting-The-Handmaids-Tale/dp/B07KFFCBRJ/ref=sr_1_428?brr=1&dchild=1&qid=1634420752&rd=1&s=digital-skills&sr=1-428", "Talking Lucy": "https://www.amazon.com/VOXOGENIC-TECHNOLOGIES-PVT-LTD-Talking/dp/B07L8F9RWS/ref=sr_1_429?brr=1&dchild=1&qid=1634420752&rd=1&s=digital-skills&sr=1-429", "The Important Years Drill": "https://www.amazon.com/Spokenpedia-The-Important-Years-Drill/dp/B09F3M198L/ref=sr_1_430?brr=1&dchild=1&qid=1634420752&rd=1&s=digital-skills&sr=1-430", "Dagny Fun Facts": "https://www.amazon.com/Creative-Algorithm-Dagny-Fun-Facts/dp/B072J6WF7S/ref=sr_1_431?brr=1&dchild=1&qid=1634420752&rd=1&s=digital-skills&sr=1-431", "Movie Challenge": "https://www.amazon.com/Iguana-ASD-Movie-Challenge/dp/B07GNLWL8Y/ref=sr_1_432?brr=1&dchild=1&qid=1634420752&rd=1&s=digital-skills&sr=1-432"}