{"India states quiz": "https://www.amazon.com/Maurya-Shukla-India-states-quiz/dp/B089SZ7ZMV/ref=sr_1_4321?brr=1&dchild=1&qid=1634421447&rd=1&s=digital-skills&sr=1-4321", "potter quiz": "https://www.amazon.com/Gayatri-dube-potter-quiz/dp/B089SNZ6FV/ref=sr_1_4322?brr=1&dchild=1&qid=1634421447&rd=1&s=digital-skills&sr=1-4322", "PRS7": "https://www.amazon.com/TZ-TECHNO-PRS7/dp/B089SNDV8V/ref=sr_1_4323?brr=1&dchild=1&qid=1634421447&rd=1&s=digital-skills&sr=1-4323", "Chatter": "https://www.amazon.com/Volley-Inc-Chatter/dp/B089SN5N8Z/ref=sr_1_4324?brr=1&dchild=1&qid=1634421447&rd=1&s=digital-skills&sr=1-4324", "Quarantino - play quarantine jokes": "https://www.amazon.com/Natesh-Babu-Arunachalam-Quarantino-quarantine/dp/B089SL37D8/ref=sr_1_4325?brr=1&dchild=1&qid=1634421447&rd=1&s=digital-skills&sr=1-4325", "Who is next": "https://www.amazon.com/KMITL-Who-is-next/dp/B089SJZDYL/ref=sr_1_4326?brr=1&dchild=1&qid=1634421447&rd=1&s=digital-skills&sr=1-4326", "rock paper scissor": "https://www.amazon.com/Kanchan-kumavat-rock-paper-scissor/dp/B089S87YVD/ref=sr_1_4327?brr=1&dchild=1&qid=1634421447&rd=1&s=digital-skills&sr=1-4327", "cake walk": "https://www.amazon.com/Futura-cake-walk/dp/B089S2D2LY/ref=sr_1_4328?brr=1&dchild=1&qid=1634421447&rd=1&s=digital-skills&sr=1-4328", "Information Technology quiz": "https://www.amazon.com/Opero-Information-Technology-quiz/dp/B089RZYBDQ/ref=sr_1_4329?brr=1&dchild=1&qid=1634421447&rd=1&s=digital-skills&sr=1-4329", "Rock, Paper, Scissors": "https://www.amazon.com/Vishal-company-Rock-Paper-Scissors/dp/B089RQY9YG/ref=sr_1_4330?brr=1&dchild=1&qid=1634421447&rd=1&s=digital-skills&sr=1-4330", "Slow Claps (Sarcastic Claps)": "https://www.amazon.com/Self-Slow-Claps-Sarcastic/dp/B089RHP4R7/ref=sr_1_4331?brr=1&dchild=1&qid=1634421447&rd=1&s=digital-skills&sr=1-4331", "my hosted name": "https://www.amazon.com/KLE-COLLEGE-BCA-RLS-INSTITUTE/dp/B089R7P8FS/ref=sr_1_4332?brr=1&dchild=1&qid=1634421447&rd=1&s=digital-skills&sr=1-4332", "Whose Turn": "https://www.amazon.com/Pamily-Whose-Turn/dp/B089R5LQBG/ref=sr_1_4333?brr=1&dchild=1&qid=1634421447&rd=1&s=digital-skills&sr=1-4333", "STEP 1: GI": "https://www.amazon.com/IATROGENIC-PRODUCTIONS-STEP-1-GI/dp/B089QYRMDM/ref=sr_1_4334?brr=1&dchild=1&qid=1634421447&rd=1&s=digital-skills&sr=1-4334", "Choice Assistant": "https://www.amazon.com/Ayush-Pathak-Choice-Assistant/dp/B089QTCP5T/ref=sr_1_4335?brr=1&dchild=1&qid=1634421447&rd=1&s=digital-skills&sr=1-4335", "Super Speller": "https://www.amazon.com/VRAugment-Works-pvt-ltd-Speller/dp/B089QSJ538/ref=sr_1_4336?brr=1&dchild=1&qid=1634421447&rd=1&s=digital-skills&sr=1-4336"}