{"Island Raccoon": "https://www.amazon.com/Andrew-Funk-Island-Raccoon/dp/B089QNHDY6/ref=sr_1_4337?brr=1&dchild=1&qid=1634421449&rd=1&s=digital-skills&sr=1-4337", "my hosted name": "https://www.amazon.com/KLES-RLSI-college-BCA-Belgaum/dp/B089M5LYBW/ref=sr_1_4349?brr=1&dchild=1&qid=1634421449&rd=1&s=digital-skills&sr=1-4349", "STEP 1: RENAL": "https://www.amazon.com/IATROGENIC-PRODUCTIONS-STEP-1-RENAL/dp/B089PS3ZRJ/ref=sr_1_4340?brr=1&dchild=1&qid=1634421449&rd=1&s=digital-skills&sr=1-4340", "Facts about IoT": "https://www.amazon.com/Withings-Facts-about-IoT/dp/B089ND7FMQ/ref=sr_1_4341?brr=1&dchild=1&qid=1634421449&rd=1&s=digital-skills&sr=1-4341", "RAI turn": "https://www.amazon.com/Chayathorn-RAI-turn/dp/B089MFW6YV/ref=sr_1_4342?brr=1&dchild=1&qid=1634421449&rd=1&s=digital-skills&sr=1-4342", "Hogwarts House Cup": "https://www.amazon.com/Ryan-Idrogo-Lam-Hogwarts-House-development/dp/B089MFKSM2/ref=sr_1_4343?brr=1&dchild=1&qid=1634421449&rd=1&s=digital-skills&sr=1-4343", "Whose Turn": "https://www.amazon.com/1994-Whose-Turn/dp/B089M881BB/ref=sr_1_4347?brr=1&dchild=1&qid=1634421449&rd=1&s=digital-skills&sr=1-4347", "Rappers Pick Movie": "https://www.amazon.com/Xyrus-Rappers-Pick-Movie/dp/B089MC9D5Z/ref=sr_1_4345?brr=1&dchild=1&qid=1634421449&rd=1&s=digital-skills&sr=1-4345", "STEP 1: RESPIRATORY": "https://www.amazon.com/IATROGENIC-PRODUCTIONS-STEP-1-RESPIRATORY/dp/B089MBGV3R/ref=sr_1_4346?brr=1&dchild=1&qid=1634421449&rd=1&s=digital-skills&sr=1-4346", "STEP 1: CARDIOLOGY": "https://www.amazon.com/IATROGENIC-PRODUCTIONS-STEP-1-CARDIOLOGY/dp/B089M3Q9DB/ref=sr_1_4350?brr=1&dchild=1&qid=1634421449&rd=1&s=digital-skills&sr=1-4350", "Stone Paper Scissor": "https://www.amazon.com/Debdas-Barik-Stone-Paper-Scissor/dp/B089LZDL7Y/ref=sr_1_4351?brr=1&dchild=1&qid=1634421449&rd=1&s=digital-skills&sr=1-4351", "STEP 1: NEUROLOGY": "https://www.amazon.com/IATROGENIC-PRODUCTIONS-STEP-1-NEUROLOGY/dp/B089LXJHVQ/ref=sr_1_4352?brr=1&dchild=1&qid=1634421449&rd=1&s=digital-skills&sr=1-4352"}