{"Cake Walk": "https://www.amazon.com/Rls-bca-Cake-Walk/dp/B089FLPQMJ/ref=sr_1_4400?brr=1&dchild=1&qid=1634421458&rd=1&s=digital-skills&sr=1-4400", "Dirty Diaper": "https://www.amazon.com/Jake-Jacobson-Dirty-Diaper/dp/B089G9NKPK/ref=sr_1_4386?brr=1&dchild=1&qid=1634421458&rd=1&s=digital-skills&sr=1-4386", "my hosted name": "https://www.amazon.com/KLE-RLS-BCA-hosted-name/dp/B089G2MK3V/ref=sr_1_4390?brr=1&dchild=1&qid=1634421458&rd=1&s=digital-skills&sr=1-4390", "MY FRIENDS QUIZ": "https://www.amazon.com/Meghana-Joshi-MY-FRIENDS-QUIZ/dp/B089G3DTZ2/ref=sr_1_4388?brr=1&dchild=1&qid=1634421458&rd=1&s=digital-skills&sr=1-4388", "rock paper scissor": "https://www.amazon.com/SINGHS-rock-paper-scissor/dp/B089FZ3XCW/ref=sr_1_4393?brr=1&dchild=1&qid=1634421458&rd=1&s=digital-skills&sr=1-4393", "cake walk": "https://www.amazon.com/KLE-RLS-BCA-cake-walk/dp/B089FZ2WVM/ref=sr_1_4394?brr=1&dchild=1&qid=1634421458&rd=1&s=digital-skills&sr=1-4394", "Gardening Tips": "https://www.amazon.com/Daniel-Balchin-Gardening-Tips/dp/B089FYQJYC/ref=sr_1_4395?brr=1&dchild=1&qid=1634421458&rd=1&s=digital-skills&sr=1-4395"}