{"Cake Walk": "https://www.amazon.com/KLE-RLS-BCA-Cake-Walk/dp/B089FK991C/ref=sr_1_4404?brr=1&dchild=1&qid=1634421461&rd=1&s=digital-skills&sr=1-4404", "cake walk": "https://www.amazon.com/KLE-RLS-BCA-cake-walk/dp/B089DBD3YZ/ref=sr_1_4413?brr=1&dchild=1&qid=1634421461&rd=1&s=digital-skills&sr=1-4413", "skill ideas": "https://www.amazon.com/schylabs-skill-ideas/dp/B089F7BX43/ref=sr_1_4406?brr=1&dchild=1&qid=1634421461&rd=1&s=digital-skills&sr=1-4406", "Rock Paper Scissors": "https://www.amazon.com/PRATIKN-Rock-Paper-Scissors/dp/B089F4Y3SN/ref=sr_1_4407?brr=1&dchild=1&qid=1634421461&rd=1&s=digital-skills&sr=1-4407", "Shell Game": "https://www.amazon.com/Varga-Apps-Shell-Game/dp/B089DSNCKR/ref=sr_1_4408?brr=1&dchild=1&qid=1634421461&rd=1&s=digital-skills&sr=1-4408", "Facts": "https://www.amazon.com/ADHI-Facts/dp/B089DNFJH3/ref=sr_1_4409?brr=1&dchild=1&qid=1634421461&rd=1&s=digital-skills&sr=1-4409", "Kool Radio Classic Hits of The 60's, 70s & 80's": "https://www.amazon.com/Kool-Radio-Classic-Hits-60s/dp/B089DJMB7Z/ref=sr_1_4410?brr=1&dchild=1&qid=1634421461&rd=1&s=digital-skills&sr=1-4410", "Podcast Genie": "https://www.amazon.com/Default-User-Podcast-Genie/dp/B089DC49ZX/ref=sr_1_4412?brr=1&dchild=1&qid=1634421461&rd=1&s=digital-skills&sr=1-4412", "my hosted name": "https://www.amazon.com/K-L-E-College-BCA-RLSI-Institute/dp/B089D85ZCC/ref=sr_1_4414?brr=1&dchild=1&qid=1634421461&rd=1&s=digital-skills&sr=1-4414", "royal game": "https://www.amazon.com/Niet-royal-game/dp/B089D5YH96/ref=sr_1_4415?brr=1&dchild=1&qid=1634421461&rd=1&s=digital-skills&sr=1-4415", "when is my birthday": "https://www.amazon.com/Thilak-when-is-my-birthday/dp/B089CZZDMP/ref=sr_1_4416?brr=1&dchild=1&qid=1634421461&rd=1&s=digital-skills&sr=1-4416"}