{"Crazy Fact": "https://www.amazon.com/Piyush-Gupta-Crazy-Fact/dp/B089CN9JC4/ref=sr_1_4417?brr=1&dchild=1&qid=1634421463&rd=1&s=digital-skills&sr=1-4417", "Sentiment Match": "https://www.amazon.com/SN-forward-Sentiment-Match/dp/B089B2TJ13/ref=sr_1_4418?brr=1&dchild=1&qid=1634421463&rd=1&s=digital-skills&sr=1-4418", "Like/Don't Like": "https://www.amazon.com/SN-forward-Like-Dont/dp/B089B1W7TV/ref=sr_1_4419?brr=1&dchild=1&qid=1634421463&rd=1&s=digital-skills&sr=1-4419", "Steven Universe Trivia": "https://www.amazon.com/The-Crystal-Gems-Steven-Universe/dp/B089B1NYL6/ref=sr_1_4420?brr=1&dchild=1&qid=1634421463&rd=1&s=digital-skills&sr=1-4420", "Tommy's Facts": "https://www.amazon.com/Tom-Duwe-Tommys-Facts/dp/B0899ZQPP5/ref=sr_1_4421?brr=1&dchild=1&qid=1634421463&rd=1&s=digital-skills&sr=1-4421", "my hosted name": "https://www.amazon.com/K-L-Es-College-BCA-RLSI-Institute/dp/B0899YQJ4H/ref=sr_1_4422?brr=1&dchild=1&qid=1634421463&rd=1&s=digital-skills&sr=1-4422", "Cake Walk": "https://www.amazon.com/KLE-Societys-Degree-College-Nagarsbhavi/dp/B0899S6VWT/ref=sr_1_4423?brr=1&dchild=1&qid=1634421463&rd=1&s=digital-skills&sr=1-4423", "Gem Trivia": "https://www.amazon.com/Charmed-in-Company-Gem-Trivia/dp/B0899RPTZT/ref=sr_1_4424?brr=1&dchild=1&qid=1634421463&rd=1&s=digital-skills&sr=1-4424", "LUCKY BINGO": "https://www.amazon.com/TZ-TECHNO-LUCKY-BINGO/dp/B0899MPZ9X/ref=sr_1_4425?brr=1&dchild=1&qid=1634421463&rd=1&s=digital-skills&sr=1-4425", "Battle Ship": "https://www.amazon.com/Daryl-Jewkes-Battle-Ship/dp/B0899MNF8Z/ref=sr_1_4426?brr=1&dchild=1&qid=1634421463&rd=1&s=digital-skills&sr=1-4426", "Five rush": "https://www.amazon.com/Taaha-Five-rush/dp/B08992DSRV/ref=sr_1_4427?brr=1&dchild=1&qid=1634421463&rd=1&s=digital-skills&sr=1-4427", "Of life Quiz": "https://www.amazon.com/Taaha-Of-life-Quiz/dp/B0898W9XGQ/ref=sr_1_4428?brr=1&dchild=1&qid=1634421463&rd=1&s=digital-skills&sr=1-4428", "My Countdown": "https://www.amazon.com/Kaelyn-My-Countdown/dp/B0898S7RS9/ref=sr_1_4429?brr=1&dchild=1&qid=1634421463&rd=1&s=digital-skills&sr=1-4429", "Aditya's quiz": "https://www.amazon.com/Aditya-pathak-Adityas-quiz/dp/B0897WWXNV/ref=sr_1_4430?brr=1&dchild=1&qid=1634421463&rd=1&s=digital-skills&sr=1-4430", "Color Clash": "https://www.amazon.com/Hero-Software-Color-Clash/dp/B0897SB8SP/ref=sr_1_4431?brr=1&dchild=1&qid=1634421463&rd=1&s=digital-skills&sr=1-4431", "Unicorni - Dice Roller": "https://www.amazon.com/NVC-Unicorni-Dice-Roller/dp/B0897S3VZP/ref=sr_1_4432?brr=1&dchild=1&qid=1634421463&rd=1&s=digital-skills&sr=1-4432"}