{"Robo Numbers": "https://www.amazon.com/ZEF-Development-Robo-Numbers/dp/B0897QJV38/ref=sr_1_4433?brr=1&dchild=1&qid=1634421466&rd=1&s=digital-skills&sr=1-4433", "Gem Quiz: Gem Who AM I?": "https://www.amazon.com/Gem-Quiz-Who-AM/dp/B0897Q8PM9/ref=sr_1_4434?brr=1&dchild=1&qid=1634421466&rd=1&s=digital-skills&sr=1-4434", "Astrology Quiz": "https://www.amazon.com/Charmed-in-Company-Astrology-Quiz/dp/B0897PKDFP/ref=sr_1_4435?brr=1&dchild=1&qid=1634421466&rd=1&s=digital-skills&sr=1-4435", "Daily Question": "https://www.amazon.com/TVGuide-Daily-Question/dp/B0897NPHPM/ref=sr_1_4436?brr=1&dchild=1&qid=1634421466&rd=1&s=digital-skills&sr=1-4436", "Whose Turn": "https://www.amazon.com/Federico-C-Whose-Turn/dp/B08956MYQM/ref=sr_1_4446?brr=1&dchild=1&qid=1634421466&rd=1&s=digital-skills&sr=1-4446", "How Many Days": "https://www.amazon.com/Mom-How-Many-Days/dp/B08979ZTGL/ref=sr_1_4438?brr=1&dchild=1&qid=1634421466&rd=1&s=digital-skills&sr=1-4438", "Jungle Book Indian Song and Stories - Unofficial": "https://www.amazon.com/Jungle-Book-Indian-Song-Stories/dp/B08972JSVR/ref=sr_1_4440?brr=1&dchild=1&qid=1634421466&rd=1&s=digital-skills&sr=1-4440", "Tricky Quiz": "https://www.amazon.com/Krishna-Charan-Tricky-Quiz/dp/B08962GLWL/ref=sr_1_4441?brr=1&dchild=1&qid=1634421466&rd=1&s=digital-skills&sr=1-4441", "My Nerdy Trivia": "https://www.amazon.com/Hil-My-Nerdy-Trivia/dp/B0895PLZTD/ref=sr_1_4442?brr=1&dchild=1&qid=1634421466&rd=1&s=digital-skills&sr=1-4442", "Pour More Wine": "https://www.amazon.com/Own-What-You-Pour-More/dp/B08959YS7J/ref=sr_1_4443?brr=1&dchild=1&qid=1634421466&rd=1&s=digital-skills&sr=1-4443", "Rotten Movies": "https://www.amazon.com/Mayday-Rotten-Movies/dp/B08959JZ3G/ref=sr_1_4444?brr=1&dchild=1&qid=1634421466&rd=1&s=digital-skills&sr=1-4444", "Orion's Astronomy Facts": "https://www.amazon.com/Ron-Sparks-Orions-Astronomy-Facts/dp/B08956XM44/ref=sr_1_4445?brr=1&dchild=1&qid=1634421466&rd=1&s=digital-skills&sr=1-4445", "STEP 1: IMMUNOLOGY": "https://www.amazon.com/IATROGENIC-PRODUCTIONS-STEP-1-IMMUNOLOGY/dp/B08955T6G5/ref=sr_1_4447?brr=1&dchild=1&qid=1634421466&rd=1&s=digital-skills&sr=1-4447", "Pick One": "https://www.amazon.com/Mom-Tko-Pick-One/dp/B08954QXZV/ref=sr_1_4448?brr=1&dchild=1&qid=1634421466&rd=1&s=digital-skills&sr=1-4448"}