{"Categories Game": "https://www.amazon.com/Verto-Lab-Categories-Game/dp/B06XPFGBMW/ref=sr_1_433?brr=1&dchild=1&qid=1634420755&rd=1&s=digital-skills&sr=1-433", "Taco Bell": "https://www.amazon.com/Eric-Huglen-Taco-Bell/dp/B08HJ1MKSB/ref=sr_1_434?brr=1&dchild=1&qid=1634420755&rd=1&s=digital-skills&sr=1-434", "Computational Storage Facts": "https://www.amazon.com/Joao-Alcantara-Computational-Storage-Facts/dp/B07JZ7BPSH/ref=sr_1_435?brr=1&dchild=1&qid=1634420755&rd=1&s=digital-skills&sr=1-435", "Wind Fact Number Thirteen Card": "https://www.amazon.com/Wind-Fact-Number-Thirteen-Card/dp/B07L9FJH4L/ref=sr_1_436?brr=1&dchild=1&qid=1634420755&rd=1&s=digital-skills&sr=1-436", "Word Game": "https://www.amazon.com/Sush-Productions-Word-Game/dp/B07DWS8HTY/ref=sr_1_437?brr=1&dchild=1&qid=1634420755&rd=1&s=digital-skills&sr=1-437", "Game Night - Categories": "https://www.amazon.com/AuTek-Game-Night-Categories/dp/B07K298659/ref=sr_1_438?brr=1&dchild=1&qid=1634420755&rd=1&s=digital-skills&sr=1-438", "State Games": "https://www.amazon.com/Robert-McCauley-State-Games/dp/B0738WZNB1/ref=sr_1_439?brr=1&dchild=1&qid=1634420755&rd=1&s=digital-skills&sr=1-439", "Brawlhalla characters": "https://www.amazon.com/Knight-Brawlhalla-characters/dp/B087ZZ9WJT/ref=sr_1_440?brr=1&dchild=1&qid=1634420755&rd=1&s=digital-skills&sr=1-440", "Gram Slam Word Game": "https://www.amazon.com/Pro-Games-Gram-Slam-Word/dp/B07CVQ2K8T/ref=sr_1_441?brr=1&dchild=1&qid=1634420755&rd=1&s=digital-skills&sr=1-441", "Space Adventure": "https://www.amazon.com/Athanor-Games-Space-Adventure/dp/B07FZ2NPVC/ref=sr_1_442?brr=1&dchild=1&qid=1634420755&rd=1&s=digital-skills&sr=1-442", "Red Intruder": "https://www.amazon.com/Louie-Red-Intruder/dp/B0995RG3YQ/ref=sr_1_443?brr=1&dchild=1&qid=1634420755&rd=1&s=digital-skills&sr=1-443", "Relax Sounds": "https://www.amazon.com/Smart-Skills-Relax-sounds/dp/B08DJ41QDL/ref=sr_1_444?brr=1&dchild=1&qid=1634420755&rd=1&s=digital-skills&sr=1-444", "Tennis Mesh": "https://www.amazon.com/Tennis-Mesh-LLC/dp/B08L61RFBW/ref=sr_1_445?brr=1&dchild=1&qid=1634420755&rd=1&s=digital-skills&sr=1-445", "Video Game Fact Skill": "https://www.amazon.com/Nathan-Johnson-Video-Game-Skill/dp/B07G6JJ6HG/ref=sr_1_446?brr=1&dchild=1&qid=1634420755&rd=1&s=digital-skills&sr=1-446", "Amitabh Bachchan facts": "https://www.amazon.com/JAK-Amitabh-Bachchan-facts/dp/B07KVXZ77L/ref=sr_1_447?brr=1&dchild=1&qid=1634420755&rd=1&s=digital-skills&sr=1-447", "Song Match": "https://www.amazon.com/Bad-Software-Song-Match/dp/B08QCF94M1/ref=sr_1_448?brr=1&dchild=1&qid=1634420755&rd=1&s=digital-skills&sr=1-448"}