{"State Capital Airport Quiz Game": "https://www.amazon.com/State-Capital-Airport-Quiz-Game/dp/B0891T6MH1/ref=sr_1_4465?brr=1&dchild=1&qid=1634421472&rd=1&s=digital-skills&sr=1-4465", "Mushroom Facts (Shroom Room)": "https://www.amazon.com/Ryan-Cook-Mushroom-Facts-Shroom/dp/B0891R6XKY/ref=sr_1_4466?brr=1&dchild=1&qid=1634421472&rd=1&s=digital-skills&sr=1-4466", "Mad Joy": "https://www.amazon.com/Ren-Frost-Mad-Joy/dp/B08915JP7N/ref=sr_1_4467?brr=1&dchild=1&qid=1634421472&rd=1&s=digital-skills&sr=1-4467", "Kings": "https://www.amazon.com/Roy-Creations-Kings/dp/B089147MNB/ref=sr_1_4468?brr=1&dchild=1&qid=1634421472&rd=1&s=digital-skills&sr=1-4468", "Big Question": "https://www.amazon.com/TVGuide-Big-Question/dp/B08911VYXH/ref=sr_1_4469?brr=1&dchild=1&qid=1634421472&rd=1&s=digital-skills&sr=1-4469", "Mystical Mind Challenge": "https://www.amazon.com/Charmed-in-Company-Mystical-Challenge/dp/B08911P6CV/ref=sr_1_4470?brr=1&dchild=1&qid=1634421472&rd=1&s=digital-skills&sr=1-4470", "Whose Turn": "https://www.amazon.com/Tim-Fraley-Whose-Turn/dp/B088ZYFWF7/ref=sr_1_4471?brr=1&dchild=1&qid=1634421472&rd=1&s=digital-skills&sr=1-4471", "Aromatherapy Trivia": "https://www.amazon.com/Charmed-in-Company-Aromatherapy-Trivia/dp/B088ZT7SVM/ref=sr_1_4472?brr=1&dchild=1&qid=1634421472&rd=1&s=digital-skills&sr=1-4472", "shuniya anderson": "https://www.amazon.com/diane-high-shuniya-anderson/dp/B088XS7TDB/ref=sr_1_4473?brr=1&dchild=1&qid=1634421472&rd=1&s=digital-skills&sr=1-4473", "Neocron": "https://www.amazon.com/BenWagner-Neocron/dp/B088X4KHJ1/ref=sr_1_4474?brr=1&dchild=1&qid=1634421472&rd=1&s=digital-skills&sr=1-4474", "Halo Quotes": "https://www.amazon.com/David-Bosc-Halo-Quotes/dp/B088WZY55H/ref=sr_1_4475?brr=1&dchild=1&qid=1634421472&rd=1&s=digital-skills&sr=1-4475", "Basket Dunks": "https://www.amazon.com/TZ-TECHNO-Basket-Dunks/dp/B088WXQSFH/ref=sr_1_4476?brr=1&dchild=1&qid=1634421472&rd=1&s=digital-skills&sr=1-4476", "Birthday cake walk": "https://www.amazon.com/Arjun-R-Birthday-cake-walk/dp/B088WWR2SJ/ref=sr_1_4477?brr=1&dchild=1&qid=1634421472&rd=1&s=digital-skills&sr=1-4477", "Vader Sounds": "https://www.amazon.com/Gaggle-Vader-Sounds/dp/B088WTMMTL/ref=sr_1_4478?brr=1&dchild=1&qid=1634421472&rd=1&s=digital-skills&sr=1-4478", "Random LoL fact": "https://www.amazon.com/Keviin-Random-LoL-fact/dp/B088WTLJ98/ref=sr_1_4479?brr=1&dchild=1&qid=1634421472&rd=1&s=digital-skills&sr=1-4479", "Quotes from BTS": "https://www.amazon.com/Jessica-Cam-Quotes-from-BTS/dp/B088WT7PYR/ref=sr_1_4480?brr=1&dchild=1&qid=1634421472&rd=1&s=digital-skills&sr=1-4480"}