{"K. B. C. Quiz": "https://www.amazon.com/Sneha-Pinjani-K-B-Quiz/dp/B08839LSY3/ref=sr_1_4577?brr=1&dchild=1&qid=1634421491&rd=1&s=digital-skills&sr=1-4577", "My Facts": "https://www.amazon.com/Clint-Campbell-My-Facts/dp/B08832PDY2/ref=sr_1_4578?brr=1&dchild=1&qid=1634421491&rd=1&s=digital-skills&sr=1-4578", "Black Music Trivia": "https://www.amazon.com/Hippie-Soul-Cafe-Black-Trivia/dp/B088317R3P/ref=sr_1_4579?brr=1&dchild=1&qid=1634421491&rd=1&s=digital-skills&sr=1-4579", "Indian Nursery Rhymes": "https://www.amazon.com/Dilip-jain-Indian-Nursery-Rhymes/dp/B0882ZMP3R/ref=sr_1_4580?brr=1&dchild=1&qid=1634421491&rd=1&s=digital-skills&sr=1-4580", "Nerds Adulting": "https://www.amazon.com/Nerds-Adulting/dp/B0882YK36Y/ref=sr_1_4581?brr=1&dchild=1&qid=1634421491&rd=1&s=digital-skills&sr=1-4581", "Words with Friends Word Pop": "https://www.amazon.com/Words-with-Friends-Word-Pop/dp/B0882YCYH3/ref=sr_1_4582?brr=1&dchild=1&qid=1634421491&rd=1&s=digital-skills&sr=1-4582", "Golf Tips": "https://www.amazon.com/Bonaka-Blast-Golf-Tips/dp/B0882W9ZX7/ref=sr_1_4583?brr=1&dchild=1&qid=1634421491&rd=1&s=digital-skills&sr=1-4583", "Whose Turn test": "https://www.amazon.com/alexaaskqatestus1-Whose-Turn-test/dp/B0882VDPLW/ref=sr_1_4584?brr=1&dchild=1&qid=1634421491&rd=1&s=digital-skills&sr=1-4584", "Hobby Quiz": "https://www.amazon.com/Clint-Campbell-Hobby-Quiz/dp/B0882S1631/ref=sr_1_4585?brr=1&dchild=1&qid=1634421491&rd=1&s=digital-skills&sr=1-4585", "Trivia Hero": "https://www.amazon.com/labworks-io-USA-Trivial-Hero/dp/B0882J34Z1/ref=sr_1_4586?brr=1&dchild=1&qid=1634421491&rd=1&s=digital-skills&sr=1-4586", "Fun Quiz": "https://www.amazon.com/Developer-Fun-Quiz/dp/B0881XCWR1/ref=sr_1_4587?brr=1&dchild=1&qid=1634421491&rd=1&s=digital-skills&sr=1-4587", "Quick Revision": "https://www.amazon.com/Pratiksha-Quick-Revision/dp/B0881VJWKW/ref=sr_1_4588?brr=1&dchild=1&qid=1634421491&rd=1&s=digital-skills&sr=1-4588", "Sea turtle trivia": "https://www.amazon.com/Half-Shell-Productions-turtle-trivia/dp/B0881TKP5J/ref=sr_1_4589?brr=1&dchild=1&qid=1634421491&rd=1&s=digital-skills&sr=1-4589", "quiz game": "https://www.amazon.com/Bhagyashri-quiz-game/dp/B0881SGJX1/ref=sr_1_4590?brr=1&dchild=1&qid=1634421491&rd=1&s=digital-skills&sr=1-4590", "Interesting Facts Of India": "https://www.amazon.com/Pappu-Kumar-Pashi-Interesting-Facts/dp/B0881NRM3M/ref=sr_1_4591?brr=1&dchild=1&qid=1634421491&rd=1&s=digital-skills&sr=1-4591", "Whose Turn": "https://www.amazon.com/Jonathan-Nash-Whose-Turn/dp/B0881N5TVZ/ref=sr_1_4592?brr=1&dchild=1&qid=1634421491&rd=1&s=digital-skills&sr=1-4592"}