{"India Places Quiz": "https://www.amazon.com/Pappu-Kumar-Pashi-India-Places/dp/B0881M7JZG/ref=sr_1_4593?brr=1&dchild=1&qid=1634421494&rd=1&s=digital-skills&sr=1-4593", "r. p. s. game": "https://www.amazon.com/International-Institute-of-Information-Technology/dp/B0881LTK4H/ref=sr_1_4594?brr=1&dchild=1&qid=1634421494&rd=1&s=digital-skills&sr=1-4594", "Zombie Says": "https://www.amazon.com/Pingo-Zombie-Says/dp/B0881LS532/ref=sr_1_4595?brr=1&dchild=1&qid=1634421494&rd=1&s=digital-skills&sr=1-4595", "Money Heist (Unofficial)": "https://www.amazon.com/Yashovardhan-Money-Heist-Unofficial/dp/B0881GGGCL/ref=sr_1_4596?brr=1&dchild=1&qid=1634421494&rd=1&s=digital-skills&sr=1-4596", "WillBot": "https://www.amazon.com/Will-ortquist-WillBot/dp/B08816PQFB/ref=sr_1_4597?brr=1&dchild=1&qid=1634421494&rd=1&s=digital-skills&sr=1-4597", "My Favourite Cricket Player": "https://www.amazon.com/Default-User-Favourite-Cricket-Player/dp/B0881466WF/ref=sr_1_4598?brr=1&dchild=1&qid=1634421494&rd=1&s=digital-skills&sr=1-4598", "Funny Cat Facts": "https://www.amazon.com/dev_yudi-Funny-Cat-Facts/dp/B08812XNMD/ref=sr_1_4599?brr=1&dchild=1&qid=1634421494&rd=1&s=digital-skills&sr=1-4599", "Vinoba katha": "https://www.amazon.com/JigneshKarnik-Vinoba-katha/dp/B087ZZQ9RB/ref=sr_1_4600?brr=1&dchild=1&qid=1634421494&rd=1&s=digital-skills&sr=1-4600", "My Instructor": "https://www.amazon.com/Nishan-My-Instructor/dp/B087ZXC8VR/ref=sr_1_4601?brr=1&dchild=1&qid=1634421494&rd=1&s=digital-skills&sr=1-4601", "cake walk": "https://www.amazon.com/University-of-Houston-cake-walk/dp/B087ZX4H2N/ref=sr_1_4602?brr=1&dchild=1&qid=1634421494&rd=1&s=digital-skills&sr=1-4602", "dana's cake walk": "https://www.amazon.com/University-of-Houston-danas-cake/dp/B087ZWMJQ9/ref=sr_1_4603?brr=1&dchild=1&qid=1634421494&rd=1&s=digital-skills&sr=1-4603", "Gaming Quiz": "https://www.amazon.com/Luke-Murphy-Gaming-Quiz/dp/B087ZR872H/ref=sr_1_4604?brr=1&dchild=1&qid=1634421494&rd=1&s=digital-skills&sr=1-4604", "Animal Magic": "https://www.amazon.com/Rachel-Plumb-Animal-Magic/dp/B087ZG1Y6N/ref=sr_1_4605?brr=1&dchild=1&qid=1634421494&rd=1&s=digital-skills&sr=1-4605", "Bollywood dialogues quiz": "https://www.amazon.com/Dilip-jain-Bollywood-dialogues-quiz/dp/B087ZG11GN/ref=sr_1_4606?brr=1&dchild=1&qid=1634421494&rd=1&s=digital-skills&sr=1-4606", "Morocco Facts": "https://www.amazon.com/Harish-Kotra-Morocco-Facts/dp/B087ZDBBQ2/ref=sr_1_4607?brr=1&dchild=1&qid=1634421494&rd=1&s=digital-skills&sr=1-4607", "Kenya Facts": "https://www.amazon.com/Harish-Kotra-Kenya-Facts/dp/B087ZBYCQ7/ref=sr_1_4608?brr=1&dchild=1&qid=1634421494&rd=1&s=digital-skills&sr=1-4608"}