{"Alabama Facts": "https://www.amazon.com/Harish-Kotra-Alabama-Facts/dp/B087Z71HYV/ref=sr_1_4609?brr=1&dchild=1&qid=1634421497&rd=1&s=digital-skills&sr=1-4609", "World Geography Quiz": "https://www.amazon.com/Deepanshu-Jain-World-Geography-Quiz/dp/B087Z5F54N/ref=sr_1_4610?brr=1&dchild=1&qid=1634421497&rd=1&s=digital-skills&sr=1-4610", "Whose Turn": "https://www.amazon.com/Wdada55-Whose-Turn/dp/B087Z3G9HH/ref=sr_1_4611?brr=1&dchild=1&qid=1634421497&rd=1&s=digital-skills&sr=1-4611", "Alaska Facts": "https://www.amazon.com/Harish-Kotra-Alaska-Facts/dp/B087Z28SW9/ref=sr_1_4612?brr=1&dchild=1&qid=1634421497&rd=1&s=digital-skills&sr=1-4612", "The Movie Quiz": "https://www.amazon.com/SwaDev-The-Movie-Quiz/dp/B087Z1VRYD/ref=sr_1_4613?brr=1&dchild=1&qid=1634421497&rd=1&s=digital-skills&sr=1-4613", "Amsterdam Facts": "https://www.amazon.com/Harish-Kotra-Amsterdam-Facts/dp/B087YZ7H8K/ref=sr_1_4614?brr=1&dchild=1&qid=1634421497&rd=1&s=digital-skills&sr=1-4614", "Machu Picchu Facts": "https://www.amazon.com/Harish-Kotra-Machu-Picchu-Facts/dp/B087YZ2K9L/ref=sr_1_4615?brr=1&dchild=1&qid=1634421497&rd=1&s=digital-skills&sr=1-4615", "CREATIVE WORLD": "https://www.amazon.com/MIC-CREATIVE-WORLD/dp/B087YYSTCK/ref=sr_1_4616?brr=1&dchild=1&qid=1634421497&rd=1&s=digital-skills&sr=1-4616", "The Ramayan Quiz": "https://www.amazon.com/Dilip-jain-The-Ramayan-Quiz/dp/B087YX13T1/ref=sr_1_4617?brr=1&dchild=1&qid=1634421497&rd=1&s=digital-skills&sr=1-4617", "Word Meaning Quiz (Over 300+ questions)": "https://www.amazon.com/Word-Meaning-Quiz-Over-questions/dp/B087YWZGRM/ref=sr_1_4618?brr=1&dchild=1&qid=1634421497&rd=1&s=digital-skills&sr=1-4618", "What the Facts": "https://www.amazon.com/Harish-Kotra-What-the-Facts/dp/B087YWW84S/ref=sr_1_4619?brr=1&dchild=1&qid=1634421497&rd=1&s=digital-skills&sr=1-4619", "The Kapil Sharma Jokes": "https://www.amazon.com/Deepanshu-Jain-Kapil-Sharma-Jokes/dp/B087YS21X9/ref=sr_1_4620?brr=1&dchild=1&qid=1634421497&rd=1&s=digital-skills&sr=1-4620", "Mood Magic": "https://www.amazon.com/BOOM-Integrated-Mood-Magic/dp/B087YLWC6W/ref=sr_1_4621?brr=1&dchild=1&qid=1634421497&rd=1&s=digital-skills&sr=1-4621", "Just Tech Facts": "https://www.amazon.com/Harish-Kotra-Just-Tech-Facts/dp/B087YJ3NKT/ref=sr_1_4622?brr=1&dchild=1&qid=1634421497&rd=1&s=digital-skills&sr=1-4622", "Before After": "https://www.amazon.com/ARGH-LABS-Before-After/dp/B087X84C7P/ref=sr_1_4623?brr=1&dchild=1&qid=1634421497&rd=1&s=digital-skills&sr=1-4623", "Read Letters": "https://www.amazon.com/ForGrandpa-Read-Letters/dp/B087X5QQQ3/ref=sr_1_4624?brr=1&dchild=1&qid=1634421497&rd=1&s=digital-skills&sr=1-4624"}