{"My 90-Year Calendar": "https://www.amazon.com/Simon-Kingaby-My-90-Year-Calendar/dp/B08LG6XWT8/ref=sr_1_449?brr=1&dchild=1&qid=1634420758&rd=1&s=digital-skills&sr=1-449", "Fun Facts of Mexico": "https://www.amazon.com/SkillsDev-Fun-Facts-of-Mexico/dp/B07DYTK431/ref=sr_1_450?brr=1&dchild=1&qid=1634420758&rd=1&s=digital-skills&sr=1-450", "Kid Chef": "https://www.amazon.com/Lello-Kid-Chef/dp/B07JHD1MHR/ref=sr_1_451?brr=1&dchild=1&qid=1634420758&rd=1&s=digital-skills&sr=1-451", "No Way That's True": "https://www.amazon.com/Nickelodeon-No-Way-Thats-True/dp/B079Q4DPBR/ref=sr_1_452?brr=1&dchild=1&qid=1634420758&rd=1&s=digital-skills&sr=1-452", "Animal Sounds": "https://www.amazon.com/Steven-Foyston-Animal-Sounds/dp/B09DCZ724D/ref=sr_1_453?brr=1&dchild=1&qid=1634420758&rd=1&s=digital-skills&sr=1-453", "The Daily Prophet": "https://www.amazon.com/Drew-Cosgrove-The-Daily-Prophet/dp/B07DGV9LXC/ref=sr_1_454?brr=1&dchild=1&qid=1634420758&rd=1&s=digital-skills&sr=1-454", "Campfire Ocean Waves": "https://www.amazon.com/Axantic-Campfire-Ocean-Waves/dp/B09HRP1DBQ/ref=sr_1_455?brr=1&dchild=1&qid=1634420758&rd=1&s=digital-skills&sr=1-455", "TMNT Facts": "https://www.amazon.com/Timothy-Shiner-TMNT-Facts/dp/B0735BT2P3/ref=sr_1_456?brr=1&dchild=1&qid=1634420758&rd=1&s=digital-skills&sr=1-456", "Feel The Pressure": "https://www.amazon.com/Drew-Cosgrove-Feel-The-Pressure/dp/B073TJZ9XS/ref=sr_1_457?brr=1&dchild=1&qid=1634420758&rd=1&s=digital-skills&sr=1-457", "Peppa Pig Quiz": "https://www.amazon.com/Knownentity-Consulting-Limited-Peppa-Quiz/dp/B089CSMPJF/ref=sr_1_458?brr=1&dchild=1&qid=1634420758&rd=1&s=digital-skills&sr=1-458", "Memory game": "https://www.amazon.com/Taslim-Memory-game/dp/B07K8NC4X8/ref=sr_1_459?brr=1&dchild=1&qid=1634420758&rd=1&s=digital-skills&sr=1-459", "The SpongeBob Challenge": "https://www.amazon.com/Nickelodeon-The-SpongeBob-Challenge/dp/B073X5CZLD/ref=sr_1_460?brr=1&dchild=1&qid=1634420758&rd=1&s=digital-skills&sr=1-460", "Space sound": "https://www.amazon.com/Smart-Skills-Space-sound/dp/B086QQ2VSF/ref=sr_1_461?brr=1&dchild=1&qid=1634420758&rd=1&s=digital-skills&sr=1-461", "Escape Jurassic Island": "https://www.amazon.com/Nate-Munk-Escape-Jurassic-Island/dp/B074CQW8H4/ref=sr_1_462?brr=1&dchild=1&qid=1634420758&rd=1&s=digital-skills&sr=1-462", "Home roulette": "https://www.amazon.com/Splitfirex-Home-roulette/dp/B07ZFBPYZV/ref=sr_1_463?brr=1&dchild=1&qid=1634420758&rd=1&s=digital-skills&sr=1-463", "Play Time Ideas": "https://www.amazon.com/BB-Labs-Play-Time-Ideas/dp/B07BPM6CN9/ref=sr_1_464?brr=1&dchild=1&qid=1634420758&rd=1&s=digital-skills&sr=1-464"}