{"Big Oly": "https://www.amazon.com/7-Mountains-Creative-Big-Oly/dp/B087WWWM3Q/ref=sr_1_4625?brr=1&dchild=1&qid=1634421500&rd=1&s=digital-skills&sr=1-4625", "Whose Turn": "https://www.amazon.com/Aidyn-Whose-Turn/dp/B087WPKLVW/ref=sr_1_4626?brr=1&dchild=1&qid=1634421500&rd=1&s=digital-skills&sr=1-4626", "Rap Inspiration": "https://www.amazon.com/Groves-Technology-Rap-Inspiration/dp/B087WH6YBC/ref=sr_1_4627?brr=1&dchild=1&qid=1634421500&rd=1&s=digital-skills&sr=1-4627", "Milky Mocha - A Couple's Game": "https://www.amazon.com/Milky-Mocha-A-Couples-Game/dp/B087W13Q51/ref=sr_1_4628?brr=1&dchild=1&qid=1634421500&rd=1&s=digital-skills&sr=1-4628", "Learning colors": "https://www.amazon.com/Voice-Lab-Deluxe-Learning-colors/dp/B087V4H2NJ/ref=sr_1_4629?brr=1&dchild=1&qid=1634421500&rd=1&s=digital-skills&sr=1-4629", "Epic Truth or Dare": "https://www.amazon.com/SVCE-Epic-Truth-or-Dare/dp/B087TVN2FX/ref=sr_1_4630?brr=1&dchild=1&qid=1634421500&rd=1&s=digital-skills&sr=1-4630", "Aptitude and Reasoning": "https://www.amazon.com/Prashant-Lodhi-Aptitude-and-Reasoning/dp/B087T2J79X/ref=sr_1_4631?brr=1&dchild=1&qid=1634421500&rd=1&s=digital-skills&sr=1-4631", "Film Buff Quiz": "https://www.amazon.com/Matt-Skevington-Film-Buff-Quiz/dp/B087SS84J8/ref=sr_1_4632?brr=1&dchild=1&qid=1634421500&rd=1&s=digital-skills&sr=1-4632", "Raven Statements": "https://www.amazon.com/cryptofreq-Raven-Statements/dp/B087RPYQMR/ref=sr_1_4633?brr=1&dchild=1&qid=1634421500&rd=1&s=digital-skills&sr=1-4633", "Hindi phrases": "https://www.amazon.com/berozgaar-patrakaar-Hindi-phrases/dp/B087RM2XGK/ref=sr_1_4634?brr=1&dchild=1&qid=1634421500&rd=1&s=digital-skills&sr=1-4634", "Warsaken: Volkov's Escape": "https://www.amazon.com/Legion-of-War-Volkovs-Escape/dp/B087R9QS9X/ref=sr_1_4635?brr=1&dchild=1&qid=1634421500&rd=1&s=digital-skills&sr=1-4635", "Christmas Guitar": "https://www.amazon.com/Nickopanther-Christmas-Guitar/dp/B087R641LM/ref=sr_1_4636?brr=1&dchild=1&qid=1634421500&rd=1&s=digital-skills&sr=1-4636", "Hold up": "https://www.amazon.com/Dad-Hold-up/dp/B087QY3ZBC/ref=sr_1_4637?brr=1&dchild=1&qid=1634421500&rd=1&s=digital-skills&sr=1-4637", "Bogeyman retires": "https://www.amazon.com/VayuVaidya-Dr-Bheemaiah-Anil-Kumar/dp/B087QS8WL7/ref=sr_1_4638?brr=1&dchild=1&qid=1634421500&rd=1&s=digital-skills&sr=1-4638", "Rock Paper Scissor": "https://www.amazon.com/ShrushtiJagtap-Rock-Paper-Scissor/dp/B087QMHFZP/ref=sr_1_4639?brr=1&dchild=1&qid=1634421500&rd=1&s=digital-skills&sr=1-4639", "Spelling Quiz": "https://www.amazon.com/MSIM-Consulting-Spelling-Quiz/dp/B087QHY928/ref=sr_1_4640?brr=1&dchild=1&qid=1634421500&rd=1&s=digital-skills&sr=1-4640"}