{"Whose Turn is it to...": "https://www.amazon.com/Whose-Turn-is-it-to/dp/B087QCLPXG/ref=sr_1_4641?brr=1&dchild=1&qid=1634421503&rd=1&s=digital-skills&sr=1-4641", "Loremaster Trivia: Elder Scrolls": "https://www.amazon.com/Aaron-Medacco-Loremaster-Trivia-Scrolls/dp/B087QBDT3N/ref=sr_1_4642?brr=1&dchild=1&qid=1634421503&rd=1&s=digital-skills&sr=1-4642", "Whose Turn": "https://www.amazon.com/Aleksandar-Whose-Turn/dp/B087Q54P1T/ref=sr_1_4645?brr=1&dchild=1&qid=1634421503&rd=1&s=digital-skills&sr=1-4645", "Scramble": "https://www.amazon.com/MSIM-Consulting-Scramble/dp/B087Q5QCCP/ref=sr_1_4644?brr=1&dchild=1&qid=1634421503&rd=1&s=digital-skills&sr=1-4644", "Cool Facts Trivia": "https://www.amazon.com/Muskan-Chawla-Cool-Facts-Trivia/dp/B087Q51BH5/ref=sr_1_4646?brr=1&dchild=1&qid=1634421503&rd=1&s=digital-skills&sr=1-4646", "Answer Genius": "https://www.amazon.com/Nik-Answer-Genius/dp/B087Q2YBKX/ref=sr_1_4647?brr=1&dchild=1&qid=1634421503&rd=1&s=digital-skills&sr=1-4647", "Family Game Show": "https://www.amazon.com/LOL-Universe-Family-Game-Show/dp/B087Q29V9K/ref=sr_1_4648?brr=1&dchild=1&qid=1634421503&rd=1&s=digital-skills&sr=1-4648", "Personal Trainer": "https://www.amazon.com/Nik-Personal-Trainer/dp/B087Q1YQ11/ref=sr_1_4649?brr=1&dchild=1&qid=1634421503&rd=1&s=digital-skills&sr=1-4649", "Sikh History Quiz": "https://www.amazon.com/Manroop-and-Akaal-Khabra-History/dp/B087PZCFV6/ref=sr_1_4650?brr=1&dchild=1&qid=1634421503&rd=1&s=digital-skills&sr=1-4650", "Cake Walk": "https://www.amazon.com/Student-Cake-Walk/dp/B087PR8PW9/ref=sr_1_4651?brr=1&dchild=1&qid=1634421503&rd=1&s=digital-skills&sr=1-4651", "graduation day": "https://www.amazon.com/University-of-Houston-graduation-day/dp/B087PN922H/ref=sr_1_4652?brr=1&dchild=1&qid=1634421503&rd=1&s=digital-skills&sr=1-4652", "Reddit Quotes": "https://www.amazon.com/VWAP-Reddit-Quotes/dp/B087PGJ8DZ/ref=sr_1_4653?brr=1&dchild=1&qid=1634421503&rd=1&s=digital-skills&sr=1-4653", "Who's next": "https://www.amazon.com/Cheryl-Whos-next/dp/B087P9QC39/ref=sr_1_4654?brr=1&dchild=1&qid=1634421503&rd=1&s=digital-skills&sr=1-4654", "stone paper scissor": "https://www.amazon.com/nikhil-kumar-stone-paper-scissor/dp/B087P8GMXR/ref=sr_1_4655?brr=1&dchild=1&qid=1634421503&rd=1&s=digital-skills&sr=1-4655", "Today's Advice": "https://www.amazon.com/Harish-Kotra-Todays-Advice/dp/B087N2V38K/ref=sr_1_4656?brr=1&dchild=1&qid=1634421503&rd=1&s=digital-skills&sr=1-4656"}