{"Die Roller": "https://www.amazon.com/Die-Roller/dp/B08718485T/ref=sr_1_4753?brr=1&dchild=1&qid=1634421523&rd=1&s=digital-skills&sr=1-4753", "Whose Turn": "https://www.amazon.com/Austin-Whose-Turn/dp/B086ZGJ631/ref=sr_1_4757?brr=1&dchild=1&qid=1634421523&rd=1&s=digital-skills&sr=1-4757", "Cake Walk - Thiago": "https://www.amazon.com/Ilegra-Cake-Walk-Thiago/dp/B086ZYLD3G/ref=sr_1_4755?brr=1&dchild=1&qid=1634421523&rd=1&s=digital-skills&sr=1-4755", "Haiku Now": "https://www.amazon.com/SpeakUX-Haiku-Now/dp/B086ZS6JDM/ref=sr_1_4756?brr=1&dchild=1&qid=1634421523&rd=1&s=digital-skills&sr=1-4756", "Caldwell King of Shade": "https://www.amazon.com/Brian-Andrews-Caldwell-King-Shade/dp/B086Z1DNGB/ref=sr_1_4758?brr=1&dchild=1&qid=1634421523&rd=1&s=digital-skills&sr=1-4758", "Bella Ciao": "https://www.amazon.com/Tanbir-Bella-Ciao/dp/B086YY3G35/ref=sr_1_4759?brr=1&dchild=1&qid=1634421523&rd=1&s=digital-skills&sr=1-4759", "Who picks movie": "https://www.amazon.com/Lauren-Who-picks-movie/dp/B086YXH328/ref=sr_1_4760?brr=1&dchild=1&qid=1634421523&rd=1&s=digital-skills&sr=1-4760", "Rainy Day Fun": "https://www.amazon.com/Jack-fitch-Rainy-Day-Fun/dp/B086YW9GK6/ref=sr_1_4761?brr=1&dchild=1&qid=1634421523&rd=1&s=digital-skills&sr=1-4761", "Natalie's Birthday Trivia": "https://www.amazon.com/Natalie-Altieri-Natalies-Birthday-Trivia/dp/B086YVWLW7/ref=sr_1_4762?brr=1&dchild=1&qid=1634421523&rd=1&s=digital-skills&sr=1-4762", "Two Up": "https://www.amazon.com/AvaCraic-Apps-Two-Up/dp/B086YQ4H6W/ref=sr_1_4763?brr=1&dchild=1&qid=1634421523&rd=1&s=digital-skills&sr=1-4763", "Mommy balloon": "https://www.amazon.com/Natalie-Altieri-Mommy-balloon/dp/B086YM1QN6/ref=sr_1_4764?brr=1&dchild=1&qid=1634421523&rd=1&s=digital-skills&sr=1-4764", "Trap Trivia": "https://www.amazon.com/Blerd-BIOS-LLC-Trap-Trivia/dp/B086YFRSML/ref=sr_1_4765?brr=1&dchild=1&qid=1634421523&rd=1&s=digital-skills&sr=1-4765", "Smarter Than Kara": "https://www.amazon.com/B98-5-Atlanta-Smarter-Than-Kara/dp/B086YDQ7HD/ref=sr_1_4766?brr=1&dchild=1&qid=1634421523&rd=1&s=digital-skills&sr=1-4766", "Should I": "https://www.amazon.com/Teneezee-Boyah-Should-I/dp/B086Y62G1X/ref=sr_1_4767?brr=1&dchild=1&qid=1634421523&rd=1&s=digital-skills&sr=1-4767", "Brand generic medication flashcards": "https://www.amazon.com/Jeff-Hyland-PharmD-BCPS-medication/dp/B086X4FHM9/ref=sr_1_4768?brr=1&dchild=1&qid=1634421523&rd=1&s=digital-skills&sr=1-4768"}