{"Brown noise": "https://www.amazon.com/Smart-Skills-Brown-noise/dp/B087C4M19G/ref=sr_1_33?brr=1&dchild=1&qid=1634420685&rd=1&s=digital-skills&sr=1-33", "Starfinder": "https://www.amazon.com/Paizo-Alexa-Games-Starfinder/dp/B082SZRSRJ/ref=sr_1_34?brr=1&dchild=1&qid=1634420685&rd=1&s=digital-skills&sr=1-34", "Song Quiz Mega": "https://www.amazon.com/Benjamin-Reinberg-Song-Quiz-Mega/dp/B093RDN13B/ref=sr_1_35?brr=1&dchild=1&qid=1634420685&rd=1&s=digital-skills&sr=1-35", "Fish Tank for Echo Show": "https://www.amazon.com/VoiceCities-Pty-Ltd-Fish-Screensaver/dp/B073WDMTXR/ref=sr_1_36?brr=1&dchild=1&qid=1634420685&rd=1&s=digital-skills&sr=1-36", "Light Rhapsody": "https://www.amazon.com/Gemmy-Industries-Light-Rhapsody/dp/B077NPRW53/ref=sr_1_37?brr=1&dchild=1&qid=1634420685&rd=1&s=digital-skills&sr=1-37", "Fortnite Shop": "https://www.amazon.com/Joseph-Bywater-Fortnite-Shop/dp/B07CRG8KC3/ref=sr_1_38?brr=1&dchild=1&qid=1634420685&rd=1&s=digital-skills&sr=1-38", "The Jedi Holocron": "https://www.amazon.com/VIAI-LLC-The-Jedi-Holocron/dp/B073RS7V87/ref=sr_1_39?brr=1&dchild=1&qid=1634420685&rd=1&s=digital-skills&sr=1-39", "Unofficial Elite Dangerous Ship AI": "https://www.amazon.com/Unofficial-Elite-Dangerous-Ship-AI/dp/B01NA9AJES/ref=sr_1_40?brr=1&dchild=1&qid=1634420685&rd=1&s=digital-skills&sr=1-40", "Pikachu Talk": "https://www.amazon.com/The-Pokemon-Company-Pikachu-Talk/dp/B074X8X6RL/ref=sr_1_41?brr=1&dchild=1&qid=1634420685&rd=1&s=digital-skills&sr=1-41", "Unofficial PJ Masks Facts": "https://www.amazon.com/DAGNabit-Unofficial-PJ-Masks-Facts/dp/B07JNH38GS/ref=sr_1_42?brr=1&dchild=1&qid=1634420685&rd=1&s=digital-skills&sr=1-42", "Hypixel Skywars Simulator": "https://www.amazon.com/yggiz-Hypixel-Skywars-Simulator/dp/B0794K6S7M/ref=sr_1_43?brr=1&dchild=1&qid=1634420685&rd=1&s=digital-skills&sr=1-43", "Unofficial's Apple Music Top 10 Metal Songs": "https://www.amazon.com/Unofficials-Apple-Music-Metal-Songs/dp/B07N95BBD4/ref=sr_1_44?brr=1&dchild=1&qid=1634420685&rd=1&s=digital-skills&sr=1-44", "Star Wars Quotes": "https://www.amazon.com/Nolan-Flynn-Star-Wars-Quotes/dp/B0732PG26B/ref=sr_1_45?brr=1&dchild=1&qid=1634420685&rd=1&s=digital-skills&sr=1-45", "My Ghost for Destiny 2": "https://www.amazon.com/My-Ghost-for-Destiny-2/dp/B07HDZNQL6/ref=sr_1_46?brr=1&dchild=1&qid=1634420685&rd=1&s=digital-skills&sr=1-46", "Animal Game": "https://www.amazon.com/Azalea-Labs-Animal-Game/dp/B017OBYNZU/ref=sr_1_47?brr=1&dchild=1&qid=1634420685&rd=1&s=digital-skills&sr=1-47", "Fortnite Voice": "https://www.amazon.com/Dan-ms-Fortnite-Voice/dp/B07BX9N343/ref=sr_1_48?brr=1&dchild=1&qid=1634420685&rd=1&s=digital-skills&sr=1-48"}