{"Roll The Dice": "https://www.amazon.com/Ginos-Pal-Roll-The-Dice/dp/B086VK927Y/ref=sr_1_4785?brr=1&dchild=1&qid=1634421528&rd=1&s=digital-skills&sr=1-4785", "Darkness Falls": "https://www.amazon.com/KM-Auls-Books-Darkness-Falls/dp/B086VHSFD1/ref=sr_1_4786?brr=1&dchild=1&qid=1634421528&rd=1&s=digital-skills&sr=1-4786", "WHPR 88.1 FM DETROIT": "https://www.amazon.com/Code-Essential-WHPR-88-1-DETROIT/dp/B086VGMY97/ref=sr_1_4787?brr=1&dchild=1&qid=1634421528&rd=1&s=digital-skills&sr=1-4787", "Ramayan Quiz": "https://www.amazon.com/Nitin-Thakur-Ramayan-Quiz/dp/B086V5BHV9/ref=sr_1_4788?brr=1&dchild=1&qid=1634421528&rd=1&s=digital-skills&sr=1-4788", "Who's Turn": "https://www.amazon.com/BeastCoastSkills-Whos-Turn/dp/B086TRS38H/ref=sr_1_4789?brr=1&dchild=1&qid=1634421528&rd=1&s=digital-skills&sr=1-4789", "Random Picker": "https://www.amazon.com/Carissa-Rain-Random-Picker/dp/B086T78968/ref=sr_1_4790?brr=1&dchild=1&qid=1634421528&rd=1&s=digital-skills&sr=1-4790", "Plane sound": "https://www.amazon.com/Smart-Skills-Plane-sound/dp/B086T2462G/ref=sr_1_4791?brr=1&dchild=1&qid=1634421528&rd=1&s=digital-skills&sr=1-4791", "Sound of rain on the forest": "https://www.amazon.com/Smart-Skills-Sound-rain-forest/dp/B086SZXHKS/ref=sr_1_4792?brr=1&dchild=1&qid=1634421528&rd=1&s=digital-skills&sr=1-4792", "Glade sound": "https://www.amazon.com/Smart-Skills-Glade-sound/dp/B086SY2XK3/ref=sr_1_4793?brr=1&dchild=1&qid=1634421528&rd=1&s=digital-skills&sr=1-4793", "Facts of Fun": "https://www.amazon.com/Student-Facts-of-Fun/dp/B086SW5TPZ/ref=sr_1_4794?brr=1&dchild=1&qid=1634421528&rd=1&s=digital-skills&sr=1-4794", "Mango or Papaya": "https://www.amazon.com/Alexa-Blueprints-User-Mango-Papaya/dp/B086SVZR8G/ref=sr_1_4795?brr=1&dchild=1&qid=1634421528&rd=1&s=digital-skills&sr=1-4795", "Movie Speech": "https://www.amazon.com/Elena-Movie-Speech/dp/B086SVXZ4L/ref=sr_1_4796?brr=1&dchild=1&qid=1634421528&rd=1&s=digital-skills&sr=1-4796", "Rain sound": "https://www.amazon.com/Smart-Skills-Rain-sound/dp/B086STNZDG/ref=sr_1_4797?brr=1&dchild=1&qid=1634421528&rd=1&s=digital-skills&sr=1-4797", "100 Space Facts": "https://www.amazon.com/Harish-Kotra-100-Space-Facts/dp/B086SSNRMK/ref=sr_1_4798?brr=1&dchild=1&qid=1634421528&rd=1&s=digital-skills&sr=1-4798", "Wizarding World Book Quiz": "https://www.amazon.com/Pottermore-Publishing-Wizarding-World-Book/dp/B086SRFPJ6/ref=sr_1_4799?brr=1&dchild=1&qid=1634421528&rd=1&s=digital-skills&sr=1-4799", "Fun Food Facts": "https://www.amazon.com/Harish-Kotra-Fun-Food-Facts/dp/B086SR38G4/ref=sr_1_4800?brr=1&dchild=1&qid=1634421528&rd=1&s=digital-skills&sr=1-4800"}