{"What's The Matter: The Solid, Liquid, & Gas Game": "https://www.amazon.com/Whats-Matter-Solid-Liquid-Game/dp/B086SQGF8P/ref=sr_1_4801?brr=1&dchild=1&qid=1634421531&rd=1&s=digital-skills&sr=1-4801", "Quiz Game - Play. Win. Grow.": "https://www.amazon.com/Alyment-quiz-game/dp/B086SPVHCN/ref=sr_1_4802?brr=1&dchild=1&qid=1634421531&rd=1&s=digital-skills&sr=1-4802", "World Organizations Quiz": "https://www.amazon.com/akskills-com-World-Organizations-Quiz/dp/B086SNYCV2/ref=sr_1_4803?brr=1&dchild=1&qid=1634421531&rd=1&s=digital-skills&sr=1-4803", "Purge Countdown": "https://www.amazon.com/Galaxy-H-Technologies-Purge-Countdown/dp/B086SNGYSF/ref=sr_1_4804?brr=1&dchild=1&qid=1634421531&rd=1&s=digital-skills&sr=1-4804", "random trivia blast": "https://www.amazon.com/Timothy-Clark-random-trivia-blast/dp/B086SGXW7G/ref=sr_1_4805?brr=1&dchild=1&qid=1634421531&rd=1&s=digital-skills&sr=1-4805", "Don't woof": "https://www.amazon.com/Martin-Baka%C4%8D-Dont-woof/dp/B086SFY5XT/ref=sr_1_4806?brr=1&dchild=1&qid=1634421531&rd=1&s=digital-skills&sr=1-4806", "Fridge sound": "https://www.amazon.com/Smart-Skills-Fridge-sound/dp/B086S7ZMPT/ref=sr_1_4807?brr=1&dchild=1&qid=1634421531&rd=1&s=digital-skills&sr=1-4807", "World Inventions Quiz": "https://www.amazon.com/vikas-World-Inventions-Quiz/dp/B086S7VX9G/ref=sr_1_4808?brr=1&dchild=1&qid=1634421531&rd=1&s=digital-skills&sr=1-4808", "Whos turn": "https://www.amazon.com/Iax-Whos-turn/dp/B086S7N9SY/ref=sr_1_4809?brr=1&dchild=1&qid=1634421531&rd=1&s=digital-skills&sr=1-4809", "bible bowl": "https://www.amazon.com/Timothy-Clark-bible-bowl/dp/B086S3MH1R/ref=sr_1_4810?brr=1&dchild=1&qid=1634421531&rd=1&s=digital-skills&sr=1-4810", "Battle Ludo": "https://www.amazon.com/Voxogenic-Battle-Ludo/dp/B086RNS9FX/ref=sr_1_4811?brr=1&dchild=1&qid=1634421531&rd=1&s=digital-skills&sr=1-4811", "Reality time": "https://www.amazon.com/WICKED-Reality-time/dp/B086RLLP6M/ref=sr_1_4812?brr=1&dchild=1&qid=1634421531&rd=1&s=digital-skills&sr=1-4812", "HITS 1 RADIO": "https://www.amazon.com/247-Music-Group-Ltd-RADIO/dp/B086RHZJWH/ref=sr_1_4813?brr=1&dchild=1&qid=1634421531&rd=1&s=digital-skills&sr=1-4813", "Cake Walk": "https://www.amazon.com/University-of-Houston-Cake-Walk/dp/B086RGXQL3/ref=sr_1_4814?brr=1&dchild=1&qid=1634421531&rd=1&s=digital-skills&sr=1-4814", "Haiku Reader": "https://www.amazon.com/Hannah-Buchholz-Haiku-Reader/dp/B086RFFHWW/ref=sr_1_4815?brr=1&dchild=1&qid=1634421531&rd=1&s=digital-skills&sr=1-4815", "Useless Facts": "https://www.amazon.com/Appstack-Useless-Facts/dp/B086R9NYWC/ref=sr_1_4816?brr=1&dchild=1&qid=1634421531&rd=1&s=digital-skills&sr=1-4816"}