{"Sound of rain on the roof": "https://www.amazon.com/Smart-Skills-Sound-rain-roof/dp/B086QW1K55/ref=sr_1_4833?brr=1&dchild=1&qid=1634421537&rd=1&s=digital-skills&sr=1-4833", "Sound of rain on the tent": "https://www.amazon.com/Smart-Skills-Sound-rain-tent/dp/B086QVTYLH/ref=sr_1_4834?brr=1&dchild=1&qid=1634421537&rd=1&s=digital-skills&sr=1-4834", "Quiz It": "https://www.amazon.com/Shubham-Quiz-It/dp/B086QTW16X/ref=sr_1_4835?brr=1&dchild=1&qid=1634421537&rd=1&s=digital-skills&sr=1-4835", "Sound of the spacecraft": "https://www.amazon.com/Smart-Skills-Sound-the-spacecraft/dp/B086QTSCJ7/ref=sr_1_4836?brr=1&dchild=1&qid=1634421537&rd=1&s=digital-skills&sr=1-4836", "Grand National Quiz": "https://www.amazon.com/Spoke-Technology-Grand-National-Quiz/dp/B086QTNY9D/ref=sr_1_4837?brr=1&dchild=1&qid=1634421537&rd=1&s=digital-skills&sr=1-4837", "Bus sound": "https://www.amazon.com/Smart-Skills-Bus-sound/dp/B086QTGWZV/ref=sr_1_4838?brr=1&dchild=1&qid=1634421537&rd=1&s=digital-skills&sr=1-4838", "Sound of the storm": "https://www.amazon.com/Smart-Skills-Sound-the-storm/dp/B086QT3RDY/ref=sr_1_4839?brr=1&dchild=1&qid=1634421537&rd=1&s=digital-skills&sr=1-4839", "Car sound": "https://www.amazon.com/Smart-Skills-Car-sound/dp/B086QSM9DD/ref=sr_1_4840?brr=1&dchild=1&qid=1634421537&rd=1&s=digital-skills&sr=1-4840", "The Agency": "https://www.amazon.com/Parker-Plourde-The-Agency/dp/B086QSD2NK/ref=sr_1_4841?brr=1&dchild=1&qid=1634421537&rd=1&s=digital-skills&sr=1-4841", "Winter sound": "https://www.amazon.com/Smart-Skills-Winter-sound/dp/B086QRPZZ7/ref=sr_1_4842?brr=1&dchild=1&qid=1634421537&rd=1&s=digital-skills&sr=1-4842", "Light rain sound": "https://www.amazon.com/Smart-Skills-Light-rain-sound/dp/B086QQBFL1/ref=sr_1_4843?brr=1&dchild=1&qid=1634421537&rd=1&s=digital-skills&sr=1-4843", "Family Jokes": "https://www.amazon.com/Skyler-Family-Jokes/dp/B086QLDB52/ref=sr_1_4844?brr=1&dchild=1&qid=1634421537&rd=1&s=digital-skills&sr=1-4844", "Whose Turn": "https://www.amazon.com/Julia-Whose-Turn/dp/B086QLB5N8/ref=sr_1_4845?brr=1&dchild=1&qid=1634421537&rd=1&s=digital-skills&sr=1-4845", "Stretch Turn": "https://www.amazon.com/Stretch-Turn/dp/B086QB17SN/ref=sr_1_4846?brr=1&dchild=1&qid=1634421537&rd=1&s=digital-skills&sr=1-4846", "Fetch Facts": "https://www.amazon.com/Mean-Girls-on-Broadway-Fetch/dp/B086Q8BWXQ/ref=sr_1_4847?brr=1&dchild=1&qid=1634421537&rd=1&s=digital-skills&sr=1-4847", "Children Stories": "https://www.amazon.com/cosmic-information-and-Technology-Children/dp/B086PYMC3T/ref=sr_1_4848?brr=1&dchild=1&qid=1634421537&rd=1&s=digital-skills&sr=1-4848"}