{"First Letter": "https://www.amazon.com/Bella-First-Letter/dp/B086PY9DH6/ref=sr_1_4849?brr=1&dchild=1&qid=1634421540&rd=1&s=digital-skills&sr=1-4849", "Lawn sound": "https://www.amazon.com/Smart-Skills-Lawn-sound/dp/B086PXRD8C/ref=sr_1_4850?brr=1&dchild=1&qid=1634421540&rd=1&s=digital-skills&sr=1-4850", "Storm sound": "https://www.amazon.com/Smart-Skills-Storm-sound/dp/B086PXQLLZ/ref=sr_1_4851?brr=1&dchild=1&qid=1634421540&rd=1&s=digital-skills&sr=1-4851", "Nature sound": "https://www.amazon.com/Smart-Skills-Nature-sound/dp/B086PX52MR/ref=sr_1_4852?brr=1&dchild=1&qid=1634421540&rd=1&s=digital-skills&sr=1-4852", "Spring sound": "https://www.amazon.com/Smart-Skills-Spring-sound/dp/B086PWQVH9/ref=sr_1_4853?brr=1&dchild=1&qid=1634421540&rd=1&s=digital-skills&sr=1-4853", "Summer sound": "https://www.amazon.com/Smart-Skills-Summer-sound/dp/B086PW4MZD/ref=sr_1_4854?brr=1&dchild=1&qid=1634421540&rd=1&s=digital-skills&sr=1-4854", "Beach sound": "https://www.amazon.com/Smart-Skills-Beach-sound/dp/B086PT1L8G/ref=sr_1_4855?brr=1&dchild=1&qid=1634421540&rd=1&s=digital-skills&sr=1-4855", "Pond sound": "https://www.amazon.com/Smart-Skills-Pond-sound/dp/B086PSXBNF/ref=sr_1_4856?brr=1&dchild=1&qid=1634421540&rd=1&s=digital-skills&sr=1-4856", "Whose Turn": "https://www.amazon.com/Cassie-Whose-Turn/dp/B086PJX41G/ref=sr_1_4857?brr=1&dchild=1&qid=1634421540&rd=1&s=digital-skills&sr=1-4857", "Forest sound": "https://www.amazon.com/Smart-Skills-Forest-sound/dp/B086PJPV35/ref=sr_1_4858?brr=1&dchild=1&qid=1634421540&rd=1&s=digital-skills&sr=1-4858", "Shower sound": "https://www.amazon.com/Smart-Skills-Shower-sound/dp/B086PHKRSR/ref=sr_1_4859?brr=1&dchild=1&qid=1634421540&rd=1&s=digital-skills&sr=1-4859", "Village sound": "https://www.amazon.com/Smart-Skills-Village-sound/dp/B086PG58VR/ref=sr_1_4860?brr=1&dchild=1&qid=1634421540&rd=1&s=digital-skills&sr=1-4860", "Sound of rain on the car": "https://www.amazon.com/Smart-Skills-Sound-rain-car/dp/B086PDWFQ8/ref=sr_1_4861?brr=1&dchild=1&qid=1634421540&rd=1&s=digital-skills&sr=1-4861", "Autumn sound": "https://www.amazon.com/Smart-Skills-Autumn-sound/dp/B086PB86WX/ref=sr_1_4862?brr=1&dchild=1&qid=1634421540&rd=1&s=digital-skills&sr=1-4862", "Movie Night": "https://www.amazon.com/Corey-Suydam-Movie-Night/dp/B086N5H6JF/ref=sr_1_4863?brr=1&dchild=1&qid=1634421540&rd=1&s=digital-skills&sr=1-4863", "A lovely Tale": "https://www.amazon.com/Jack-fitch-A-lovely-Tale/dp/B086N2Z228/ref=sr_1_4864?brr=1&dchild=1&qid=1634421540&rd=1&s=digital-skills&sr=1-4864"}