{"Sparrow sound": "https://www.amazon.com/Smart-Skills-Sparrow-sound/dp/B086MZVPFV/ref=sr_1_4865?brr=1&dchild=1&qid=1634421543&rd=1&s=digital-skills&sr=1-4865", "Hen sound": "https://www.amazon.com/Smart-Skills-Hen-sound/dp/B086MZP1TG/ref=sr_1_4866?brr=1&dchild=1&qid=1634421543&rd=1&s=digital-skills&sr=1-4866", "Invention & Discovery": "https://www.amazon.com/Prashant-Lodhi-Invention-Discovery/dp/B086MZB6PT/ref=sr_1_4867?brr=1&dchild=1&qid=1634421543&rd=1&s=digital-skills&sr=1-4867", "Guinea pig sound": "https://www.amazon.com/Smart-Skills-Guinea-pig-sound/dp/B086MYM53L/ref=sr_1_4868?brr=1&dchild=1&qid=1634421543&rd=1&s=digital-skills&sr=1-4868", "Heavy rain sound": "https://www.amazon.com/Smart-Skills-Heavy-rain-sound/dp/B086MV6RLK/ref=sr_1_4869?brr=1&dchild=1&qid=1634421543&rd=1&s=digital-skills&sr=1-4869", "Park sound": "https://www.amazon.com/Smart-Skills-Park-sound/dp/B086MS3LWD/ref=sr_1_4870?brr=1&dchild=1&qid=1634421543&rd=1&s=digital-skills&sr=1-4870", "Power 883": "https://www.amazon.com/chadbradley-Power-883/dp/B086MNX6PH/ref=sr_1_4871?brr=1&dchild=1&qid=1634421543&rd=1&s=digital-skills&sr=1-4871", "unpopular opinion talk": "https://www.amazon.com/Wisdom-Is-Principal-Apps-unpopular/dp/B086MMD423/ref=sr_1_4872?brr=1&dchild=1&qid=1634421543&rd=1&s=digital-skills&sr=1-4872", "Seagull sound": "https://www.amazon.com/Smart-Skills-Seagull-sound/dp/B086M9QNYX/ref=sr_1_4873?brr=1&dchild=1&qid=1634421543&rd=1&s=digital-skills&sr=1-4873", "Pigeon sound": "https://www.amazon.com/Smart-Skills-Pigeon-sound/dp/B086M71YC5/ref=sr_1_4874?brr=1&dchild=1&qid=1634421543&rd=1&s=digital-skills&sr=1-4874", "Cicada sound": "https://www.amazon.com/Smart-Skills-Cicada-sound/dp/B086L4MQLF/ref=sr_1_4875?brr=1&dchild=1&qid=1634421543&rd=1&s=digital-skills&sr=1-4875", "Frog sound": "https://www.amazon.com/Smart-Skills-Frog-sound/dp/B086L37BW8/ref=sr_1_4876?brr=1&dchild=1&qid=1634421543&rd=1&s=digital-skills&sr=1-4876", "Starting player": "https://www.amazon.com/Bruni-Michele-Starting-player/dp/B086KVLSQL/ref=sr_1_4877?brr=1&dchild=1&qid=1634421543&rd=1&s=digital-skills&sr=1-4877", "Goldblum Facts": "https://www.amazon.com/Manthony-Goldblum-Facts/dp/B086K45S6Y/ref=sr_1_4878?brr=1&dchild=1&qid=1634421543&rd=1&s=digital-skills&sr=1-4878", "Water drop sound": "https://www.amazon.com/Smart-Skills-Water-drop-sound/dp/B086JYCDJQ/ref=sr_1_4879?brr=1&dchild=1&qid=1634421543&rd=1&s=digital-skills&sr=1-4879", "Quiz Champion": "https://www.amazon.com/FDelaplace-Quiz-Champion/dp/B086JXPKYW/ref=sr_1_4880?brr=1&dchild=1&qid=1634421543&rd=1&s=digital-skills&sr=1-4880"}