{"Stay Home": "https://www.amazon.com/jesusmartin-eu-Stay-Home/dp/B08643L6L9/ref=sr_1_4929?brr=1&dchild=1&qid=1634421554&rd=1&s=digital-skills&sr=1-4929", "LOFI BEATS": "https://www.amazon.com/app316-com-LOFI-BEATS/dp/B0863XSBL8/ref=sr_1_4930?brr=1&dchild=1&qid=1634421554&rd=1&s=digital-skills&sr=1-4930", "My Alien Story": "https://www.amazon.com/nirvishek-My-Alien-Story/dp/B0863NWXDY/ref=sr_1_4931?brr=1&dchild=1&qid=1634421554&rd=1&s=digital-skills&sr=1-4931", "Whose Turn": "https://www.amazon.com/Ape-Hangers-LLC-Whose-Turn/dp/B085ZTM4Y8/ref=sr_1_4942?brr=1&dchild=1&qid=1634421554&rd=1&s=digital-skills&sr=1-4942", "The Potter quiz": "https://www.amazon.com/The-Blue-Tiger-Potter-quiz/dp/B0863MYGG1/ref=sr_1_4933?brr=1&dchild=1&qid=1634421554&rd=1&s=digital-skills&sr=1-4933", "Interesting Ostrich Facts": "https://www.amazon.com/Darshita-shah-Interesting-Ostrich-Facts/dp/B08631T4HZ/ref=sr_1_4934?brr=1&dchild=1&qid=1634421554&rd=1&s=digital-skills&sr=1-4934", "Ultimate Anime Quiz": "https://www.amazon.com/Caroline-Ultimate-Anime-Quiz/dp/B08629VQR5/ref=sr_1_4935?brr=1&dchild=1&qid=1634421554&rd=1&s=digital-skills&sr=1-4935", "Fortune Teller": "https://www.amazon.com/Bre-Russell-Fortune-Teller/dp/B08629SYTS/ref=sr_1_4936?brr=1&dchild=1&qid=1634421554&rd=1&s=digital-skills&sr=1-4936", "Beaver County History": "https://www.amazon.com/The-Bearded-Countian-Beaver-History/dp/B08627BK66/ref=sr_1_4937?brr=1&dchild=1&qid=1634421554&rd=1&s=digital-skills&sr=1-4937", "IQ Test": "https://www.amazon.com/Nitin-Thakur-IQ-Test/dp/B08623ZMDF/ref=sr_1_4938?brr=1&dchild=1&qid=1634421554&rd=1&s=digital-skills&sr=1-4938", "sighted guide techniques of shirogame": "https://www.amazon.com/SEKITA-Iwao-%E3%82%AC%E3%82%A4%E3%83%89%E3%83%98%E3%83%AB%E3%83%97%E5%85%A5%E9%96%80/dp/B0861RQMS3/ref=sr_1_4939?brr=1&dchild=1&qid=1634421554&rd=1&s=digital-skills&sr=1-4939", "Bird Investment": "https://www.amazon.com/Birdpop-Bird-Investment/dp/B08619TPWH/ref=sr_1_4941?brr=1&dchild=1&qid=1634421554&rd=1&s=digital-skills&sr=1-4941", "Movie Trivia": "https://www.amazon.com/Mark-Bentivegna-Movie-Trivia/dp/B085ZG9GLP/ref=sr_1_4943?brr=1&dchild=1&qid=1634421554&rd=1&s=digital-skills&sr=1-4943", "History Trivia Challenge": "https://www.amazon.com/Mark-Bentivegna-History-Trivia-Challenge/dp/B085Z8T5C7/ref=sr_1_4944?brr=1&dchild=1&qid=1634421554&rd=1&s=digital-skills&sr=1-4944"}