{"Ticket To Ride": "https://www.amazon.com/Days-of-Wonder-Ticket-Ride/dp/B08178MR5M/ref=sr_1_481?brr=1&dchild=1&qid=1634420764&rd=1&s=digital-skills&sr=1-481", "Minecraft Trivia (Unofficial)": "https://www.amazon.com/Kunal-Malhotra-Trivia-for-Minecraft/dp/B07WN333XF/ref=sr_1_482?brr=1&dchild=1&qid=1634420764&rd=1&s=digital-skills&sr=1-482", "Beat the Intro": "https://www.amazon.com/Musicplode-Media-Ltd-Beat-Intro/dp/B07G4LSLBL/ref=sr_1_483?brr=1&dchild=1&qid=1634420764&rd=1&s=digital-skills&sr=1-483", "Ron Swanson Quotes": "https://www.amazon.com/kweesy-Ron-Swanson-Quotes/dp/B07K3RG593/ref=sr_1_484?brr=1&dchild=1&qid=1634420764&rd=1&s=digital-skills&sr=1-484", "Okay Karen": "https://www.amazon.com/Nickopanther-Okay-Karen/dp/B09F9R89F3/ref=sr_1_485?brr=1&dchild=1&qid=1634420764&rd=1&s=digital-skills&sr=1-485", "Electronic Trivia": "https://www.amazon.com/Todaymillionaires-Inc-Electronic-Trivia/dp/B07G6L4P4R/ref=sr_1_486?brr=1&dchild=1&qid=1634420764&rd=1&s=digital-skills&sr=1-486", "Sherlock Holmes Trivia": "https://www.amazon.com/Derek-Dadian-Smith-Sherlock-Holmes-Trivia/dp/B07689DDYP/ref=sr_1_487?brr=1&dchild=1&qid=1634420764&rd=1&s=digital-skills&sr=1-487", "Trivia Crack": "https://www.amazon.com/Etermax-Trivia-Crack/dp/B07XFNGF8S/ref=sr_1_488?brr=1&dchild=1&qid=1634420764&rd=1&s=digital-skills&sr=1-488", "Guess My Name": "https://www.amazon.com/www-opearlo-com-Guess-My-Name/dp/B07B3H9X5J/ref=sr_1_489?brr=1&dchild=1&qid=1634420764&rd=1&s=digital-skills&sr=1-489", "Space facts": "https://www.amazon.com/Shreya-Biswas-Space-facts/dp/B092LRQFPW/ref=sr_1_490?brr=1&dchild=1&qid=1634420764&rd=1&s=digital-skills&sr=1-490", "Space Game": "https://www.amazon.com/Smart-Skills-Space-Game/dp/B08W8BM16Z/ref=sr_1_491?brr=1&dchild=1&qid=1634420764&rd=1&s=digital-skills&sr=1-491", "United States of America Holidays": "https://www.amazon.com/United-States-of-America-Holidays/dp/B07G73VW2X/ref=sr_1_492?brr=1&dchild=1&qid=1634420764&rd=1&s=digital-skills&sr=1-492", "Shakespearean Insulter": "https://www.amazon.com/Upbeat-Labs-LLC-Shakespearean-Insulter/dp/B01KYMD6SQ/ref=sr_1_493?brr=1&dchild=1&qid=1634420764&rd=1&s=digital-skills&sr=1-493", "Food Facts": "https://www.amazon.com/Warrior-Rock-Games-Food-Facts/dp/B07JH2NB4M/ref=sr_1_494?brr=1&dchild=1&qid=1634420764&rd=1&s=digital-skills&sr=1-494", "Charlie's Heist": "https://www.amazon.com/Inari-Games-Charlies-Heist/dp/B079647KJW/ref=sr_1_495?brr=1&dchild=1&qid=1634420764&rd=1&s=digital-skills&sr=1-495", "Heartbeat Noise Sleep Sounds": "https://www.amazon.com/SamPaul-Skills-Heartbeat-Noise-Sounds/dp/B08X2HM8YR/ref=sr_1_496?brr=1&dchild=1&qid=1634420764&rd=1&s=digital-skills&sr=1-496"}