{"Jurassic Jungle Sounds": "https://www.amazon.com/SamPaul-Skills-Jurassic-Jungle-Sounds/dp/B085PVV722/ref=sr_1_4977?brr=1&dchild=1&qid=1634421563&rd=1&s=digital-skills&sr=1-4977", "G Fuel Randomizer": "https://www.amazon.com/TheTrueDVAMain-G-Fuel-Randomizer/dp/B085PTFRQB/ref=sr_1_4978?brr=1&dchild=1&qid=1634421563&rd=1&s=digital-skills&sr=1-4978", "Holi facts": "https://www.amazon.com/Rentylo-Holi-facts/dp/B085NV6DZK/ref=sr_1_4979?brr=1&dchild=1&qid=1634421563&rd=1&s=digital-skills&sr=1-4979", "Lehrman Dragon Story": "https://www.amazon.com/Susana-Chinchilla-Lehrman-Dragon-Story/dp/B085NLHBY2/ref=sr_1_4980?brr=1&dchild=1&qid=1634421563&rd=1&s=digital-skills&sr=1-4980", "Alphabet Game": "https://www.amazon.com/Luke-Mendrick-Alphabet-Game/dp/B085NJ6HKH/ref=sr_1_4981?brr=1&dchild=1&qid=1634421563&rd=1&s=digital-skills&sr=1-4981", "Poke Type": "https://www.amazon.com/Drew-House-Poke-Type/dp/B085NGPH82/ref=sr_1_4982?brr=1&dchild=1&qid=1634421563&rd=1&s=digital-skills&sr=1-4982", "Pick a starch": "https://www.amazon.com/Tom-Charron-Pick-a-starch/dp/B085MW5YVP/ref=sr_1_4983?brr=1&dchild=1&qid=1634421563&rd=1&s=digital-skills&sr=1-4983", "What is dinner": "https://www.amazon.com/Tom-Charron-What-is-dinner/dp/B085MVQBYN/ref=sr_1_4984?brr=1&dchild=1&qid=1634421563&rd=1&s=digital-skills&sr=1-4984", "Montana State Trivia": "https://www.amazon.com/bigskylady-Montana-State-Trivia/dp/B085M3MXVK/ref=sr_1_4985?brr=1&dchild=1&qid=1634421563&rd=1&s=digital-skills&sr=1-4985", "World Knowledge": "https://www.amazon.com/Yashwant-World-Knowledge/dp/B085LPFY1Q/ref=sr_1_4986?brr=1&dchild=1&qid=1634421563&rd=1&s=digital-skills&sr=1-4986", "Kiss my Score - Predict Soccer scores w/ friends": "https://www.amazon.com/Kiss-Score-Predict-Soccer-friends/dp/B085LK2YJL/ref=sr_1_4987?brr=1&dchild=1&qid=1634421563&rd=1&s=digital-skills&sr=1-4987", "Spirit Animal Quiz": "https://www.amazon.com/norman-Spirit-Animal-Quiz/dp/B085L4NH17/ref=sr_1_4988?brr=1&dchild=1&qid=1634421563&rd=1&s=digital-skills&sr=1-4988", "Whose Turn salas": "https://www.amazon.com/Erv-Whose-Turn-salas/dp/B085HX9F35/ref=sr_1_4989?brr=1&dchild=1&qid=1634421563&rd=1&s=digital-skills&sr=1-4989", "ultimate tech quiz": "https://www.amazon.com/Ajay-Singh-ultimate-tech-quiz/dp/B085HVMMD6/ref=sr_1_4990?brr=1&dchild=1&qid=1634421563&rd=1&s=digital-skills&sr=1-4990", "Spin the bottle": "https://www.amazon.com/Eddie-Adams-Spin-the-bottle/dp/B085HJG4QZ/ref=sr_1_4991?brr=1&dchild=1&qid=1634421563&rd=1&s=digital-skills&sr=1-4991", "Sword and Shield Battle Guide": "https://www.amazon.com/Sword-and-Shield-Battle-Guide/dp/B085HGMQGJ/ref=sr_1_4992?brr=1&dchild=1&qid=1634421563&rd=1&s=digital-skills&sr=1-4992"}