{"Ultimate Tech Quiz": "https://www.amazon.com/Ajay-Singh-Ultimate-Tech-Quiz/dp/B085HG77D5/ref=sr_1_4993?brr=1&dchild=1&qid=1634421566&rd=1&s=digital-skills&sr=1-4993", "Oh! Pet Matcher": "https://www.amazon.com/Yashwant-Oh-Pet-Matcher/dp/B085HB56W9/ref=sr_1_4994?brr=1&dchild=1&qid=1634421566&rd=1&s=digital-skills&sr=1-4994", "Doubles trouble": "https://www.amazon.com/Karen-Doubles-trouble/dp/B085GL7SF9/ref=sr_1_4995?brr=1&dchild=1&qid=1634421566&rd=1&s=digital-skills&sr=1-4995", "Super Real Fortune Teller": "https://www.amazon.com/thirteen23-Super-Real-Fortune-Teller/dp/B085FWZ7YQ/ref=sr_1_4996?brr=1&dchild=1&qid=1634421566&rd=1&s=digital-skills&sr=1-4996", "Telugu Proverb": "https://www.amazon.com/Murali-Telugu-Proverb/dp/B085FT74CM/ref=sr_1_4997?brr=1&dchild=1&qid=1634421566&rd=1&s=digital-skills&sr=1-4997", "Number Teller": "https://www.amazon.com/Opus-Number-Teller/dp/B085F3GB62/ref=sr_1_4998?brr=1&dchild=1&qid=1634421566&rd=1&s=digital-skills&sr=1-4998", "Pok\u00e9-Type": "https://www.amazon.com/codeKurisu-Pok%C3%A9-Type/dp/B085F2DS42/ref=sr_1_4999?brr=1&dchild=1&qid=1634421566&rd=1&s=digital-skills&sr=1-4999", "Chore chart": "https://www.amazon.com/Cindy-scott-Chore-chart/dp/B085DPXJT4/ref=sr_1_5000?brr=1&dchild=1&qid=1634421566&rd=1&s=digital-skills&sr=1-5000", "Horror Movies": "https://www.amazon.com/The-Boogeyman-Horror-Movies/dp/B085DJ8BN8/ref=sr_1_5001?brr=1&dchild=1&qid=1634421566&rd=1&s=digital-skills&sr=1-5001", "The Game Oracle. Who starts?": "https://www.amazon.com/The-Game-Oracle-Who-starts/dp/B085DH4B36/ref=sr_1_5002?brr=1&dchild=1&qid=1634421566&rd=1&s=digital-skills&sr=1-5002", "Who picks ?": "https://www.amazon.com/Codey-Mosley-Who-picks/dp/B085DG5NQC/ref=sr_1_5003?brr=1&dchild=1&qid=1634421566&rd=1&s=digital-skills&sr=1-5003", "Who's That Pokemon (Unofficial)": "https://www.amazon.com/MTTL-Tech-LLC-Pokemon-Unofficial/dp/B085D8G1VR/ref=sr_1_5004?brr=1&dchild=1&qid=1634421566&rd=1&s=digital-skills&sr=1-5004", "Moha Pro": "https://www.amazon.com/Irfan-Moha-Pro/dp/B085CP5FS8/ref=sr_1_5005?brr=1&dchild=1&qid=1634421566&rd=1&s=digital-skills&sr=1-5005", "The Dice Box": "https://www.amazon.com/Travis-Newbry-The-Dice-Box/dp/B085CL5BDB/ref=sr_1_5006?brr=1&dchild=1&qid=1634421566&rd=1&s=digital-skills&sr=1-5006", "housie game": "https://www.amazon.com/none-housie-game/dp/B085CKRTCL/ref=sr_1_5007?brr=1&dchild=1&qid=1634421566&rd=1&s=digital-skills&sr=1-5007", "My Adventure Story": "https://www.amazon.com/Keagan-My-Adventure-Story/dp/B085CDP8SB/ref=sr_1_5008?brr=1&dchild=1&qid=1634421566&rd=1&s=digital-skills&sr=1-5008"}