{"My Zombie Goldfish Quiz": "https://www.amazon.com/Edin-Grimaldo-Zombie-Goldfish-Quiz/dp/B08584J49Y/ref=sr_1_5025?brr=1&dchild=1&qid=1634421571&rd=1&s=digital-skills&sr=1-5025", "Daily Health Updates": "https://www.amazon.com/Pain-Relief-Chiropractic-Health-Updates/dp/B085761LYL/ref=sr_1_5026?brr=1&dchild=1&qid=1634421571&rd=1&s=digital-skills&sr=1-5026", "connexion quiz": "https://www.amazon.com/Macde-connexion-quiz/dp/B0856XQYX1/ref=sr_1_5027?brr=1&dchild=1&qid=1634421571&rd=1&s=digital-skills&sr=1-5027", "Mouse's minion": "https://www.amazon.com/Mouse-Mouses-minion/dp/B0856WZ4BD/ref=sr_1_5028?brr=1&dchild=1&qid=1634421571&rd=1&s=digital-skills&sr=1-5028", "PinochleScoringThree": "https://www.amazon.com/WCS-Echo-Skills-PinochleScoringThree/dp/B0856V5Y7M/ref=sr_1_5029?brr=1&dchild=1&qid=1634421571&rd=1&s=digital-skills&sr=1-5029", "Gacha Pets": "https://www.amazon.com/Digital-Hokum-Gacha-Pets/dp/B0856SJ4TN/ref=sr_1_5030?brr=1&dchild=1&qid=1634421571&rd=1&s=digital-skills&sr=1-5030", "Millionaire Quiz": "https://www.amazon.com/Who-wants-to-be-millionaire/dp/B0855TM99B/ref=sr_1_5031?brr=1&dchild=1&qid=1634421571&rd=1&s=digital-skills&sr=1-5031", "Pick someone": "https://www.amazon.com/P-J-Pick-someone/dp/B0855R5SX6/ref=sr_1_5032?brr=1&dchild=1&qid=1634421571&rd=1&s=digital-skills&sr=1-5032", "Math Magician": "https://www.amazon.com/Jojo-Degenhardt-Math-Magician/dp/B0855GYMKZ/ref=sr_1_5033?brr=1&dchild=1&qid=1634421571&rd=1&s=digital-skills&sr=1-5033", "memory test": "https://www.amazon.com/Sasitorn-memory-test/dp/B0855GGBQ5/ref=sr_1_5034?brr=1&dchild=1&qid=1634421571&rd=1&s=digital-skills&sr=1-5034", "How many people ever lived?": "https://www.amazon.com/How-many-people-ever-lived/dp/B0854LP8XK/ref=sr_1_5035?brr=1&dchild=1&qid=1634421571&rd=1&s=digital-skills&sr=1-5035", "Ultimate Knock Knock Jokes": "https://www.amazon.com/jaimiles23-Ultimate-Knock-Jokes/dp/B0854JXGVZ/ref=sr_1_5036?brr=1&dchild=1&qid=1634421571&rd=1&s=digital-skills&sr=1-5036", "Who's next": "https://www.amazon.com/Saraiah-Williams-Whos-next/dp/B0854CGSPY/ref=sr_1_5037?brr=1&dchild=1&qid=1634421571&rd=1&s=digital-skills&sr=1-5037", "Word Party": "https://www.amazon.com/Awesome-Aariv-Word-Party/dp/B08542N717/ref=sr_1_5038?brr=1&dchild=1&qid=1634421571&rd=1&s=digital-skills&sr=1-5038", "Junior Quiz: Right or Wrong?": "https://www.amazon.com/Junior-Quiz-Right-or-Wrong/dp/B08542DHW8/ref=sr_1_5039?brr=1&dchild=1&qid=1634421571&rd=1&s=digital-skills&sr=1-5039", "Elements dice": "https://www.amazon.com/Ruggero-Goldoni-Elements-dice/dp/B08541F43C/ref=sr_1_5040?brr=1&dchild=1&qid=1634421571&rd=1&s=digital-skills&sr=1-5040"}