{"Naruto Trivia": "https://www.amazon.com/JChro-Naruto-Trivia/dp/B0853F8P28/ref=sr_1_5041?brr=1&dchild=1&qid=1634421574&rd=1&s=digital-skills&sr=1-5041", "Tixtla of my loves": "https://www.amazon.com/ucapistran-Tixtla-of-my-loves/dp/B085386ZCJ/ref=sr_1_5042?brr=1&dchild=1&qid=1634421574&rd=1&s=digital-skills&sr=1-5042", "I'm gonna get lucky": "https://www.amazon.com/Miguel-%C3%81ngel-gonna-get-lucky/dp/B085386VYF/ref=sr_1_5043?brr=1&dchild=1&qid=1634421574&rd=1&s=digital-skills&sr=1-5043", "Days till birthday": "https://www.amazon.com/Matt-meier-Days-till-birthday/dp/B08536NZS1/ref=sr_1_5044?brr=1&dchild=1&qid=1634421574&rd=1&s=digital-skills&sr=1-5044", "Haiku Reader": "https://www.amazon.com/Rachel-Plumb-Haiku-Reader/dp/B085352YM8/ref=sr_1_5045?brr=1&dchild=1&qid=1634421574&rd=1&s=digital-skills&sr=1-5045", "perth family": "https://www.amazon.com/John-Pun-perth-family/dp/B08532WZTH/ref=sr_1_5046?brr=1&dchild=1&qid=1634421574&rd=1&s=digital-skills&sr=1-5046", "Potion Ingredients": "https://www.amazon.com/T-Bok-Potion-Ingredients/dp/B0852YNT9S/ref=sr_1_5047?brr=1&dchild=1&qid=1634421574&rd=1&s=digital-skills&sr=1-5047", "Chosun Trivia": "https://www.amazon.com/Eric-Strehlow-Chosun-Trivia/dp/B0852YK3QD/ref=sr_1_5048?brr=1&dchild=1&qid=1634421574&rd=1&s=digital-skills&sr=1-5048", "No why": "https://www.amazon.com/Elijah-No-why/dp/B0852YBCBJ/ref=sr_1_5049?brr=1&dchild=1&qid=1634421574&rd=1&s=digital-skills&sr=1-5049", "Classic Movies Trivia": "https://www.amazon.com/Kimberly-Classic-Movies-Trivia/dp/B0852Y3L3Q/ref=sr_1_5050?brr=1&dchild=1&qid=1634421574&rd=1&s=digital-skills&sr=1-5050", "truth or Dare": "https://www.amazon.com/i0Exception-truth-or-Dare/dp/B0852WYVQY/ref=sr_1_5051?brr=1&dchild=1&qid=1634421574&rd=1&s=digital-skills&sr=1-5051", "officer needs love": "https://www.amazon.com/Sasitorn-officer-needs-love/dp/B0852RYVT6/ref=sr_1_5052?brr=1&dchild=1&qid=1634421574&rd=1&s=digital-skills&sr=1-5052", "Movie Suggestions": "https://www.amazon.com/Nitin-Thakur-Movie-Suggestions/dp/B085292B9K/ref=sr_1_5053?brr=1&dchild=1&qid=1634421574&rd=1&s=digital-skills&sr=1-5053", "Angelica one": "https://www.amazon.com/Julz-Angelica-one/dp/B08528YHCZ/ref=sr_1_5054?brr=1&dchild=1&qid=1634421574&rd=1&s=digital-skills&sr=1-5054", "Siege Picker": "https://www.amazon.com/Michal-Siege-Picker/dp/B085273QQF/ref=sr_1_5055?brr=1&dchild=1&qid=1634421574&rd=1&s=digital-skills&sr=1-5055", "Whose turn": "https://www.amazon.com/Ricky-ducker-Whose-turn/dp/B08522XQ5W/ref=sr_1_5056?brr=1&dchild=1&qid=1634421574&rd=1&s=digital-skills&sr=1-5056"}