{"Purple Sky": "https://www.amazon.com/Christopher-Holmes-Purple-Sky/dp/B084WZK7F3/ref=sr_1_5073?brr=1&dchild=1&qid=1634421580&rd=1&s=digital-skills&sr=1-5073", "Baloney Factor Quiz": "https://www.amazon.com/JALJM-Software-Baloney-Factor-Quiz/dp/B084WXBVRT/ref=sr_1_5074?brr=1&dchild=1&qid=1634421580&rd=1&s=digital-skills&sr=1-5074", "Pickles in the house!": "https://www.amazon.com/JasonSanders-com-Pickles-in-the-house/dp/B084WVMR4F/ref=sr_1_5075?brr=1&dchild=1&qid=1634421580&rd=1&s=digital-skills&sr=1-5075", "Whose Turn": "https://www.amazon.com/Angela-Barody-Whose-Turn/dp/B084V22K7W/ref=sr_1_5087?brr=1&dchild=1&qid=1634421580&rd=1&s=digital-skills&sr=1-5087", "pack your bag for school": "https://www.amazon.com/pack-your-bag-for-school/dp/B084VRMQPB/ref=sr_1_5077?brr=1&dchild=1&qid=1634421580&rd=1&s=digital-skills&sr=1-5077", "My Solved Bot": "https://www.amazon.com/MinneapolisBoi-My-Solved-Bot/dp/B084VMJFXP/ref=sr_1_5079?brr=1&dchild=1&qid=1634421580&rd=1&s=digital-skills&sr=1-5079", "Riddle Arena": "https://www.amazon.com/Avenir-Games-Limited-Riddle-Arena/dp/B084VM8YQ6/ref=sr_1_5080?brr=1&dchild=1&qid=1634421580&rd=1&s=digital-skills&sr=1-5080", "Bollywood Quiz": "https://www.amazon.com/Inbound-Squares-Bollywood-Quiz/dp/B084VKNKMC/ref=sr_1_5081?brr=1&dchild=1&qid=1634421580&rd=1&s=digital-skills&sr=1-5081", "Games this is": "https://www.amazon.com/Liamexplains_42-Games-this-is/dp/B084VHKMQD/ref=sr_1_5083?brr=1&dchild=1&qid=1634421580&rd=1&s=digital-skills&sr=1-5083", "Dice Spin": "https://www.amazon.com/Jiwoo-Park-Dice-Spin/dp/B084VGGWMX/ref=sr_1_5084?brr=1&dchild=1&qid=1634421580&rd=1&s=digital-skills&sr=1-5084", "Flip A Coin": "https://www.amazon.com/A-J-Wilson-Flip-A-Coin/dp/B084VFX3RQ/ref=sr_1_5085?brr=1&dchild=1&qid=1634421580&rd=1&s=digital-skills&sr=1-5085", "Mumbai facts": "https://www.amazon.com/Rahul-Sharma-Mumbai-facts/dp/B084V3746Q/ref=sr_1_5086?brr=1&dchild=1&qid=1634421580&rd=1&s=digital-skills&sr=1-5086", "Who's next": "https://www.amazon.com/Angela-Barody-Whos-next/dp/B084V1GMSS/ref=sr_1_5088?brr=1&dchild=1&qid=1634421580&rd=1&s=digital-skills&sr=1-5088"}