{"My name Angel": "https://www.amazon.com/LaQwesha-My-name-Angel/dp/B084GZ6T2K/ref=sr_1_5153?brr=1&dchild=1&qid=1634421594&rd=1&s=digital-skills&sr=1-5153", "Pixated Salat": "https://www.amazon.com/pixated-ltd-Pixated-Salat/dp/B084G54RFR/ref=sr_1_5154?brr=1&dchild=1&qid=1634421594&rd=1&s=digital-skills&sr=1-5154", "Daily Facts": "https://www.amazon.com/Mine-Tech-Daily-Facts/dp/B084G4H7L2/ref=sr_1_5155?brr=1&dchild=1&qid=1634421594&rd=1&s=digital-skills&sr=1-5155", "TechAir": "https://www.amazon.com/Techwave-TechAir/dp/B084G1631C/ref=sr_1_5156?brr=1&dchild=1&qid=1634421594&rd=1&s=digital-skills&sr=1-5156", "Climb fall": "https://www.amazon.com/Personal-Climb-fall/dp/B084FYNJRK/ref=sr_1_5157?brr=1&dchild=1&qid=1634421594&rd=1&s=digital-skills&sr=1-5157", "State Plates": "https://www.amazon.com/Z55-Studios-State-Plates/dp/B084FXKV6M/ref=sr_1_5158?brr=1&dchild=1&qid=1634421594&rd=1&s=digital-skills&sr=1-5158", "The Rising Chaos": "https://www.amazon.com/KM-Auls-Books-Rising-Chaos/dp/B084FXDRTF/ref=sr_1_5159?brr=1&dchild=1&qid=1634421594&rd=1&s=digital-skills&sr=1-5159", "Whose Turn": "https://www.amazon.com/Amanda-Whose-Turn/dp/B084FSX114/ref=sr_1_5162?brr=1&dchild=1&qid=1634421594&rd=1&s=digital-skills&sr=1-5162", "Jump Credit Quiz": "https://www.amazon.com/Benjamin-Molin-Jump-Credit-Quiz/dp/B084FTH8HV/ref=sr_1_5161?brr=1&dchild=1&qid=1634421594&rd=1&s=digital-skills&sr=1-5161", "Pub Quiz": "https://www.amazon.com/HUGO-FM-Pub-Quiz/dp/B084FSSLF5/ref=sr_1_5163?brr=1&dchild=1&qid=1634421594&rd=1&s=digital-skills&sr=1-5163", "Guess the animal": "https://www.amazon.com/none-Guess-the-animal/dp/B084FS9VX4/ref=sr_1_5164?brr=1&dchild=1&qid=1634421594&rd=1&s=digital-skills&sr=1-5164", "Company Game": "https://www.amazon.com/Wahcomo-Company-Game/dp/B084FM3LWF/ref=sr_1_5165?brr=1&dchild=1&qid=1634421594&rd=1&s=digital-skills&sr=1-5165", "Waste Collection Days": "https://www.amazon.com/swmud-net-Waste-Collection-Days/dp/B084FL1Q2T/ref=sr_1_5166?brr=1&dchild=1&qid=1634421594&rd=1&s=digital-skills&sr=1-5166", "Spelling Bee": "https://www.amazon.com/Soup-Studios-Spelling-Bee/dp/B084FKPF9M/ref=sr_1_5167?brr=1&dchild=1&qid=1634421594&rd=1&s=digital-skills&sr=1-5167", "Blowing that Elephant Trunk baby": "https://www.amazon.com/Blowing-that-Elephant-Trunk-baby/dp/B084FKLCLJ/ref=sr_1_5168?brr=1&dchild=1&qid=1634421594&rd=1&s=digital-skills&sr=1-5168"}