{"Number Master": "https://www.amazon.com/Devilz-Workshop-Number-Master/dp/B084FJZFK3/ref=sr_1_5169?brr=1&dchild=1&qid=1634421597&rd=1&s=digital-skills&sr=1-5169", "FRIENDS TRIVIA": "https://www.amazon.com/Juhi-Shelar-FRIENDS-TRIVIA/dp/B084FJ7JRR/ref=sr_1_5170?brr=1&dchild=1&qid=1634421597&rd=1&s=digital-skills&sr=1-5170", "True burns": "https://www.amazon.com/ElijahPadilla-the-meme-god-burns/dp/B084FDZCS1/ref=sr_1_5171?brr=1&dchild=1&qid=1634421597&rd=1&s=digital-skills&sr=1-5171", "Amaze me": "https://www.amazon.com/Uday-Singh-Amaze-me/dp/B084FCWT9C/ref=sr_1_5172?brr=1&dchild=1&qid=1634421597&rd=1&s=digital-skills&sr=1-5172", "National Something Day": "https://www.amazon.com/Iguana-ASD-National-Something-Day/dp/B084FC6B8W/ref=sr_1_5173?brr=1&dchild=1&qid=1634421597&rd=1&s=digital-skills&sr=1-5173", "Reds Baseball Trivia": "https://www.amazon.com/DWILSYS-Reds-Baseball-Trivia/dp/B084FBHV26/ref=sr_1_5174?brr=1&dchild=1&qid=1634421597&rd=1&s=digital-skills&sr=1-5174", "Braves Baseball Fan Trivia": "https://www.amazon.com/DWILSYS-Braves-Baseball-Fan-Trivia/dp/B084FBH8ZS/ref=sr_1_5175?brr=1&dchild=1&qid=1634421597&rd=1&s=digital-skills&sr=1-5175", "Twins Fan Trivia": "https://www.amazon.com/DWILSYS-Twins-Fan-Trivia/dp/B084FB7RW5/ref=sr_1_5176?brr=1&dchild=1&qid=1634421597&rd=1&s=digital-skills&sr=1-5176", "Special Day": "https://www.amazon.com/Iguana-ASD-Special-Day/dp/B084F8SGQ6/ref=sr_1_5177?brr=1&dchild=1&qid=1634421597&rd=1&s=digital-skills&sr=1-5177", "The name is...": "https://www.amazon.com/Asanni-The-name-is/dp/B084F8JXX5/ref=sr_1_5178?brr=1&dchild=1&qid=1634421597&rd=1&s=digital-skills&sr=1-5178", "learn math for kids under eight years": "https://www.amazon.com/learn-math-under-eight-years/dp/B084F86BBT/ref=sr_1_5179?brr=1&dchild=1&qid=1634421597&rd=1&s=digital-skills&sr=1-5179", "My Quiz": "https://www.amazon.com/ANIKIT-GROVER-My-Quiz/dp/B084F6FSM5/ref=sr_1_5180?brr=1&dchild=1&qid=1634421597&rd=1&s=digital-skills&sr=1-5180", "Zoo Jumanji": "https://www.amazon.com/Dev-Zoo-Jumanji/dp/B084DVPZG4/ref=sr_1_5181?brr=1&dchild=1&qid=1634421597&rd=1&s=digital-skills&sr=1-5181", "Simba - The Explorer": "https://www.amazon.com/VoyceNest-Simba-The-Explorer/dp/B084DLXPL3/ref=sr_1_5182?brr=1&dchild=1&qid=1634421597&rd=1&s=digital-skills&sr=1-5182", "CO2 Watch": "https://www.amazon.com/Iguana-ASD-CO2-Watch/dp/B084DHMZVM/ref=sr_1_5183?brr=1&dchild=1&qid=1634421597&rd=1&s=digital-skills&sr=1-5183", "Brewers Baseball Trivia": "https://www.amazon.com/DWILSYS-Brewers-Baseball-Trivia/dp/B084DCR7J9/ref=sr_1_5184?brr=1&dchild=1&qid=1634421597&rd=1&s=digital-skills&sr=1-5184"}