{"Last flight of the Icarus": "https://www.amazon.com/Last-flight-of-the-Icarus/dp/B0848F2ZQC/ref=sr_1_5201?brr=1&dchild=1&qid=1634421603&rd=1&s=digital-skills&sr=1-5201", "Boss Baby": "https://www.amazon.com/Universal-Studios-Interactive-Boss-Baby/dp/B0847TWBKW/ref=sr_1_5202?brr=1&dchild=1&qid=1634421603&rd=1&s=digital-skills&sr=1-5202", "Whose Turn": "https://www.amazon.com/Destyne-Whose-Turn/dp/B0846BK4PV/ref=sr_1_5216?brr=1&dchild=1&qid=1634421603&rd=1&s=digital-skills&sr=1-5216", "Sophia day": "https://www.amazon.com/Sophiaekezie-Sophia-day/dp/B0847MP61S/ref=sr_1_5205?brr=1&dchild=1&qid=1634421603&rd=1&s=digital-skills&sr=1-5205", "India State Capitals": "https://www.amazon.com/Safiya-India-State-Capitals/dp/B0847MBG5P/ref=sr_1_5206?brr=1&dchild=1&qid=1634421603&rd=1&s=digital-skills&sr=1-5206", "blizzard facts": "https://www.amazon.com/Abhishek-Khawas-blizzard-facts/dp/B0847M6Y7F/ref=sr_1_5207?brr=1&dchild=1&qid=1634421603&rd=1&s=digital-skills&sr=1-5207", "My Countdown": "https://www.amazon.com/Cason-My-Countdown/dp/B0847FJ9RS/ref=sr_1_5208?brr=1&dchild=1&qid=1634421603&rd=1&s=digital-skills&sr=1-5208", "Who's turn": "https://www.amazon.com/Tara-Whos-turn/dp/B084795CW1/ref=sr_1_5209?brr=1&dchild=1&qid=1634421603&rd=1&s=digital-skills&sr=1-5209", "Connect the Clues": "https://www.amazon.com/BOT-Employee-Connect-the-Clues/dp/B0846Q7PDX/ref=sr_1_5210?brr=1&dchild=1&qid=1634421603&rd=1&s=digital-skills&sr=1-5210", "Hell's Gates": "https://www.amazon.com/Jojunt-McBrunco-Hells-Gates/dp/B0846J6DPK/ref=sr_1_5211?brr=1&dchild=1&qid=1634421603&rd=1&s=digital-skills&sr=1-5211", "where is the i. s. s. located": "https://www.amazon.com/where-i-s-located/dp/B0846H7R2W/ref=sr_1_5212?brr=1&dchild=1&qid=1634421603&rd=1&s=digital-skills&sr=1-5212", "STEP Stibo Systems": "https://www.amazon.com/ICellani-STEP-Stibo-Systems/dp/B0846H3H78/ref=sr_1_5213?brr=1&dchild=1&qid=1634421603&rd=1&s=digital-skills&sr=1-5213", "Physician Assistant (PA) Facts": "https://www.amazon.com/NCCPA-Physician-Assistant-PA-Facts/dp/B0846G5B1Q/ref=sr_1_5214?brr=1&dchild=1&qid=1634421603&rd=1&s=digital-skills&sr=1-5214", "Fair City": "https://www.amazon.com/LTC-Media-Fair-City/dp/B0846FK8RC/ref=sr_1_5215?brr=1&dchild=1&qid=1634421603&rd=1&s=digital-skills&sr=1-5215"}