{"Whose Turn": "https://www.amazon.com/Janiah-Whose-Turn/dp/B08435ZVY6/ref=sr_1_5227?brr=1&dchild=1&qid=1634421606&rd=1&s=digital-skills&sr=1-5227", "Europe Quiz": "https://www.amazon.com/mazeboy77-Europe-Quiz/dp/B0845ZYVJV/ref=sr_1_5219?brr=1&dchild=1&qid=1634421606&rd=1&s=digital-skills&sr=1-5219", "YourSports Test": "https://www.amazon.com/YourSports-Test/dp/B0845WRGWX/ref=sr_1_5220?brr=1&dchild=1&qid=1634421606&rd=1&s=digital-skills&sr=1-5220", "I am Grootu (Unofficial)": "https://www.amazon.com/Hillhouse-IT-Solutions-Ltd-Unofficial/dp/B0845V7Z69/ref=sr_1_5221?brr=1&dchild=1&qid=1634421606&rd=1&s=digital-skills&sr=1-5221", "Oakland A's Trivia": "https://www.amazon.com/DWILSYS-Oakland-As-Trivia/dp/B0844WWSXW/ref=sr_1_5222?brr=1&dchild=1&qid=1634421606&rd=1&s=digital-skills&sr=1-5222", "Random Fact": "https://www.amazon.com/Evan-Random-Fact/dp/B0844KBLYQ/ref=sr_1_5223?brr=1&dchild=1&qid=1634421606&rd=1&s=digital-skills&sr=1-5223", "MY TAROT ONE": "https://www.amazon.com/TZ-TECHNO-MY-TAROT-ONE/dp/B0843RW8T4/ref=sr_1_5224?brr=1&dchild=1&qid=1634421606&rd=1&s=digital-skills&sr=1-5224", "Air Horn": "https://www.amazon.com/Gaggle-Air-Horn/dp/B08437Z3HR/ref=sr_1_5226?brr=1&dchild=1&qid=1634421606&rd=1&s=digital-skills&sr=1-5226", "Real twenty twenty": "https://www.amazon.com/1978-CREATIVE-Real-twenty/dp/B084353FTV/ref=sr_1_5228?brr=1&dchild=1&qid=1634421606&rd=1&s=digital-skills&sr=1-5228", "Perfume yanbal Ideal": "https://www.amazon.com/Yanbal-Perfume-yanbal-Ideal/dp/B0842W2NYH/ref=sr_1_5229?brr=1&dchild=1&qid=1634421606&rd=1&s=digital-skills&sr=1-5229", "Word Slice": "https://www.amazon.com/Seaside-Voice-Apps-Word-Slice/dp/B0842VP1BF/ref=sr_1_5230?brr=1&dchild=1&qid=1634421606&rd=1&s=digital-skills&sr=1-5230", "Fake Quest": "https://www.amazon.com/Faike-Fake-Quest/dp/B0842PLSSR/ref=sr_1_5231?brr=1&dchild=1&qid=1634421606&rd=1&s=digital-skills&sr=1-5231", "Name Those Sounds 1st Edition": "https://www.amazon.com/Name-Those-Sounds-1st-Edition/dp/B0842PKK6V/ref=sr_1_5232?brr=1&dchild=1&qid=1634421606&rd=1&s=digital-skills&sr=1-5232"}