{"President name": "https://www.amazon.com/Tushar-Rawat-President-name/dp/B0842GGBZN/ref=sr_1_5233?brr=1&dchild=1&qid=1634421609&rd=1&s=digital-skills&sr=1-5233", "World Of Tanks Info": "https://www.amazon.com/Indifferent-World-Of-Tanks-Info/dp/B0842DBCTH/ref=sr_1_5234?brr=1&dchild=1&qid=1634421609&rd=1&s=digital-skills&sr=1-5234", "JohnFamilyBuddy": "https://www.amazon.com/SJJ-consulting-JohnFamilyBuddy/dp/B0842B1CZL/ref=sr_1_5235?brr=1&dchild=1&qid=1634421609&rd=1&s=digital-skills&sr=1-5235", "Speak Dog Speak": "https://www.amazon.com/Iguana-ASD-Speak-Dog/dp/B08429H6R9/ref=sr_1_5236?brr=1&dchild=1&qid=1634421609&rd=1&s=digital-skills&sr=1-5236", "My Hex Quiz": "https://www.amazon.com/Antony-Brown-My-Hex-Quiz/dp/B08427WN7K/ref=sr_1_5237?brr=1&dchild=1&qid=1634421609&rd=1&s=digital-skills&sr=1-5237", "Detroit Tigers Baseball Unauthorized Trivia": "https://www.amazon.com/Detroit-Tigers-Baseball-Unauthorized-Trivia/dp/B0841ZDJ63/ref=sr_1_5238?brr=1&dchild=1&qid=1634421609&rd=1&s=digital-skills&sr=1-5238", "Word Taboo": "https://www.amazon.com/Angadveer-Singh-Word-Taboo/dp/B0841YN58Z/ref=sr_1_5239?brr=1&dchild=1&qid=1634421609&rd=1&s=digital-skills&sr=1-5239", "Unlimited Question Solver": "https://www.amazon.com/The-Home-Studio-Unlimited-Question/dp/B0841YJ9GL/ref=sr_1_5240?brr=1&dchild=1&qid=1634421609&rd=1&s=digital-skills&sr=1-5240", "Whose Turn": "https://www.amazon.com/Blueprints-User-MaLisa-Styles-Whose/dp/B0841YBS16/ref=sr_1_5241?brr=1&dchild=1&qid=1634421609&rd=1&s=digital-skills&sr=1-5241", "alpha love": "https://www.amazon.com/kanika-alpha-love/dp/B0841VN6RT/ref=sr_1_5242?brr=1&dchild=1&qid=1634421609&rd=1&s=digital-skills&sr=1-5242", "Happy New Year": "https://www.amazon.com/Nitin-Thakur-Happy-New-Year/dp/B0841NWC45/ref=sr_1_5243?brr=1&dchild=1&qid=1634421609&rd=1&s=digital-skills&sr=1-5243", "Guess State Capitals": "https://www.amazon.com/Rabslei-Guess-State-Capitals/dp/B084179CM4/ref=sr_1_5244?brr=1&dchild=1&qid=1634421609&rd=1&s=digital-skills&sr=1-5244", "my college facts": "https://www.amazon.com/unpaired-sahil-my-college-facts/dp/B083ZWMNTK/ref=sr_1_5245?brr=1&dchild=1&qid=1634421609&rd=1&s=digital-skills&sr=1-5245", "Gumbercules": "https://www.amazon.com/TrueScrub-Gumbercules/dp/B083ZQYX6V/ref=sr_1_5246?brr=1&dchild=1&qid=1634421609&rd=1&s=digital-skills&sr=1-5246", "Not Lighthearted Burns": "https://www.amazon.com/Josiah-Not-Lighthearted-Burns/dp/B083ZQJG4K/ref=sr_1_5247?brr=1&dchild=1&qid=1634421609&rd=1&s=digital-skills&sr=1-5247", "Knowledge check Trivia": "https://www.amazon.com/Sarthak-Knowledge-check-Trivia/dp/B083ZNR6FS/ref=sr_1_5248?brr=1&dchild=1&qid=1634421609&rd=1&s=digital-skills&sr=1-5248"}