{"bangalore facts": "https://www.amazon.com/chandrolharshit-bangalore-facts/dp/B083ZBS15F/ref=sr_1_5249?brr=1&dchild=1&qid=1634421612&rd=1&s=digital-skills&sr=1-5249", "Whose Turn": "https://www.amazon.com/KC-Whose-Turn/dp/B083XP3DN2/ref=sr_1_5255?brr=1&dchild=1&qid=1634421612&rd=1&s=digital-skills&sr=1-5255", "agriculture facts": "https://www.amazon.com/Varnit-Mittal-agriculture-facts/dp/B083Z2Z3YQ/ref=sr_1_5251?brr=1&dchild=1&qid=1634421612&rd=1&s=digital-skills&sr=1-5251", "Zoo Rescue": "https://www.amazon.com/Ved-Prakash-Suman-Zoo-Rescue/dp/B083Z2L322/ref=sr_1_5252?brr=1&dchild=1&qid=1634421612&rd=1&s=digital-skills&sr=1-5252", "Naming Spree!": "https://www.amazon.com/Jeff-Niemann-Naming-Spree/dp/B083YV6ZLQ/ref=sr_1_5253?brr=1&dchild=1&qid=1634421612&rd=1&s=digital-skills&sr=1-5253", "Startup Facts": "https://www.amazon.com/Palle-madhu-Startup-Facts/dp/B083Y15HLX/ref=sr_1_5254?brr=1&dchild=1&qid=1634421612&rd=1&s=digital-skills&sr=1-5254", "HBCU Notes": "https://www.amazon.com/Rapid-Evolve-LLC-HBCU-Notes/dp/B083XMLDXS/ref=sr_1_5256?brr=1&dchild=1&qid=1634421612&rd=1&s=digital-skills&sr=1-5256", "Guess the sound": "https://www.amazon.com/Jacob-Kirsh-Guess-the-sound/dp/B083XDXCK4/ref=sr_1_5257?brr=1&dchild=1&qid=1634421612&rd=1&s=digital-skills&sr=1-5257", "BBB Picker": "https://www.amazon.com/Bhaskar-BBB-Picker/dp/B083XDH3QB/ref=sr_1_5258?brr=1&dchild=1&qid=1634421612&rd=1&s=digital-skills&sr=1-5258", "rock paper scissor": "https://www.amazon.com/ArchieMidha-rock-paper-scissor/dp/B083WPF62N/ref=sr_1_5260?brr=1&dchild=1&qid=1634421612&rd=1&s=digital-skills&sr=1-5260", "My Home Quiz": "https://www.amazon.com/Amit-Test-My-Home-Quiz/dp/B083WNQM1Q/ref=sr_1_5261?brr=1&dchild=1&qid=1634421612&rd=1&s=digital-skills&sr=1-5261", "Vibe Check": "https://www.amazon.com/Cole-Williams-Vibe-Check/dp/B083W5W4FC/ref=sr_1_5262?brr=1&dchild=1&qid=1634421612&rd=1&s=digital-skills&sr=1-5262", "Tiger Hunt": "https://www.amazon.com/Annish-Tiger-Hunt/dp/B083W5J7F5/ref=sr_1_5263?brr=1&dchild=1&qid=1634421612&rd=1&s=digital-skills&sr=1-5263", "super mario trivia": "https://www.amazon.com/Adam-man98-super-mario-trivia/dp/B083W2P3RB/ref=sr_1_5264?brr=1&dchild=1&qid=1634421612&rd=1&s=digital-skills&sr=1-5264"}