{"Bluebeard's Bride - Release Thyself": "https://www.amazon.com/Brooklyn-Indie-Games-Bluebeards-Bride/dp/B089QQYC28/ref=sr_1_513?brr=1&dchild=1&qid=1634420770&rd=1&s=digital-skills&sr=1-513", "Princess Zoey": "https://www.amazon.com/Michelle-VanCampen-Princess-Zoey/dp/B07PM4JWC5/ref=sr_1_514?brr=1&dchild=1&qid=1634420770&rd=1&s=digital-skills&sr=1-514", "The Shotgun game": "https://www.amazon.com/Carrot-Studios-The-Shotgun-game/dp/B077GPD7YC/ref=sr_1_515?brr=1&dchild=1&qid=1634420770&rd=1&s=digital-skills&sr=1-515", "Marvel Movie Trivia": "https://www.amazon.com/Tree-Frog-Labs-Marvel-Trivia/dp/B072JLSFQ1/ref=sr_1_516?brr=1&dchild=1&qid=1634420770&rd=1&s=digital-skills&sr=1-516", "Guild Wars 2 Timetable": "https://www.amazon.com/Gotschi-Guild-Wars-2-Timetable/dp/B07DW4CVPS/ref=sr_1_517?brr=1&dchild=1&qid=1634420770&rd=1&s=digital-skills&sr=1-517", "Chicago Kernel Gourmet Popcorn 151": "https://www.amazon.com/Chicago-Kernel-Gourmet-Popcorn-151/dp/B09G2RFDG6/ref=sr_1_518?brr=1&dchild=1&qid=1634420770&rd=1&s=digital-skills&sr=1-518", "Potter Trivia": "https://www.amazon.com/Somdev-Basu-Potter-Trivia/dp/B07V9PNB6N/ref=sr_1_519?brr=1&dchild=1&qid=1634420770&rd=1&s=digital-skills&sr=1-519", "Return To Sound": "https://www.amazon.com/Super-Tight-Return-To-Sound/dp/B082PJTBP8/ref=sr_1_520?brr=1&dchild=1&qid=1634420770&rd=1&s=digital-skills&sr=1-520", "Escape Games": "https://www.amazon.com/Voice-Apps-LLC-Escape-Games/dp/B07PK1MDQ4/ref=sr_1_521?brr=1&dchild=1&qid=1634420770&rd=1&s=digital-skills&sr=1-521", "Who's next": "https://www.amazon.com/The-green-gang-lawn-care/dp/B09GVWZ4K6/ref=sr_1_522?brr=1&dchild=1&qid=1634420770&rd=1&s=digital-skills&sr=1-522", "The Wayne Investigation": "https://www.amazon.com/Warner-Bros-The-Wayne-Investigation/dp/B01C9AX5VY/ref=sr_1_523?brr=1&dchild=1&qid=1634420770&rd=1&s=digital-skills&sr=1-523", "Whiteboard": "https://www.amazon.com/wesleywillis-Whiteboard/dp/B01HEKBWW8/ref=sr_1_524?brr=1&dchild=1&qid=1634420770&rd=1&s=digital-skills&sr=1-524", "Fortnite dropper": "https://www.amazon.com/Big-Screen-Entertainment-Pty-Ltd/dp/B07GBYPFKC/ref=sr_1_525?brr=1&dchild=1&qid=1634420770&rd=1&s=digital-skills&sr=1-525", "Cat Music": "https://www.amazon.com/F%C3%A8RUE-Cat-Music/dp/B097N66954/ref=sr_1_526?brr=1&dchild=1&qid=1634420770&rd=1&s=digital-skills&sr=1-526", "PremierLeague": "https://www.amazon.com/Wabi-Sabi-Software-PremierLeague/dp/B074S82RWY/ref=sr_1_527?brr=1&dchild=1&qid=1634420770&rd=1&s=digital-skills&sr=1-527", "The Grand Tour Quotes": "https://www.amazon.com/Kathryn-The-Grand-Tour-Quotes/dp/B07B517JVS/ref=sr_1_528?brr=1&dchild=1&qid=1634420770&rd=1&s=digital-skills&sr=1-528"}