{"Quizbowl Reader": "https://www.amazon.com/Tranquility-Tech-Solutions-Quizbowl-Reader/dp/B083VTLXK6/ref=sr_1_5265?brr=1&dchild=1&qid=1634421615&rd=1&s=digital-skills&sr=1-5265", "Guess the Movie Game": "https://www.amazon.com/YO-TV-Inc-Guess-Movie-Game/dp/B083V4P3LL/ref=sr_1_5266?brr=1&dchild=1&qid=1634421615&rd=1&s=digital-skills&sr=1-5266", "Random Picker": "https://www.amazon.com/Allison-Random-Picker/dp/B083TJ8W59/ref=sr_1_5267?brr=1&dchild=1&qid=1634421615&rd=1&s=digital-skills&sr=1-5267", "The Witcher Facts": "https://www.amazon.com/Nitin-Thakur-The-Witcher-Facts/dp/B083TB2PXG/ref=sr_1_5268?brr=1&dchild=1&qid=1634421615&rd=1&s=digital-skills&sr=1-5268", "Whose Turn": "https://www.amazon.com/Nicole-Whose-Turn/dp/B083T872X1/ref=sr_1_5269?brr=1&dchild=1&qid=1634421615&rd=1&s=digital-skills&sr=1-5269", "JumbleCrack!": "https://www.amazon.com/Geekycoders-JumbleCrack/dp/B083SRR2G8/ref=sr_1_5270?brr=1&dchild=1&qid=1634421615&rd=1&s=digital-skills&sr=1-5270", "Plus Number Game": "https://www.amazon.com/Akshay-Plus-Number-Game/dp/B083SN4G7Q/ref=sr_1_5271?brr=1&dchild=1&qid=1634421615&rd=1&s=digital-skills&sr=1-5271", "who did it": "https://www.amazon.com/bigO-who-did-it/dp/B083SKM9MN/ref=sr_1_5272?brr=1&dchild=1&qid=1634421615&rd=1&s=digital-skills&sr=1-5272", "Aimee's Fairy Tale": "https://www.amazon.com/Aimee-Rekoske-Aimees-Fairy-Tale/dp/B083SB83KW/ref=sr_1_5273?brr=1&dchild=1&qid=1634421615&rd=1&s=digital-skills&sr=1-5273", "Evidence act": "https://www.amazon.com/Saurabh-Evidence-act/dp/B083S8KK9D/ref=sr_1_5274?brr=1&dchild=1&qid=1634421615&rd=1&s=digital-skills&sr=1-5274", "Who Turn": "https://www.amazon.com/Kam-Wilson-Who-Turn/dp/B083S7MNKP/ref=sr_1_5275?brr=1&dchild=1&qid=1634421615&rd=1&s=digital-skills&sr=1-5275", "Birthday Trivia": "https://www.amazon.com/Lexi-Birthday-Trivia/dp/B083S54ZKK/ref=sr_1_5276?brr=1&dchild=1&qid=1634421615&rd=1&s=digital-skills&sr=1-5276", "JW Bible Trivia": "https://www.amazon.com/Ramone-Palmer-JW-Bible-Trivia/dp/B083RTDP3R/ref=sr_1_5277?brr=1&dchild=1&qid=1634421615&rd=1&s=digital-skills&sr=1-5277", "Spin Off": "https://www.amazon.com/Bernard-Tyler-and-James-Wells/dp/B083RSZLNN/ref=sr_1_5278?brr=1&dchild=1&qid=1634421615&rd=1&s=digital-skills&sr=1-5278", "Spelling Bee": "https://www.amazon.com/Dark-Dreamy-Bowser-Spelling-Bee/dp/B083RSWMZN/ref=sr_1_5279?brr=1&dchild=1&qid=1634421615&rd=1&s=digital-skills&sr=1-5279", "Toy Select": "https://www.amazon.com/Cam_and_Vyond-Toy-Select/dp/B083RR95B5/ref=sr_1_5280?brr=1&dchild=1&qid=1634421615&rd=1&s=digital-skills&sr=1-5280"}