{"Whose Turn": "https://www.amazon.com/Eli-Whose-Turn/dp/B083PSFZNT/ref=sr_1_5293?brr=1&dchild=1&qid=1634421617&rd=1&s=digital-skills&sr=1-5293", "Greatest quotes ever": "https://www.amazon.com/Matt-the-weatherman-Theeler-Greatest/dp/B083RMR4WM/ref=sr_1_5282?brr=1&dchild=1&qid=1634421617&rd=1&s=digital-skills&sr=1-5282", "Never Gets old": "https://www.amazon.com/Wayne-Robson-Never-Gets-old/dp/B083RCPBBZ/ref=sr_1_5283?brr=1&dchild=1&qid=1634421617&rd=1&s=digital-skills&sr=1-5283", "kpop talk": "https://www.amazon.com/nextnest-kpop-talk/dp/B083R781B4/ref=sr_1_5284?brr=1&dchild=1&qid=1634421617&rd=1&s=digital-skills&sr=1-5284", "Five Item Rush": "https://www.amazon.com/Ali-Anb-Five-Item-Rush/dp/B083R41DSG/ref=sr_1_5285?brr=1&dchild=1&qid=1634421617&rd=1&s=digital-skills&sr=1-5285", "Our Adventure Story": "https://www.amazon.com/Monique-Venegas-Our-Adventure-Story/dp/B083R3LP1T/ref=sr_1_5286?brr=1&dchild=1&qid=1634421617&rd=1&s=digital-skills&sr=1-5286", "MR.Ci's Twilight Zone Trivia": "https://www.amazon.com/Mr-Connellys-Imaginarium-MR-Cis-Twilight/dp/B083QQ8KCT/ref=sr_1_5287?brr=1&dchild=1&qid=1634421617&rd=1&s=digital-skills&sr=1-5287", "GRAMMYs": "https://www.amazon.com/Recording-Academy-GRAMMYs/dp/B083Q93661/ref=sr_1_5288?brr=1&dchild=1&qid=1634421617&rd=1&s=digital-skills&sr=1-5288", "A heroic tale": "https://www.amazon.com/Hobnob-Ian-A-heroic-tale/dp/B083Q7Z7SP/ref=sr_1_5289?brr=1&dchild=1&qid=1634421617&rd=1&s=digital-skills&sr=1-5289", "Deal Poker": "https://www.amazon.com/Vocala-co-Deal-Poker/dp/B083Q4D6J6/ref=sr_1_5290?brr=1&dchild=1&qid=1634421617&rd=1&s=digital-skills&sr=1-5290", "Fortune thing": "https://www.amazon.com/Jack-Fortune-thing/dp/B083Q2T3CV/ref=sr_1_5291?brr=1&dchild=1&qid=1634421617&rd=1&s=digital-skills&sr=1-5291", "English Learners Irregular Verbs Quiz": "https://www.amazon.com/English-Learners-Irregular-Verbs-Quiz/dp/B083PT9V4B/ref=sr_1_5292?brr=1&dchild=1&qid=1634421617&rd=1&s=digital-skills&sr=1-5292", "STAAR Writing Tip": "https://www.amazon.com/Nicholas-Miller-STAAR-Writing-Tip/dp/B083P6NSYR/ref=sr_1_5294?brr=1&dchild=1&qid=1634421617&rd=1&s=digital-skills&sr=1-5294", "Tech Founder Quiz": "https://www.amazon.com/Kunal-Sinha-Tech-Founder-Quiz/dp/B083P54LLR/ref=sr_1_5295?brr=1&dchild=1&qid=1634421617&rd=1&s=digital-skills&sr=1-5295", "Bible or Not": "https://www.amazon.com/Xuan-Tech-Bible-or-Not/dp/B083NTNMCN/ref=sr_1_5296?brr=1&dchild=1&qid=1634421617&rd=1&s=digital-skills&sr=1-5296"}