{"Which Song Came First": "https://www.amazon.com/Iguana-ASD-Which-Song-First/dp/B083H775L6/ref=sr_1_5329?brr=1&dchild=1&qid=1634421626&rd=1&s=digital-skills&sr=1-5329", "My Name Picker": "https://www.amazon.com/My-Name-Picker/dp/B083H3CQDG/ref=sr_1_5330?brr=1&dchild=1&qid=1634421626&rd=1&s=digital-skills&sr=1-5330", "Cricket Score": "https://www.amazon.com/72Cubes-Cricket-Score/dp/B083H2WJ51/ref=sr_1_5331?brr=1&dchild=1&qid=1634421626&rd=1&s=digital-skills&sr=1-5331", "Perfect Pitch Test": "https://www.amazon.com/Particular-Perfect-Pitch-Test/dp/B083H2P781/ref=sr_1_5332?brr=1&dchild=1&qid=1634421626&rd=1&s=digital-skills&sr=1-5332", "Vishnu Mantra": "https://www.amazon.com/Top-Skills-Vishnu-Mantra/dp/B083H1V67P/ref=sr_1_5333?brr=1&dchild=1&qid=1634421626&rd=1&s=digital-skills&sr=1-5333", "Which dog": "https://www.amazon.com/Elaine-Diggs-Which-dog/dp/B083GNP33F/ref=sr_1_5334?brr=1&dchild=1&qid=1634421626&rd=1&s=digital-skills&sr=1-5334", "Whose Turn": "https://www.amazon.com/Tim-Whose-Turn/dp/B083F5ZF6P/ref=sr_1_5344?brr=1&dchild=1&qid=1634421626&rd=1&s=digital-skills&sr=1-5344", "my best": "https://www.amazon.com/Cameron-yoda-my-best/dp/B083GBBND2/ref=sr_1_5336?brr=1&dchild=1&qid=1634421626&rd=1&s=digital-skills&sr=1-5336", "Task Tracker": "https://www.amazon.com/Pay-Task-Tracker/dp/B083G39VL4/ref=sr_1_5337?brr=1&dchild=1&qid=1634421626&rd=1&s=digital-skills&sr=1-5337", "weirdo wordo": "https://www.amazon.com/BIT-Mesra-weirdo-wordo/dp/B083FV1YH4/ref=sr_1_5338?brr=1&dchild=1&qid=1634421626&rd=1&s=digital-skills&sr=1-5338", "Pick someone": "https://www.amazon.com/Sal-Pick-someone/dp/B083FKHJL8/ref=sr_1_5339?brr=1&dchild=1&qid=1634421626&rd=1&s=digital-skills&sr=1-5339", "Baby Sign Facts": "https://www.amazon.com/Famlingo-Ltd-Baby-Sign-Facts/dp/B083FJ2H23/ref=sr_1_5340?brr=1&dchild=1&qid=1634421626&rd=1&s=digital-skills&sr=1-5340", "Shadows of Brimstone Assistant": "https://www.amazon.com/BeholderBox-Shadows-of-Brimstone-Assistant/dp/B083FGN7RB/ref=sr_1_5341?brr=1&dchild=1&qid=1634421626&rd=1&s=digital-skills&sr=1-5341", "Who's Turn": "https://www.amazon.com/Ky-Whos-Turn/dp/B083FBX3XQ/ref=sr_1_5342?brr=1&dchild=1&qid=1634421626&rd=1&s=digital-skills&sr=1-5342", "I Love Dogs": "https://www.amazon.com/Iguana-ASD-I-Love-Dogs/dp/B083F8T2G2/ref=sr_1_5343?brr=1&dchild=1&qid=1634421626&rd=1&s=digital-skills&sr=1-5343"}