{"Astonishing Facts": "https://www.amazon.com/Jordan-Martin-Astonishing-Facts/dp/B083C5BHHH/ref=sr_1_5361?brr=1&dchild=1&qid=1634421632&rd=1&s=digital-skills&sr=1-5361", "Logical Maths Quiz": "https://www.amazon.com/Apps-IQ-Logical-Maths-Quiz/dp/B083C3S4JF/ref=sr_1_5362?brr=1&dchild=1&qid=1634421632&rd=1&s=digital-skills&sr=1-5362", "Science Quiz": "https://www.amazon.com/Mansi-Khokhani-Science-Quiz/dp/B083C1KS7M/ref=sr_1_5363?brr=1&dchild=1&qid=1634421632&rd=1&s=digital-skills&sr=1-5363", "Geography Quiz": "https://www.amazon.com/Mansi-Khokhani-Geography-Quiz/dp/B083C16LVY/ref=sr_1_5364?brr=1&dchild=1&qid=1634421632&rd=1&s=digital-skills&sr=1-5364", "Quiz UNO": "https://www.amazon.com/Radhe-Quiz-UNO/dp/B083BZTFG6/ref=sr_1_5365?brr=1&dchild=1&qid=1634421632&rd=1&s=digital-skills&sr=1-5365", "arushi command game": "https://www.amazon.com/Arushi-kataria-arushi-command-game/dp/B083BJNNV6/ref=sr_1_5366?brr=1&dchild=1&qid=1634421632&rd=1&s=digital-skills&sr=1-5366", "James Fairy Tale": "https://www.amazon.com/Janai-James-Fairy-Tale/dp/B083B9FBCY/ref=sr_1_5367?brr=1&dchild=1&qid=1634421632&rd=1&s=digital-skills&sr=1-5367", "TarHeel Trivia Two": "https://www.amazon.com/Jordan-Martin-TarHeel-Trivia-Two/dp/B083B7GSTC/ref=sr_1_5368?brr=1&dchild=1&qid=1634421632&rd=1&s=digital-skills&sr=1-5368", "Gibraltar Facts": "https://www.amazon.com/Gibraltar-Facts/dp/B0839PSQQ7/ref=sr_1_5369?brr=1&dchild=1&qid=1634421632&rd=1&s=digital-skills&sr=1-5369", "What's good": "https://www.amazon.com/Jack-Whats-good/dp/B0839PMPF3/ref=sr_1_5370?brr=1&dchild=1&qid=1634421632&rd=1&s=digital-skills&sr=1-5370", "Whose Turn": "https://www.amazon.com/Dan-Whose-Turn/dp/B0839P8Q29/ref=sr_1_5371?brr=1&dchild=1&qid=1634421632&rd=1&s=digital-skills&sr=1-5371", "science facts": "https://www.amazon.com/chirag-jiyani-science-facts/dp/B0839M6LPB/ref=sr_1_5373?brr=1&dchild=1&qid=1634421632&rd=1&s=digital-skills&sr=1-5373", "planet facts": "https://www.amazon.com/mayur-jiyani-planet-facts/dp/B0839KQL2H/ref=sr_1_5374?brr=1&dchild=1&qid=1634421632&rd=1&s=digital-skills&sr=1-5374", "basic knowledge": "https://www.amazon.com/chirag-jiyani-basic-knowledge/dp/B0839KPWP2/ref=sr_1_5375?brr=1&dchild=1&qid=1634421632&rd=1&s=digital-skills&sr=1-5375", "history facts": "https://www.amazon.com/VRAJ-BHATT-history-facts/dp/B0839JGSYB/ref=sr_1_5376?brr=1&dchild=1&qid=1634421632&rd=1&s=digital-skills&sr=1-5376"}