{"Baby Lullabies": "https://www.amazon.com/Smart-Skills-Baby-Lullabies/dp/B09C4D4J1W/ref=sr_1_529?brr=1&dchild=1&qid=1634420772&rd=1&s=digital-skills&sr=1-529", "Fishing quiz": "https://www.amazon.com/Casting-with-cal-Fishing-quiz/dp/B08C4MFR3Q/ref=sr_1_530?brr=1&dchild=1&qid=1634420772&rd=1&s=digital-skills&sr=1-530", "Stranger Things Fan Facts (Unofficial)": "https://www.amazon.com/Stranger-Things-Fan-Facts-Unofficial/dp/B01M3P7AJ1/ref=sr_1_531?brr=1&dchild=1&qid=1634420772&rd=1&s=digital-skills&sr=1-531", "League of Legends Helper": "https://www.amazon.com/Clarence-Tso-League-Legends-Helper/dp/B073PS738C/ref=sr_1_532?brr=1&dchild=1&qid=1634420772&rd=1&s=digital-skills&sr=1-532", "ALL IN: Fight for Democracy": "https://www.amazon.com/ALL-IN-Fight-for-Democracy/dp/B08N4WVFQQ/ref=sr_1_533?brr=1&dchild=1&qid=1634420772&rd=1&s=digital-skills&sr=1-533", "State Abbreviation Game": "https://www.amazon.com/andrhuang-State-Abbreviation-Game/dp/B01MUJGMEP/ref=sr_1_534?brr=1&dchild=1&qid=1634420772&rd=1&s=digital-skills&sr=1-534", "SWGoH - Galaxy of Heroes": "https://www.amazon.com/Keith-Slater-SWGoH-Galaxy-Heroes/dp/B07K8P91JR/ref=sr_1_535?brr=1&dchild=1&qid=1634420772&rd=1&s=digital-skills&sr=1-535", "Episode Ninja": "https://www.amazon.com/Steven-Sanders-Episode-Ninja/dp/B074QNDFCK/ref=sr_1_536?brr=1&dchild=1&qid=1634420772&rd=1&s=digital-skills&sr=1-536", "Zombicide Black Plague": "https://www.amazon.com/Raygg-Zombicide-Black-Plague/dp/B08R3QBS21/ref=sr_1_537?brr=1&dchild=1&qid=1634420772&rd=1&s=digital-skills&sr=1-537", "Iceland Facts Home Card": "https://www.amazon.com/Rhall-Iceland-Facts-Home-Card/dp/B07KB2T374/ref=sr_1_538?brr=1&dchild=1&qid=1634420772&rd=1&s=digital-skills&sr=1-538", "High School Quiz Show": "https://www.amazon.com/WGBH-Educational-Foundation-Digital-Services/dp/B091DBBPWV/ref=sr_1_539?brr=1&dchild=1&qid=1634420772&rd=1&s=digital-skills&sr=1-539", "Secret Hitler Helper": "https://www.amazon.com/DevonReyes-Secret-Hitler-Helper/dp/B07J5GJ32T/ref=sr_1_540?brr=1&dchild=1&qid=1634420772&rd=1&s=digital-skills&sr=1-540", "Christmas Countdown": "https://www.amazon.com/Akanksha-Christmas-Countdown/dp/B077M4TV8R/ref=sr_1_541?brr=1&dchild=1&qid=1634420772&rd=1&s=digital-skills&sr=1-541", "Sound of birds": "https://www.amazon.com/Smart-Skills-Sound-of-birds/dp/B086MWVM6B/ref=sr_1_542?brr=1&dchild=1&qid=1634420772&rd=1&s=digital-skills&sr=1-542", "Dragalia Lost": "https://www.amazon.com/L-P-Dragalia-Lost/dp/B07K792KK5/ref=sr_1_543?brr=1&dchild=1&qid=1634420772&rd=1&s=digital-skills&sr=1-543", "Flip A Coin": "https://www.amazon.com/MrStark-Flip-A-Coin/dp/B078MP3T4M/ref=sr_1_544?brr=1&dchild=1&qid=1634420772&rd=1&s=digital-skills&sr=1-544"}