{"Ryan's Jokes": "https://www.amazon.com/Ryan-Trenfield-Ryans-Jokes/dp/B0834NTNV7/ref=sr_1_5425?brr=1&dchild=1&qid=1634421643&rd=1&s=digital-skills&sr=1-5425", "Dcom randomizer": "https://www.amazon.com/Martin-Bros-Dcom-randomizer/dp/B0834NJ6HF/ref=sr_1_5426?brr=1&dchild=1&qid=1634421643&rd=1&s=digital-skills&sr=1-5426", "Best Knowledge Quiz": "https://www.amazon.com/Apps-IQ-Best-Knowledge-Quiz/dp/B0834MXPXF/ref=sr_1_5427?brr=1&dchild=1&qid=1634421643&rd=1&s=digital-skills&sr=1-5427", "Christmas Tree Challenge": "https://www.amazon.com/Anthony-DeCaria-Christmas-Tree-Challenge/dp/B0834M6J93/ref=sr_1_5428?brr=1&dchild=1&qid=1634421643&rd=1&s=digital-skills&sr=1-5428", "Javascript Facts": "https://www.amazon.com/Guna-Shekar-Javascript-Facts/dp/B0834DHKVZ/ref=sr_1_5429?brr=1&dchild=1&qid=1634421643&rd=1&s=digital-skills&sr=1-5429", "Whose Turn": "https://www.amazon.com/Jenny-Whose-Turn/dp/B0834DDVK1/ref=sr_1_5430?brr=1&dchild=1&qid=1634421643&rd=1&s=digital-skills&sr=1-5430", "Tech Intellect": "https://www.amazon.com/kuldipsinh-chavda-Tech-Intellect/dp/B08349HN7H/ref=sr_1_5431?brr=1&dchild=1&qid=1634421643&rd=1&s=digital-skills&sr=1-5431", "Anime quiz": "https://www.amazon.com/Nikhil-Anime-quiz/dp/B0833Y8PQ8/ref=sr_1_5432?brr=1&dchild=1&qid=1634421643&rd=1&s=digital-skills&sr=1-5432", "walk on cake": "https://www.amazon.com/Raj-Bhalala-walk-on-cake/dp/B0833TVYFY/ref=sr_1_5433?brr=1&dchild=1&qid=1634421643&rd=1&s=digital-skills&sr=1-5433", "My Turn": "https://www.amazon.com/Aaron-Tibbitts-My-Turn/dp/B0833SLKYQ/ref=sr_1_5434?brr=1&dchild=1&qid=1634421643&rd=1&s=digital-skills&sr=1-5434", "Dalton Christmas Trivia": "https://www.amazon.com/William-S-Dalton-Christmas-Trivia/dp/B0833PST99/ref=sr_1_5435?brr=1&dchild=1&qid=1634421643&rd=1&s=digital-skills&sr=1-5435", "Science jokes": "https://www.amazon.com/Franz-Bdoyan-Science-jokes/dp/B0833PJXTF/ref=sr_1_5436?brr=1&dchild=1&qid=1634421643&rd=1&s=digital-skills&sr=1-5436", "World Festivals": "https://www.amazon.com/Kidz-Learn-Apps-World-Festivals/dp/B0833NXCVF/ref=sr_1_5437?brr=1&dchild=1&qid=1634421643&rd=1&s=digital-skills&sr=1-5437", "My Bestie": "https://www.amazon.com/Deana-Cannon-INC-My-Bestie/dp/B0833H4NH8/ref=sr_1_5438?brr=1&dchild=1&qid=1634421643&rd=1&s=digital-skills&sr=1-5438", "Who is next": "https://www.amazon.com/Torjo-Who-is-next/dp/B0833D2DP5/ref=sr_1_5439?brr=1&dchild=1&qid=1634421643&rd=1&s=digital-skills&sr=1-5439", "Knock on Wood": "https://www.amazon.com/Nickopanther-Knock-on-Wood/dp/B0833CWK43/ref=sr_1_5440?brr=1&dchild=1&qid=1634421643&rd=1&s=digital-skills&sr=1-5440"}