{"GaryVee Quotes": "https://www.amazon.com/Kshitij-Jaiswal-GaryVee-Quotes/dp/B082XDWLVJ/ref=sr_1_5489?brr=1&dchild=1&qid=1634421654&rd=1&s=digital-skills&sr=1-5489", "birthday wish": "https://www.amazon.com/Shivendra-birthday-wish/dp/B082XBR9D3/ref=sr_1_5490?brr=1&dchild=1&qid=1634421654&rd=1&s=digital-skills&sr=1-5490", "1001Q": "https://www.amazon.com/Amizen-Health-LLC-1001Q/dp/B082X9M8TQ/ref=sr_1_5491?brr=1&dchild=1&qid=1634421654&rd=1&s=digital-skills&sr=1-5491", "Eagles Chant": "https://www.amazon.com/Nickopanther-Eagles-Chant/dp/B082X9JVQN/ref=sr_1_5492?brr=1&dchild=1&qid=1634421654&rd=1&s=digital-skills&sr=1-5492", "food facts": "https://www.amazon.com/Mansi-food-facts/dp/B082X6PPVD/ref=sr_1_5493?brr=1&dchild=1&qid=1634421654&rd=1&s=digital-skills&sr=1-5493", "Terrific Train Trivia": "https://www.amazon.com/Tim-Smith-Terrific-Train-Trivia/dp/B082WWL8KR/ref=sr_1_5494?brr=1&dchild=1&qid=1634421654&rd=1&s=digital-skills&sr=1-5494", "Notre Dame Facts": "https://www.amazon.com/LTC-Media-Notre-Dame-Facts/dp/B082WWHJGM/ref=sr_1_5495?brr=1&dchild=1&qid=1634421654&rd=1&s=digital-skills&sr=1-5495", "Banana Facts": "https://www.amazon.com/Mike-Lightman-Banana-Facts/dp/B082WV78F9/ref=sr_1_5496?brr=1&dchild=1&qid=1634421654&rd=1&s=digital-skills&sr=1-5496", "Pass it": "https://www.amazon.com/Cheessco-Pass-it/dp/B082WKPLDC/ref=sr_1_5497?brr=1&dchild=1&qid=1634421654&rd=1&s=digital-skills&sr=1-5497", "My Favorite Grandmasters": "https://www.amazon.com/Empire-developers-My-Favorite-Grandmasters/dp/B082WDWS9H/ref=sr_1_5498?brr=1&dchild=1&qid=1634421654&rd=1&s=digital-skills&sr=1-5498", "Mister Farts": "https://www.amazon.com/KAZUYUKI-IKUSHIMA-A19-JP-Mister-Farts/dp/B082VXVDX6/ref=sr_1_5499?brr=1&dchild=1&qid=1634421654&rd=1&s=digital-skills&sr=1-5499", "Basketball Oddities Quiz": "https://www.amazon.com/dalt-Basketball-Oddities-Quiz/dp/B082VXC7LJ/ref=sr_1_5500?brr=1&dchild=1&qid=1634421654&rd=1&s=digital-skills&sr=1-5500", "Picker Wheel": "https://www.amazon.com/Eli-from-the-Deli-Picker/dp/B082VWVTV7/ref=sr_1_5501?brr=1&dchild=1&qid=1634421654&rd=1&s=digital-skills&sr=1-5501", "Photo Quiz": "https://www.amazon.com/Go-General-Photo-Quiz/dp/B082VWJVC8/ref=sr_1_5502?brr=1&dchild=1&qid=1634421654&rd=1&s=digital-skills&sr=1-5502", "Movie picker": "https://www.amazon.com/Ella-Movie-picker/dp/B082VT2NHZ/ref=sr_1_5503?brr=1&dchild=1&qid=1634421654&rd=1&s=digital-skills&sr=1-5503", "IPL Facts": "https://www.amazon.com/Adarsh-R-IPL-Facts/dp/B082VQ8XKV/ref=sr_1_5504?brr=1&dchild=1&qid=1634421654&rd=1&s=digital-skills&sr=1-5504"}