{"Color master": "https://www.amazon.com/David-Flores-Color-master/dp/B082R61Z6R/ref=sr_1_5537?brr=1&dchild=1&qid=1634421663&rd=1&s=digital-skills&sr=1-5537", "Tech Quiz": "https://www.amazon.com/Arkebi24-Tech-Quiz/dp/B082R4YLXG/ref=sr_1_5538?brr=1&dchild=1&qid=1634421663&rd=1&s=digital-skills&sr=1-5538", "Best cs tactics": "https://www.amazon.com/Gagan-Baheti-Best-cs-tactics/dp/B082R473F4/ref=sr_1_5539?brr=1&dchild=1&qid=1634421663&rd=1&s=digital-skills&sr=1-5539", "brain olympics": "https://www.amazon.com/SAURABH-SHARMA-brain-olympics/dp/B082R31YKK/ref=sr_1_5540?brr=1&dchild=1&qid=1634421663&rd=1&s=digital-skills&sr=1-5540", "Whose Turn": "https://www.amazon.com/Brian-Agosto-Whose-Turn/dp/B082QMD8Y3/ref=sr_1_5548?brr=1&dchild=1&qid=1634421663&rd=1&s=digital-skills&sr=1-5548", "Ritesh's Food Trivia": "https://www.amazon.com/Arkebi24-Riteshs-Food-Trivia/dp/B082QX5MHX/ref=sr_1_5542?brr=1&dchild=1&qid=1634421663&rd=1&s=digital-skills&sr=1-5542", "Jerk Face": "https://www.amazon.com/Alexa-Blueprints-User-Jerk-Face/dp/B082QWKV2S/ref=sr_1_5543?brr=1&dchild=1&qid=1634421663&rd=1&s=digital-skills&sr=1-5543", "CreepyMaze": "https://www.amazon.com/void-CreepyMaze/dp/B082QTBKYF/ref=sr_1_5544?brr=1&dchild=1&qid=1634421663&rd=1&s=digital-skills&sr=1-5544", "Daily Music Rewind!": "https://www.amazon.com/Geekycoders-Daily-Music-Rewind/dp/B082QSTTX4/ref=sr_1_5545?brr=1&dchild=1&qid=1634421663&rd=1&s=digital-skills&sr=1-5545", "Fortune Teller": "https://www.amazon.com/KobyCampbellsoup-Fortune-Teller/dp/B082QRVJGV/ref=sr_1_5546?brr=1&dchild=1&qid=1634421663&rd=1&s=digital-skills&sr=1-5546", "My trivia": "https://www.amazon.com/Aubri-My-trivia/dp/B082QNBQRT/ref=sr_1_5547?brr=1&dchild=1&qid=1634421663&rd=1&s=digital-skills&sr=1-5547", "walk cake": "https://www.amazon.com/Pradeep-walk-cake/dp/B082Q3PCDK/ref=sr_1_5549?brr=1&dchild=1&qid=1634421663&rd=1&s=digital-skills&sr=1-5549", "Top Holiday Foods Per State": "https://www.amazon.com/Top-Holiday-Foods-Per-State/dp/B082Q3LM71/ref=sr_1_5550?brr=1&dchild=1&qid=1634421663&rd=1&s=digital-skills&sr=1-5550", "facts about solar system": "https://www.amazon.com/Gagan-Baheti-facts-about-system/dp/B082PVX2ND/ref=sr_1_5551?brr=1&dchild=1&qid=1634421663&rd=1&s=digital-skills&sr=1-5551", "Sound of the Color of the Year": "https://www.amazon.com/Audio-UX-Sound-Color-Year/dp/B082PSCWV5/ref=sr_1_5552?brr=1&dchild=1&qid=1634421663&rd=1&s=digital-skills&sr=1-5552"}