{"Programming Facts": "https://www.amazon.com/Ranajit-Programming-Facts/dp/B082PGNMPS/ref=sr_1_5553?brr=1&dchild=1&qid=1634421666&rd=1&s=digital-skills&sr=1-5553", "Christmas Carol": "https://www.amazon.com/Neha-Arora-Christmas-Carol/dp/B082PFFNCV/ref=sr_1_5554?brr=1&dchild=1&qid=1634421666&rd=1&s=digital-skills&sr=1-5554", "North Dakota County Seats Quiz": "https://www.amazon.com/North-Dakota-County-Seats-Quiz/dp/B082P812QZ/ref=sr_1_5555?brr=1&dchild=1&qid=1634421666&rd=1&s=digital-skills&sr=1-5555", "COLAB Holiday Mystery": "https://www.amazon.com/COLAB-Holiday-Mystery/dp/B082P78S1G/ref=sr_1_5556?brr=1&dchild=1&qid=1634421666&rd=1&s=digital-skills&sr=1-5556", "Magic Jinn": "https://www.amazon.com/Zanzoon-Magic-Jinn/dp/B082P35ZKW/ref=sr_1_5557?brr=1&dchild=1&qid=1634421666&rd=1&s=digital-skills&sr=1-5557", "Whose Turn": "https://www.amazon.com/Dyna-Whose-Turn/dp/B082NRR65L/ref=sr_1_5558?brr=1&dchild=1&qid=1634421666&rd=1&s=digital-skills&sr=1-5558", "Pineapple Skill": "https://www.amazon.com/Meridian-Design-Pineapple-Skill/dp/B082MZ5K7V/ref=sr_1_5559?brr=1&dchild=1&qid=1634421666&rd=1&s=digital-skills&sr=1-5559", "Audio Tennis": "https://www.amazon.com/Runaway-Studios-Inc-Audio-Tennis/dp/B082MTNSLR/ref=sr_1_5560?brr=1&dchild=1&qid=1634421666&rd=1&s=digital-skills&sr=1-5560", "My Loyal One": "https://www.amazon.com/Timekey-Consumer-Solutions-Loyal-One/dp/B082ML2P25/ref=sr_1_5561?brr=1&dchild=1&qid=1634421666&rd=1&s=digital-skills&sr=1-5561", "Santa's Workshop": "https://www.amazon.com/Laynr-Santas-Workshop/dp/B082MHKSYS/ref=sr_1_5562?brr=1&dchild=1&qid=1634421666&rd=1&s=digital-skills&sr=1-5562", "Escape Room (Adventure Game)": "https://www.amazon.com/Lewis-Cooper-Escape-Room-Adventure/dp/B082M2GS83/ref=sr_1_5563?brr=1&dchild=1&qid=1634421666&rd=1&s=digital-skills&sr=1-5563", "Kid friendly": "https://www.amazon.com/The-kid-friendly-Kid/dp/B082M1WTPY/ref=sr_1_5564?brr=1&dchild=1&qid=1634421666&rd=1&s=digital-skills&sr=1-5564", "Word Genius": "https://www.amazon.com/Bui-Lab-Word-Genius/dp/B082LZQW6X/ref=sr_1_5565?brr=1&dchild=1&qid=1634421666&rd=1&s=digital-skills&sr=1-5565", "Activity Suggestions": "https://www.amazon.com/Colin-Frey-Activity-Suggestions/dp/B082LW6XQ9/ref=sr_1_5566?brr=1&dchild=1&qid=1634421666&rd=1&s=digital-skills&sr=1-5566", "Face off": "https://www.amazon.com/Tom-Berwick-Face-off/dp/B082LS1QJG/ref=sr_1_5567?brr=1&dchild=1&qid=1634421666&rd=1&s=digital-skills&sr=1-5567", "Seeking Santa - A Christmas Adventure": "https://www.amazon.com/Seeking-Santa-A-Christmas-Adventure/dp/B082LQDWWX/ref=sr_1_5568?brr=1&dchild=1&qid=1634421666&rd=1&s=digital-skills&sr=1-5568"}