{"Powerball numbers": "https://www.amazon.com/VoxxUp-Powerball-numbers/dp/B082KYGK39/ref=sr_1_5569?brr=1&dchild=1&qid=1634421669&rd=1&s=digital-skills&sr=1-5569", "Reddit Stories": "https://www.amazon.com/LiamSorta-Reddit-Stories/dp/B082KXY55Y/ref=sr_1_5570?brr=1&dchild=1&qid=1634421669&rd=1&s=digital-skills&sr=1-5570", "State Treasures": "https://www.amazon.com/Rohit-State-Treasures/dp/B082KWZ5W1/ref=sr_1_5571?brr=1&dchild=1&qid=1634421669&rd=1&s=digital-skills&sr=1-5571", "My magic powers": "https://www.amazon.com/Brandon-My-magic-powers/dp/B082KC5L63/ref=sr_1_5572?brr=1&dchild=1&qid=1634421669&rd=1&s=digital-skills&sr=1-5572", "Star Trek Memory Alpha (unofficial)": "https://www.amazon.com/Star-Trek-Memory-Alpha-unofficial/dp/B082J6ZHRR/ref=sr_1_5573?brr=1&dchild=1&qid=1634421669&rd=1&s=digital-skills&sr=1-5573", "Mysterious Letter": "https://www.amazon.com/Bebutronic-Mysterious-Letter/dp/B082J5ZTQF/ref=sr_1_5574?brr=1&dchild=1&qid=1634421669&rd=1&s=digital-skills&sr=1-5574", "political facts": "https://www.amazon.com/darksoul-political-facts/dp/B082HL29T3/ref=sr_1_5575?brr=1&dchild=1&qid=1634421669&rd=1&s=digital-skills&sr=1-5575", "SmiteMoba | Random God Picker": "https://www.amazon.com/Dizarky-Battle-Ground-Gods-Randomizer/dp/B082HJM8YD/ref=sr_1_5576?brr=1&dchild=1&qid=1634421669&rd=1&s=digital-skills&sr=1-5576", "festive music": "https://www.amazon.com/satya-festive-music/dp/B082HJJ9HH/ref=sr_1_5577?brr=1&dchild=1&qid=1634421669&rd=1&s=digital-skills&sr=1-5577", "Christmas Rush": "https://www.amazon.com/Campbell-Rutherford-Christmas-Rush/dp/B082HFJ4ML/ref=sr_1_5578?brr=1&dchild=1&qid=1634421669&rd=1&s=digital-skills&sr=1-5578", "Who's next": "https://www.amazon.com/Chirag-Whos-next/dp/B082HCSSNB/ref=sr_1_5579?brr=1&dchild=1&qid=1634421669&rd=1&s=digital-skills&sr=1-5579", "Big Day": "https://www.amazon.com/Kaobadgettphillips-Big-Day/dp/B082HBKCQT/ref=sr_1_5580?brr=1&dchild=1&qid=1634421669&rd=1&s=digital-skills&sr=1-5580", "a Breaking Bad trivia": "https://www.amazon.com/omri-oshrat-Breaking-Bad-trivia/dp/B082HB53QD/ref=sr_1_5581?brr=1&dchild=1&qid=1634421669&rd=1&s=digital-skills&sr=1-5581", "My girl": "https://www.amazon.com/DEMONGOD-My-girl/dp/B082GZM4SR/ref=sr_1_5582?brr=1&dchild=1&qid=1634421669&rd=1&s=digital-skills&sr=1-5582", "Whose Turn": "https://www.amazon.com/Chirag-Whose-Turn/dp/B082GKZ3JJ/ref=sr_1_5584?brr=1&dchild=1&qid=1634421669&rd=1&s=digital-skills&sr=1-5584"}