{"Whose Turn": "https://www.amazon.com/Harshleen-Kaur-Whose-Turn/dp/B082FR8NFL/ref=sr_1_5589?brr=1&dchild=1&qid=1634421671&rd=1&s=digital-skills&sr=1-5589", "Movie Maestro": "https://www.amazon.com/ST-Movie-Maestro/dp/B082G9QDZT/ref=sr_1_5587?brr=1&dchild=1&qid=1634421671&rd=1&s=digital-skills&sr=1-5587", "Scientific Facts": "https://www.amazon.com/Rohit-Ghumare-Scientific-Facts/dp/B082G7RCF1/ref=sr_1_5588?brr=1&dchild=1&qid=1634421671&rd=1&s=digital-skills&sr=1-5588", "What do you prefer": "https://www.amazon.com/labworks-io-USA-What-you-prefer/dp/B082FKTZDH/ref=sr_1_5590?brr=1&dchild=1&qid=1634421671&rd=1&s=digital-skills&sr=1-5590", "The Hockey Game": "https://www.amazon.com/Sleepy-Sound-The-Hockey-Game/dp/B082FHJVW2/ref=sr_1_5591?brr=1&dchild=1&qid=1634421671&rd=1&s=digital-skills&sr=1-5591", "Future Teller": "https://www.amazon.com/Shreya-Vanga-Future-Teller/dp/B082FH8HVT/ref=sr_1_5592?brr=1&dchild=1&qid=1634421671&rd=1&s=digital-skills&sr=1-5592", "QuizLink": "https://www.amazon.com/Android-Technologies-Inc-QuizLink/dp/B082FFNFCR/ref=sr_1_5593?brr=1&dchild=1&qid=1634421671&rd=1&s=digital-skills&sr=1-5593", "My Birthday": "https://www.amazon.com/Martin-My-Birthday/dp/B082FDR3HB/ref=sr_1_5594?brr=1&dchild=1&qid=1634421671&rd=1&s=digital-skills&sr=1-5594", "Santa Saves Christmas": "https://www.amazon.com/The-Appy-Slappers-Santa-Christmas/dp/B082F6LCZW/ref=sr_1_5595?brr=1&dchild=1&qid=1634421671&rd=1&s=digital-skills&sr=1-5595", "Harbor Manager": "https://www.amazon.com/Daolanto-Harbor-Manager/dp/B082F4JZX8/ref=sr_1_5596?brr=1&dchild=1&qid=1634421671&rd=1&s=digital-skills&sr=1-5596", "Breaking Bad Trivia": "https://www.amazon.com/Ishan-Vijayvergia-Breaking-Bad-Trivia/dp/B082F1SCPX/ref=sr_1_5597?brr=1&dchild=1&qid=1634421671&rd=1&s=digital-skills&sr=1-5597", "Brainiac Trivia": "https://www.amazon.com/Digital-Hokum-Brainiac-Trivia/dp/B082DZ3V31/ref=sr_1_5598?brr=1&dchild=1&qid=1634421671&rd=1&s=digital-skills&sr=1-5598", "Tony jokes": "https://www.amazon.com/Nolan-Tony-jokes/dp/B082DRKCF5/ref=sr_1_5599?brr=1&dchild=1&qid=1634421671&rd=1&s=digital-skills&sr=1-5599", "Choose my piece": "https://www.amazon.com/Dakota-Choose-my-piece/dp/B082DML5T3/ref=sr_1_5600?brr=1&dchild=1&qid=1634421671&rd=1&s=digital-skills&sr=1-5600"}