{"Bingo !": "https://www.amazon.com/dialogous-io-Bingo/dp/B082DLZJWK/ref=sr_1_5601?brr=1&dchild=1&qid=1634421674&rd=1&s=digital-skills&sr=1-5601", "Under The Influence Quiz": "https://www.amazon.com/CBC-Under-The-Influence-Quiz/dp/B082DLZ1V2/ref=sr_1_5602?brr=1&dchild=1&qid=1634421674&rd=1&s=digital-skills&sr=1-5602", "Whose Turn": "https://www.amazon.com/Heather-Haworth-Whose-Turn/dp/B082DLGN2H/ref=sr_1_5603?brr=1&dchild=1&qid=1634421674&rd=1&s=digital-skills&sr=1-5603", "My Bestie": "https://www.amazon.com/Boss-My-Bestie/dp/B082DJNC1F/ref=sr_1_5604?brr=1&dchild=1&qid=1634421674&rd=1&s=digital-skills&sr=1-5604", "Ultimate Kollywood Quiz": "https://www.amazon.com/Shankar-V-Thiyagarajan-Ultimate-Kollywood/dp/B082D6M8XT/ref=sr_1_5605?brr=1&dchild=1&qid=1634421674&rd=1&s=digital-skills&sr=1-5605", "Clever Girl": "https://www.amazon.com/Jumble-Queen-Clever-Girl/dp/B082D6F5WF/ref=sr_1_5606?brr=1&dchild=1&qid=1634421674&rd=1&s=digital-skills&sr=1-5606", "Baseball Game": "https://www.amazon.com/Sleepy-Sound-Baseball-Game/dp/B082D5848T/ref=sr_1_5607?brr=1&dchild=1&qid=1634421674&rd=1&s=digital-skills&sr=1-5607", "Chicago sports Facts": "https://www.amazon.com/Isaacs-Company-Chicago-sports-Facts/dp/B082D51NFX/ref=sr_1_5608?brr=1&dchild=1&qid=1634421674&rd=1&s=digital-skills&sr=1-5608", "Instant Replay": "https://www.amazon.com/Jimco-Instant-Replay/dp/B082D3325C/ref=sr_1_5609?brr=1&dchild=1&qid=1634421674&rd=1&s=digital-skills&sr=1-5609", "Travel facts": "https://www.amazon.com/Impulse-Corp-Travel-facts/dp/B082D1RMCH/ref=sr_1_5610?brr=1&dchild=1&qid=1634421674&rd=1&s=digital-skills&sr=1-5610", "Wizard Tournament": "https://www.amazon.com/Get-Voice-Agency-Wizard-Tournament/dp/B082CVMWT5/ref=sr_1_5611?brr=1&dchild=1&qid=1634421674&rd=1&s=digital-skills&sr=1-5611", "Let Me Choose!": "https://www.amazon.com/Azalea-Labs-Let-Me-Choose/dp/B082CHGWCP/ref=sr_1_5612?brr=1&dchild=1&qid=1634421674&rd=1&s=digital-skills&sr=1-5612", "DRNK : Drinking Game": "https://www.amazon.com/Kalisson-Studios-LLC-DRNK-Drinking/dp/B082C5B79P/ref=sr_1_5613?brr=1&dchild=1&qid=1634421674&rd=1&s=digital-skills&sr=1-5613", "Ride to Win": "https://www.amazon.com/Andrew-Ashton-Ride-to-Win/dp/B082BLSB3R/ref=sr_1_5614?brr=1&dchild=1&qid=1634421674&rd=1&s=digital-skills&sr=1-5614", "Stooges Stories": "https://www.amazon.com/Intelcontrol-Crazy-Stories/dp/B082BK6KZH/ref=sr_1_5615?brr=1&dchild=1&qid=1634421674&rd=1&s=digital-skills&sr=1-5615", "Leo's Alphabet": "https://www.amazon.com/Leonard-Johnson-Leos-Alphabet/dp/B082BJ1W38/ref=sr_1_5616?brr=1&dchild=1&qid=1634421674&rd=1&s=digital-skills&sr=1-5616"}