{"Television Quotes": "https://www.amazon.com/Bee-in-Box-Inc-Television/dp/B08279L25L/ref=sr_1_5633?brr=1&dchild=1&qid=1634421680&rd=1&s=digital-skills&sr=1-5633", "Whose Turn": "https://www.amazon.com/Margaret-M-Saba-Whose-Turn/dp/B0825RH74C/ref=sr_1_5646?brr=1&dchild=1&qid=1634421680&rd=1&s=digital-skills&sr=1-5646", "Donut Dungeons": "https://www.amazon.com/The-Chief-Bee-Donut-Dungeons/dp/B0826T3YHW/ref=sr_1_5636?brr=1&dchild=1&qid=1634421680&rd=1&s=digital-skills&sr=1-5636", "Gandhi Pedia": "https://www.amazon.com/adarsh-industries-Gandhi-Pedia/dp/B0826RD831/ref=sr_1_5637?brr=1&dchild=1&qid=1634421680&rd=1&s=digital-skills&sr=1-5637", "Snow white Story": "https://www.amazon.com/Prince-Snow-white-Story/dp/B0826KGVWL/ref=sr_1_5638?brr=1&dchild=1&qid=1634421680&rd=1&s=digital-skills&sr=1-5638", "How many Days till": "https://www.amazon.com/Christa-barrow-many-Days-till/dp/B0826KFHPQ/ref=sr_1_5639?brr=1&dchild=1&qid=1634421680&rd=1&s=digital-skills&sr=1-5639", "Obey me: interactive short horror story for adults": "https://www.amazon.com/Obey-interactive-short-horror-adults/dp/B0826BFQTQ/ref=sr_1_5640?brr=1&dchild=1&qid=1634421680&rd=1&s=digital-skills&sr=1-5640", "kapil patel": "https://www.amazon.com/kapil-private-limited-patel/dp/B08266NBMV/ref=sr_1_5641?brr=1&dchild=1&qid=1634421680&rd=1&s=digital-skills&sr=1-5641", "Cricket Mania": "https://www.amazon.com/Rathin-R-Cricket-Mania/dp/B082668YHY/ref=sr_1_5642?brr=1&dchild=1&qid=1634421680&rd=1&s=digital-skills&sr=1-5642", "Football Master": "https://www.amazon.com/Jayant-Patil-Football-Master/dp/B0826447PJ/ref=sr_1_5643?brr=1&dchild=1&qid=1634421680&rd=1&s=digital-skills&sr=1-5643", "World Quiz": "https://www.amazon.com/Quiz-co-World/dp/B08262CK1G/ref=sr_1_5644?brr=1&dchild=1&qid=1634421680&rd=1&s=digital-skills&sr=1-5644", "leaguebox": "https://www.amazon.com/itracreative-leaguebox/dp/B0826268Z4/ref=sr_1_5645?brr=1&dchild=1&qid=1634421680&rd=1&s=digital-skills&sr=1-5645", "Story starter": "https://www.amazon.com/RoachBrew-Story-starter/dp/B0825PH7HB/ref=sr_1_5647?brr=1&dchild=1&qid=1634421680&rd=1&s=digital-skills&sr=1-5647", "Football Mania Trivia": "https://www.amazon.com/Akshat-Gupta-Football-Mania-Trivia/dp/B0825P9432/ref=sr_1_5648?brr=1&dchild=1&qid=1634421680&rd=1&s=digital-skills&sr=1-5648"}