{"adventure guru": "https://www.amazon.com/S4-Technology-Inc-adventure-guru/dp/B0825P4HYH/ref=sr_1_5649?brr=1&dchild=1&qid=1634421683&rd=1&s=digital-skills&sr=1-5649", "Pyro meme": "https://www.amazon.com/Steven-Pyro-meme/dp/B0825NH9RT/ref=sr_1_5650?brr=1&dchild=1&qid=1634421683&rd=1&s=digital-skills&sr=1-5650", "Eklund versus Miller": "https://www.amazon.com/Gwen-Miller-Eklund-versus/dp/B0825GBF5G/ref=sr_1_5651?brr=1&dchild=1&qid=1634421683&rd=1&s=digital-skills&sr=1-5651", "Home away": "https://www.amazon.com/student-Home-away/dp/B0825D3Y2M/ref=sr_1_5652?brr=1&dchild=1&qid=1634421683&rd=1&s=digital-skills&sr=1-5652", "Earthly Facts": "https://www.amazon.com/Akshat-Gupta-Earthly-Facts/dp/B08259Q3RD/ref=sr_1_5653?brr=1&dchild=1&qid=1634421683&rd=1&s=digital-skills&sr=1-5653", "Kenza Travels": "https://www.amazon.com/SinghIsKing-Kenza-Travels/dp/B08252TBW9/ref=sr_1_5654?brr=1&dchild=1&qid=1634421683&rd=1&s=digital-skills&sr=1-5654", "My Thirty Seconds!": "https://www.amazon.com/Lakshmi-Priya-My-Thirty-Seconds/dp/B0824RRLQG/ref=sr_1_5655?brr=1&dchild=1&qid=1634421683&rd=1&s=digital-skills&sr=1-5655", "Bear story": "https://www.amazon.com/Isaac-hilton-Bear-story/dp/B0824P1S8M/ref=sr_1_5656?brr=1&dchild=1&qid=1634421683&rd=1&s=digital-skills&sr=1-5656", "My Cricket Facts": "https://www.amazon.com/Rishabh-Jain-My-Cricket-Facts/dp/B08247VZ85/ref=sr_1_5657?brr=1&dchild=1&qid=1634421683&rd=1&s=digital-skills&sr=1-5657", "Make me feel better": "https://www.amazon.com/Iguana-ASD-Make-feel-better/dp/B0823YT729/ref=sr_1_5658?brr=1&dchild=1&qid=1634421683&rd=1&s=digital-skills&sr=1-5658", "Engineering Facts": "https://www.amazon.com/Mohit-Singh-Shaktawat-Engineering-Facts/dp/B0823S4RC5/ref=sr_1_5659?brr=1&dchild=1&qid=1634421683&rd=1&s=digital-skills&sr=1-5659", "Ramayan Quiz": "https://www.amazon.com/amo-advisor-Ramayan-Quiz/dp/B0823MR4PY/ref=sr_1_5660?brr=1&dchild=1&qid=1634421683&rd=1&s=digital-skills&sr=1-5660", "What is my Petronus": "https://www.amazon.com/RoachBrew-What-is-my-Petronus/dp/B0823HPZ83/ref=sr_1_5661?brr=1&dchild=1&qid=1634421683&rd=1&s=digital-skills&sr=1-5661", "The Office Quotes": "https://www.amazon.com/Gabriele-Salvo-The-Office-Quotes/dp/B0823D7J6V/ref=sr_1_5662?brr=1&dchild=1&qid=1634421683&rd=1&s=digital-skills&sr=1-5662", "Who's next": "https://www.amazon.com/Intexic-Whos-next/dp/B0823BZJJS/ref=sr_1_5663?brr=1&dchild=1&qid=1634421683&rd=1&s=digital-skills&sr=1-5663", "My Quiz": "https://www.amazon.com/Upper-Batley-High-School-Quiz/dp/B08235327Q/ref=sr_1_5664?brr=1&dchild=1&qid=1634421683&rd=1&s=digital-skills&sr=1-5664"}