{"Rock Paper Scissor": "https://www.amazon.com/Soup-Studios-Rock-Paper-Scissor/dp/B08234LB45/ref=sr_1_5665?brr=1&dchild=1&qid=1634421686&rd=1&s=digital-skills&sr=1-5665", "Burj Khalifa Facts": "https://www.amazon.com/Mohit-Singh-Shaktawat-Khalifa-Facts/dp/B08234CX72/ref=sr_1_5666?brr=1&dchild=1&qid=1634421686&rd=1&s=digital-skills&sr=1-5666", "Badminton": "https://www.amazon.com/Tanha-Patel-Badminton/dp/B08233WKHW/ref=sr_1_5667?brr=1&dchild=1&qid=1634421686&rd=1&s=digital-skills&sr=1-5667", "Stone Paper Scissors": "https://www.amazon.com/Cloud-Nine-Sounds-Stone-Scissors/dp/B082333FFY/ref=sr_1_5668?brr=1&dchild=1&qid=1634421686&rd=1&s=digital-skills&sr=1-5668", "Mighty Cards": "https://www.amazon.com/SoapVox-Mighty-Cards/dp/B08231TPBX/ref=sr_1_5669?brr=1&dchild=1&qid=1634421686&rd=1&s=digital-skills&sr=1-5669", "nerdiest facts ever": "https://www.amazon.com/aman-jan-nerdiest-facts-ever/dp/B0822XZZ99/ref=sr_1_5670?brr=1&dchild=1&qid=1634421686&rd=1&s=digital-skills&sr=1-5670", "Adam's facts": "https://www.amazon.com/Adam-Ekleria-Adams-facts/dp/B0822T9RCF/ref=sr_1_5671?brr=1&dchild=1&qid=1634421686&rd=1&s=digital-skills&sr=1-5671", "Battle Robots": "https://www.amazon.com/Infiniconcept-Battle-Robots/dp/B0822G6DXH/ref=sr_1_5672?brr=1&dchild=1&qid=1634421686&rd=1&s=digital-skills&sr=1-5672", "FRIENDS QUIZ": "https://www.amazon.com/Healthy-Lifestyle-FRIENDS-QUIZ/dp/B0822CF2WR/ref=sr_1_5673?brr=1&dchild=1&qid=1634421686&rd=1&s=digital-skills&sr=1-5673", "Detective X": "https://www.amazon.com/Budgie-Detective-X/dp/B0822B9LRM/ref=sr_1_5674?brr=1&dchild=1&qid=1634421686&rd=1&s=digital-skills&sr=1-5674", "The Craziest Facts": "https://www.amazon.com/Sid-The-Craziest-Facts/dp/B0822545V2/ref=sr_1_5675?brr=1&dchild=1&qid=1634421686&rd=1&s=digital-skills&sr=1-5675", "Whose Turn": "https://www.amazon.com/Zach-H-Whose-Turn/dp/B0821Y7MKQ/ref=sr_1_5676?brr=1&dchild=1&qid=1634421686&rd=1&s=digital-skills&sr=1-5676", "Random colour": "https://www.amazon.com/JB04-Random-colour/dp/B0821W3GYM/ref=sr_1_5677?brr=1&dchild=1&qid=1634421686&rd=1&s=digital-skills&sr=1-5677", "Random jobs": "https://www.amazon.com/JB04-Random-jobs/dp/B0821W2H5M/ref=sr_1_5678?brr=1&dchild=1&qid=1634421686&rd=1&s=digital-skills&sr=1-5678", "football mania": "https://www.amazon.com/Zeeshan-Bhati-football-mania/dp/B0821RBBRY/ref=sr_1_5679?brr=1&dchild=1&qid=1634421686&rd=1&s=digital-skills&sr=1-5679", "Video Games Quotes": "https://www.amazon.com/JoseHawk-Video-Games-Quotes/dp/B0821QFLHH/ref=sr_1_5680?brr=1&dchild=1&qid=1634421686&rd=1&s=digital-skills&sr=1-5680"}