{"Memory game": "https://www.amazon.com/Avenir-Games-Limited-Memory-game/dp/B081Z6QQBZ/ref=sr_1_5697?brr=1&dchild=1&qid=1634421691&rd=1&s=digital-skills&sr=1-5697", "rainbow colored dice": "https://www.amazon.com/Pabkov-rainbow-colored-dice/dp/B081Z65SNC/ref=sr_1_5698?brr=1&dchild=1&qid=1634421691&rd=1&s=digital-skills&sr=1-5698", "Amazing Facts": "https://www.amazon.com/Sahil-Lunat-Amazing-Facts/dp/B081Z2QFMR/ref=sr_1_5699?brr=1&dchild=1&qid=1634421691&rd=1&s=digital-skills&sr=1-5699", "Voice Worldwide": "https://www.amazon.com/Krishnasis-Voice-Worldwide/dp/B081Z2P86D/ref=sr_1_5700?brr=1&dchild=1&qid=1634421691&rd=1&s=digital-skills&sr=1-5700", "Hickey Santa Letter": "https://www.amazon.com/Data-Driven-Design-LLC-Hickey/dp/B081Z2J5Z5/ref=sr_1_5701?brr=1&dchild=1&qid=1634421691&rd=1&s=digital-skills&sr=1-5701", "Annoy My Mother": "https://www.amazon.com/Iguana-ASD-Annoy-My-Mother/dp/B081Z1ZGNH/ref=sr_1_5702?brr=1&dchild=1&qid=1634421691&rd=1&s=digital-skills&sr=1-5702", "Whose turn": "https://www.amazon.com/Lexie-Whose-turn/dp/B081YVN25R/ref=sr_1_5703?brr=1&dchild=1&qid=1634421691&rd=1&s=digital-skills&sr=1-5703", "Life is good": "https://www.amazon.com/Human-Life-is-good/dp/B081YNVGHZ/ref=sr_1_5704?brr=1&dchild=1&qid=1634421691&rd=1&s=digital-skills&sr=1-5704", "Interrogate Jack Apple": "https://www.amazon.com/Voice-Data-Soft-Interrogate-Apple/dp/B081YN5B3D/ref=sr_1_5705?brr=1&dchild=1&qid=1634421691&rd=1&s=digital-skills&sr=1-5705", "NY Rangers": "https://www.amazon.com/The-Home-Studio-NY-Rangers/dp/B081YN4T7V/ref=sr_1_5706?brr=1&dchild=1&qid=1634421691&rd=1&s=digital-skills&sr=1-5706", "Red Dead Quiz": "https://www.amazon.com/Deepanshu-Malik-Red-Dead-Quiz/dp/B081YL219S/ref=sr_1_5707?brr=1&dchild=1&qid=1634421691&rd=1&s=digital-skills&sr=1-5707", "Yeet turns": "https://www.amazon.com/Ooooooooooooof-Yeet-turns/dp/B081YKSB3W/ref=sr_1_5708?brr=1&dchild=1&qid=1634421691&rd=1&s=digital-skills&sr=1-5708", "Borderlands Quiz": "https://www.amazon.com/C-Bradbury-Borderlands-Quiz/dp/B081YHQ6ZN/ref=sr_1_5709?brr=1&dchild=1&qid=1634421691&rd=1&s=digital-skills&sr=1-5709", "Random It": "https://www.amazon.com/Haider-Iqbal-Random-It/dp/B081YH5WQP/ref=sr_1_5710?brr=1&dchild=1&qid=1634421691&rd=1&s=digital-skills&sr=1-5710", "Granny difficulty selecter": "https://www.amazon.com/Spencer-Granny-difficulty-selecter/dp/B081Y6JRM1/ref=sr_1_5711?brr=1&dchild=1&qid=1634421691&rd=1&s=digital-skills&sr=1-5711", "Bollywood Facts": "https://www.amazon.com/Rishabh-Kr-Singh-Bollywood-Facts/dp/B081Y6CW78/ref=sr_1_5712?brr=1&dchild=1&qid=1634421691&rd=1&s=digital-skills&sr=1-5712"}