{"Pokemon Evolution fan": "https://www.amazon.com/Brian-Pokemon-Evolution-fan/dp/B081W5NHYR/ref=sr_1_5729?brr=1&dchild=1&qid=1634421697&rd=1&s=digital-skills&sr=1-5729", "Tech Stormer": "https://www.amazon.com/TechLoop-Tech-Stormer/dp/B081W54LQ4/ref=sr_1_5730?brr=1&dchild=1&qid=1634421697&rd=1&s=digital-skills&sr=1-5730", "Computational Trucking Dice": "https://www.amazon.com/VicAPP-Computational-Trucking-Dice/dp/B081VXYWL4/ref=sr_1_5731?brr=1&dchild=1&qid=1634421697&rd=1&s=digital-skills&sr=1-5731", "Whose Turn": "https://www.amazon.com/catalina-Whose-Turn/dp/B081VQ2KZ4/ref=sr_1_5739?brr=1&dchild=1&qid=1634421697&rd=1&s=digital-skills&sr=1-5739", "magic double dice": "https://www.amazon.com/PalomaTek-magic-double-dice/dp/B081VWPPLL/ref=sr_1_5733?brr=1&dchild=1&qid=1634421697&rd=1&s=digital-skills&sr=1-5733", "First in the league": "https://www.amazon.com/Antonio-Cid-Garc%C3%ADa-First-league/dp/B081VVCKM7/ref=sr_1_5734?brr=1&dchild=1&qid=1634421697&rd=1&s=digital-skills&sr=1-5734", "magic triple dice": "https://www.amazon.com/PalomaTek-magic-triple-dice/dp/B081VVB74S/ref=sr_1_5735?brr=1&dchild=1&qid=1634421697&rd=1&s=digital-skills&sr=1-5735", "The funny jokes": "https://www.amazon.com/Cristianrodri17-The-funny-jokes/dp/B081VTNXFJ/ref=sr_1_5736?brr=1&dchild=1&qid=1634421697&rd=1&s=digital-skills&sr=1-5736", "Six-sided dice": "https://www.amazon.com/Beatriz-Mart%C3%ADnez-Ojeda-Six-sided-dice/dp/B081VRN6MC/ref=sr_1_5737?brr=1&dchild=1&qid=1634421697&rd=1&s=digital-skills&sr=1-5737", "Quiz Geo": "https://www.amazon.com/FunDii-Quiz-Geo/dp/B081VQW9J1/ref=sr_1_5738?brr=1&dchild=1&qid=1634421697&rd=1&s=digital-skills&sr=1-5738", "dice of fifteen sides": "https://www.amazon.com/puntodecontrol-dice-of-fifteen-sides/dp/B081VQ12BP/ref=sr_1_5740?brr=1&dchild=1&qid=1634421697&rd=1&s=digital-skills&sr=1-5740", "F1 2019 season quiz": "https://www.amazon.com/ZOLT-JUS-2019-season-quiz/dp/B081VLJW2P/ref=sr_1_5741?brr=1&dchild=1&qid=1634421697&rd=1&s=digital-skills&sr=1-5741", "Homer's Phrases": "https://www.amazon.com/Carlos-Projects-Homers-Phrases/dp/B081VKPPKT/ref=sr_1_5742?brr=1&dchild=1&qid=1634421697&rd=1&s=digital-skills&sr=1-5742", "Card2Throw": "https://www.amazon.com/Jonas-Strehle-Card2Throw/dp/B081VGPGYH/ref=sr_1_5743?brr=1&dchild=1&qid=1634421697&rd=1&s=digital-skills&sr=1-5743", "MOM Trivia Game": "https://www.amazon.com/ACB-Direct-MOM-Trivia-Game/dp/B081VGLC9D/ref=sr_1_5744?brr=1&dchild=1&qid=1634421697&rd=1&s=digital-skills&sr=1-5744"}