{"The Happy Princess (Children Anytime Stories)": "https://www.amazon.com/Happy-Princess-Children-Anytime-Stories/dp/B07NWMLRVN/ref=sr_1_561?brr=1&dchild=1&qid=1634420778&rd=1&s=digital-skills&sr=1-561", "Escape the Airplane": "https://www.amazon.com/Stoked-Skills-LLC-Escape-Airplane/dp/B07CMB6DZQ/ref=sr_1_562?brr=1&dchild=1&qid=1634420778&rd=1&s=digital-skills&sr=1-562", "random things": "https://www.amazon.com/Free-Time-Farmers-random-things/dp/B082CM2N46/ref=sr_1_563?brr=1&dchild=1&qid=1634420778&rd=1&s=digital-skills&sr=1-563", "Kids Trivia": "https://www.amazon.com/Gonzo-Studios-Kids-Trivia/dp/B0758NP4TN/ref=sr_1_564?brr=1&dchild=1&qid=1634420778&rd=1&s=digital-skills&sr=1-564", "Top Podcasts from Apple - France Unofficial": "https://www.amazon.com/Top-Podcasts-Apple-France-Unofficial/dp/B07KQJX15V/ref=sr_1_565?brr=1&dchild=1&qid=1634420778&rd=1&s=digital-skills&sr=1-565", "Ultimate Sports Trivia": "https://www.amazon.com/SBOSE7-Ultimate-Sports-Trivia/dp/B07HMYNVCF/ref=sr_1_566?brr=1&dchild=1&qid=1634420778&rd=1&s=digital-skills&sr=1-566", "Unofficial Harry Potter Facts": "https://www.amazon.com/Ruchi-Unofficial-Harry-Potter-Facts/dp/B079GSKFXD/ref=sr_1_567?brr=1&dchild=1&qid=1634420778&rd=1&s=digital-skills&sr=1-567", "Jurassic World Revealed": "https://www.amazon.com/Universal-Studios-Interactive-Jurassic-Revealed/dp/B07D8KLPC9/ref=sr_1_568?brr=1&dchild=1&qid=1634420778&rd=1&s=digital-skills&sr=1-568", "Family Jokes": "https://www.amazon.com/echo-dot-Family-Jokes/dp/B08D6VCZG7/ref=sr_1_569?brr=1&dchild=1&qid=1634420778&rd=1&s=digital-skills&sr=1-569", "War Path": "https://www.amazon.com/SLKapps-War-Path/dp/B082B28XJD/ref=sr_1_570?brr=1&dchild=1&qid=1634420778&rd=1&s=digital-skills&sr=1-570", "Rocket Coach": "https://www.amazon.com/SD-Rocket-Coach/dp/B01N6L3J72/ref=sr_1_571?brr=1&dchild=1&qid=1634420778&rd=1&s=digital-skills&sr=1-571", "Thunder Rain Sounds": "https://www.amazon.com/Smart-Skills-Thunder-Rain-Sounds/dp/B095HV4QZZ/ref=sr_1_572?brr=1&dchild=1&qid=1634420778&rd=1&s=digital-skills&sr=1-572", "St. Noir": "https://www.amazon.com/X2Games-St-Noire/dp/B07TM17G96/ref=sr_1_573?brr=1&dchild=1&qid=1634420778&rd=1&s=digital-skills&sr=1-573", "Star Commander": "https://www.amazon.com/Voice-Arcade-%F0%9F%87%BA%F0%9F%87%B8-Star-Commander/dp/B08NK8TG8H/ref=sr_1_574?brr=1&dchild=1&qid=1634420778&rd=1&s=digital-skills&sr=1-574", "The Brazilian Way": "https://www.amazon.com/Karytta-Bahamon-The-Brazilian-Way/dp/B07PWPVMCY/ref=sr_1_575?brr=1&dchild=1&qid=1634420778&rd=1&s=digital-skills&sr=1-575", "South Central Quiz": "https://www.amazon.com/South-Central-Computer-Careers-Quiz/dp/B07QQ4J7J2/ref=sr_1_576?brr=1&dchild=1&qid=1634420778&rd=1&s=digital-skills&sr=1-576"}