{"Area Calculator": "https://www.amazon.com/bvcoe-new-delhi-Area-Calculator/dp/B081SZNVBK/ref=sr_1_5761?brr=1&dchild=1&qid=1634421703&rd=1&s=digital-skills&sr=1-5761", "Guess the Christmas Song": "https://www.amazon.com/MSIM-Consulting-Guess-Christmas-Song/dp/B081SZ76ZX/ref=sr_1_5762?brr=1&dchild=1&qid=1634421703&rd=1&s=digital-skills&sr=1-5762", "Fortnite X": "https://www.amazon.com/Mos-Fortnite-X/dp/B081SYHTQZ/ref=sr_1_5763?brr=1&dchild=1&qid=1634421703&rd=1&s=digital-skills&sr=1-5763", "Broken English Podcast": "https://www.amazon.com/Broken-English-Films-Podcast/dp/B081SWJC97/ref=sr_1_5764?brr=1&dchild=1&qid=1634421703&rd=1&s=digital-skills&sr=1-5764", "Synonyms and Antonyms": "https://www.amazon.com/megasoft78-Synonyms-and-Antonyms/dp/B081SSNQNC/ref=sr_1_5765?brr=1&dchild=1&qid=1634421703&rd=1&s=digital-skills&sr=1-5765", "A Fact Skills": "https://www.amazon.com/Aflah-A-Fact-Skills/dp/B081SRSY1T/ref=sr_1_5766?brr=1&dchild=1&qid=1634421703&rd=1&s=digital-skills&sr=1-5766", "This Day In Music History - Flash Briefing": "https://www.amazon.com/This-Day-Music-History-Briefing/dp/B081SPYNR7/ref=sr_1_5767?brr=1&dchild=1&qid=1634421703&rd=1&s=digital-skills&sr=1-5767", "Drop spots": "https://www.amazon.com/xkevinx_01-Drop-spots/dp/B081SPJFMW/ref=sr_1_5768?brr=1&dchild=1&qid=1634421703&rd=1&s=digital-skills&sr=1-5768", "The King's Test": "https://www.amazon.com/Doug-Reynolds-The-Kings-Test/dp/B081SP33PR/ref=sr_1_5769?brr=1&dchild=1&qid=1634421703&rd=1&s=digital-skills&sr=1-5769", "Spanish pop groups": "https://www.amazon.com/Glolabe-Spanish-pop-groups/dp/B081SC3RT2/ref=sr_1_5770?brr=1&dchild=1&qid=1634421703&rd=1&s=digital-skills&sr=1-5770", "my lucky number": "https://www.amazon.com/Sis-my-lucky-number/dp/B081SBJHJ9/ref=sr_1_5771?brr=1&dchild=1&qid=1634421703&rd=1&s=digital-skills&sr=1-5771", "Wassup dawg": "https://www.amazon.com/BarraBrothersInc-Wassup-dawg/dp/B081S64DBG/ref=sr_1_5772?brr=1&dchild=1&qid=1634421703&rd=1&s=digital-skills&sr=1-5772", "Quiz Duel": "https://www.amazon.com/Clara-Jacintho-Quiz-Duel/dp/B081S48T7M/ref=sr_1_5773?brr=1&dchild=1&qid=1634421703&rd=1&s=digital-skills&sr=1-5773", "Science-facts": "https://www.amazon.com/Shaleen-Govil-Science-facts/dp/B081RY1NWW/ref=sr_1_5774?brr=1&dchild=1&qid=1634421703&rd=1&s=digital-skills&sr=1-5774", "Smite Assistant": "https://www.amazon.com/AlexM-Smite-Assistant/dp/B081RXSRVP/ref=sr_1_5775?brr=1&dchild=1&qid=1634421703&rd=1&s=digital-skills&sr=1-5775", "Ducha time": "https://www.amazon.com/Manolo-Ducha-time/dp/B081RT5R5Y/ref=sr_1_5776?brr=1&dchild=1&qid=1634421703&rd=1&s=digital-skills&sr=1-5776"}