{"Spanish indie groups": "https://www.amazon.com/Glolabe-Spanish-indie-groups/dp/B081QVGD5H/ref=sr_1_5793?brr=1&dchild=1&qid=1634421709&rd=1&s=digital-skills&sr=1-5793", "Bingo Nicknames": "https://www.amazon.com/Indie-Developer-Bingo-Nicknames/dp/B081QTZPZG/ref=sr_1_5794?brr=1&dchild=1&qid=1634421709&rd=1&s=digital-skills&sr=1-5794", "Trivia on France": "https://www.amazon.com/Lafontaine-Trivia-on-France/dp/B081QQWKXY/ref=sr_1_5795?brr=1&dchild=1&qid=1634421709&rd=1&s=digital-skills&sr=1-5795", "Loot Forecaster": "https://www.amazon.com/Jaime-Mart%C3%ADnez-Rinc%C3%B3n-Loot-Forecaster/dp/B081QQR23W/ref=sr_1_5796?brr=1&dchild=1&qid=1634421709&rd=1&s=digital-skills&sr=1-5796", "Silly Wow Facts": "https://www.amazon.com/exordesigns-Silly-Wow-Facts/dp/B081QGKPTG/ref=sr_1_5797?brr=1&dchild=1&qid=1634421709&rd=1&s=digital-skills&sr=1-5797", "cube diego": "https://www.amazon.com/anas-cube-diego/dp/B081QBVM2K/ref=sr_1_5798?brr=1&dchild=1&qid=1634421709&rd=1&s=digital-skills&sr=1-5798", "Magic Word": "https://www.amazon.com/Vocalime-com-Magic-Word/dp/B081Q51CYK/ref=sr_1_5799?brr=1&dchild=1&qid=1634421709&rd=1&s=digital-skills&sr=1-5799", "cube tony": "https://www.amazon.com/antonios-cube-tony/dp/B081Q2J6LG/ref=sr_1_5800?brr=1&dchild=1&qid=1634421709&rd=1&s=digital-skills&sr=1-5800", "Spanish female names": "https://www.amazon.com/wayfactory-Spanish-female-names/dp/B081Q2DNGQ/ref=sr_1_5801?brr=1&dchild=1&qid=1634421709&rd=1&s=digital-skills&sr=1-5801", "Emoji Quiz": "https://www.amazon.com/Tom-Berwick-Emoji-Quiz/dp/B081PZ95ZX/ref=sr_1_5802?brr=1&dchild=1&qid=1634421709&rd=1&s=digital-skills&sr=1-5802", "Guess The Number Game": "https://www.amazon.com/Rishabh-dinkar-Guess-Number-Game/dp/B081PY9821/ref=sr_1_5803?brr=1&dchild=1&qid=1634421709&rd=1&s=digital-skills&sr=1-5803", "Global Crisis": "https://www.amazon.com/TrulyGroup-Global-Crisis/dp/B081PWBCGZ/ref=sr_1_5804?brr=1&dchild=1&qid=1634421709&rd=1&s=digital-skills&sr=1-5804", "Space Fact": "https://www.amazon.com/Navneet-Singh-Negi-Space-Fact/dp/B081PVWLHJ/ref=sr_1_5805?brr=1&dchild=1&qid=1634421709&rd=1&s=digital-skills&sr=1-5805", "Let us travia": "https://www.amazon.com/Navneet-Singh-Negi-Let-travia/dp/B081PRPBSK/ref=sr_1_5806?brr=1&dchild=1&qid=1634421709&rd=1&s=digital-skills&sr=1-5806", "Spanish names": "https://www.amazon.com/wayfactory-Spanish-names/dp/B081PRDD98/ref=sr_1_5807?brr=1&dchild=1&qid=1634421709&rd=1&s=digital-skills&sr=1-5807", "The Random Color Game": "https://www.amazon.com/JuanMariAPP-The-Random-Color-Game/dp/B081PRC9N2/ref=sr_1_5808?brr=1&dchild=1&qid=1634421709&rd=1&s=digital-skills&sr=1-5808"}