{"Cube Diego": "https://www.amazon.com/Diegos-Cube-Diego/dp/B081PR2LKB/ref=sr_1_5809?brr=1&dchild=1&qid=1634421712&rd=1&s=digital-skills&sr=1-5809", "Castilian Sayings": "https://www.amazon.com/Glolabe-Castilian-Sayings/dp/B081PPD866/ref=sr_1_5810?brr=1&dchild=1&qid=1634421712&rd=1&s=digital-skills&sr=1-5810", "Anime fact": "https://www.amazon.com/GoodEnoughProjects-Anime-fact/dp/B081PGCSMJ/ref=sr_1_5811?brr=1&dchild=1&qid=1634421712&rd=1&s=digital-skills&sr=1-5811", "Dice Roll": "https://www.amazon.com/Pabkov-Dice-Roll/dp/B081PD8P2D/ref=sr_1_5812?brr=1&dchild=1&qid=1634421712&rd=1&s=digital-skills&sr=1-5812", "General Knowledge Quiz": "https://www.amazon.com/Peaksel-D-O-O-Nis-General-Knowledge/dp/B081PCRBGP/ref=sr_1_5813?brr=1&dchild=1&qid=1634421712&rd=1&s=digital-skills&sr=1-5813", "nine face dice": "https://www.amazon.com/danjimgar-nine-face-dice/dp/B081PB29TB/ref=sr_1_5814?brr=1&dchild=1&qid=1634421712&rd=1&s=digital-skills&sr=1-5814", "My Boo Butt": "https://www.amazon.com/Eli-My-Boo-Butt/dp/B081NTDG1R/ref=sr_1_5815?brr=1&dchild=1&qid=1634421712&rd=1&s=digital-skills&sr=1-5815", "broke dice": "https://www.amazon.com/borntobejuan-broke-dice/dp/B081NJR8Q3/ref=sr_1_5816?brr=1&dchild=1&qid=1634421712&rd=1&s=digital-skills&sr=1-5816", "Space Facts": "https://www.amazon.com/I-am-a-Student-Space/dp/B081NHJV31/ref=sr_1_5817?brr=1&dchild=1&qid=1634421712&rd=1&s=digital-skills&sr=1-5817", "rock paper scissors": "https://www.amazon.com/Galgotia-university-rock-paper-scissors/dp/B081NGKZ9J/ref=sr_1_5818?brr=1&dchild=1&qid=1634421712&rd=1&s=digital-skills&sr=1-5818", "food facts": "https://www.amazon.com/Shashi-Kumar-food-facts/dp/B081NGB776/ref=sr_1_5819?brr=1&dchild=1&qid=1634421712&rd=1&s=digital-skills&sr=1-5819", "Movie Quiz Game": "https://www.amazon.com/Thunderborn-Cloud-Movie-Quiz-Game/dp/B081NG886B/ref=sr_1_5820?brr=1&dchild=1&qid=1634421712&rd=1&s=digital-skills&sr=1-5820", "book facts": "https://www.amazon.com/Shashi-Kumar-book-facts/dp/B081NFXXXM/ref=sr_1_5821?brr=1&dchild=1&qid=1634421712&rd=1&s=digital-skills&sr=1-5821", "Ten sides dice": "https://www.amazon.com/APUESTASFREE-SL-Ten-sides-dice/dp/B081NFT521/ref=sr_1_5822?brr=1&dchild=1&qid=1634421712&rd=1&s=digital-skills&sr=1-5822", "Best Jokes": "https://www.amazon.com/Belorcio-Best-Jokes/dp/B081NFSCK7/ref=sr_1_5823?brr=1&dchild=1&qid=1634421712&rd=1&s=digital-skills&sr=1-5823", "Toss A Coin": "https://www.amazon.com/Rishabh-dinkar-Toss-A-Coin/dp/B081NDSHSF/ref=sr_1_5824?brr=1&dchild=1&qid=1634421712&rd=1&s=digital-skills&sr=1-5824"}