{"Cannes Festival Guru": "https://www.amazon.com/Por-Fuci%C3%B1os-Cacheiras-Cannes-Festival/dp/B081LPZJ25/ref=sr_1_5857?brr=1&dchild=1&qid=1634421721&rd=1&s=digital-skills&sr=1-5857", "Ten sides dice": "https://www.amazon.com/Flores-SL-Ten-sides-dice/dp/B081LP6WNV/ref=sr_1_5858?brr=1&dchild=1&qid=1634421721&rd=1&s=digital-skills&sr=1-5858", "Pick A Number": "https://www.amazon.com/JuanJoCZ-Pick-A-Number/dp/B081LDSYDB/ref=sr_1_5859?brr=1&dchild=1&qid=1634421721&rd=1&s=digital-skills&sr=1-5859", "Pick one": "https://www.amazon.com/M-Clement-Pick-one/dp/B081LBZT55/ref=sr_1_5860?brr=1&dchild=1&qid=1634421721&rd=1&s=digital-skills&sr=1-5860", "Head or Cross": "https://www.amazon.com/Rok-ONE-Head-or-Cross/dp/B081L493NV/ref=sr_1_5861?brr=1&dchild=1&qid=1634421721&rd=1&s=digital-skills&sr=1-5861", "Fact Techs": "https://www.amazon.com/Jarvis-Fact-Techs/dp/B081KZY21J/ref=sr_1_5862?brr=1&dchild=1&qid=1634421721&rd=1&s=digital-skills&sr=1-5862", "Word Of The Day": "https://www.amazon.com/IISS-LUIGI-DELLERBA-Word-The/dp/B081KVDNKJ/ref=sr_1_5863?brr=1&dchild=1&qid=1634421721&rd=1&s=digital-skills&sr=1-5863", "Drag Quiz": "https://www.amazon.com/Sophie-Foyston-Drag-Quiz/dp/B081KQRZ6Q/ref=sr_1_5864?brr=1&dchild=1&qid=1634421721&rd=1&s=digital-skills&sr=1-5864", "Islamic History": "https://www.amazon.com/BogStandard-Islamic-History/dp/B081KQ817B/ref=sr_1_5865?brr=1&dchild=1&qid=1634421721&rd=1&s=digital-skills&sr=1-5865", "The Visitors quiz": "https://www.amazon.com/nickeleg-The-Visitors-quiz/dp/B081KBF4HT/ref=sr_1_5866?brr=1&dchild=1&qid=1634421721&rd=1&s=digital-skills&sr=1-5866", "Astroturkeys": "https://www.amazon.com/Touch-Press-Astroturkeys/dp/B081K619QK/ref=sr_1_5867?brr=1&dchild=1&qid=1634421721&rd=1&s=digital-skills&sr=1-5867", "Play Slot": "https://www.amazon.com/TZ-TECHNO-Play-Slot/dp/B081JYKJDY/ref=sr_1_5868?brr=1&dchild=1&qid=1634421721&rd=1&s=digital-skills&sr=1-5868", "Kitten maniac": "https://www.amazon.com/Wes-Kitten-maniac/dp/B081JYJ6MD/ref=sr_1_5869?brr=1&dchild=1&qid=1634421721&rd=1&s=digital-skills&sr=1-5869", "animals curiosities": "https://www.amazon.com/puntodecontrol-animals-curiosities/dp/B081JVTL8T/ref=sr_1_5870?brr=1&dchild=1&qid=1634421721&rd=1&s=digital-skills&sr=1-5870", "sports fact": "https://www.amazon.com/Md-Faiz-sports-fact/dp/B081JSNS19/ref=sr_1_5871?brr=1&dchild=1&qid=1634421721&rd=1&s=digital-skills&sr=1-5871", "Scrub the Tub": "https://www.amazon.com/Doug-Reynolds-Scrub-the-Tub/dp/B081JS9GZP/ref=sr_1_5872?brr=1&dchild=1&qid=1634421721&rd=1&s=digital-skills&sr=1-5872"}