{"Quiz stargate": "https://www.amazon.com/auditore-e-Quiz-stargate/dp/B081JS41P2/ref=sr_1_5873?brr=1&dchild=1&qid=1634421724&rd=1&s=digital-skills&sr=1-5873", "Pirate Island": "https://www.amazon.com/h0psing-Pirate-Island/dp/B081JMSBSJ/ref=sr_1_5874?brr=1&dchild=1&qid=1634421724&rd=1&s=digital-skills&sr=1-5874", "Christmas Riddles": "https://www.amazon.com/MSIM-Consulting-Christmas-Riddles/dp/B081JKH3Z8/ref=sr_1_5875?brr=1&dchild=1&qid=1634421724&rd=1&s=digital-skills&sr=1-5875", "Mister Trivia": "https://www.amazon.com/GAN-MEDIA-GROUP-Mister-Trivia/dp/B081JGR52J/ref=sr_1_5876?brr=1&dchild=1&qid=1634421724&rd=1&s=digital-skills&sr=1-5876", "food facts": "https://www.amazon.com/Nilesh-Shekher-food-facts/dp/B081JB6YX7/ref=sr_1_5877?brr=1&dchild=1&qid=1634421724&rd=1&s=digital-skills&sr=1-5877", "Gruffalo Move": "https://www.amazon.com/Magic-Light-Pictures-Gruffalo-Move/dp/B081J4633W/ref=sr_1_5878?brr=1&dchild=1&qid=1634421724&rd=1&s=digital-skills&sr=1-5878", "Empire Quiz": "https://www.amazon.com/Bigone-Studio-Empire-Quiz/dp/B081J3RM3X/ref=sr_1_5879?brr=1&dchild=1&qid=1634421724&rd=1&s=digital-skills&sr=1-5879", "Whippa Rap": "https://www.amazon.com/AU-Account-Whippa-Rap/dp/B081J38MV3/ref=sr_1_5880?brr=1&dchild=1&qid=1634421724&rd=1&s=digital-skills&sr=1-5880", "Graphic dictation": "https://www.amazon.com/edodev-Graphic-dictation/dp/B081J2P6JW/ref=sr_1_5881?brr=1&dchild=1&qid=1634421724&rd=1&s=digital-skills&sr=1-5881", "The Shut Box. Schr\u00f6dinger's Cat": "https://www.amazon.com/The-Shut-Box-Schr%C3%B6dingers-Cat/dp/B081J1QSJF/ref=sr_1_5882?brr=1&dchild=1&qid=1634421724&rd=1&s=digital-skills&sr=1-5882", "TV series facts": "https://www.amazon.com/josem11200-TV-series-facts/dp/B081HY9MSY/ref=sr_1_5883?brr=1&dchild=1&qid=1634421724&rd=1&s=digital-skills&sr=1-5883", "The Football facts": "https://www.amazon.com/Sankalp-The-Football-facts/dp/B081HXXXG3/ref=sr_1_5884?brr=1&dchild=1&qid=1634421724&rd=1&s=digital-skills&sr=1-5884", "MyCrush by Is It Love?": "https://www.amazon.com/MyCrush-by-Is-It-Love/dp/B081HXHB7D/ref=sr_1_5885?brr=1&dchild=1&qid=1634421724&rd=1&s=digital-skills&sr=1-5885", "Random airplane model": "https://www.amazon.com/Everis-Random-airplane-model/dp/B081H99B25/ref=sr_1_5886?brr=1&dchild=1&qid=1634421724&rd=1&s=digital-skills&sr=1-5886", "The Wololo Scribe": "https://www.amazon.com/IsoSpear-The-Wololo-Scribe/dp/B081H7LPHH/ref=sr_1_5887?brr=1&dchild=1&qid=1634421724&rd=1&s=digital-skills&sr=1-5887", "My Rail Facts": "https://www.amazon.com/Shubham-Shukla-My-Rail-Facts/dp/B081H6RYRR/ref=sr_1_5888?brr=1&dchild=1&qid=1634421724&rd=1&s=digital-skills&sr=1-5888"}