{"random fantasy character": "https://www.amazon.com/Everis-random-fantasy-character/dp/B081H6BF4Q/ref=sr_1_5889?brr=1&dchild=1&qid=1634421727&rd=1&s=digital-skills&sr=1-5889", "Ghostbusters Quotes": "https://www.amazon.com/Casual-Fridays-Ghostbusters-Quotes/dp/B081H4VFWX/ref=sr_1_5890?brr=1&dchild=1&qid=1634421727&rd=1&s=digital-skills&sr=1-5890", "Fact or Fiction Quiz": "https://www.amazon.com/Apscot-Fact-or-Fiction-Quiz/dp/B081H47TXG/ref=sr_1_5891?brr=1&dchild=1&qid=1634421727&rd=1&s=digital-skills&sr=1-5891", "Random funny quotes": "https://www.amazon.com/Guillermo-Random-funny-quotes/dp/B081H3BF81/ref=sr_1_5892?brr=1&dchild=1&qid=1634421727&rd=1&s=digital-skills&sr=1-5892", "Random Facts": "https://www.amazon.com/Ante-Random-Facts/dp/B081H2HSYV/ref=sr_1_5893?brr=1&dchild=1&qid=1634421727&rd=1&s=digital-skills&sr=1-5893", "What Animal Am I?": "https://www.amazon.com/Sharman-What-Animal-Am-I/dp/B081GV8Y7V/ref=sr_1_5894?brr=1&dchild=1&qid=1634421727&rd=1&s=digital-skills&sr=1-5894", "House Stark Quiz": "https://www.amazon.com/Harshil-Sharaf-House-Stark-Quiz/dp/B081GRYKB7/ref=sr_1_5895?brr=1&dchild=1&qid=1634421727&rd=1&s=digital-skills&sr=1-5895", "Mini Doll Kits": "https://www.amazon.com/GM-Web-Services-Mini-Doll/dp/B081GQRYTC/ref=sr_1_5896?brr=1&dchild=1&qid=1634421727&rd=1&s=digital-skills&sr=1-5896", "Monkey Facts": "https://www.amazon.com/sergio404-Monkey-Facts/dp/B081GP323Q/ref=sr_1_5897?brr=1&dchild=1&qid=1634421727&rd=1&s=digital-skills&sr=1-5897", "Random Electronic Genre": "https://www.amazon.com/Delas-Random-Electronic-Genre/dp/B081GMRBRZ/ref=sr_1_5898?brr=1&dchild=1&qid=1634421727&rd=1&s=digital-skills&sr=1-5898", "How I Met Your Mother Quotes": "https://www.amazon.com/How-Met-Your-Mother-Quotes/dp/B081GLNQ9W/ref=sr_1_5899?brr=1&dchild=1&qid=1634421727&rd=1&s=digital-skills&sr=1-5899", "Spanish Jokes": "https://www.amazon.com/Larios-Comp-Spanish-Jokes/dp/B081GJB3KV/ref=sr_1_5900?brr=1&dchild=1&qid=1634421727&rd=1&s=digital-skills&sr=1-5900", "leko facts": "https://www.amazon.com/leko549-leko-facts/dp/B081GHRKSV/ref=sr_1_5901?brr=1&dchild=1&qid=1634421727&rd=1&s=digital-skills&sr=1-5901", "My Christmas letter": "https://www.amazon.com/Wes-My-Christmas-letter/dp/B081GBWNVJ/ref=sr_1_5902?brr=1&dchild=1&qid=1634421727&rd=1&s=digital-skills&sr=1-5902", "Quiz Master": "https://www.amazon.com/lorethefixer-Quiz-Master/dp/B081G5RP24/ref=sr_1_5903?brr=1&dchild=1&qid=1634421727&rd=1&s=digital-skills&sr=1-5903", "My timetable": "https://www.amazon.com/Akshit-Khajuria-My-timetable/dp/B081FVPGM3/ref=sr_1_5904?brr=1&dchild=1&qid=1634421727&rd=1&s=digital-skills&sr=1-5904"}