{"Big Ben": "https://www.amazon.com/elyob-Big-Ben/dp/B07BZM5RGJ/ref=sr_1_577?brr=1&dchild=1&qid=1634420781&rd=1&s=digital-skills&sr=1-577", "The Conspiracy Theory Escape Room": "https://www.amazon.com/The-Conspiracy-Theory-Escape-Room/dp/B08K9G8R3H/ref=sr_1_578?brr=1&dchild=1&qid=1634420781&rd=1&s=digital-skills&sr=1-578", "Escape the Hideout": "https://www.amazon.com/Voice-Apps-LLC-Escape-Hideout/dp/B07S6NDDQJ/ref=sr_1_579?brr=1&dchild=1&qid=1634420781&rd=1&s=digital-skills&sr=1-579", "Holy Bible Trivia": "https://www.amazon.com/Arthur-Christoph-Holy-Bible-Trivia/dp/B074DQNXSF/ref=sr_1_580?brr=1&dchild=1&qid=1634420781&rd=1&s=digital-skills&sr=1-580", "Daily Poker Tips from Smart Poker Study": "https://www.amazon.com/Daily-Poker-Tips-Smart-Study/dp/B07WVR6N3S/ref=sr_1_581?brr=1&dchild=1&qid=1634420781&rd=1&s=digital-skills&sr=1-581", "Musical Chairs": "https://www.amazon.com/Echo-Charlie-LLC-Musical-Chairs/dp/B07JR7ZQ85/ref=sr_1_582?brr=1&dchild=1&qid=1634420781&rd=1&s=digital-skills&sr=1-582", "Christmas Facts": "https://www.amazon.com/JSticks21-Christmas-Facts/dp/B078HWT547/ref=sr_1_583?brr=1&dchild=1&qid=1634420781&rd=1&s=digital-skills&sr=1-583", "Charlie's Magic Socks": "https://www.amazon.com/VoxLR8-Charlies-Magic-Socks/dp/B07N3S9YX4/ref=sr_1_584?brr=1&dchild=1&qid=1634420781&rd=1&s=digital-skills&sr=1-584", "Halloween Feel The Pressure": "https://www.amazon.com/Drew-Cosgrove-Halloween-Feel-Pressure/dp/B075JRHJXC/ref=sr_1_585?brr=1&dchild=1&qid=1634420781&rd=1&s=digital-skills&sr=1-585", "Premium Gold facts": "https://www.amazon.com/Pramod-Premium-Gold-facts/dp/B09BDQWRM1/ref=sr_1_586?brr=1&dchild=1&qid=1634420781&rd=1&s=digital-skills&sr=1-586", "name generator": "https://www.amazon.com/Upper-Batley-High-School-generator/dp/B081SB7KYP/ref=sr_1_587?brr=1&dchild=1&qid=1634420781&rd=1&s=digital-skills&sr=1-587", "Stephen King Trivia": "https://www.amazon.com/TVR-Stephen-King-Trivia/dp/B084MBDQVS/ref=sr_1_588?brr=1&dchild=1&qid=1634420781&rd=1&s=digital-skills&sr=1-588", "Dungeon Sounds": "https://www.amazon.com/SexyHackers-com-Dungeon-Sounds/dp/B07BHJY2G2/ref=sr_1_589?brr=1&dchild=1&qid=1634420781&rd=1&s=digital-skills&sr=1-589", "Name My Pet": "https://www.amazon.com/Steven-Foyston-Name-My-Pet/dp/B09CSYCR5W/ref=sr_1_590?brr=1&dchild=1&qid=1634420781&rd=1&s=digital-skills&sr=1-590", "Are You Psychic?": "https://www.amazon.com/Studio-Carlton-Are-You-Psychic/dp/B08NTG6DVP/ref=sr_1_591?brr=1&dchild=1&qid=1634420781&rd=1&s=digital-skills&sr=1-591", "Life Trip": "https://www.amazon.com/Rendered-Ideas-Life-Trip/dp/B07XXLQJYY/ref=sr_1_592?brr=1&dchild=1&qid=1634420781&rd=1&s=digital-skills&sr=1-592"}