{"VoiceAssistantAdventure": "https://www.amazon.com/Christian-Hawkins-VoiceAssistantAdventure/dp/B081D9K7HB/ref=sr_1_5921?brr=1&dchild=1&qid=1634421733&rd=1&s=digital-skills&sr=1-5921", "Kanakku pudhir": "https://www.amazon.com/S-Krupashankar-Kanakku-pudhir/dp/B081D5WJSY/ref=sr_1_5922?brr=1&dchild=1&qid=1634421733&rd=1&s=digital-skills&sr=1-5922", "programming cheatsheet": "https://www.amazon.com/lpu-programming-cheatsheet/dp/B081D1R3G9/ref=sr_1_5926?brr=1&dchild=1&qid=1634421733&rd=1&s=digital-skills&sr=1-5926", "Programming-Cheatsheet": "https://www.amazon.com/SANGAM-AGRAWAL-Programming-Cheatsheet/dp/B081D275K9/ref=sr_1_5924?brr=1&dchild=1&qid=1634421733&rd=1&s=digital-skills&sr=1-5924", "Famous quotes": "https://www.amazon.com/Romain-Veillerot-Famous-quotes/dp/B081D1Q7XZ/ref=sr_1_5927?brr=1&dchild=1&qid=1634421733&rd=1&s=digital-skills&sr=1-5927", "History Quiz": "https://www.amazon.com/remjln-History-Quiz/dp/B081D117DV/ref=sr_1_5928?brr=1&dchild=1&qid=1634421733&rd=1&s=digital-skills&sr=1-5928", "True or False Trivia": "https://www.amazon.com/Fruit-Soup-Media-False-Trivia/dp/B081CSK3GL/ref=sr_1_5929?brr=1&dchild=1&qid=1634421733&rd=1&s=digital-skills&sr=1-5929", "Harvey Dent's Coin": "https://www.amazon.com/jlaguna-dev-Harvey-Dents-Coin/dp/B081CHRDB3/ref=sr_1_5930?brr=1&dchild=1&qid=1634421733&rd=1&s=digital-skills&sr=1-5930", "Harappan Cow": "https://www.amazon.com/Harsh-Bardhan-Mishra-Harappan-Cow/dp/B081C9WJ6X/ref=sr_1_5931?brr=1&dchild=1&qid=1634421733&rd=1&s=digital-skills&sr=1-5931", "programming cheat sheet": "https://www.amazon.com/Vikas-saini-programming-cheat-sheet/dp/B081C8XVC6/ref=sr_1_5932?brr=1&dchild=1&qid=1634421733&rd=1&s=digital-skills&sr=1-5932", "Bhartiya Sena Facts": "https://www.amazon.com/Harsh-Bardhan-Mishra-Bhartiya-Facts/dp/B081C7BWC8/ref=sr_1_5933?brr=1&dchild=1&qid=1634421733&rd=1&s=digital-skills&sr=1-5933", "My funny friend": "https://www.amazon.com/Rohan-sharma-My-funny-friend/dp/B081C6YL87/ref=sr_1_5934?brr=1&dchild=1&qid=1634421733&rd=1&s=digital-skills&sr=1-5934", "End Season Fornite": "https://www.amazon.com/AsDf69-End-Season-Fornite/dp/B081B5B4KD/ref=sr_1_5935?brr=1&dchild=1&qid=1634421733&rd=1&s=digital-skills&sr=1-5935", "bob story": "https://www.amazon.com/Vijayalakshmi-bob-story/dp/B081B2HHND/ref=sr_1_5936?brr=1&dchild=1&qid=1634421733&rd=1&s=digital-skills&sr=1-5936"}