{"Void Warper - A sci-fi adventure game": "https://www.amazon.com/Void-Warper-sci-fi-adventure-game/dp/B081756QN1/ref=sr_1_5969?brr=1&dchild=1&qid=1634421742&rd=1&s=digital-skills&sr=1-5969", "Clip that someone clip that": "https://www.amazon.com/Clip-that-someone-clip/dp/B081755NL1/ref=sr_1_5970?brr=1&dchild=1&qid=1634421742&rd=1&s=digital-skills&sr=1-5970", "Whose Turn": "https://www.amazon.com/JaiJayy-Whose-Turn/dp/B08174BXFC/ref=sr_1_5971?brr=1&dchild=1&qid=1634421742&rd=1&s=digital-skills&sr=1-5971", "Unofficial Pokedex (Gen 1-7)": "https://www.amazon.com/Edgar-Cerna-Unofficial-Pokedex-Gen/dp/B0817393PV/ref=sr_1_5972?brr=1&dchild=1&qid=1634421742&rd=1&s=digital-skills&sr=1-5972", "Unofficial Star Wars Puns": "https://www.amazon.com/Ryan-Whitwell-Unofficial-Star-Wars/dp/B0816T9WFR/ref=sr_1_5973?brr=1&dchild=1&qid=1634421742&rd=1&s=digital-skills&sr=1-5973", "Safari TV": "https://www.amazon.com/Safari-TV/dp/B0816N5DVM/ref=sr_1_5974?brr=1&dchild=1&qid=1634421742&rd=1&s=digital-skills&sr=1-5974", "TalkShow": "https://www.amazon.com/John-Dimm-TalkShow/dp/B0816KVF14/ref=sr_1_5975?brr=1&dchild=1&qid=1634421742&rd=1&s=digital-skills&sr=1-5975", "Mathematical Jokes": "https://www.amazon.com/Vaniel-Mathematical-Jokes/dp/B0816HM733/ref=sr_1_5976?brr=1&dchild=1&qid=1634421742&rd=1&s=digital-skills&sr=1-5976", "Chuck Norris Jokes": "https://www.amazon.com/Arthur3aa-Chuck-Norris-Jokes/dp/B0816FLTRG/ref=sr_1_5977?brr=1&dchild=1&qid=1634421742&rd=1&s=digital-skills&sr=1-5977", "IT Jokes": "https://www.amazon.com/Candice-IT-Jokes/dp/B081672VDR/ref=sr_1_5978?brr=1&dchild=1&qid=1634421742&rd=1&s=digital-skills&sr=1-5978", "Dog Facts": "https://www.amazon.com/ESCAPE-Dog-Facts/dp/B0816687TH/ref=sr_1_5979?brr=1&dchild=1&qid=1634421742&rd=1&s=digital-skills&sr=1-5979", "Amazing Tech Facts": "https://www.amazon.com/Abhishek-Bhosale-Amazing-Tech-Facts/dp/B08165JX84/ref=sr_1_5980?brr=1&dchild=1&qid=1634421742&rd=1&s=digital-skills&sr=1-5980", "Fortnite Sounds": "https://www.amazon.com/Gaggle-Fortnite-Sounds/dp/B08165359R/ref=sr_1_5981?brr=1&dchild=1&qid=1634421742&rd=1&s=digital-skills&sr=1-5981", "Islamic Quiz": "https://www.amazon.com/tafsha-Islamic-Quiz/dp/B0815R5D63/ref=sr_1_5982?brr=1&dchild=1&qid=1634421742&rd=1&s=digital-skills&sr=1-5982", "Metal Bands Game": "https://www.amazon.com/Akerbeltz-Metal-Bands-Game/dp/B081542JX1/ref=sr_1_5983?brr=1&dchild=1&qid=1634421742&rd=1&s=digital-skills&sr=1-5983", "Cats facts": "https://www.amazon.com/SCA-Cats-facts/dp/B08152F751/ref=sr_1_5984?brr=1&dchild=1&qid=1634421742&rd=1&s=digital-skills&sr=1-5984"}