{"Tatskichu's Queue": "https://www.amazon.com/lookapanda-Tatskichus-Queue/dp/B0814Z9N67/ref=sr_1_5985?brr=1&dchild=1&qid=1634421745&rd=1&s=digital-skills&sr=1-5985", "Beat Surfer": "https://www.amazon.com/AngryByte-Beat-Surfer/dp/B0814YK1C2/ref=sr_1_5986?brr=1&dchild=1&qid=1634421745&rd=1&s=digital-skills&sr=1-5986", "fallout": "https://www.amazon.com/Oscar-fallout/dp/B0814WXB5T/ref=sr_1_5987?brr=1&dchild=1&qid=1634421745&rd=1&s=digital-skills&sr=1-5987", "DEIT1": "https://www.amazon.com/qwertyui-DEIT1/dp/B0814Q6K1X/ref=sr_1_5988?brr=1&dchild=1&qid=1634421745&rd=1&s=digital-skills&sr=1-5988", "Flip a Coin": "https://www.amazon.com/DieKautz-Flip-a-Coin/dp/B0814N5YFR/ref=sr_1_5989?brr=1&dchild=1&qid=1634421745&rd=1&s=digital-skills&sr=1-5989", "Fact Fun Weekly": "https://www.amazon.com/J4D-Fact-Fun-Weekly/dp/B0814LSC6L/ref=sr_1_5990?brr=1&dchild=1&qid=1634421745&rd=1&s=digital-skills&sr=1-5990", "Team Trees": "https://www.amazon.com/LiamSorta-Team-Trees/dp/B0814LGFV6/ref=sr_1_5991?brr=1&dchild=1&qid=1634421745&rd=1&s=digital-skills&sr=1-5991", "Math Rocket": "https://www.amazon.com/Geekycoders-Math-Rocket/dp/B0814JSDM6/ref=sr_1_5992?brr=1&dchild=1&qid=1634421745&rd=1&s=digital-skills&sr=1-5992", "Whose Turn": "https://www.amazon.com/Mom-Whose-Turn/dp/B0814FBJ1D/ref=sr_1_5993?brr=1&dchild=1&qid=1634421745&rd=1&s=digital-skills&sr=1-5993", "Maths Quiz": "https://www.amazon.com/Deals-Maths-Quiz/dp/B0814C1P59/ref=sr_1_5994?brr=1&dchild=1&qid=1634421745&rd=1&s=digital-skills&sr=1-5994", "This card is legal in Magic: The Gathering?": "https://www.amazon.com/This-card-legal-Magic-Gathering/dp/B0814B7YYL/ref=sr_1_5995?brr=1&dchild=1&qid=1634421745&rd=1&s=digital-skills&sr=1-5995", "Bonnie Q": "https://www.amazon.com/Botsquad-Bonnie-Q/dp/B081481D3G/ref=sr_1_5996?brr=1&dchild=1&qid=1634421745&rd=1&s=digital-skills&sr=1-5996", "Human Stopwatch": "https://www.amazon.com/greenfoo-Human-Stopwatch/dp/B081419STZ/ref=sr_1_5997?brr=1&dchild=1&qid=1634421745&rd=1&s=digital-skills&sr=1-5997", "Warcraft Jokes": "https://www.amazon.com/Jeffrey-FORET-Warcraft-Jokes/dp/B0813VCRF3/ref=sr_1_5998?brr=1&dchild=1&qid=1634421745&rd=1&s=digital-skills&sr=1-5998", "Ghetto Pass": "https://www.amazon.com/A-Pete-Dyer-Ghetto-Pass/dp/B0813SHZPB/ref=sr_1_5999?brr=1&dchild=1&qid=1634421745&rd=1&s=digital-skills&sr=1-5999", "Peaky Blinders Trivia": "https://www.amazon.com/Swapnil-Sharma-Peaky-Blinders-Trivia/dp/B0813RVPNS/ref=sr_1_6000?brr=1&dchild=1&qid=1634421745&rd=1&s=digital-skills&sr=1-6000"}