{"Box of Dogs": "https://www.amazon.com/Iguana-ASD-Box-of-Dogs/dp/B07ZZ7TYHM/ref=sr_1_6033?brr=1&dchild=1&qid=1634421754&rd=1&s=digital-skills&sr=1-6033", "Marriage Trivia": "https://www.amazon.com/John-Bet-Marriage-Trivia/dp/B07ZZ7J3ZM/ref=sr_1_6034?brr=1&dchild=1&qid=1634421754&rd=1&s=digital-skills&sr=1-6034", "Jazmin's Day": "https://www.amazon.com/Leeanne-Jazmins-Day/dp/B07ZZ62VT2/ref=sr_1_6035?brr=1&dchild=1&qid=1634421754&rd=1&s=digital-skills&sr=1-6035", "Whose Turn": "https://www.amazon.com/ttv-ralouf-Whose-Turn/dp/B07ZZ346CG/ref=sr_1_6036?brr=1&dchild=1&qid=1634421754&rd=1&s=digital-skills&sr=1-6036", "My Retard": "https://www.amazon.com/Caden-My-Retard/dp/B07ZYVSHK9/ref=sr_1_6037?brr=1&dchild=1&qid=1634421754&rd=1&s=digital-skills&sr=1-6037", "Accra facts": "https://www.amazon.com/Josiah-Accra-facts/dp/B07ZYR6BDP/ref=sr_1_6038?brr=1&dchild=1&qid=1634421754&rd=1&s=digital-skills&sr=1-6038", "lottery number": "https://www.amazon.com/S_M_S-lottery-number/dp/B07ZYNMVPK/ref=sr_1_6039?brr=1&dchild=1&qid=1634421754&rd=1&s=digital-skills&sr=1-6039", "Mindbliss Meditation": "https://www.amazon.com/Vecgraph-Mindbliss-Meditation/dp/B07ZYMJWYS/ref=sr_1_6040?brr=1&dchild=1&qid=1634421754&rd=1&s=digital-skills&sr=1-6040", "TFT recipes": "https://www.amazon.com/P%C3%ADa-Barcel%C3%B3-TFT-recipes/dp/B07ZYJBJS4/ref=sr_1_6041?brr=1&dchild=1&qid=1634421754&rd=1&s=digital-skills&sr=1-6041", "Borders Quiz": "https://www.amazon.com/Soncasti-Borders-Quiz/dp/B07ZYB1L13/ref=sr_1_6042?brr=1&dchild=1&qid=1634421754&rd=1&s=digital-skills&sr=1-6042", "Random Trivia": "https://www.amazon.com/Caltapult-Random-Trivia/dp/B07ZY5HLNM/ref=sr_1_6043?brr=1&dchild=1&qid=1634421754&rd=1&s=digital-skills&sr=1-6043", "Quick Three": "https://www.amazon.com/Jeff-Niemann-Quick-Three/dp/B07ZY3Q2C5/ref=sr_1_6044?brr=1&dchild=1&qid=1634421754&rd=1&s=digital-skills&sr=1-6044", "Poker Dice": "https://www.amazon.com/Abelda-Poker-Dice/dp/B07ZY389Y7/ref=sr_1_6045?brr=1&dchild=1&qid=1634421754&rd=1&s=digital-skills&sr=1-6045", "Glasgow Rangers facts": "https://www.amazon.com/Rangers-Fan-Glasgow-facts/dp/B07ZXWHQ53/ref=sr_1_6046?brr=1&dchild=1&qid=1634421754&rd=1&s=digital-skills&sr=1-6046", "Happy family": "https://www.amazon.com/Xavier-Happy-family/dp/B07ZXV17JL/ref=sr_1_6047?brr=1&dchild=1&qid=1634421754&rd=1&s=digital-skills&sr=1-6047", "Friends Trivia": "https://www.amazon.com/Ryan-Kauffman-Friends-Trivia/dp/B07ZXTDVHB/ref=sr_1_6048?brr=1&dchild=1&qid=1634421754&rd=1&s=digital-skills&sr=1-6048"}