{"Watch Your Words": "https://www.amazon.com/Nickelodeon-Watch-Your-Words/dp/B07LH8SC38/ref=sr_1_593?brr=1&dchild=1&qid=1634420784&rd=1&s=digital-skills&sr=1-593", "Pick the best drone with Drone Rush": "https://www.amazon.com/Pick-best-drone-Drone-Rush/dp/B073WR2SJH/ref=sr_1_594?brr=1&dchild=1&qid=1634420784&rd=1&s=digital-skills&sr=1-594", "boba milktea": "https://www.amazon.com/mobiusring-boba-milktea/dp/B072MFTD79/ref=sr_1_595?brr=1&dchild=1&qid=1634420784&rd=1&s=digital-skills&sr=1-595", "Summon Pot of Greed": "https://www.amazon.com/Adam-Ash-Summon-Pot-Greed/dp/B08T8YSKWH/ref=sr_1_596?brr=1&dchild=1&qid=1634420784&rd=1&s=digital-skills&sr=1-596", "Boston College Eagles Game Tracker": "https://www.amazon.com/Boston-College-Eagles-Game-Tracker/dp/B074SFJQZN/ref=sr_1_597?brr=1&dchild=1&qid=1634420784&rd=1&s=digital-skills&sr=1-597", "My Facts one": "https://www.amazon.com/testing-ridhima-My-Facts-one/dp/B09HJCCV3C/ref=sr_1_598?brr=1&dchild=1&qid=1634420784&rd=1&s=digital-skills&sr=1-598", "Universal Monsters Quiz": "https://www.amazon.com/Jeremy-H-Universal-Monsters-Quiz/dp/B07P2CGQKP/ref=sr_1_599?brr=1&dchild=1&qid=1634420784&rd=1&s=digital-skills&sr=1-599", "Running Water Sounds": "https://www.amazon.com/Axantic-Running-Water-Sounds/dp/B09HRV6ZPX/ref=sr_1_600?brr=1&dchild=1&qid=1634420784&rd=1&s=digital-skills&sr=1-600", "The Loud House Challenge": "https://www.amazon.com/Nickelodeon-The-Loud-House-Challenge/dp/B079Q89NRS/ref=sr_1_601?brr=1&dchild=1&qid=1634420784&rd=1&s=digital-skills&sr=1-601", "Hot Girl": "https://www.amazon.com/Mayuresh-Raut-Hot-Girl/dp/B01H9WWTBO/ref=sr_1_602?brr=1&dchild=1&qid=1634420784&rd=1&s=digital-skills&sr=1-602", "Tiramisu Facts": "https://www.amazon.com/LightSlashM-Tiramisu-Facts/dp/B072MHFQTV/ref=sr_1_603?brr=1&dchild=1&qid=1634420784&rd=1&s=digital-skills&sr=1-603", "Interactive Fiction": "https://www.amazon.com/Vitaly-Lishchenko-Interactive-Fiction/dp/B01IVEANGM/ref=sr_1_604?brr=1&dchild=1&qid=1634420784&rd=1&s=digital-skills&sr=1-604", "Jarvis Facts": "https://www.amazon.com/Aaryan-Verma-Jarvis-Facts/dp/B07JBKX9QT/ref=sr_1_605?brr=1&dchild=1&qid=1634420784&rd=1&s=digital-skills&sr=1-605", "Black Ops Four Specialist Randomizer": "https://www.amazon.com/Black-Ops-Four-Specialist-Randomizer/dp/B07JK1CL5D/ref=sr_1_606?brr=1&dchild=1&qid=1634420784&rd=1&s=digital-skills&sr=1-606", "Bamboo Luminaries": "https://www.amazon.com/Bamboo-Learning-Inc-Luminaries/dp/B082BGZP2R/ref=sr_1_607?brr=1&dchild=1&qid=1634420784&rd=1&s=digital-skills&sr=1-607", "Depeche Mode Lyrics Quiz": "https://www.amazon.com/Chris-Langevin-Depeche-Mode-Lyrics/dp/B07JNH6WCL/ref=sr_1_608?brr=1&dchild=1&qid=1634420784&rd=1&s=digital-skills&sr=1-608"}