{"Craft Recipes": "https://www.amazon.com/Adri%C3%A1n-Alonso-Gonz%C3%A1lez-Craft-Recipes/dp/B07ZT4VMJM/ref=sr_1_6065?brr=1&dchild=1&qid=1634421760&rd=1&s=digital-skills&sr=1-6065", "SongWriter": "https://www.amazon.com/Shadowfax-Software-SongWriter/dp/B07ZT4LP66/ref=sr_1_6066?brr=1&dchild=1&qid=1634421760&rd=1&s=digital-skills&sr=1-6066", "Spidy Facts": "https://www.amazon.com/Abbey-Spidy-Facts/dp/B07ZT3H3CL/ref=sr_1_6067?brr=1&dchild=1&qid=1634421760&rd=1&s=digital-skills&sr=1-6067", "Quizmaster": "https://www.amazon.com/Oguz-Demirbasci-Quizmaster/dp/B07ZSYFJHK/ref=sr_1_6068?brr=1&dchild=1&qid=1634421760&rd=1&s=digital-skills&sr=1-6068", "Engineering Facts": "https://www.amazon.com/Abbey-Engineering-Facts/dp/B07ZSVZ6SL/ref=sr_1_6069?brr=1&dchild=1&qid=1634421760&rd=1&s=digital-skills&sr=1-6069", "cake walking again": "https://www.amazon.com/vasuvg-cake-walking-again/dp/B07ZSVS3RQ/ref=sr_1_6070?brr=1&dchild=1&qid=1634421760&rd=1&s=digital-skills&sr=1-6070", "Dark Humor Jokes": "https://www.amazon.com/Kshitij-Jaiswal-Dark-Humor-Jokes/dp/B07ZSR9KC2/ref=sr_1_6071?brr=1&dchild=1&qid=1634421760&rd=1&s=digital-skills&sr=1-6071", "Quote of the Day": "https://www.amazon.com/AdrianPal-Quote-of-the-Day/dp/B07ZS1YHJY/ref=sr_1_6072?brr=1&dchild=1&qid=1634421760&rd=1&s=digital-skills&sr=1-6072", "Movie Geek": "https://www.amazon.com/sscodes-Movie-Geek/dp/B07ZRML8BC/ref=sr_1_6073?brr=1&dchild=1&qid=1634421760&rd=1&s=digital-skills&sr=1-6073", "Sopranos quotes": "https://www.amazon.com/000000-Sopranos-quotes/dp/B07ZRL5GWY/ref=sr_1_6074?brr=1&dchild=1&qid=1634421760&rd=1&s=digital-skills&sr=1-6074", "lol english news": "https://www.amazon.com/jjorda-lol-english-news/dp/B07ZRKMK21/ref=sr_1_6075?brr=1&dchild=1&qid=1634421760&rd=1&s=digital-skills&sr=1-6075", "Data Driven Trivia": "https://www.amazon.com/Data-Driven-Design-LLC-Trivia/dp/B07ZRF56PH/ref=sr_1_6076?brr=1&dchild=1&qid=1634421760&rd=1&s=digital-skills&sr=1-6076", "cake walk": "https://www.amazon.com/vasuvg-cake-walk/dp/B07ZR9N1PQ/ref=sr_1_6077?brr=1&dchild=1&qid=1634421760&rd=1&s=digital-skills&sr=1-6077", "Blog of legends": "https://www.amazon.com/jjorda-Blog-of-legends/dp/B07ZR844GC/ref=sr_1_6078?brr=1&dchild=1&qid=1634421760&rd=1&s=digital-skills&sr=1-6078", "Beat The Family": "https://www.amazon.com/Colin-Brown-Beat-The-Family/dp/B07ZR5C7N9/ref=sr_1_6079?brr=1&dchild=1&qid=1634421760&rd=1&s=digital-skills&sr=1-6079", "Roulette at home": "https://www.amazon.com/Splitfirex-Roulette-at-home/dp/B07ZQTDV3V/ref=sr_1_6080?brr=1&dchild=1&qid=1634421760&rd=1&s=digital-skills&sr=1-6080"}