{"Pick one": "https://www.amazon.com/HongweiZhou-Pick-one/dp/B07ZQR9M59/ref=sr_1_6081?brr=1&dchild=1&qid=1634421763&rd=1&s=digital-skills&sr=1-6081", "Carrington Trivia": "https://www.amazon.com/Erin-Yates-Carrington-Trivia/dp/B07ZQR99SK/ref=sr_1_6082?brr=1&dchild=1&qid=1634421763&rd=1&s=digital-skills&sr=1-6082", "Gemma's game": "https://www.amazon.com/ParkVia-Gemmas-game/dp/B07ZQQPCYH/ref=sr_1_6083?brr=1&dchild=1&qid=1634421763&rd=1&s=digital-skills&sr=1-6083", "My Quotes": "https://www.amazon.com/Vishal-Singh-My-Quotes/dp/B07ZQPGSXH/ref=sr_1_6084?brr=1&dchild=1&qid=1634421763&rd=1&s=digital-skills&sr=1-6084", "Rock, Paper, Scissors": "https://www.amazon.com/Manuelskill-Rock-Paper-Scissors/dp/B07ZQNF1PC/ref=sr_1_6085?brr=1&dchild=1&qid=1634421763&rd=1&s=digital-skills&sr=1-6085", "Powertrain Game Lite": "https://www.amazon.com/Strudul-Powertrain-Game-Lite/dp/B07ZQHP5RP/ref=sr_1_6086?brr=1&dchild=1&qid=1634421763&rd=1&s=digital-skills&sr=1-6086", "Mind Games": "https://www.amazon.com/Apscot-Mind-Games/dp/B07ZQHN8FV/ref=sr_1_6087?brr=1&dchild=1&qid=1634421763&rd=1&s=digital-skills&sr=1-6087", "CSGO Upcoming": "https://www.amazon.com/Dighim-CSGO-Upcoming/dp/B07ZQG4PXP/ref=sr_1_6088?brr=1&dchild=1&qid=1634421763&rd=1&s=digital-skills&sr=1-6088", "Amazing Number Facts": "https://www.amazon.com/Neha-Nigam-Amazing-Number-Facts/dp/B07ZQCZ85D/ref=sr_1_6089?brr=1&dchild=1&qid=1634421763&rd=1&s=digital-skills&sr=1-6089", "A year in mankind": "https://www.amazon.com/Mhaggar-A-year-in-mankind/dp/B07ZQ67T6M/ref=sr_1_6090?brr=1&dchild=1&qid=1634421763&rd=1&s=digital-skills&sr=1-6090", "World of Superheroes Quiz": "https://www.amazon.com/MSIM-Consulting-World-Superheroes-Quiz/dp/B07ZQ4TW8K/ref=sr_1_6091?brr=1&dchild=1&qid=1634421763&rd=1&s=digital-skills&sr=1-6091", "Many jokes": "https://www.amazon.com/Luche-Many-jokes/dp/B07ZPZLJS8/ref=sr_1_6092?brr=1&dchild=1&qid=1634421763&rd=1&s=digital-skills&sr=1-6092", "Joke teller": "https://www.amazon.com/SergioA-Joke-teller/dp/B07ZPW79G6/ref=sr_1_6093?brr=1&dchild=1&qid=1634421763&rd=1&s=digital-skills&sr=1-6093", "Pick a number and guess it": "https://www.amazon.com/SacredPurple-Pick-number-guess/dp/B07ZPTN7W1/ref=sr_1_6094?brr=1&dchild=1&qid=1634421763&rd=1&s=digital-skills&sr=1-6094", "Number Fact": "https://www.amazon.com/LCSO-Number-Fact/dp/B07ZPTJ2V5/ref=sr_1_6095?brr=1&dchild=1&qid=1634421763&rd=1&s=digital-skills&sr=1-6095", "Daily Fortune Cookie": "https://www.amazon.com/Ellu-Design-Daily-Fortune-Cookie/dp/B07ZPSZ1Q6/ref=sr_1_6096?brr=1&dchild=1&qid=1634421763&rd=1&s=digital-skills&sr=1-6096"}