{"Math Number Fact": "https://www.amazon.com/LCSO-Math-Number-Fact/dp/B07ZPRSSBJ/ref=sr_1_6097?brr=1&dchild=1&qid=1634421766&rd=1&s=digital-skills&sr=1-6097", "League of Legends news": "https://www.amazon.com/Sorges-League-of-Legends-news/dp/B07ZPJTNXX/ref=sr_1_6098?brr=1&dchild=1&qid=1634421766&rd=1&s=digital-skills&sr=1-6098", "ESTNN": "https://www.amazon.com/Watakamaku-ESTNN/dp/B07ZPJ4G75/ref=sr_1_6099?brr=1&dchild=1&qid=1634421766&rd=1&s=digital-skills&sr=1-6099", "History of India": "https://www.amazon.com/Achal-jhawar-History-of-India/dp/B07ZPGB2NP/ref=sr_1_6100?brr=1&dchild=1&qid=1634421766&rd=1&s=digital-skills&sr=1-6100", "Planet Facts": "https://www.amazon.com/Gaurav-Saha-Planet-Facts/dp/B07ZPFSWVN/ref=sr_1_6101?brr=1&dchild=1&qid=1634421766&rd=1&s=digital-skills&sr=1-6101", "Animal Sounds Quiz": "https://www.amazon.com/Ishwant-Animal-Sounds-Quiz/dp/B07ZPFKSYF/ref=sr_1_6102?brr=1&dchild=1&qid=1634421766&rd=1&s=digital-skills&sr=1-6102", "Joe's Requests": "https://www.amazon.com/Joe-Watson-Joes-Requests/dp/B07ZPCT9C4/ref=sr_1_6103?brr=1&dchild=1&qid=1634421766&rd=1&s=digital-skills&sr=1-6103", "Whose Turn?": "https://www.amazon.com/octopug-Whose-Turn/dp/B07ZPB5BML/ref=sr_1_6104?brr=1&dchild=1&qid=1634421766&rd=1&s=digital-skills&sr=1-6104", "Memory Game": "https://www.amazon.com/Marco1886-Memory-Game/dp/B07ZP58PP4/ref=sr_1_6105?brr=1&dchild=1&qid=1634421766&rd=1&s=digital-skills&sr=1-6105", "Historic Birthdays": "https://www.amazon.com/Balloon-Inc-Historic-Birthdays/dp/B07ZP1FYL1/ref=sr_1_6106?brr=1&dchild=1&qid=1634421766&rd=1&s=digital-skills&sr=1-6106", "Dice Roller": "https://www.amazon.com/FanthomStudios-Dice-Roller/dp/B07ZNX9HPC/ref=sr_1_6107?brr=1&dchild=1&qid=1634421766&rd=1&s=digital-skills&sr=1-6107", "Where's Alex": "https://www.amazon.com/Adassa-Innovations-Wheres-Alex/dp/B07ZNWLTK8/ref=sr_1_6108?brr=1&dchild=1&qid=1634421766&rd=1&s=digital-skills&sr=1-6108", "Wheathley's Phrases": "https://www.amazon.com/The-Carlos-Developments-Wheathleys-Phrases/dp/B07ZNPTWMV/ref=sr_1_6109?brr=1&dchild=1&qid=1634421766&rd=1&s=digital-skills&sr=1-6109", "EventHubs": "https://www.amazon.com/Theophrastus-Bombastus-EventHubs/dp/B07ZNPGJ7C/ref=sr_1_6110?brr=1&dchild=1&qid=1634421766&rd=1&s=digital-skills&sr=1-6110", "DingDongCoconut": "https://www.amazon.com/Creativity-Inc-DingDongCoconut/dp/B07ZNK4DK6/ref=sr_1_6111?brr=1&dchild=1&qid=1634421766&rd=1&s=digital-skills&sr=1-6111", "The Friends Quiz": "https://www.amazon.com/AbubakarArain-The-Friends-Quiz/dp/B07ZN7P21V/ref=sr_1_6112?brr=1&dchild=1&qid=1634421766&rd=1&s=digital-skills&sr=1-6112"}