{"Dices": "https://www.amazon.com/Abelda-Dices/dp/B07ZK6SXKP/ref=sr_1_6161?brr=1&dchild=1&qid=1634421777&rd=1&s=digital-skills&sr=1-6161", "Chore chart": "https://www.amazon.com/Jacob-Chore-chart/dp/B07ZJYFDBW/ref=sr_1_6162?brr=1&dchild=1&qid=1634421777&rd=1&s=digital-skills&sr=1-6162", "Movie Liners": "https://www.amazon.com/C-Hall-Movie-Liners/dp/B07ZJNXGKG/ref=sr_1_6163?brr=1&dchild=1&qid=1634421777&rd=1&s=digital-skills&sr=1-6163", "Le Quiz moderne": "https://www.amazon.com/Ormes-Esport-Le-Quiz-moderne/dp/B07ZJKDF2X/ref=sr_1_6164?brr=1&dchild=1&qid=1634421777&rd=1&s=digital-skills&sr=1-6164", "Ben and Jerry's Quiz": "https://www.amazon.com/Sunny-B-Ben-Jerrys-Quiz/dp/B07ZJJV4JM/ref=sr_1_6165?brr=1&dchild=1&qid=1634421777&rd=1&s=digital-skills&sr=1-6165", "Star Citizen Travel Helper": "https://www.amazon.com/Palaven-Star-Citizen-Travel-Helper/dp/B07ZJFVYHH/ref=sr_1_6166?brr=1&dchild=1&qid=1634421777&rd=1&s=digital-skills&sr=1-6166", "Repeat After Me Song": "https://www.amazon.com/Thats-Easier-Repeat-After-Song/dp/B07ZJFMX48/ref=sr_1_6167?brr=1&dchild=1&qid=1634421777&rd=1&s=digital-skills&sr=1-6167", "European Capitals General Knowledge Quiz": "https://www.amazon.com/European-Capitals-General-Knowledge-Quiz/dp/B07ZJFCNVC/ref=sr_1_6168?brr=1&dchild=1&qid=1634421777&rd=1&s=digital-skills&sr=1-6168", "ThisIsTheOne": "https://www.amazon.com/theomsn-ThisIsTheOne/dp/B07ZJCK7CJ/ref=sr_1_6169?brr=1&dchild=1&qid=1634421777&rd=1&s=digital-skills&sr=1-6169", "TVCasts: Casts of TV Shows": "https://www.amazon.com/TVCasts-Casts-of-TV-Shows/dp/B07ZJBFTH3/ref=sr_1_6170?brr=1&dchild=1&qid=1634421777&rd=1&s=digital-skills&sr=1-6170", "who is the best": "https://www.amazon.com/ruben-who-is-the-best/dp/B07ZJ8JSSR/ref=sr_1_6171?brr=1&dchild=1&qid=1634421777&rd=1&s=digital-skills&sr=1-6171", "Reddit Subscriber Game": "https://www.amazon.com/Matthew-Lee-Reddit-Subscriber-Game/dp/B07ZJ7XMZR/ref=sr_1_6172?brr=1&dchild=1&qid=1634421777&rd=1&s=digital-skills&sr=1-6172", "Student Loans": "https://www.amazon.com/Resilient-Media-Group-Student-Loans/dp/B07ZJ57PQ1/ref=sr_1_6173?brr=1&dchild=1&qid=1634421777&rd=1&s=digital-skills&sr=1-6173", "My Bestie": "https://www.amazon.com/VayuVaidya-Dr-Bheemaiah-Anil-Kumar/dp/B07ZJ4R756/ref=sr_1_6174?brr=1&dchild=1&qid=1634421777&rd=1&s=digital-skills&sr=1-6174", "Whose Television Turn": "https://www.amazon.com/GabboTech-Whose-Television-Turn/dp/B07ZJ2NW4M/ref=sr_1_6175?brr=1&dchild=1&qid=1634421777&rd=1&s=digital-skills&sr=1-6175", "volleyball stats": "https://www.amazon.com/naresh-kumar-volleyball-stats/dp/B07ZHZXCT4/ref=sr_1_6176?brr=1&dchild=1&qid=1634421777&rd=1&s=digital-skills&sr=1-6176"}