{"Whose Turn Wyse House": "https://www.amazon.com/Wyse-House-Whose-Turn/dp/B07ZHY3NHV/ref=sr_1_6177?brr=1&dchild=1&qid=1634421780&rd=1&s=digital-skills&sr=1-6177", "Stormbringer battle": "https://www.amazon.com/Bizkaitarra-Stormbringer-battle/dp/B07ZHWXPJL/ref=sr_1_6178?brr=1&dchild=1&qid=1634421780&rd=1&s=digital-skills&sr=1-6178", "6from49": "https://www.amazon.com/RequeSoft-6from49/dp/B07ZHNPF96/ref=sr_1_6179?brr=1&dchild=1&qid=1634421780&rd=1&s=digital-skills&sr=1-6179", "Throw the dice": "https://www.amazon.com/Freelance-Throw-the-dice/dp/B07ZHN28ZL/ref=sr_1_6180?brr=1&dchild=1&qid=1634421780&rd=1&s=digital-skills&sr=1-6180", "My Mitochondrion": "https://www.amazon.com/VayuVaidya-Bheemaiah-Anil-Kumar-Mitochondrion/dp/B07ZHMKKJT/ref=sr_1_6181?brr=1&dchild=1&qid=1634421780&rd=1&s=digital-skills&sr=1-6181", "Whose Turn77": "https://www.amazon.com/FieldsSkills-Whose-Turn77/dp/B07ZHM3GHY/ref=sr_1_6182?brr=1&dchild=1&qid=1634421780&rd=1&s=digital-skills&sr=1-6182", "Entrepreneur quotes Quiz": "https://www.amazon.com/Guilo-corporation-Entrepreneur-quotes-Quiz/dp/B07ZHLYLJV/ref=sr_1_6183?brr=1&dchild=1&qid=1634421780&rd=1&s=digital-skills&sr=1-6183", "Pub Quiz": "https://www.amazon.com/Joe-Pub-Quiz/dp/B07ZHLGPQ5/ref=sr_1_6184?brr=1&dchild=1&qid=1634421780&rd=1&s=digital-skills&sr=1-6184", "Quiz Master": "https://www.amazon.com/Daniel-Moura-Quiz-Master/dp/B07ZHKVFHR/ref=sr_1_6185?brr=1&dchild=1&qid=1634421780&rd=1&s=digital-skills&sr=1-6185", "General Knowledge Trivia Quiz": "https://www.amazon.com/3DFred-General-Knowledge-Trivia-Quiz/dp/B07ZHJFV5W/ref=sr_1_6186?brr=1&dchild=1&qid=1634421780&rd=1&s=digital-skills&sr=1-6186", "My Egg Surprise": "https://www.amazon.com/AiramPG-My-Egg-Surprise/dp/B07ZHCSLMJ/ref=sr_1_6187?brr=1&dchild=1&qid=1634421780&rd=1&s=digital-skills&sr=1-6187", "Signs of Crime by Adonous Tech": "https://www.amazon.com/Adonous-Tech-LLC-Signs-Crime/dp/B07ZHBR5F7/ref=sr_1_6188?brr=1&dchild=1&qid=1634421780&rd=1&s=digital-skills&sr=1-6188", "Movie Trivia": "https://www.amazon.com/clement-primot-Movie-Trivia/dp/B07ZHBQDCQ/ref=sr_1_6189?brr=1&dchild=1&qid=1634421780&rd=1&s=digital-skills&sr=1-6189", "Coding Facts": "https://www.amazon.com/wiizzeer-Coding-Facts/dp/B07ZHB9PTS/ref=sr_1_6190?brr=1&dchild=1&qid=1634421780&rd=1&s=digital-skills&sr=1-6190", "Fact cat": "https://www.amazon.com/sergio404-Fact-cat/dp/B07ZHB99VG/ref=sr_1_6191?brr=1&dchild=1&qid=1634421780&rd=1&s=digital-skills&sr=1-6191", "Guess the Year": "https://www.amazon.com/Adassa-Innovations-Guess-the-Year/dp/B07ZH97QN4/ref=sr_1_6192?brr=1&dchild=1&qid=1634421780&rd=1&s=digital-skills&sr=1-6192"}