{"Knowledge World": "https://www.amazon.com/Hetvi-Gokani-Knowledge-World/dp/B07ZH8RDQQ/ref=sr_1_6193?brr=1&dchild=1&qid=1634421783&rd=1&s=digital-skills&sr=1-6193", "Informatic Advices": "https://www.amazon.com/Jos%C3%A9-Miguel-Prieto-Ruiz-Informatic/dp/B07ZH822XB/ref=sr_1_6194?brr=1&dchild=1&qid=1634421783&rd=1&s=digital-skills&sr=1-6194", "Geek Poems": "https://www.amazon.com/zaldih-Geek-Poems/dp/B07ZH6SV5M/ref=sr_1_6195?brr=1&dchild=1&qid=1634421783&rd=1&s=digital-skills&sr=1-6195", "My Fun Facts": "https://www.amazon.com/Dobutsuen-mae-My-Fun-Facts/dp/B07ZH3S8GW/ref=sr_1_6196?brr=1&dchild=1&qid=1634421783&rd=1&s=digital-skills&sr=1-6196", "Can you laugh?": "https://www.amazon.com/%E0%A4%B9%E0%A4%81%E0%A4%B8-%E0%A4%95%E0%A5%87-%E0%A4%A4%E0%A5%8B-%E0%A4%A6%E0%A4%BF%E0%A4%96%E0%A4%BE%E0%A4%93-%E0%A4%B9%E0%A4%81%E0%A4%B8%E0%A4%A8%E0%A4%BE/dp/B07ZH3R5GD/ref=sr_1_6197?brr=1&dchild=1&qid=1634421783&rd=1&s=digital-skills&sr=1-6197", "Jackpot Mania": "https://www.amazon.com/Kanika-Jackpot-Mania/dp/B07ZH2WDXZ/ref=sr_1_6198?brr=1&dchild=1&qid=1634421783&rd=1&s=digital-skills&sr=1-6198", "Random color": "https://www.amazon.com/St%C3%A9phane-M-Random-color/dp/B07ZH26JKR/ref=sr_1_6199?brr=1&dchild=1&qid=1634421783&rd=1&s=digital-skills&sr=1-6199", "Rock, Paper, Scissors, Lizard, Spock": "https://www.amazon.com/Rock-Paper-Scissors-Lizard-Spock/dp/B07ZGY7G1X/ref=sr_1_6200?brr=1&dchild=1&qid=1634421783&rd=1&s=digital-skills&sr=1-6200", "Whose Turn": "https://www.amazon.com/CTJT-Whose-Turn/dp/B07ZGLF8VD/ref=sr_1_6201?brr=1&dchild=1&qid=1634421783&rd=1&s=digital-skills&sr=1-6201", "Facts Hunt": "https://www.amazon.com/Hetvi-Gokani-Facts-Hunt/dp/B07ZGKXFNM/ref=sr_1_6202?brr=1&dchild=1&qid=1634421783&rd=1&s=digital-skills&sr=1-6202", "Best proverbs": "https://www.amazon.com/Juan-Aller-Best-proverbs/dp/B07ZGJ3V65/ref=sr_1_6203?brr=1&dchild=1&qid=1634421783&rd=1&s=digital-skills&sr=1-6203", "Numbers Facts": "https://www.amazon.com/fcast-Numbers-Facts/dp/B07ZGCWSVX/ref=sr_1_6204?brr=1&dchild=1&qid=1634421783&rd=1&s=digital-skills&sr=1-6204", "Numbers Trivia": "https://www.amazon.com/fcast-Numbers-Trivia/dp/B07ZGCQR8Z/ref=sr_1_6205?brr=1&dchild=1&qid=1634421783&rd=1&s=digital-skills&sr=1-6205", "Fortnite drop randomizer": "https://www.amazon.com/Josh-Fortnite-drop-randomizer/dp/B07ZG6D6S6/ref=sr_1_6206?brr=1&dchild=1&qid=1634421783&rd=1&s=digital-skills&sr=1-6206", "What Trivia": "https://www.amazon.com/kadenon-What-Trivia/dp/B07ZG63NL5/ref=sr_1_6207?brr=1&dchild=1&qid=1634421783&rd=1&s=digital-skills&sr=1-6207", "Rock First Letter": "https://www.amazon.com/Pedro-Quaresma-Rock-First-Letter/dp/B07ZG5PY63/ref=sr_1_6208?brr=1&dchild=1&qid=1634421783&rd=1&s=digital-skills&sr=1-6208"}