{"Wheel of Fun": "https://www.amazon.com/Aariv-Modi-Wheel-of-Fun/dp/B07NVM37J2/ref=sr_1_609?brr=1&dchild=1&qid=1634420786&rd=1&s=digital-skills&sr=1-609", "RPG Dungeon Room Generator": "https://www.amazon.com/ProfDeCube-RPG-Dungeon-Room-Generator/dp/B07GN4KW6M/ref=sr_1_610?brr=1&dchild=1&qid=1634420786&rd=1&s=digital-skills&sr=1-610", "McDonald's Facts": "https://www.amazon.com/Utkarsh-Gupta-McDonalds-Facts/dp/B07K49BHHY/ref=sr_1_611?brr=1&dchild=1&qid=1634420786&rd=1&s=digital-skills&sr=1-611", "Food Facts": "https://www.amazon.com/A-Better-Win-Food-Facts/dp/B075CV17YB/ref=sr_1_612?brr=1&dchild=1&qid=1634420786&rd=1&s=digital-skills&sr=1-612", "Family Duel": "https://www.amazon.com/Volley-Inc-Family-Duel/dp/B08LW3NLTQ/ref=sr_1_613?brr=1&dchild=1&qid=1634420786&rd=1&s=digital-skills&sr=1-613", "letters to word": "https://www.amazon.com/midnight-wrench-letters-to-word/dp/B01EMTFKEU/ref=sr_1_614?brr=1&dchild=1&qid=1634420786&rd=1&s=digital-skills&sr=1-614", "Harry Potter Facts": "https://www.amazon.com/IIIT-Hyderabad-Harry-Potter-Facts/dp/B0776ZX9NJ/ref=sr_1_615?brr=1&dchild=1&qid=1634420786&rd=1&s=digital-skills&sr=1-615", "Top Podcasts from Apple - Italy Unofficial": "https://www.amazon.com/Top-Podcasts-Apple-Italy-Unofficial/dp/B07KQGMJ5B/ref=sr_1_616?brr=1&dchild=1&qid=1634420786&rd=1&s=digital-skills&sr=1-616", "Top Free iPad Apps - France Unofficial": "https://www.amazon.com/Top-Free-iPad-Apps-Unofficial/dp/B07KQKPC57/ref=sr_1_617?brr=1&dchild=1&qid=1634420786&rd=1&s=digital-skills&sr=1-617", "Speak Jamaican": "https://www.amazon.com/S4-Technology-Inc-Speak-Jamaican/dp/B01FCQXEV8/ref=sr_1_618?brr=1&dchild=1&qid=1634420786&rd=1&s=digital-skills&sr=1-618", "Quiz Bee Trivia": "https://www.amazon.com/Kidz-Learn-Apps-Quiz-Trivia/dp/B07Z6BYSLB/ref=sr_1_619?brr=1&dchild=1&qid=1634420786&rd=1&s=digital-skills&sr=1-619", "Wraith: The Oblivion - The Orpheus Device": "https://www.amazon.com/Earplay-Wraith-Oblivion-Orpheus-Device/dp/B08M66J4CN/ref=sr_1_620?brr=1&dchild=1&qid=1634420786&rd=1&s=digital-skills&sr=1-620", "Detective Ivan - Crime Investigation": "https://www.amazon.com/The-Verse-Detective-Ivan-Investigation/dp/B07PNHSNZ7/ref=sr_1_621?brr=1&dchild=1&qid=1634420786&rd=1&s=digital-skills&sr=1-621", "Build a City": "https://www.amazon.com/archt-Build-a-City/dp/B07DBJBR2S/ref=sr_1_622?brr=1&dchild=1&qid=1634420786&rd=1&s=digital-skills&sr=1-622", "Tyria Trek for Guild Wars 2": "https://www.amazon.com/Tyria-Trek-Guild-Wars-2/dp/B07JDC5FRQ/ref=sr_1_623?brr=1&dchild=1&qid=1634420786&rd=1&s=digital-skills&sr=1-623", "Kids Kitchen - Childrens cooking game": "https://www.amazon.com/Kids-Kitchen-Childrens-cooking-game/dp/B078P8D1M1/ref=sr_1_624?brr=1&dchild=1&qid=1634420786&rd=1&s=digital-skills&sr=1-624"}