{"Random facts": "https://www.amazon.com/Th%C3%A9au-ZATTI-Random-facts/dp/B07ZFVX4GM/ref=sr_1_6225?brr=1&dchild=1&qid=1634421788&rd=1&s=digital-skills&sr=1-6225", "Whose Turn": "https://www.amazon.com/Jojo91-Whose-Turn/dp/B07ZFVW68C/ref=sr_1_6226?brr=1&dchild=1&qid=1634421788&rd=1&s=digital-skills&sr=1-6226", "Where should I land in Fortnite": "https://www.amazon.com/Where-should-I-land-Fortnite/dp/B07ZFVD7S3/ref=sr_1_6227?brr=1&dchild=1&qid=1634421788&rd=1&s=digital-skills&sr=1-6227", "My knowledge": "https://www.amazon.com/Dhrumil-Kumbhani-My-knowledge/dp/B07ZFS8H2L/ref=sr_1_6228?brr=1&dchild=1&qid=1634421788&rd=1&s=digital-skills&sr=1-6228", "hello word": "https://www.amazon.com/Richy78-hello-word/dp/B07ZFRGH43/ref=sr_1_6229?brr=1&dchild=1&qid=1634421788&rd=1&s=digital-skills&sr=1-6229", "CISSP Quiz": "https://www.amazon.com/VoiceSkillz-CISSP-Quiz/dp/B07ZFNXCQ5/ref=sr_1_6230?brr=1&dchild=1&qid=1634421788&rd=1&s=digital-skills&sr=1-6230", "world knowledge": "https://www.amazon.com/Dhrumil-Kumbhani-world-knowledge/dp/B07ZFN1HJ7/ref=sr_1_6231?brr=1&dchild=1&qid=1634421788&rd=1&s=digital-skills&sr=1-6231", "How I met your mother quotes": "https://www.amazon.com/How-met-your-mother-quotes/dp/B07ZFHKXXZ/ref=sr_1_6232?brr=1&dchild=1&qid=1634421788&rd=1&s=digital-skills&sr=1-6232", "My Quiz": "https://www.amazon.com/Dhrumil-Kumbhani-My-Quiz/dp/B07ZFFZ32Q/ref=sr_1_6233?brr=1&dchild=1&qid=1634421788&rd=1&s=digital-skills&sr=1-6233", "vertex sports": "https://www.amazon.com/xsevn-vertex-sports/dp/B07ZFCR7TG/ref=sr_1_6234?brr=1&dchild=1&qid=1634421788&rd=1&s=digital-skills&sr=1-6234", "Family Jokes": "https://www.amazon.com/Pierre-Inc-Family-Jokes/dp/B07ZFCHNDH/ref=sr_1_6235?brr=1&dchild=1&qid=1634421788&rd=1&s=digital-skills&sr=1-6235", "Is it Friday the 13th": "https://www.amazon.com/Is-it-Friday-the-13th/dp/B07ZFCGTWV/ref=sr_1_6236?brr=1&dchild=1&qid=1634421788&rd=1&s=digital-skills&sr=1-6236", "Football facts": "https://www.amazon.com/gmontes-Football-facts/dp/B07ZFBVH3P/ref=sr_1_6237?brr=1&dchild=1&qid=1634421788&rd=1&s=digital-skills&sr=1-6237", "My Sorting Game": "https://www.amazon.com/Aditya-Aggarwal-My-Sorting-Game/dp/B07ZFBGB9M/ref=sr_1_6238?brr=1&dchild=1&qid=1634421788&rd=1&s=digital-skills&sr=1-6238", "Stinky Pinky": "https://www.amazon.com/Drew-Cosgrove-Stinky-Pinky/dp/B07ZF987FB/ref=sr_1_6239?brr=1&dchild=1&qid=1634421788&rd=1&s=digital-skills&sr=1-6239", "GLaDOS' Phrases": "https://www.amazon.com/The-Carlos-Developments-GLaDOS-Phrases/dp/B07ZF8YXSL/ref=sr_1_6240?brr=1&dchild=1&qid=1634421788&rd=1&s=digital-skills&sr=1-6240"}