{"Cricket Facts": "https://www.amazon.com/Jay-Cricket-Facts/dp/B07ZDFCDDK/ref=sr_1_6257?brr=1&dchild=1&qid=1634421794&rd=1&s=digital-skills&sr=1-6257", "What Year?": "https://www.amazon.com/Utterly-Amusing-What-Year/dp/B07ZDDX3TN/ref=sr_1_6258?brr=1&dchild=1&qid=1634421794&rd=1&s=digital-skills&sr=1-6258", "Random Number": "https://www.amazon.com/M-P-Manohar-Random-Number/dp/B07ZDC77H4/ref=sr_1_6259?brr=1&dchild=1&qid=1634421794&rd=1&s=digital-skills&sr=1-6259", "Bus Ride": "https://www.amazon.com/SLKapps-Bus-Ride/dp/B07ZDC6Z6T/ref=sr_1_6260?brr=1&dchild=1&qid=1634421794&rd=1&s=digital-skills&sr=1-6260", "Whose Turn": "https://www.amazon.com/Rachael-Whose-Turn/dp/B07ZDBH32S/ref=sr_1_6261?brr=1&dchild=1&qid=1634421794&rd=1&s=digital-skills&sr=1-6261", "Force awakens quotes": "https://www.amazon.com/kuraia-Force-awakens-quotes/dp/B07ZDB51MT/ref=sr_1_6262?brr=1&dchild=1&qid=1634421794&rd=1&s=digital-skills&sr=1-6262", "President Quotes": "https://www.amazon.com/Fabian-President-Quotes/dp/B07ZDB4N69/ref=sr_1_6263?brr=1&dchild=1&qid=1634421794&rd=1&s=digital-skills&sr=1-6263", "Mega Millions lucky numbers": "https://www.amazon.com/P1-Mega-Millions-lucky-numbers/dp/B07ZD8FNX6/ref=sr_1_6264?brr=1&dchild=1&qid=1634421794&rd=1&s=digital-skills&sr=1-6264", "Leeds United Facts": "https://www.amazon.com/P5YCHO-RAPTOR-Leeds-United-Facts/dp/B07ZD7LZC1/ref=sr_1_6265?brr=1&dchild=1&qid=1634421794&rd=1&s=digital-skills&sr=1-6265", "Beep the button": "https://www.amazon.com/Rajesh-Mir-Beep-the-button/dp/B07ZD77L1H/ref=sr_1_6266?brr=1&dchild=1&qid=1634421794&rd=1&s=digital-skills&sr=1-6266", "My Alien Story": "https://www.amazon.com/Kederiku-My-Alien-Story/dp/B07ZD652VZ/ref=sr_1_6267?brr=1&dchild=1&qid=1634421794&rd=1&s=digital-skills&sr=1-6267", "Tennis Facts": "https://www.amazon.com/Fulgus-Tennis-Facts/dp/B07ZD59M5W/ref=sr_1_6268?brr=1&dchild=1&qid=1634421794&rd=1&s=digital-skills&sr=1-6268", "Impossible Cricket Quiz": "https://www.amazon.com/RB-Innovate-Impossible-Cricket-Quiz/dp/B07ZD59K8J/ref=sr_1_6269?brr=1&dchild=1&qid=1634421794&rd=1&s=digital-skills&sr=1-6269", "Shrek is love": "https://www.amazon.com/DMG-Shrek-is-love/dp/B07ZD594W9/ref=sr_1_6270?brr=1&dchild=1&qid=1634421794&rd=1&s=digital-skills&sr=1-6270", "random facts": "https://www.amazon.com/Veatrid-random-facts/dp/B07ZD4NJ4X/ref=sr_1_6271?brr=1&dchild=1&qid=1634421794&rd=1&s=digital-skills&sr=1-6271", "Bollywood Quiz": "https://www.amazon.com/SwaDev-Bollywood-Quiz/dp/B07ZD4BX3L/ref=sr_1_6272?brr=1&dchild=1&qid=1634421794&rd=1&s=digital-skills&sr=1-6272"}