{"Esport news": "https://www.amazon.com/Accenture-Esport-news/dp/B07ZD1RXDR/ref=sr_1_6273?brr=1&dchild=1&qid=1634421797&rd=1&s=digital-skills&sr=1-6273", "Whose Turn": "https://www.amazon.com/Imran-Khan-Whose-Turn/dp/B07ZCQVBYW/ref=sr_1_6282?brr=1&dchild=1&qid=1634421797&rd=1&s=digital-skills&sr=1-6282", "Random Teller": "https://www.amazon.com/Shayan-Ys-Random-Teller/dp/B07ZCZ2YQ9/ref=sr_1_6275?brr=1&dchild=1&qid=1634421797&rd=1&s=digital-skills&sr=1-6275", "Hard Quiz": "https://www.amazon.com/tugadeals-Hard-Quiz/dp/B07ZCYPCT4/ref=sr_1_6276?brr=1&dchild=1&qid=1634421797&rd=1&s=digital-skills&sr=1-6276", "Who is stronger": "https://www.amazon.com/GodoyAbogado-Who-is-stronger/dp/B07ZCVNYDS/ref=sr_1_6277?brr=1&dchild=1&qid=1634421797&rd=1&s=digital-skills&sr=1-6277", "London Facts": "https://www.amazon.com/VoiceSkills-London-Facts/dp/B07ZCTQ5V1/ref=sr_1_6278?brr=1&dchild=1&qid=1634421797&rd=1&s=digital-skills&sr=1-6278", "Hockey Quiz": "https://www.amazon.com/Upskills-Inc-Hockey-Quiz/dp/B07ZCTNVYB/ref=sr_1_6279?brr=1&dchild=1&qid=1634421797&rd=1&s=digital-skills&sr=1-6279", "Funny Trump Quotes": "https://www.amazon.com/blbapi-Funny-Trump-Quotes/dp/B07ZCT1F6G/ref=sr_1_6280?brr=1&dchild=1&qid=1634421797&rd=1&s=digital-skills&sr=1-6280", "You Choose": "https://www.amazon.com/H1slet-You-Choose/dp/B07ZCR6R54/ref=sr_1_6281?brr=1&dchild=1&qid=1634421797&rd=1&s=digital-skills&sr=1-6281", "LOL champion": "https://www.amazon.com/non-LOL-champion/dp/B07ZCN8C2G/ref=sr_1_6283?brr=1&dchild=1&qid=1634421797&rd=1&s=digital-skills&sr=1-6283", "FivePlusTwo": "https://www.amazon.com/DoneySoft-FivePlusTwo/dp/B07ZCCQ3HT/ref=sr_1_6284?brr=1&dchild=1&qid=1634421797&rd=1&s=digital-skills&sr=1-6284", "Flip a Coin": "https://www.amazon.com/Grant-Houghton-Flip-a-Coin/dp/B07ZCC9R8W/ref=sr_1_6285?brr=1&dchild=1&qid=1634421797&rd=1&s=digital-skills&sr=1-6285", "Football Quiz": "https://www.amazon.com/Resol-Football-Quiz/dp/B07ZCBQT4M/ref=sr_1_6286?brr=1&dchild=1&qid=1634421797&rd=1&s=digital-skills&sr=1-6286", "Chess facts": "https://www.amazon.com/Davide-Skills-Chess-facts/dp/B07ZCB9N9Q/ref=sr_1_6287?brr=1&dchild=1&qid=1634421797&rd=1&s=digital-skills&sr=1-6287", "Mr Tripling": "https://www.amazon.com/Akshay-Bengani-Mr-Tripling/dp/B07ZC8CG71/ref=sr_1_6288?brr=1&dchild=1&qid=1634421797&rd=1&s=digital-skills&sr=1-6288"}