{"Comics Quiz": "https://www.amazon.com/vortex_dri-Comics-Quiz/dp/B07ZC4LC1B/ref=sr_1_6289?brr=1&dchild=1&qid=1634421800&rd=1&s=digital-skills&sr=1-6289", "Rock Quiz": "https://www.amazon.com/Upskills-Inc-Rock-Quiz/dp/B07ZC28JYN/ref=sr_1_6290?brr=1&dchild=1&qid=1634421800&rd=1&s=digital-skills&sr=1-6290", "Genius Answers": "https://www.amazon.com/Ayush-Yadav-Genius-Answers/dp/B07ZC211FD/ref=sr_1_6291?brr=1&dchild=1&qid=1634421800&rd=1&s=digital-skills&sr=1-6291", "My Birthday Trivia": "https://www.amazon.com/Raman-skills-My-Birthday-Trivia/dp/B07ZBZQDC5/ref=sr_1_6292?brr=1&dchild=1&qid=1634421800&rd=1&s=digital-skills&sr=1-6292", "Coin Flip": "https://www.amazon.com/Tanweer-Anwar-Coin-Flip/dp/B07ZBY58GQ/ref=sr_1_6293?brr=1&dchild=1&qid=1634421800&rd=1&s=digital-skills&sr=1-6293", "Three Words Game": "https://www.amazon.com/Luxca-Three-Words-Game/dp/B07ZBXGH39/ref=sr_1_6294?brr=1&dchild=1&qid=1634421800&rd=1&s=digital-skills&sr=1-6294", "Concorde facts": "https://www.amazon.com/Joel-Concorde-facts/dp/B07ZBVJZ2V/ref=sr_1_6295?brr=1&dchild=1&qid=1634421800&rd=1&s=digital-skills&sr=1-6295", "crazy dice": "https://www.amazon.com/S-P-Gallego-crazy-dice/dp/B07ZBTMBX9/ref=sr_1_6296?brr=1&dchild=1&qid=1634421800&rd=1&s=digital-skills&sr=1-6296", "Music Quiz": "https://www.amazon.com/Arjav-Kapadia-Music-Quiz/dp/B07ZBSHLJ1/ref=sr_1_6297?brr=1&dchild=1&qid=1634421800&rd=1&s=digital-skills&sr=1-6297", "Superheroes facts": "https://www.amazon.com/Fufer-Superheroes-facts/dp/B07ZBQLQJV/ref=sr_1_6298?brr=1&dchild=1&qid=1634421800&rd=1&s=digital-skills&sr=1-6298", "Annoy My Dad": "https://www.amazon.com/Iguana-ASD-Annoy-My-Dad/dp/B07ZBL94D1/ref=sr_1_6299?brr=1&dchild=1&qid=1634421800&rd=1&s=digital-skills&sr=1-6299", "Cook Trivia": "https://www.amazon.com/4ICT-Cook-Trivia/dp/B07ZBGY9YL/ref=sr_1_6300?brr=1&dchild=1&qid=1634421800&rd=1&s=digital-skills&sr=1-6300", "Seal Facts": "https://www.amazon.com/DarkP4-Seal-Facts/dp/B07ZBFXF5T/ref=sr_1_6301?brr=1&dchild=1&qid=1634421800&rd=1&s=digital-skills&sr=1-6301", "Minebuild user manual": "https://www.amazon.com/Albegut-Minebuild-user-manual/dp/B07ZBFRMQG/ref=sr_1_6302?brr=1&dchild=1&qid=1634421800&rd=1&s=digital-skills&sr=1-6302", "[UPDATED]Fortnite Dropper": "https://www.amazon.com/Tim-M-UPDATED-Fortnite-Dropper/dp/B07ZBFNBMC/ref=sr_1_6303?brr=1&dchild=1&qid=1634421800&rd=1&s=digital-skills&sr=1-6303", "random alien fact": "https://www.amazon.com/dsrmaniaco-random-alien-fact/dp/B07ZBFF15K/ref=sr_1_6304?brr=1&dchild=1&qid=1634421800&rd=1&s=digital-skills&sr=1-6304"}