{"Test Yourself": "https://www.amazon.com/Piyush-Arora-Test-Yourself/dp/B07Z99HYTQ/ref=sr_1_6321?brr=1&dchild=1&qid=1634421805&rd=1&s=digital-skills&sr=1-6321", "Skidaddle Facts": "https://www.amazon.com/Lorenzo-Skidaddle-Facts/dp/B07Z98D9BR/ref=sr_1_6322?brr=1&dchild=1&qid=1634421805&rd=1&s=digital-skills&sr=1-6322", "Messi Facts": "https://www.amazon.com/Darth-Roxas-Messi-Facts/dp/B07Z94RL2P/ref=sr_1_6323?brr=1&dchild=1&qid=1634421805&rd=1&s=digital-skills&sr=1-6323", "Bollywood Facts": "https://www.amazon.com/md-aamir-Bollywood-Facts/dp/B07Z93SGLT/ref=sr_1_6324?brr=1&dchild=1&qid=1634421805&rd=1&s=digital-skills&sr=1-6324", "Aquarium Facts": "https://www.amazon.com/bbellidos-Aquarium-Facts/dp/B07Z8Z4SXH/ref=sr_1_6325?brr=1&dchild=1&qid=1634421805&rd=1&s=digital-skills&sr=1-6325", "lol tips": "https://www.amazon.com/AC1-lol-tips/dp/B07Z8VQV1C/ref=sr_1_6326?brr=1&dchild=1&qid=1634421805&rd=1&s=digital-skills&sr=1-6326", "macas Facts": "https://www.amazon.com/Selva-Digital-macas-Facts/dp/B07Z8V57SY/ref=sr_1_6327?brr=1&dchild=1&qid=1634421805&rd=1&s=digital-skills&sr=1-6327", "Football and Soccer Facts! Region-friendly": "https://www.amazon.com/Football-and-Soccer-Facts-Region-friendly/dp/B07Z8V1V73/ref=sr_1_6328?brr=1&dchild=1&qid=1634421805&rd=1&s=digital-skills&sr=1-6328", "Dad Jokes": "https://www.amazon.com/Alejandro-Perez-Dad-Jokes/dp/B07Z89ZRDF/ref=sr_1_6329?brr=1&dchild=1&qid=1634421805&rd=1&s=digital-skills&sr=1-6329", "Hungry Boy": "https://www.amazon.com/JSDevelopments-Hungry-Boy/dp/B07Z85Z27Z/ref=sr_1_6330?brr=1&dchild=1&qid=1634421805&rd=1&s=digital-skills&sr=1-6330", "seven half": "https://www.amazon.com/bulldog-studio-seven-half/dp/B07Z845626/ref=sr_1_6331?brr=1&dchild=1&qid=1634421805&rd=1&s=digital-skills&sr=1-6331", "graduate life": "https://www.amazon.com/VayuVaidya-Dr-Bheemaiah-Anil-Kumar/dp/B07Z7F95DR/ref=sr_1_6332?brr=1&dchild=1&qid=1634421805&rd=1&s=digital-skills&sr=1-6332", "Rock, Paper, Scissors": "https://www.amazon.com/Adrirex-Rock-Paper-Scissors/dp/B07Z6S23T5/ref=sr_1_6333?brr=1&dchild=1&qid=1634421805&rd=1&s=digital-skills&sr=1-6333", "My State Quiz": "https://www.amazon.com/Franmoran-My-State-Quiz/dp/B07Z6RX7TD/ref=sr_1_6334?brr=1&dchild=1&qid=1634421805&rd=1&s=digital-skills&sr=1-6334", "My Science Facts": "https://www.amazon.com/LegolasFett-My-Science-Facts/dp/B07Z6RTGV8/ref=sr_1_6335?brr=1&dchild=1&qid=1634421805&rd=1&s=digital-skills&sr=1-6335", "Name the Movie": "https://www.amazon.com/Exponential-Entertainment-Name-the-Movie/dp/B07Z6QJVTF/ref=sr_1_6336?brr=1&dchild=1&qid=1634421805&rd=1&s=digital-skills&sr=1-6336"}