{"Nightmare Before Christmas Trivia": "https://www.amazon.com/Zolangi-Ramirez-Nightmare-Before-Christmas/dp/B077M7WFXV/ref=sr_1_625?brr=1&dchild=1&qid=1634420789&rd=1&s=digital-skills&sr=1-625", "Pokedex (Unofficial)": "https://www.amazon.com/Matthew-Chartier-Pokedex-Unofficial/dp/B01JVU935W/ref=sr_1_626?brr=1&dchild=1&qid=1634420789&rd=1&s=digital-skills&sr=1-626", "Game Box - Casual game collection for family": "https://www.amazon.com/Game-Box-Casual-collection-family/dp/B08BBTYDDY/ref=sr_1_627?brr=1&dchild=1&qid=1634420789&rd=1&s=digital-skills&sr=1-627", "Sci-Fi Sleep Sounds - 10 SOUNDS!": "https://www.amazon.com/Sci-Fi-Sleep-Sounds-10-SOUNDS/dp/B07DNSC7VB/ref=sr_1_628?brr=1&dchild=1&qid=1634420789&rd=1&s=digital-skills&sr=1-628", "Mathcaster": "https://www.amazon.com/Wanderword-Mathcaster/dp/B094NDXMKF/ref=sr_1_629?brr=1&dchild=1&qid=1634420789&rd=1&s=digital-skills&sr=1-629", "Word Jumble": "https://www.amazon.com/S4-Technology-Inc-Word-Jumble/dp/B07F85P4VM/ref=sr_1_630?brr=1&dchild=1&qid=1634420789&rd=1&s=digital-skills&sr=1-630", "Lost Worlds": "https://www.amazon.com/KM-Auls-Books-Lost-Worlds/dp/B08QMK8N3P/ref=sr_1_631?brr=1&dchild=1&qid=1634420789&rd=1&s=digital-skills&sr=1-631", "Capitals of the World": "https://www.amazon.com/DBN-Communication-srl-Capitali-Mondo/dp/B07HYGJPLG/ref=sr_1_632?brr=1&dchild=1&qid=1634420789&rd=1&s=digital-skills&sr=1-632", "Hide and Seek": "https://www.amazon.com/Roy-Kincaid-Hide-and-Seek/dp/B077F51WWV/ref=sr_1_633?brr=1&dchild=1&qid=1634420789&rd=1&s=digital-skills&sr=1-633", "Edible Arrangements 500": "https://www.amazon.com/Ingress-Ventures-Edible-Arrangements-500/dp/B0972KMZJT/ref=sr_1_634?brr=1&dchild=1&qid=1634420789&rd=1&s=digital-skills&sr=1-634", "Speak Up: The Party Quiz": "https://www.amazon.com/Speak-Up-The-Party-Quiz/dp/B07F1DZL2T/ref=sr_1_635?brr=1&dchild=1&qid=1634420789&rd=1&s=digital-skills&sr=1-635", "Sports Trivia": "https://www.amazon.com/MSC-Sports-Trivia/dp/B079C6DBKN/ref=sr_1_636?brr=1&dchild=1&qid=1634420789&rd=1&s=digital-skills&sr=1-636", "Catholic Facts": "https://www.amazon.com/AdamPreston-me-Catholic-Facts/dp/B06XSB9M26/ref=sr_1_637?brr=1&dchild=1&qid=1634420789&rd=1&s=digital-skills&sr=1-637", "Anatomy Trivia": "https://www.amazon.com/Happy-Dopey-Anatomy-Trivia/dp/B079Z1HNJ6/ref=sr_1_638?brr=1&dchild=1&qid=1634420789&rd=1&s=digital-skills&sr=1-638", "Choose one": "https://www.amazon.com/Kristal-Choose-one/dp/B08D5M2T86/ref=sr_1_639?brr=1&dchild=1&qid=1634420789&rd=1&s=digital-skills&sr=1-639", "Quiz Wiz": "https://www.amazon.com/DevShazz-Quiz-Wiz/dp/B07ZDLRBX4/ref=sr_1_640?brr=1&dchild=1&qid=1634420789&rd=1&s=digital-skills&sr=1-640"}