{"Bid Is On": "https://www.amazon.com/Kanika-Bid-Is-On/dp/B07Z1VX8YW/ref=sr_1_6385?brr=1&dchild=1&qid=1634421817&rd=1&s=digital-skills&sr=1-6385", "Rock paper scissor": "https://www.amazon.com/Rahul-Kumawat-Rock-paper-scissor/dp/B07Z1S35ZC/ref=sr_1_6386?brr=1&dchild=1&qid=1634421817&rd=1&s=digital-skills&sr=1-6386", "adventure time game": "https://www.amazon.com/Alan-Young-adventure-time-game/dp/B07Z19BMK7/ref=sr_1_6387?brr=1&dchild=1&qid=1634421817&rd=1&s=digital-skills&sr=1-6387", "Indian Monuments": "https://www.amazon.com/Reptiles-junction-Indian-Monuments/dp/B07YZTBCCY/ref=sr_1_6388?brr=1&dchild=1&qid=1634421817&rd=1&s=digital-skills&sr=1-6388", "curious Quiz": "https://www.amazon.com/Suraj-Rajput-curious-Quiz/dp/B07YZNZYKK/ref=sr_1_6389?brr=1&dchild=1&qid=1634421817&rd=1&s=digital-skills&sr=1-6389", "Universal Quiz": "https://www.amazon.com/Suraj-Rajput-Universal-Quiz/dp/B07YZNWDML/ref=sr_1_6390?brr=1&dchild=1&qid=1634421817&rd=1&s=digital-skills&sr=1-6390", "World Quiz": "https://www.amazon.com/Pawan-Kumar-World-Quiz/dp/B07YZNCQKD/ref=sr_1_6391?brr=1&dchild=1&qid=1634421817&rd=1&s=digital-skills&sr=1-6391", "Quem deve": "https://www.amazon.com/Gil-Salema-Quem-deve/dp/B07YZHPDPZ/ref=sr_1_6392?brr=1&dchild=1&qid=1634421817&rd=1&s=digital-skills&sr=1-6392", "Soccer Master": "https://www.amazon.com/Utkarsh-Sharma-Soccer-Master/dp/B07YZHK8HD/ref=sr_1_6393?brr=1&dchild=1&qid=1634421817&rd=1&s=digital-skills&sr=1-6393", "curious Trivia": "https://www.amazon.com/Pawan-Kumar-curious-Trivia/dp/B07YZ8PFWN/ref=sr_1_6394?brr=1&dchild=1&qid=1634421817&rd=1&s=digital-skills&sr=1-6394", "Halloween Quiz": "https://www.amazon.com/MSIM-Consulting-Halloween-Quiz/dp/B07YZ57GVY/ref=sr_1_6395?brr=1&dchild=1&qid=1634421817&rd=1&s=digital-skills&sr=1-6395", "What's up": "https://www.amazon.com/Iguana-ASD-Whats-up/dp/B07YZ3F79J/ref=sr_1_6396?brr=1&dchild=1&qid=1634421817&rd=1&s=digital-skills&sr=1-6396", "Why Is the Sky Blue?": "https://www.amazon.com/Why-Is-the-Sky-Blue/dp/B07YYZFLMR/ref=sr_1_6397?brr=1&dchild=1&qid=1634421817&rd=1&s=digital-skills&sr=1-6397", "Football Trivia": "https://www.amazon.com/Utkarsh-Sharma-Football-Trivia/dp/B07YYP3ZCR/ref=sr_1_6398?brr=1&dchild=1&qid=1634421817&rd=1&s=digital-skills&sr=1-6398", "carnivorous tree": "https://www.amazon.com/VayuVaidya-Bheemaiah-Anil-Kumar-carnivorous/dp/B07YYN1SK7/ref=sr_1_6399?brr=1&dchild=1&qid=1634421817&rd=1&s=digital-skills&sr=1-6399", "Office Trivia": "https://www.amazon.com/Pseudozach-Office-Trivia/dp/B07YYBNX1W/ref=sr_1_6400?brr=1&dchild=1&qid=1634421817&rd=1&s=digital-skills&sr=1-6400"}