{"Southern Oaks Inn Branson 3295": "https://www.amazon.com/Southern-Oaks-Inn-Branson-3295/dp/B09J8KFWS5/ref=sr_1_737?brr=1&dchild=1&qid=1634420809&rd=1&s=digital-skills&sr=1-737", "Holiday Inn Express Suites Branson 76 Central 1970": "https://www.amazon.com/Holiday-Express-Suites-Branson-Central/dp/B09J8K5Q4Z/ref=sr_1_738?brr=1&dchild=1&qid=1634420809&rd=1&s=digital-skills&sr=1-738", "96.1 WHNN": "https://www.amazon.com/Cumulus-Media-96-1-WHNN/dp/B09J8J57ZW/ref=sr_1_739?brr=1&dchild=1&qid=1634420809&rd=1&s=digital-skills&sr=1-739", "Hampton Inn Van Buren 1916": "https://www.amazon.com/Hampton-Inn-Van-Buren-1916/dp/B09J8HMMJZ/ref=sr_1_740?brr=1&dchild=1&qid=1634420809&rd=1&s=digital-skills&sr=1-740", "Caper House 1 401": "https://www.amazon.com/Ingress-Ventures-Caper-House-401/dp/B09J8H6Y5C/ref=sr_1_741?brr=1&dchild=1&qid=1634420809&rd=1&s=digital-skills&sr=1-741", "Tobacco Town 3536": "https://www.amazon.com/Ingress-Ventures-Tobacco-Town-3536/dp/B09J8DX9RY/ref=sr_1_742?brr=1&dchild=1&qid=1634420809&rd=1&s=digital-skills&sr=1-742", "Minor Hill Food Mart 11911": "https://www.amazon.com/Minor-Hill-Food-Mart-11911/dp/B09J8DGLRP/ref=sr_1_743?brr=1&dchild=1&qid=1634420809&rd=1&s=digital-skills&sr=1-743", "Best Western Riverside Inn 57": "https://www.amazon.com/Best-Western-Riverside-Inn-57/dp/B09J8DBC3F/ref=sr_1_744?brr=1&dchild=1&qid=1634420809&rd=1&s=digital-skills&sr=1-744", "Marathon Gas 300": "https://www.amazon.com/Ingress-Ventures-Marathon-Gas-300/dp/B09J8CCS8C/ref=sr_1_745?brr=1&dchild=1&qid=1634420809&rd=1&s=digital-skills&sr=1-745", "Best Western Red Carpet Inn 830": "https://www.amazon.com/Best-Western-Red-Carpet-Inn/dp/B09J89GRF6/ref=sr_1_746?brr=1&dchild=1&qid=1634420809&rd=1&s=digital-skills&sr=1-746", "What Color Am I Quiz": "https://www.amazon.com/What-Color-Am-I-Quiz/dp/B09J89DJZW/ref=sr_1_747?brr=1&dchild=1&qid=1634420809&rd=1&s=digital-skills&sr=1-747", "Subway 350": "https://www.amazon.com/Ingress-Ventures-Subway-350/dp/B09J89BNLG/ref=sr_1_748?brr=1&dchild=1&qid=1634420809&rd=1&s=digital-skills&sr=1-748", "Catlett Grocery 35": "https://www.amazon.com/Ingress-Ventures-Catlett-Grocery-35/dp/B09J88S4YG/ref=sr_1_749?brr=1&dchild=1&qid=1634420809&rd=1&s=digital-skills&sr=1-749", "Country Inn Suites 145": "https://www.amazon.com/Ingress-Ventures-Country-Inn-Suites/dp/B09J88RWCT/ref=sr_1_750?brr=1&dchild=1&qid=1634420809&rd=1&s=digital-skills&sr=1-750", "Quality Inn 821": "https://www.amazon.com/Ingress-Ventures-Quality-Inn-821/dp/B09J884QMK/ref=sr_1_751?brr=1&dchild=1&qid=1634420809&rd=1&s=digital-skills&sr=1-751", "Caper House Party Shop 215": "https://www.amazon.com/Caper-House-Party-Shop-215/dp/B09J86VH9X/ref=sr_1_752?brr=1&dchild=1&qid=1634420809&rd=1&s=digital-skills&sr=1-752"}