{"P Js Fullers Food Mart 14724": "https://www.amazon.com/Js-Fullers-Food-Mart-14724/dp/B09J869T5G/ref=sr_1_753?brr=1&dchild=1&qid=1634420812&rd=1&s=digital-skills&sr=1-753", "Subway 1207": "https://www.amazon.com/Ingress-Ventures-Subway-1207/dp/B09J85SC86/ref=sr_1_754?brr=1&dchild=1&qid=1634420812&rd=1&s=digital-skills&sr=1-754", "Caper House 3 320": "https://www.amazon.com/Ingress-Ventures-Caper-House-320/dp/B09J83ZTNR/ref=sr_1_755?brr=1&dchild=1&qid=1634420812&rd=1&s=digital-skills&sr=1-755", "rock paper scissors": "https://www.amazon.com/LPF-rock-paper-scissors/dp/B09J83Z1ZP/ref=sr_1_756?brr=1&dchild=1&qid=1634420812&rd=1&s=digital-skills&sr=1-756", "Best Western Conference 3882": "https://www.amazon.com/Ingress-Ventures-Best-Western-Conference/dp/B09J81Q7F3/ref=sr_1_757?brr=1&dchild=1&qid=1634420812&rd=1&s=digital-skills&sr=1-757", "Best Western Pearland Inn 1855": "https://www.amazon.com/Best-Western-Pearland-Inn-1855/dp/B09J81MCZG/ref=sr_1_758?brr=1&dchild=1&qid=1634420812&rd=1&s=digital-skills&sr=1-758", "Quality Inn Airport East 900": "https://www.amazon.com/Quality-Inn-Airport-East-900/dp/B09J7Z23HM/ref=sr_1_759?brr=1&dchild=1&qid=1634420812&rd=1&s=digital-skills&sr=1-759", "Quality Inn Branson 1835": "https://www.amazon.com/Ingress-Ventures-Quality-Branson-1835/dp/B09J7YL6D2/ref=sr_1_760?brr=1&dchild=1&qid=1634420812&rd=1&s=digital-skills&sr=1-760", "Super 8 205": "https://www.amazon.com/Ingress-Ventures-Super-8-205/dp/B09J7XSXL8/ref=sr_1_761?brr=1&dchild=1&qid=1634420812&rd=1&s=digital-skills&sr=1-761", "Days Inn Union 101": "https://www.amazon.com/Ingress-Ventures-Days-Inn-Union/dp/B09J7XBWGY/ref=sr_1_762?brr=1&dchild=1&qid=1634420812&rd=1&s=digital-skills&sr=1-762", "Dallas Love Field Inn 1550": "https://www.amazon.com/Dallas-Love-Field-Inn-1550/dp/B09J7RQYQV/ref=sr_1_763?brr=1&dchild=1&qid=1634420812&rd=1&s=digital-skills&sr=1-763", "Sunrise Market 24": "https://www.amazon.com/Ingress-Ventures-Sunrise-Market-24/dp/B09J7RHXY3/ref=sr_1_764?brr=1&dchild=1&qid=1634420812&rd=1&s=digital-skills&sr=1-764", "Kangaroo Express 2235": "https://www.amazon.com/Ingress-Ventures-Kangaroo-Express-2235/dp/B09J7PR5TD/ref=sr_1_765?brr=1&dchild=1&qid=1634420812&rd=1&s=digital-skills&sr=1-765", "Glo Best Western Desoto Dallas 1215": "https://www.amazon.com/Best-Western-Desoto-Dallas-1215/dp/B09J7M533G/ref=sr_1_766?brr=1&dchild=1&qid=1634420812&rd=1&s=digital-skills&sr=1-766", "Locate International Space Station": "https://www.amazon.com/Pleasant-Laurel-LLC-International-Station/dp/B09J5G4T22/ref=sr_1_767?brr=1&dchild=1&qid=1634420812&rd=1&s=digital-skills&sr=1-767", "Don't You Know": "https://www.amazon.com/madgeek-Dont-You-Know/dp/B09J55LD42/ref=sr_1_768?brr=1&dchild=1&qid=1634420812&rd=1&s=digital-skills&sr=1-768"}