{"Best Western Montreal Aeroport 6500": "https://www.amazon.com/Best-Western-Montreal-Aeroport-6500/dp/B09J181L83/ref=sr_1_785?brr=1&dchild=1&qid=1634420818&rd=1&s=digital-skills&sr=1-785", "Four Seasons Wine Liquors 793": "https://www.amazon.com/Four-Seasons-Wine-Liquors-793/dp/B09J17SSZG/ref=sr_1_786?brr=1&dchild=1&qid=1634420818&rd=1&s=digital-skills&sr=1-786", "Microtel Inn & Suites 131": "https://www.amazon.com/Ingress-Ventures-Microtel-Inn-Suites/dp/B09J174D3Q/ref=sr_1_787?brr=1&dchild=1&qid=1634420818&rd=1&s=digital-skills&sr=1-787", "Pit Stop Mini Mart 410": "https://www.amazon.com/Pit-Stop-Mini-Mart-410/dp/B09J172W8X/ref=sr_1_788?brr=1&dchild=1&qid=1634420818&rd=1&s=digital-skills&sr=1-788", "rock paper scissors": "https://www.amazon.com/none-rock-paper-scissors/dp/B09HZYMY8N/ref=sr_1_800?brr=1&dchild=1&qid=1634420818&rd=1&s=digital-skills&sr=1-800", "Rock Paper Scissor": "https://www.amazon.com/Shivani-Verma-Rock-Paper-Scissor/dp/B09J14RR2K/ref=sr_1_790?brr=1&dchild=1&qid=1634420818&rd=1&s=digital-skills&sr=1-790", "Rock Paper Scissors": "https://www.amazon.com/LPF-Rock-Paper-Scissors/dp/B09J14469S/ref=sr_1_791?brr=1&dchild=1&qid=1634420818&rd=1&s=digital-skills&sr=1-791"}