{"rock paper scissors": "https://www.amazon.com/LPF-rock-paper-scissors/dp/B09HZXHKMS/ref=sr_1_808?brr=1&dchild=1&qid=1634420820&rd=1&s=digital-skills&sr=1-808", "Planet Personality Quiz": "https://www.amazon.com/Parneetdesigns-Planet-Personality-Quiz/dp/B09HZ9FQ84/ref=sr_1_809?brr=1&dchild=1&qid=1634420820&rd=1&s=digital-skills&sr=1-809", "Wizard's Brew": "https://www.amazon.com/The-Parlor-Walls-Wizards-Brew/dp/B09HY2TDBR/ref=sr_1_810?brr=1&dchild=1&qid=1634420820&rd=1&s=digital-skills&sr=1-810", "Sugar Land": "https://www.amazon.com/Qwhery-com-Sugar-Land/dp/B09HXVXD1S/ref=sr_1_811?brr=1&dchild=1&qid=1634420820&rd=1&s=digital-skills&sr=1-811", "Best Western Plus Sidney Lodge 645": "https://www.amazon.com/Best-Western-Plus-Sidney-Lodge/dp/B09HXVP1Q4/ref=sr_1_812?brr=1&dchild=1&qid=1634420820&rd=1&s=digital-skills&sr=1-812", "Days Inn 2350": "https://www.amazon.com/Ingress-Ventures-Days-Inn-2350/dp/B09HXVJJ4F/ref=sr_1_813?brr=1&dchild=1&qid=1634420820&rd=1&s=digital-skills&sr=1-813", "My Facts": "https://www.amazon.com/My-Facts/dp/B09HXVDJQ6/ref=sr_1_814?brr=1&dchild=1&qid=1634420820&rd=1&s=digital-skills&sr=1-814", "Baymont by Wyndham Pinedale 1424": "https://www.amazon.com/Baymont-by-Wyndham-Pinedale-1424/dp/B09HXV3MD7/ref=sr_1_815?brr=1&dchild=1&qid=1634420820&rd=1&s=digital-skills&sr=1-815", "Best 5 Motel 1010": "https://www.amazon.com/Ingress-Ventures-Best-Motel-1010/dp/B09HXV3K7J/ref=sr_1_816?brr=1&dchild=1&qid=1634420820&rd=1&s=digital-skills&sr=1-816"}