{"Best Western West Valley Inn 3540": "https://www.amazon.com/Best-Western-West-Valley-3540/dp/B09HXTRQ15/ref=sr_1_817?brr=1&dchild=1&qid=1634420823&rd=1&s=digital-skills&sr=1-817", "Gold Star 123": "https://www.amazon.com/Ingress-Ventures-Gold-Star-123/dp/B09HXTPX8V/ref=sr_1_818?brr=1&dchild=1&qid=1634420823&rd=1&s=digital-skills&sr=1-818", "Texan Inn and Suites 3084": "https://www.amazon.com/Texan-Inn-and-Suites-3084/dp/B09HXTMFLW/ref=sr_1_819?brr=1&dchild=1&qid=1634420823&rd=1&s=digital-skills&sr=1-819", "Subway 75": "https://www.amazon.com/Ingress-Ventures-Subway-75/dp/B09HXT1CTZ/ref=sr_1_820?brr=1&dchild=1&qid=1634420823&rd=1&s=digital-skills&sr=1-820", "Tilden Country Inn 301": "https://www.amazon.com/Ingress-Ventures-Tilden-Country-Inn/dp/B09HXSJQYC/ref=sr_1_821?brr=1&dchild=1&qid=1634420823&rd=1&s=digital-skills&sr=1-821", "Terry's Food Mart 11344": "https://www.amazon.com/Ingress-Ventures-Terrys-Food-11344/dp/B09HXS7BK2/ref=sr_1_822?brr=1&dchild=1&qid=1634420823&rd=1&s=digital-skills&sr=1-822", "Baymont Inn & Suites 302": "https://www.amazon.com/Ingress-Ventures-Baymont-Inn-Suites/dp/B09HXRY82B/ref=sr_1_823?brr=1&dchild=1&qid=1634420823&rd=1&s=digital-skills&sr=1-823", "Best Western Plus Airport Inn Suites 5433": "https://www.amazon.com/Best-Western-Plus-Airport-Suites/dp/B09HXRFXVD/ref=sr_1_824?brr=1&dchild=1&qid=1634420823&rd=1&s=digital-skills&sr=1-824", "Thriftway 304": "https://www.amazon.com/Ingress-Ventures-Thriftway-304/dp/B09HXR7HMT/ref=sr_1_825?brr=1&dchild=1&qid=1634420823&rd=1&s=digital-skills&sr=1-825", "Best Western Plus Ogallala Inn 110": "https://www.amazon.com/Best-Western-Plus-Ogallala-Inn/dp/B09HXR781B/ref=sr_1_826?brr=1&dchild=1&qid=1634420823&rd=1&s=digital-skills&sr=1-826", "Americas Best Value Inn 103": "https://www.amazon.com/Americas-Best-Value-Inn-103/dp/B09HXQP1FJ/ref=sr_1_827?brr=1&dchild=1&qid=1634420823&rd=1&s=digital-skills&sr=1-827", "Best Western Duchesne Inn 52": "https://www.amazon.com/Best-Western-Duchesne-Inn-52/dp/B09HXQGVWS/ref=sr_1_828?brr=1&dchild=1&qid=1634420823&rd=1&s=digital-skills&sr=1-828", "Comfort Inn Evanston I80 1931": "https://www.amazon.com/Comfort-Inn-Evanston-I80-1931/dp/B09HXM64FW/ref=sr_1_829?brr=1&dchild=1&qid=1634420823&rd=1&s=digital-skills&sr=1-829", "Days Inn by Wyndham Delta 527": "https://www.amazon.com/Days-Inn-Wyndham-Delta-527/dp/B09HXLF84J/ref=sr_1_830?brr=1&dchild=1&qid=1634420823&rd=1&s=digital-skills&sr=1-830", "Hampton Inn Sidney 635": "https://www.amazon.com/Ingress-Ventures-Hampton-Inn-Sidney/dp/B09HXL4T47/ref=sr_1_831?brr=1&dchild=1&qid=1634420823&rd=1&s=digital-skills&sr=1-831", "TMart Pizza 141": "https://www.amazon.com/Ingress-Ventures-TMart-Pizza-141/dp/B09HXKLKZJ/ref=sr_1_832?brr=1&dchild=1&qid=1634420823&rd=1&s=digital-skills&sr=1-832"}