{"M Star Hotel Mansfield 137": "https://www.amazon.com/M-Star-Hotel-Mansfield-137/dp/B09HSCBMPV/ref=sr_1_865?brr=1&dchild=1&qid=1634420832&rd=1&s=digital-skills&sr=1-865", "Relaxing Water Sounds": "https://www.amazon.com/Axantic-Relaxing-Water-Sounds/dp/B09HSBLJG7/ref=sr_1_866?brr=1&dchild=1&qid=1634420832&rd=1&s=digital-skills&sr=1-866", "Water Sounds": "https://www.amazon.com/Axantic-Water-Sounds/dp/B09HSBH6XG/ref=sr_1_867?brr=1&dchild=1&qid=1634420832&rd=1&s=digital-skills&sr=1-867", "Jetliner Sounds": "https://www.amazon.com/Axantic-Jetliner-Sounds/dp/B09HS7QYJ2/ref=sr_1_868?brr=1&dchild=1&qid=1634420832&rd=1&s=digital-skills&sr=1-868", "La Quinta Inn Suites 152": "https://www.amazon.com/La-Quinta-Inn-Suites-152/dp/B09HS5D5CZ/ref=sr_1_869?brr=1&dchild=1&qid=1634420832&rd=1&s=digital-skills&sr=1-869", "Plaistow Quick Mart 18": "https://www.amazon.com/Ingress-Ventures-Plaistow-Quick-Mart/dp/B09HS4XC1Z/ref=sr_1_870?brr=1&dchild=1&qid=1634420832&rd=1&s=digital-skills&sr=1-870", "La Quinta Inn Suites 1501": "https://www.amazon.com/La-Quinta-Inn-Suites-1501/dp/B09HS3ZHZX/ref=sr_1_871?brr=1&dchild=1&qid=1634420832&rd=1&s=digital-skills&sr=1-871", "Galactic Sounds": "https://www.amazon.com/Axantic-Galactic-Sounds/dp/B09HS3N8XJ/ref=sr_1_872?brr=1&dchild=1&qid=1634420832&rd=1&s=digital-skills&sr=1-872", "Subway 9282": "https://www.amazon.com/Ingress-Ventures-Subway-9282/dp/B09HS3J8L3/ref=sr_1_873?brr=1&dchild=1&qid=1634420832&rd=1&s=digital-skills&sr=1-873", "Campus Inn Motel 750": "https://www.amazon.com/Ingress-Ventures-Campus-Inn-Motel/dp/B09HS2KJK9/ref=sr_1_874?brr=1&dchild=1&qid=1634420832&rd=1&s=digital-skills&sr=1-874", "DragonFacts": "https://www.amazon.com/LinksTeam-DragonFacts/dp/B09HRZDCMV/ref=sr_1_875?brr=1&dchild=1&qid=1634420832&rd=1&s=digital-skills&sr=1-875", "Millhopper Liquors 4215": "https://www.amazon.com/Ingress-Ventures-Millhopper-Liquors-4215/dp/B09HRZ8CCS/ref=sr_1_876?brr=1&dchild=1&qid=1634420832&rd=1&s=digital-skills&sr=1-876", "Skyways Hotel 5860": "https://www.amazon.com/Ingress-Ventures-Skyways-Hotel-5860/dp/B09HRY934D/ref=sr_1_877?brr=1&dchild=1&qid=1634420832&rd=1&s=digital-skills&sr=1-877", "The Doughboys Donut 3330": "https://www.amazon.com/Ingress-Ventures-Doughboys-Donut-3330/dp/B09HRY7YVV/ref=sr_1_878?brr=1&dchild=1&qid=1634420832&rd=1&s=digital-skills&sr=1-878", "Eco Suites 305": "https://www.amazon.com/Ingress-Ventures-Eco-Suites-305/dp/B09HRXZQDF/ref=sr_1_879?brr=1&dchild=1&qid=1634420832&rd=1&s=digital-skills&sr=1-879", "Rode 11639": "https://www.amazon.com/Ingress-Ventures-Rode-11639/dp/B09HRW4TX7/ref=sr_1_880?brr=1&dchild=1&qid=1634420832&rd=1&s=digital-skills&sr=1-880"}