{"Subway 7525": "https://www.amazon.com/Ingress-Ventures-Subway-7525/dp/B09HRVJ55X/ref=sr_1_881?brr=1&dchild=1&qid=1634420834&rd=1&s=digital-skills&sr=1-881", "Super 8 4765": "https://www.amazon.com/Ingress-Ventures-Super-8-4765/dp/B09HRV9X5R/ref=sr_1_882?brr=1&dchild=1&qid=1634420834&rd=1&s=digital-skills&sr=1-882", "Enjoy Chicken Fish 8655": "https://www.amazon.com/Ingress-Ventures-Enjoy-Chicken-Fish/dp/B09HRTTXPX/ref=sr_1_883?brr=1&dchild=1&qid=1634420834&rd=1&s=digital-skills&sr=1-883", "Forest Thunder Sounds": "https://www.amazon.com/Axantic-Forest-Thunder-Sounds/dp/B09HRSYGQM/ref=sr_1_884?brr=1&dchild=1&qid=1634420834&rd=1&s=digital-skills&sr=1-884", "Subway 7328": "https://www.amazon.com/Ingress-Ventures-Subway-7328/dp/B09HRRLTFJ/ref=sr_1_885?brr=1&dchild=1&qid=1634420834&rd=1&s=digital-skills&sr=1-885", "Soothing Fan Sounds": "https://www.amazon.com/Axantic-Soothing-Fan-Sounds/dp/B09HRRG6RG/ref=sr_1_886?brr=1&dchild=1&qid=1634420834&rd=1&s=digital-skills&sr=1-886", "Airplane Sounds": "https://www.amazon.com/Axantic-Airplane-Sounds/dp/B09HRQT865/ref=sr_1_887?brr=1&dchild=1&qid=1634420834&rd=1&s=digital-skills&sr=1-887", "Country Inn Suites 7429": "https://www.amazon.com/Ingress-Ventures-Country-Suites-7429/dp/B09HRQ5M2X/ref=sr_1_888?brr=1&dchild=1&qid=1634420834&rd=1&s=digital-skills&sr=1-888", "Gentle Rain Sounds": "https://www.amazon.com/Axantic-Gentle-Rain-Sounds/dp/B09HRP54L4/ref=sr_1_889?brr=1&dchild=1&qid=1634420834&rd=1&s=digital-skills&sr=1-889", "Box Fan Sounds": "https://www.amazon.com/Axantic-Box-Fan-Sounds/dp/B09HRM3G5S/ref=sr_1_890?brr=1&dchild=1&qid=1634420834&rd=1&s=digital-skills&sr=1-890", "Who's up to him": "https://www.amazon.com/alex-casarrubias-Whos-up-him/dp/B09HR2TRYX/ref=sr_1_891?brr=1&dchild=1&qid=1634420834&rd=1&s=digital-skills&sr=1-891", "Rain on a Car Sounds": "https://www.amazon.com/Rain-on-a-Car-Sounds/dp/B09HQXBTHC/ref=sr_1_892?brr=1&dchild=1&qid=1634420834&rd=1&s=digital-skills&sr=1-892", "Thunder Rain Sounds": "https://www.amazon.com/Axantic-Thunder-Rain-Sounds/dp/B09HQWPRVJ/ref=sr_1_893?brr=1&dchild=1&qid=1634420834&rd=1&s=digital-skills&sr=1-893", "Maine Athletic Complex": "https://www.amazon.com/ESPOT-INC-Maine-Athletic-Complex/dp/B09HQVC6LJ/ref=sr_1_894?brr=1&dchild=1&qid=1634420834&rd=1&s=digital-skills&sr=1-894", "Rain & Thunder Sounds": "https://www.amazon.com/Axantic-Rain-Thunder-Sounds/dp/B09HQTVN2R/ref=sr_1_895?brr=1&dchild=1&qid=1634420834&rd=1&s=digital-skills&sr=1-895", "Rain on Roof Sounds": "https://www.amazon.com/Axantic-Rain-on-Roof-Sounds/dp/B09HQTMBKB/ref=sr_1_896?brr=1&dchild=1&qid=1634420834&rd=1&s=digital-skills&sr=1-896"}