{"Addams Family Trivia": "https://www.amazon.com/coolkid5-Addams-Family-Trivia/dp/B09HQNCQWX/ref=sr_1_897?brr=1&dchild=1&qid=1634420837&rd=1&s=digital-skills&sr=1-897", "Pet My Plant": "https://www.amazon.com/Yashovardhan-Pet-My-Plant/dp/B09HQK5G76/ref=sr_1_898?brr=1&dchild=1&qid=1634420837&rd=1&s=digital-skills&sr=1-898", "Windy Trees": "https://www.amazon.com/Axantic-Windy-Trees/dp/B09HPS4PWJ/ref=sr_1_899?brr=1&dchild=1&qid=1634420837&rd=1&s=digital-skills&sr=1-899", "Thunderstorm Ten Hours": "https://www.amazon.com/Axantic-Thunderstorm-Ten-Hours/dp/B09HPPXRRM/ref=sr_1_900?brr=1&dchild=1&qid=1634420837&rd=1&s=digital-skills&sr=1-900", "Dripping Water": "https://www.amazon.com/Axantic-Dripping-Water/dp/B09HPNG7GT/ref=sr_1_901?brr=1&dchild=1&qid=1634420837&rd=1&s=digital-skills&sr=1-901", "Forest Night": "https://www.amazon.com/Axantic-Forest-Night/dp/B09HPLFQV2/ref=sr_1_902?brr=1&dchild=1&qid=1634420837&rd=1&s=digital-skills&sr=1-902", "Rain on a Tin Roof": "https://www.amazon.com/Rain-on-a-Tin-Roof/dp/B09HMN12TW/ref=sr_1_903?brr=1&dchild=1&qid=1634420837&rd=1&s=digital-skills&sr=1-903", "Rain on a Tent": "https://www.amazon.com/Axantic-Rain-on-a-Tent/dp/B09HML958K/ref=sr_1_904?brr=1&dchild=1&qid=1634420837&rd=1&s=digital-skills&sr=1-904", "Distant Thunderstorm": "https://www.amazon.com/Axantic-Distant-Thunderstorm/dp/B09HMJQ77L/ref=sr_1_905?brr=1&dchild=1&qid=1634420837&rd=1&s=digital-skills&sr=1-905", "Dungeon Saga": "https://www.amazon.com/Yashovardhan-Dungeon-Saga/dp/B09HMFRK71/ref=sr_1_906?brr=1&dchild=1&qid=1634420837&rd=1&s=digital-skills&sr=1-906", "Temple Street Market 59": "https://www.amazon.com/Ingress-Ventures-Temple-Street-Market/dp/B09HKBDBC9/ref=sr_1_907?brr=1&dchild=1&qid=1634420837&rd=1&s=digital-skills&sr=1-907", "Subway 771": "https://www.amazon.com/Ingress-Ventures-Subway-771/dp/B09HK8VLHJ/ref=sr_1_908?brr=1&dchild=1&qid=1634420837&rd=1&s=digital-skills&sr=1-908", "Motel 7166": "https://www.amazon.com/Ingress-Ventures-Motel-7166/dp/B09HK8M8M8/ref=sr_1_909?brr=1&dchild=1&qid=1634420837&rd=1&s=digital-skills&sr=1-909", "Subway 1023": "https://www.amazon.com/Ingress-Ventures-Subway-1023/dp/B09HK7H55P/ref=sr_1_910?brr=1&dchild=1&qid=1634420837&rd=1&s=digital-skills&sr=1-910", "Best Western Plus Ardmore Inn Suites 2600": "https://www.amazon.com/Best-Western-Plus-Ardmore-Suites/dp/B09HK78PVX/ref=sr_1_911?brr=1&dchild=1&qid=1634420837&rd=1&s=digital-skills&sr=1-911", "Ex 1814": "https://www.amazon.com/Ingress-Ventures-Ex-1814/dp/B09HHC49QS/ref=sr_1_912?brr=1&dchild=1&qid=1634420837&rd=1&s=digital-skills&sr=1-912"}