{"Package Store 813": "https://www.amazon.com/Ingress-Ventures-Package-Store-813/dp/B09HGZY339/ref=sr_1_913?brr=1&dchild=1&qid=1634420840&rd=1&s=digital-skills&sr=1-913", "Grocery 931": "https://www.amazon.com/Ingress-Ventures-Grocery-931/dp/B09HGXWNK1/ref=sr_1_914?brr=1&dchild=1&qid=1634420840&rd=1&s=digital-skills&sr=1-914", "Subway 1483": "https://www.amazon.com/Ingress-Ventures-Subway-1483/dp/B09HGVVG8W/ref=sr_1_915?brr=1&dchild=1&qid=1634420840&rd=1&s=digital-skills&sr=1-915", "Subway 7": "https://www.amazon.com/Ingress-Ventures-Subway-7/dp/B09HGVHRX1/ref=sr_1_916?brr=1&dchild=1&qid=1634420840&rd=1&s=digital-skills&sr=1-916", "Laundry Mat 908": "https://www.amazon.com/Ingress-Ventures-Laundry-Mat-908/dp/B09HGV6SRP/ref=sr_1_917?brr=1&dchild=1&qid=1634420840&rd=1&s=digital-skills&sr=1-917", "Street Food 3030": "https://www.amazon.com/Ingress-Ventures-Street-Food-3030/dp/B09HGSRC7N/ref=sr_1_918?brr=1&dchild=1&qid=1634420840&rd=1&s=digital-skills&sr=1-918", "Subway 3": "https://www.amazon.com/Ingress-Ventures-Subway-3/dp/B09HGQ86C7/ref=sr_1_919?brr=1&dchild=1&qid=1634420840&rd=1&s=digital-skills&sr=1-919", "Five Guys 1435": "https://www.amazon.com/Ingress-Ventures-Five-Guys-1435/dp/B09HGP8NNN/ref=sr_1_920?brr=1&dchild=1&qid=1634420840&rd=1&s=digital-skills&sr=1-920", "Subway 1161": "https://www.amazon.com/Ingress-Ventures-Subway-1161/dp/B09HGP7Z82/ref=sr_1_921?brr=1&dchild=1&qid=1634420840&rd=1&s=digital-skills&sr=1-921", "Quick Chek 922": "https://www.amazon.com/Ingress-Ventures-Quick-Chek-922/dp/B09HGJS24J/ref=sr_1_922?brr=1&dchild=1&qid=1634420840&rd=1&s=digital-skills&sr=1-922", "Citadel FM Motel 6 25438": "https://www.amazon.com/Citadel-FM-Motel-6-25438/dp/B09HGH73FD/ref=sr_1_923?brr=1&dchild=1&qid=1634420840&rd=1&s=digital-skills&sr=1-923", "Bay Suites 100": "https://www.amazon.com/Ingress-Ventures-Bay-Suites-100/dp/B09HGCQQLB/ref=sr_1_924?brr=1&dchild=1&qid=1634420840&rd=1&s=digital-skills&sr=1-924", "Five Little Ducks Indian Rhyme": "https://www.amazon.com/Five-Little-Ducks-Indian-Rhyme/dp/B09HCGXWZN/ref=sr_1_925?brr=1&dchild=1&qid=1634420840&rd=1&s=digital-skills&sr=1-925", "Fireplace Ten Hours": "https://www.amazon.com/Axantic-Fireplace-Ten-Hours/dp/B09HCDKPFF/ref=sr_1_926?brr=1&dchild=1&qid=1634420840&rd=1&s=digital-skills&sr=1-926", "Subway 925": "https://www.amazon.com/Ingress-Ventures-Subway-925/dp/B09HC9JDMQ/ref=sr_1_927?brr=1&dchild=1&qid=1634420840&rd=1&s=digital-skills&sr=1-927", "Flip the Number": "https://www.amazon.com/ALF-Flip-the-Number/dp/B09HC7MR7L/ref=sr_1_928?brr=1&dchild=1&qid=1634420840&rd=1&s=digital-skills&sr=1-928"}