{"Texaco 1250": "https://www.amazon.com/Ingress-Ventures-Texaco-1250/dp/B09HC65DJM/ref=sr_1_929?brr=1&dchild=1&qid=1634420843&rd=1&s=digital-skills&sr=1-929", "Shell 1207": "https://www.amazon.com/Ingress-Ventures-Shell-1207/dp/B09HC51JP5/ref=sr_1_930?brr=1&dchild=1&qid=1634420843&rd=1&s=digital-skills&sr=1-930", "Sunoco 815": "https://www.amazon.com/Ingress-Ventures-Sunoco-815/dp/B09HC42NFG/ref=sr_1_931?brr=1&dchild=1&qid=1634420843&rd=1&s=digital-skills&sr=1-931", "Dar Ron Motel 7707": "https://www.amazon.com/Ingress-Ventures-Dar-Motel-7707/dp/B09HC3PZC5/ref=sr_1_932?brr=1&dchild=1&qid=1634420843&rd=1&s=digital-skills&sr=1-932", "Sunoco Gas Station 5606": "https://www.amazon.com/Ingress-Ventures-Sunoco-Station-5606/dp/B09HC2ZS71/ref=sr_1_933?brr=1&dchild=1&qid=1634420843&rd=1&s=digital-skills&sr=1-933", "Fireplace Sounds": "https://www.amazon.com/Axantic-Fireplace-Sounds/dp/B09HC2G17Z/ref=sr_1_934?brr=1&dchild=1&qid=1634420843&rd=1&s=digital-skills&sr=1-934", "Best Western Castillo Del Sol 205": "https://www.amazon.com/Best-Western-Castillo-Del-Sol/dp/B09HC1FY9K/ref=sr_1_935?brr=1&dchild=1&qid=1634420843&rd=1&s=digital-skills&sr=1-935", "Exxon 4345": "https://www.amazon.com/Ingress-Ventures-Exxon-4345/dp/B09HC119WM/ref=sr_1_936?brr=1&dchild=1&qid=1634420843&rd=1&s=digital-skills&sr=1-936", "Jackson Pantry 636": "https://www.amazon.com/Ingress-Ventures-Jackson-Pantry-636/dp/B09HBZ2TPD/ref=sr_1_937?brr=1&dchild=1&qid=1634420843&rd=1&s=digital-skills&sr=1-937", "Grocerylan 1308": "https://www.amazon.com/Ingress-Ventures-Grocerylan-1308/dp/B09HBXP4HC/ref=sr_1_938?brr=1&dchild=1&qid=1634420843&rd=1&s=digital-skills&sr=1-938", "Learn the Presidents": "https://www.amazon.com/Developer-Learn-the-Presidents/dp/B09HBRDHWY/ref=sr_1_939?brr=1&dchild=1&qid=1634420843&rd=1&s=digital-skills&sr=1-939", "Citgo 1124": "https://www.amazon.com/Ingress-Ventures-Citgo-1124/dp/B09HBHPNL7/ref=sr_1_940?brr=1&dchild=1&qid=1634420843&rd=1&s=digital-skills&sr=1-940", "Pet Shop": "https://www.amazon.com/Rising-Phoenix-Creations-Pet-Shop/dp/B09H7BQJ94/ref=sr_1_941?brr=1&dchild=1&qid=1634420843&rd=1&s=digital-skills&sr=1-941", "The Saas drill": "https://www.amazon.com/Spokenpedia-The-Saas-drill/dp/B09H72QLGL/ref=sr_1_942?brr=1&dchild=1&qid=1634420843&rd=1&s=digital-skills&sr=1-942", "Higher or Lower": "https://www.amazon.com/Rising-Phoenix-Creations-Higher-Lower/dp/B09H6Y9X2G/ref=sr_1_943?brr=1&dchild=1&qid=1634420843&rd=1&s=digital-skills&sr=1-943", "Dalton Pike Market 2000": "https://www.amazon.com/Ingress-Ventures-Dalton-Pike-Market/dp/B09H2SFC81/ref=sr_1_944?brr=1&dchild=1&qid=1634420843&rd=1&s=digital-skills&sr=1-944"}