{"Voice Blast": "https://www.amazon.com/Vocala-co-Voice-Blast/dp/B08MV2MBM4/ref=sr_1_81?brr=1&dchild=1&qid=1634420693&rd=1&s=digital-skills&sr=1-81", "Dungeons and Dragons Guide": "https://www.amazon.com/Prelude-Games-Dungeons-Dragons-Guide/dp/B07KB2K9XG/ref=sr_1_82?brr=1&dchild=1&qid=1634420693&rd=1&s=digital-skills&sr=1-82", "Escape the Room 2": "https://www.amazon.com/Stoked-Skills-LLC-Escape-Room/dp/B07W13JZ3D/ref=sr_1_83?brr=1&dchild=1&qid=1634420693&rd=1&s=digital-skills&sr=1-83", "Voice Games": "https://www.amazon.com/Vocala-co-Voice-Games/dp/B08KY83P2D/ref=sr_1_84?brr=1&dchild=1&qid=1634420693&rd=1&s=digital-skills&sr=1-84", "My Language Skill": "https://www.amazon.com/Rohan-Yelsangikar-My-Language-Skill/dp/B073K38F1J/ref=sr_1_85?brr=1&dchild=1&qid=1634420693&rd=1&s=digital-skills&sr=1-85", "Hi Hoopla": "https://www.amazon.com/infio-Hi-Hoopla/dp/B07L16S7YN/ref=sr_1_86?brr=1&dchild=1&qid=1634420693&rd=1&s=digital-skills&sr=1-86", "This Day in Disney History": "https://www.amazon.com/This-Day-in-Disney-History/dp/B072WLBF9Y/ref=sr_1_87?brr=1&dchild=1&qid=1634420693&rd=1&s=digital-skills&sr=1-87", "PAC-MAN\u2122 WAKA WAKA": "https://www.amazon.com/BANDAI-NAMCO-Entertainment-America-Inc/dp/B08MFS4TJ1/ref=sr_1_88?brr=1&dchild=1&qid=1634420693&rd=1&s=digital-skills&sr=1-88", "Unofficial's Apple Music Top 10 Rock Songs": "https://www.amazon.com/Unofficials-Apple-Music-Rock-Songs/dp/B07N948FCY/ref=sr_1_89?brr=1&dchild=1&qid=1634420693&rd=1&s=digital-skills&sr=1-89", "Fortnite Helper": "https://www.amazon.com/Gamers-Club-Fortnite-Helper/dp/B086RNNWM7/ref=sr_1_90?brr=1&dchild=1&qid=1634420693&rd=1&s=digital-skills&sr=1-90", "Interesting Facts Skill": "https://www.amazon.com/theSOUNDinterpreter-Interesting-Facts-Skill/dp/B07JQ5Z2NH/ref=sr_1_91?brr=1&dchild=1&qid=1634420693&rd=1&s=digital-skills&sr=1-91", "Hunt the Yeti": "https://www.amazon.com/James-Church-Hunt-the-Yeti/dp/B01JRE35FG/ref=sr_1_92?brr=1&dchild=1&qid=1634420693&rd=1&s=digital-skills&sr=1-92", "Juzer skill": "https://www.amazon.com/Juzer-Ali-skill/dp/B07DYNWY65/ref=sr_1_93?brr=1&dchild=1&qid=1634420693&rd=1&s=digital-skills&sr=1-93", "Unofficial WhatsApp Jokes": "https://www.amazon.com/Wisdom-Is-Principal-Apps-Unofficial/dp/B08X7HDRLY/ref=sr_1_94?brr=1&dchild=1&qid=1634420693&rd=1&s=digital-skills&sr=1-94", "Unofficial Disney Trivia": "https://www.amazon.com/Acquaviva-Unofficial-Disney-Trivia/dp/B0728B9KP5/ref=sr_1_95?brr=1&dchild=1&qid=1634420693&rd=1&s=digital-skills&sr=1-95", "Who Wants to Be a Millionaire": "https://www.amazon.com/Sony-Pictures-Television-Wants-Millionaire/dp/B07JQDHDL5/ref=sr_1_96?brr=1&dchild=1&qid=1634420693&rd=1&s=digital-skills&sr=1-96"}