{"Race Way 2409": "https://www.amazon.com/Ingress-Ventures-Race-Way-2409/dp/B09H2R2R6G/ref=sr_1_945?brr=1&dchild=1&qid=1634420846&rd=1&s=digital-skills&sr=1-945", "Ramada New Hartford 141": "https://www.amazon.com/Ingress-Ventures-Ramada-New-Hartford/dp/B09H2Q4B3Y/ref=sr_1_946?brr=1&dchild=1&qid=1634420846&rd=1&s=digital-skills&sr=1-946", "Dunkin 1200": "https://www.amazon.com/Ingress-Ventures-Dunkin-1200/dp/B09H2NQJ85/ref=sr_1_947?brr=1&dchild=1&qid=1634420846&rd=1&s=digital-skills&sr=1-947", "Sunnys Store 294": "https://www.amazon.com/Ingress-Ventures-Sunnys-Store-294/dp/B09H2NHSKX/ref=sr_1_948?brr=1&dchild=1&qid=1634420846&rd=1&s=digital-skills&sr=1-948", "Kangaroo Express 2622": "https://www.amazon.com/Ingress-Ventures-Kangaroo-Express-2622/dp/B09H2MQV14/ref=sr_1_949?brr=1&dchild=1&qid=1634420846&rd=1&s=digital-skills&sr=1-949", "Redrive Skill": "https://www.amazon.com/Aijaz-Redrive-Skill/dp/B09H2L5WB1/ref=sr_1_950?brr=1&dchild=1&qid=1634420846&rd=1&s=digital-skills&sr=1-950", "Red Roof Inn 820": "https://www.amazon.com/Ingress-Ventures-Red-Roof-Inn/dp/B09H2FJW16/ref=sr_1_951?brr=1&dchild=1&qid=1634420846&rd=1&s=digital-skills&sr=1-951", "Marathon Gas 1301": "https://www.amazon.com/Ingress-Ventures-Marathon-Gas-1301/dp/B09GYLHBYN/ref=sr_1_952?brr=1&dchild=1&qid=1634420846&rd=1&s=digital-skills&sr=1-952", "Thunderbird Motor Inn 1013": "https://www.amazon.com/Ingress-Ventures-Thunderbird-Motor-1013/dp/B09GYKH9DP/ref=sr_1_953?brr=1&dchild=1&qid=1634420846&rd=1&s=digital-skills&sr=1-953", "Quick Check 1073": "https://www.amazon.com/Ingress-Ventures-Quick-Check-1073/dp/B09GYK9XVT/ref=sr_1_954?brr=1&dchild=1&qid=1634420846&rd=1&s=digital-skills&sr=1-954", "Thunderbird Package 2585": "https://www.amazon.com/Ingress-Ventures-Thunderbird-Package-2585/dp/B09GY4KB51/ref=sr_1_955?brr=1&dchild=1&qid=1634420846&rd=1&s=digital-skills&sr=1-955", "Oasis Express 2760": "https://www.amazon.com/Ingress-Ventures-Oasis-Express-2760/dp/B09GXKHFWV/ref=sr_1_956?brr=1&dchild=1&qid=1634420846&rd=1&s=digital-skills&sr=1-956", "Marathon Gas 1010": "https://www.amazon.com/Ingress-Ventures-Marathon-Gas-1010/dp/B09GXBNBFT/ref=sr_1_957?brr=1&dchild=1&qid=1634420846&rd=1&s=digital-skills&sr=1-957", "The Store 213": "https://www.amazon.com/Ingress-Ventures-The-Store-213/dp/B09GW3K5ZQ/ref=sr_1_958?brr=1&dchild=1&qid=1634420846&rd=1&s=digital-skills&sr=1-958", "Motel Six 9225": "https://www.amazon.com/Ingress-Ventures-Motel-Six-9225/dp/B09GW3BK7M/ref=sr_1_959?brr=1&dchild=1&qid=1634420846&rd=1&s=digital-skills&sr=1-959", "Quality Suites 2880": "https://www.amazon.com/Ingress-Ventures-Quality-Suites-2880/dp/B09GW2WSB2/ref=sr_1_960?brr=1&dchild=1&qid=1634420846&rd=1&s=digital-skills&sr=1-960"}