{"Banyan Grocers 223": "https://www.amazon.com/Ingress-Ventures-Banyan-Grocers-223/dp/B09GW2VJGQ/ref=sr_1_961?brr=1&dchild=1&qid=1634420849&rd=1&s=digital-skills&sr=1-961", "Citgo 112": "https://www.amazon.com/Ingress-Ventures-Citgo-112/dp/B09GW2S4KG/ref=sr_1_962?brr=1&dchild=1&qid=1634420849&rd=1&s=digital-skills&sr=1-962", "Siletz Bay Beachfront Hotel 1012": "https://www.amazon.com/Siletz-Bay-Beachfront-Hotel-1012/dp/B09GW2NZD3/ref=sr_1_963?brr=1&dchild=1&qid=1634420849&rd=1&s=digital-skills&sr=1-963", "fun conversation": "https://www.amazon.com/Anasuya-fun-conversation/dp/B09GW21W1H/ref=sr_1_964?brr=1&dchild=1&qid=1634420849&rd=1&s=digital-skills&sr=1-964", "Subway 1427": "https://www.amazon.com/Ingress-Ventures-Subway-1427/dp/B09GW1WMJ6/ref=sr_1_965?brr=1&dchild=1&qid=1634420849&rd=1&s=digital-skills&sr=1-965", "Hampton Inn 9040": "https://www.amazon.com/Ingress-Ventures-Hampton-Inn-9040/dp/B09GW1T6VL/ref=sr_1_966?brr=1&dchild=1&qid=1634420849&rd=1&s=digital-skills&sr=1-966", "CITGO Carolina Express 2985": "https://www.amazon.com/Ingress-Ventures-CITGO-Carolina-Express/dp/B09GW1RVBD/ref=sr_1_967?brr=1&dchild=1&qid=1634420849&rd=1&s=digital-skills&sr=1-967", "Royla Motel Pomona 1111": "https://www.amazon.com/Ingress-Ventures-Royla-Motel-Pomona/dp/B09GW1QPDK/ref=sr_1_968?brr=1&dchild=1&qid=1634420849&rd=1&s=digital-skills&sr=1-968", "Marathon Gas 1176": "https://www.amazon.com/Ingress-Ventures-Marathon-Gas-1176/dp/B09GW1JNWS/ref=sr_1_969?brr=1&dchild=1&qid=1634420849&rd=1&s=digital-skills&sr=1-969", "Subway 708": "https://www.amazon.com/Ingress-Ventures-Subway-708/dp/B09GW1GGWG/ref=sr_1_970?brr=1&dchild=1&qid=1634420849&rd=1&s=digital-skills&sr=1-970", "Burkesville Smoke Shop 231": "https://www.amazon.com/Ingress-Ventures-Burkesville-Smoke-Shop/dp/B09GW1GGGY/ref=sr_1_971?brr=1&dchild=1&qid=1634420849&rd=1&s=digital-skills&sr=1-971", "Super Inn Motel 975": "https://www.amazon.com/Ingress-Ventures-Super-Inn-Motel/dp/B09GW1769S/ref=sr_1_972?brr=1&dchild=1&qid=1634420849&rd=1&s=digital-skills&sr=1-972", "Stop N Go Smokes Liquor 427": "https://www.amazon.com/Stop-Go-Smokes-Liquor-427/dp/B09GW1684S/ref=sr_1_973?brr=1&dchild=1&qid=1634420849&rd=1&s=digital-skills&sr=1-973", "Quick Store 10598": "https://www.amazon.com/Ingress-Ventures-Quick-Store-10598/dp/B09GW136SZ/ref=sr_1_974?brr=1&dchild=1&qid=1634420849&rd=1&s=digital-skills&sr=1-974", "Subway 2291": "https://www.amazon.com/Ingress-Ventures-Subway-2291/dp/B09GVZDXT2/ref=sr_1_975?brr=1&dchild=1&qid=1634420849&rd=1&s=digital-skills&sr=1-975", "Angelos Mini Mart 5050": "https://www.amazon.com/Ingress-Ventures-Angelos-Mini-Mart/dp/B09GVZ8934/ref=sr_1_976?brr=1&dchild=1&qid=1634420849&rd=1&s=digital-skills&sr=1-976"}