{"Los Villanuevas Liquor Store 866": "https://www.amazon.com/Los-Villanuevas-Liquor-Store-866/dp/B09GVZ16L8/ref=sr_1_977?brr=1&dchild=1&qid=1634420852&rd=1&s=digital-skills&sr=1-977", "Subway 4738": "https://www.amazon.com/Ingress-Ventures-Subway-4738/dp/B09GVYQZ2W/ref=sr_1_978?brr=1&dchild=1&qid=1634420852&rd=1&s=digital-skills&sr=1-978", "Baby Boomer Trivia": "https://www.amazon.com/mlb-mcpherson-Baby-Boomer-Trivia/dp/B09GVYF692/ref=sr_1_979?brr=1&dchild=1&qid=1634420852&rd=1&s=digital-skills&sr=1-979", "Evolve Smoke Shop 17671": "https://www.amazon.com/Ingress-Ventures-Evolve-Smoke-17671/dp/B09GVY77WB/ref=sr_1_980?brr=1&dchild=1&qid=1634420852&rd=1&s=digital-skills&sr=1-980", "Marathon Gas 3343": "https://www.amazon.com/Ingress-Ventures-Marathon-Gas-3343/dp/B09GVXWGX9/ref=sr_1_981?brr=1&dchild=1&qid=1634420852&rd=1&s=digital-skills&sr=1-981", "54th Avenue Deli Mart 2705": "https://www.amazon.com/54th-Avenue-Deli-Mart-2705/dp/B09GVWZGXB/ref=sr_1_982?brr=1&dchild=1&qid=1634420852&rd=1&s=digital-skills&sr=1-982", "Motel Six 7219": "https://www.amazon.com/Ingress-Ventures-Motel-Six-7219/dp/B09GVWYSBG/ref=sr_1_983?brr=1&dchild=1&qid=1634420852&rd=1&s=digital-skills&sr=1-983", "Best Western International Speedway Hotel 2620": "https://www.amazon.com/Best-Western-International-Speedway-Hotel/dp/B09GVWK6BT/ref=sr_1_984?brr=1&dchild=1&qid=1634420852&rd=1&s=digital-skills&sr=1-984", "B N Food Mart 4700": "https://www.amazon.com/B-N-Food-Mart-4700/dp/B09GVVXHD7/ref=sr_1_985?brr=1&dchild=1&qid=1634420852&rd=1&s=digital-skills&sr=1-985", "Motel six Oriskany 5920": "https://www.amazon.com/Ingress-Ventures-Motel-Oriskany-5920/dp/B09GVT4BYF/ref=sr_1_986?brr=1&dchild=1&qid=1634420852&rd=1&s=digital-skills&sr=1-986", "R S Cardinal Liquors 415": "https://www.amazon.com/R-S-Cardinal-Liquors-415/dp/B09GVS45RV/ref=sr_1_987?brr=1&dchild=1&qid=1634420852&rd=1&s=digital-skills&sr=1-987", "Surestay Hotel 865": "https://www.amazon.com/Ingress-Ventures-Surestay-Hotel-865/dp/B09GVNKVNQ/ref=sr_1_988?brr=1&dchild=1&qid=1634420852&rd=1&s=digital-skills&sr=1-988", "Collegedale Tobacco Beverage Mart 9409": "https://www.amazon.com/Collegedale-Tobacco-Beverage-Mart-9409/dp/B09GVLD3ZW/ref=sr_1_989?brr=1&dchild=1&qid=1634420852&rd=1&s=digital-skills&sr=1-989", "Best Western Sandy Inn 37465": "https://www.amazon.com/Best-Western-Sandy-Inn-37465/dp/B09GVK3PKZ/ref=sr_1_990?brr=1&dchild=1&qid=1634420852&rd=1&s=digital-skills&sr=1-990", "Euclid Motel 18327": "https://www.amazon.com/Ingress-Ventures-Euclid-Motel-18327/dp/B09GVJ9RTT/ref=sr_1_991?brr=1&dchild=1&qid=1634420852&rd=1&s=digital-skills&sr=1-991", "Apex Legends Map Rotation": "https://www.amazon.com/Surrbradl08-Apex-Legends-Map-Rotation/dp/B09GTZQRDT/ref=sr_1_992?brr=1&dchild=1&qid=1634420852&rd=1&s=digital-skills&sr=1-992"}