{"Facts One": "https://www.amazon.com/Dinesh-Thangaraj-Facts-One/dp/B09GTJ82KP/ref=sr_1_993?brr=1&dchild=1&qid=1634420854&rd=1&s=digital-skills&sr=1-993", "Facts Two": "https://www.amazon.com/Dinesh-Thangaraj-Facts-Two/dp/B09GT2NFSN/ref=sr_1_994?brr=1&dchild=1&qid=1634420854&rd=1&s=digital-skills&sr=1-994", "The F1 Challenge": "https://www.amazon.com/Ace-Don-Adriatico-The-Challenge/dp/B09GRWZJVD/ref=sr_1_995?brr=1&dchild=1&qid=1634420854&rd=1&s=digital-skills&sr=1-995", "Bobby's Golf Tips": "https://www.amazon.com/SpokenLayer-Australia-Bobbys-Golf-Tips/dp/B09GRWDX6T/ref=sr_1_996?brr=1&dchild=1&qid=1634420854&rd=1&s=digital-skills&sr=1-996", "AmericInn by Wyndham Fargo West Acres 1423": "https://www.amazon.com/AmericInn-Wyndham-Fargo-West-Acres/dp/B09GRVXM36/ref=sr_1_997?brr=1&dchild=1&qid=1634420854&rd=1&s=digital-skills&sr=1-997", "Golf Tips with Bobby \u2013 Briefing": "https://www.amazon.com/Golf-Tips-with-Bobby-Briefing/dp/B09GRTP8VN/ref=sr_1_998?brr=1&dchild=1&qid=1634420854&rd=1&s=digital-skills&sr=1-998", "Unofficial Dragon Ball": "https://www.amazon.com/ravengold-Unofficial-Dragon-Ball/dp/B09GRGFD4V/ref=sr_1_999?brr=1&dchild=1&qid=1634420854&rd=1&s=digital-skills&sr=1-999", "Which Wich Superior Sandwiches 19200": "https://www.amazon.com/Which-Wich-Superior-Sandwiches-19200/dp/B09GR89QBM/ref=sr_1_1000?brr=1&dchild=1&qid=1634420854&rd=1&s=digital-skills&sr=1-1000", "Movie Trivia": "https://www.amazon.com/Anurag-Gupta-Movie-Trivia/dp/B09GPN3H46/ref=sr_1_1001?brr=1&dchild=1&qid=1634420854&rd=1&s=digital-skills&sr=1-1001", "HIPPIE TIME": "https://www.amazon.com/Bryan-Crow-HIPPIE-TIME/dp/B09GPKT7MB/ref=sr_1_1002?brr=1&dchild=1&qid=1634420854&rd=1&s=digital-skills&sr=1-1002", "WhatIsOneGoogolMinusOne": "https://www.amazon.com/Neomantra-Corp-WhatIsOneGoogolMinusOne/dp/B09GPCPDJ3/ref=sr_1_1003?brr=1&dchild=1&qid=1634420854&rd=1&s=digital-skills&sr=1-1003", "Guess the City": "https://www.amazon.com/Lionel-Champalaune-Guess-the-City/dp/B09GPCNQHS/ref=sr_1_1004?brr=1&dchild=1&qid=1634420854&rd=1&s=digital-skills&sr=1-1004", "RockScissorsPaper": "https://www.amazon.com/Wei-Cheng-Lin-RockScissorsPaper/dp/B09GL855X3/ref=sr_1_1005?brr=1&dchild=1&qid=1634420854&rd=1&s=digital-skills&sr=1-1005", "Latina Party": "https://www.amazon.com/Amazon-Latina-Party/dp/B09GL17H1F/ref=sr_1_1006?brr=1&dchild=1&qid=1634420854&rd=1&s=digital-skills&sr=1-1006", "Speedway 702": "https://www.amazon.com/Ingress-Ventures-Speedway-702/dp/B09GG48DN3/ref=sr_1_1007?brr=1&dchild=1&qid=1634420854&rd=1&s=digital-skills&sr=1-1007", "Dog Facts 1": "https://www.amazon.com/Shaik-Dog-Facts-1/dp/B09GG11PZ2/ref=sr_1_1008?brr=1&dchild=1&qid=1634420854&rd=1&s=digital-skills&sr=1-1008"}