{"Quality Fuel 180": "https://www.amazon.com/Ingress-Ventures-Quality-Fuel-180/dp/B09G6B4H1V/ref=sr_1_1041?brr=1&dchild=1&qid=1634420863&rd=1&s=digital-skills&sr=1-1041", "Jays Unlimited 2900": "https://www.amazon.com/Ingress-Ventures-Jays-Unlimited-2900/dp/B09G68T566/ref=sr_1_1042?brr=1&dchild=1&qid=1634420863&rd=1&s=digital-skills&sr=1-1042", "Coventry Mart Smoke Shop 1100": "https://www.amazon.com/Coventry-Mart-Smoke-Shop-1100/dp/B09G68N2NF/ref=sr_1_1043?brr=1&dchild=1&qid=1634420863&rd=1&s=digital-skills&sr=1-1043", "The Corner Store 444": "https://www.amazon.com/Ingress-Ventures-The-Corner-Store/dp/B09G67SCCW/ref=sr_1_1044?brr=1&dchild=1&qid=1634420863&rd=1&s=digital-skills&sr=1-1044", "Americas Best Value Inn Fargo 1401": "https://www.amazon.com/Americas-Best-Value-Fargo-1401/dp/B09G67NLH1/ref=sr_1_1045?brr=1&dchild=1&qid=1634420863&rd=1&s=digital-skills&sr=1-1045", "Best Western Liberty Inn Dupont 1400": "https://www.amazon.com/Best-Western-Liberty-Dupont-1400/dp/B09G66ZSZX/ref=sr_1_1046?brr=1&dchild=1&qid=1634420863&rd=1&s=digital-skills&sr=1-1046", "Quality Fuels 414": "https://www.amazon.com/Ingress-Ventures-Quality-Fuels-414/dp/B09G66HJGN/ref=sr_1_1047?brr=1&dchild=1&qid=1634420863&rd=1&s=digital-skills&sr=1-1047", "Great Val U Inn 6713": "https://www.amazon.com/Great-Val-U-Inn-6713/dp/B09G6686PR/ref=sr_1_1048?brr=1&dchild=1&qid=1634420863&rd=1&s=digital-skills&sr=1-1048", "Best Western Plus Executive Residency Baytown 4602": "https://www.amazon.com/Best-Western-Executive-Residency-Baytown/dp/B09G65RXVC/ref=sr_1_1049?brr=1&dchild=1&qid=1634420863&rd=1&s=digital-skills&sr=1-1049", "Sams Food Stores 1078": "https://www.amazon.com/Ingress-Ventures-Sams-Food-Stores/dp/B09G65GLXR/ref=sr_1_1050?brr=1&dchild=1&qid=1634420863&rd=1&s=digital-skills&sr=1-1050", "Quality Fuel 242": "https://www.amazon.com/Ingress-Ventures-Quality-Fuel-242/dp/B09G6528H2/ref=sr_1_1051?brr=1&dchild=1&qid=1634420863&rd=1&s=digital-skills&sr=1-1051", "Days Inn 1700": "https://www.amazon.com/Ingress-Ventures-Days-Inn-1700/dp/B09G62HKHX/ref=sr_1_1052?brr=1&dchild=1&qid=1634420863&rd=1&s=digital-skills&sr=1-1052", "Huntland Market 410": "https://www.amazon.com/Ingress-Ventures-Huntland-Market-410/dp/B09G5ZYKY6/ref=sr_1_1053?brr=1&dchild=1&qid=1634420863&rd=1&s=digital-skills&sr=1-1053", "Subway 6590": "https://www.amazon.com/Ingress-Ventures-Subway-6590/dp/B09G5TR4RH/ref=sr_1_1054?brr=1&dchild=1&qid=1634420863&rd=1&s=digital-skills&sr=1-1054", "Studio 6 Baytown 4911": "https://www.amazon.com/Ingress-Ventures-Studio-Baytown-4911/dp/B09G5RS65G/ref=sr_1_1055?brr=1&dchild=1&qid=1634420863&rd=1&s=digital-skills&sr=1-1055", "Motel 6 Baytown 4911": "https://www.amazon.com/Ingress-Ventures-Motel-Baytown-4911/dp/B09G5PXR9N/ref=sr_1_1056?brr=1&dchild=1&qid=1634420863&rd=1&s=digital-skills&sr=1-1056"}