{"B R Tobacco Lottery 26291": "https://www.amazon.com/B-R-Tobacco-Lottery-26291/dp/B09G37WM5C/ref=sr_1_1057?brr=1&dchild=1&qid=1634420866&rd=1&s=digital-skills&sr=1-1057", "Oddly interesting facts": "https://www.amazon.com/Trap-Oddly-interesting-facts/dp/B09G36XYXJ/ref=sr_1_1058?brr=1&dchild=1&qid=1634420866&rd=1&s=digital-skills&sr=1-1058", "La Quinta Inn Suites 2151": "https://www.amazon.com/La-Quinta-Inn-Suites-2151/dp/B09G36MS2R/ref=sr_1_1059?brr=1&dchild=1&qid=1634420866&rd=1&s=digital-skills&sr=1-1059", "Gas Speed Mart Inc 1836": "https://www.amazon.com/Gas-Speed-Mart-Inc-1836/dp/B09G35CSWW/ref=sr_1_1060?brr=1&dchild=1&qid=1634420866&rd=1&s=digital-skills&sr=1-1060", "A M Express 219": "https://www.amazon.com/Ingress-Ventures-A-Express-219/dp/B09G32MSKH/ref=sr_1_1061?brr=1&dchild=1&qid=1634420866&rd=1&s=digital-skills&sr=1-1061", "Oink Oink": "https://www.amazon.com/CloudPixel-Oink/dp/B09G319QTY/ref=sr_1_1062?brr=1&dchild=1&qid=1634420866&rd=1&s=digital-skills&sr=1-1062", "Quick Stop 815": "https://www.amazon.com/Ingress-Ventures-Quick-Stop-815/dp/B09G2ZWJRC/ref=sr_1_1063?brr=1&dchild=1&qid=1634420866&rd=1&s=digital-skills&sr=1-1063", "Shell 200": "https://www.amazon.com/Ingress-Ventures-Shell-200/dp/B09G2Y2MGH/ref=sr_1_1064?brr=1&dchild=1&qid=1634420866&rd=1&s=digital-skills&sr=1-1064", "Sewanee Market 28": "https://www.amazon.com/Ingress-Ventures-Sewanee-Market-28/dp/B09G2XNJHC/ref=sr_1_1065?brr=1&dchild=1&qid=1634420866&rd=1&s=digital-skills&sr=1-1065", "Best Western Premier Bryan College Station 1920": "https://www.amazon.com/Western-Premier-Bryan-College-Station/dp/B09G2STTHC/ref=sr_1_1066?brr=1&dchild=1&qid=1634420866&rd=1&s=digital-skills&sr=1-1066", "Red Mango 81": "https://www.amazon.com/Ingress-Ventures-Red-Mango-81/dp/B09G2S3XLV/ref=sr_1_1067?brr=1&dchild=1&qid=1634420866&rd=1&s=digital-skills&sr=1-1067", "LUCKY 7S Video Gaming Bar 5724": "https://www.amazon.com/LUCKY-Video-Gaming-Bar-5724/dp/B09G2QYXLX/ref=sr_1_1068?brr=1&dchild=1&qid=1634420866&rd=1&s=digital-skills&sr=1-1068", "Best Western Spooner Riverplace 101": "https://www.amazon.com/Best-Western-Spooner-Riverplace-101/dp/B09G2P867W/ref=sr_1_1069?brr=1&dchild=1&qid=1634420866&rd=1&s=digital-skills&sr=1-1069", "HomeTowne Studios Odessa 3031": "https://www.amazon.com/Ingress-Ventures-HomeTowne-Studios-Odessa/dp/B09G2KXDSQ/ref=sr_1_1070?brr=1&dchild=1&qid=1634420866&rd=1&s=digital-skills&sr=1-1070", "LUCKY 7S Video Gaming Cafe 7034": "https://www.amazon.com/LUCKY-Video-Gaming-Cafe-7034/dp/B09G2KW6NL/ref=sr_1_1071?brr=1&dchild=1&qid=1634420866&rd=1&s=digital-skills&sr=1-1071", "Super Stop Market 2500": "https://www.amazon.com/Ingress-Ventures-Super-Stop-Market/dp/B09G2KV9P9/ref=sr_1_1072?brr=1&dchild=1&qid=1634420866&rd=1&s=digital-skills&sr=1-1072"}