{"Holladay Express Shop 14075": "https://www.amazon.com/Ingress-Ventures-Holladay-Express-14075/dp/B09G2KGP82/ref=sr_1_1073?brr=1&dchild=1&qid=1634420869&rd=1&s=digital-skills&sr=1-1073", "Red Mango 151": "https://www.amazon.com/Ingress-Ventures-Red-Mango-151/dp/B09G2K6HG9/ref=sr_1_1074?brr=1&dchild=1&qid=1634420869&rd=1&s=digital-skills&sr=1-1074", "Dumb Charades": "https://www.amazon.com/grandmaster-Dumb-Charades/dp/B09G1BM23N/ref=sr_1_1075?brr=1&dchild=1&qid=1634420869&rd=1&s=digital-skills&sr=1-1075", "Can I Triangulate?": "https://www.amazon.com/Roney-Can-I-Triangulate/dp/B09FWJSMQB/ref=sr_1_1076?brr=1&dchild=1&qid=1634420869&rd=1&s=digital-skills&sr=1-1076", "Awesome Peacock Game": "https://www.amazon.com/Rocky-Awesome-Peacock-Game/dp/B09FTPFXVH/ref=sr_1_1077?brr=1&dchild=1&qid=1634420869&rd=1&s=digital-skills&sr=1-1077", "item is": "https://www.amazon.com/Ryzwire-item-is/dp/B09FTJXKV7/ref=sr_1_1078?brr=1&dchild=1&qid=1634420869&rd=1&s=digital-skills&sr=1-1078", "ATC Remix": "https://www.amazon.com/Gap-Year-Media-ATC-Remix/dp/B09FSW5BSQ/ref=sr_1_1079?brr=1&dchild=1&qid=1634420869&rd=1&s=digital-skills&sr=1-1079", "Electronics quiz": "https://www.amazon.com/Timothy-H-Electronics-quiz/dp/B09FSDN3N9/ref=sr_1_1080?brr=1&dchild=1&qid=1634420869&rd=1&s=digital-skills&sr=1-1080", "Sleep Sounds": "https://www.amazon.com/Axantic-Sleep-Sounds/dp/B09FPSYK2B/ref=sr_1_1081?brr=1&dchild=1&qid=1634420869&rd=1&s=digital-skills&sr=1-1081", "Subway 333": "https://www.amazon.com/Ingress-Ventures-Subway-333/dp/B09FLWYSYJ/ref=sr_1_1082?brr=1&dchild=1&qid=1634420869&rd=1&s=digital-skills&sr=1-1082", "GO PARTY ONLINE": "https://www.amazon.com/Online-Radio-GO-PARTY-ONLINE/dp/B09FLWD2P5/ref=sr_1_1083?brr=1&dchild=1&qid=1634420869&rd=1&s=digital-skills&sr=1-1083", "Vaak Food Mart 1009": "https://www.amazon.com/Ingress-Ventures-Vaak-Food-Mart/dp/B09FLVRJLH/ref=sr_1_1084?brr=1&dchild=1&qid=1634420869&rd=1&s=digital-skills&sr=1-1084", "Sleep Inn 5361": "https://www.amazon.com/Ingress-Ventures-Sleep-Inn-5361/dp/B09FLVRC6L/ref=sr_1_1085?brr=1&dchild=1&qid=1634420869&rd=1&s=digital-skills&sr=1-1085", "Super 8 2021": "https://www.amazon.com/Ingress-Ventures-Super-8-2021/dp/B09FLTVH7G/ref=sr_1_1086?brr=1&dchild=1&qid=1634420869&rd=1&s=digital-skills&sr=1-1086", "Hotel Rosenberg 28382": "https://www.amazon.com/Ingress-Ventures-Hotel-Rosenberg-28382/dp/B09FLR28X3/ref=sr_1_1087?brr=1&dchild=1&qid=1634420869&rd=1&s=digital-skills&sr=1-1087", "Bespoken Overview": "https://www.amazon.com/Bespoken-Overview/dp/B09FLQG7SC/ref=sr_1_1088?brr=1&dchild=1&qid=1634420869&rd=1&s=digital-skills&sr=1-1088"}