{"Cardinals Liquor Tobacco 2633": "https://www.amazon.com/Ingress-Ventures-Cardinals-Liquor-Tobacco/dp/B09FLPG9FC/ref=sr_1_1089?brr=1&dchild=1&qid=1634420871&rd=1&s=digital-skills&sr=1-1089", "Stop N Go 87": "https://www.amazon.com/Ingress-Ventures-Stop-Go-87/dp/B09FLM659H/ref=sr_1_1090?brr=1&dchild=1&qid=1634420871&rd=1&s=digital-skills&sr=1-1090", "Oscillating Fan": "https://www.amazon.com/Smart-Skills-Oscillating-Fan/dp/B09FLC8X5N/ref=sr_1_1091?brr=1&dchild=1&qid=1634420871&rd=1&s=digital-skills&sr=1-1091", "Seal Sounds": "https://www.amazon.com/Nickopanther-Seal-Sounds/dp/B09FL9S8Y1/ref=sr_1_1092?brr=1&dchild=1&qid=1634420871&rd=1&s=digital-skills&sr=1-1092", "Citgo 821": "https://www.amazon.com/Ingress-Ventures-Citgo-821/dp/B09FK5VRK5/ref=sr_1_1093?brr=1&dchild=1&qid=1634420871&rd=1&s=digital-skills&sr=1-1093", "Physical Therapy Trivia": "https://www.amazon.com/Jimmy-McKay-Physical-Therapy-Trivia/dp/B09FJYZDV4/ref=sr_1_1094?brr=1&dchild=1&qid=1634420871&rd=1&s=digital-skills&sr=1-1094", "Joes Variety Gift Ctr 275": "https://www.amazon.com/Joes-Variety-Gift-Ctr-275/dp/B09FJWLQL2/ref=sr_1_1095?brr=1&dchild=1&qid=1634420871&rd=1&s=digital-skills&sr=1-1095", "Big Bend Food Beverage 91": "https://www.amazon.com/Big-Bend-Food-Beverage-91/dp/B09FJVD7ZX/ref=sr_1_1096?brr=1&dchild=1&qid=1634420871&rd=1&s=digital-skills&sr=1-1096", "MOTEL 6 1736": "https://www.amazon.com/Ingress-Ventures-MOTEL-6-1736/dp/B09FJSR2WG/ref=sr_1_1097?brr=1&dchild=1&qid=1634420871&rd=1&s=digital-skills&sr=1-1097", "Best Western Cedar Inn 425": "https://www.amazon.com/Best-Western-Cedar-Inn-425/dp/B09FJSLMNN/ref=sr_1_1098?brr=1&dchild=1&qid=1634420871&rd=1&s=digital-skills&sr=1-1098", "Jupiter Inn 2417": "https://www.amazon.com/Ingress-Ventures-Jupiter-Inn-2417/dp/B09FJS5DR4/ref=sr_1_1099?brr=1&dchild=1&qid=1634420871&rd=1&s=digital-skills&sr=1-1099", "Physical Therapy Quotes": "https://www.amazon.com/Jimmy-McKay-Physical-Therapy-Quotes/dp/B09FJMRSMP/ref=sr_1_1100?brr=1&dchild=1&qid=1634420871&rd=1&s=digital-skills&sr=1-1100", "Qp Express 102 1110": "https://www.amazon.com/Ingress-Ventures-Express-102-1110/dp/B09FJMJQDC/ref=sr_1_1101?brr=1&dchild=1&qid=1634420871&rd=1&s=digital-skills&sr=1-1101", "Amees Quick Stop 8525": "https://www.amazon.com/Ingress-Ventures-Amees-Quick-Stop/dp/B09FJLBKGM/ref=sr_1_1102?brr=1&dchild=1&qid=1634420871&rd=1&s=digital-skills&sr=1-1102", "Amoco 101": "https://www.amazon.com/Ingress-Ventures-Amoco-101/dp/B09FJKM432/ref=sr_1_1103?brr=1&dchild=1&qid=1634420871&rd=1&s=digital-skills&sr=1-1103", "My love": "https://www.amazon.com/Crystal-My-love/dp/B09FG5T72R/ref=sr_1_1104?brr=1&dchild=1&qid=1634420871&rd=1&s=digital-skills&sr=1-1104"}