{"Official Harry Potter Quiz": "https://www.amazon.com/Pottermore-Publishing-Audible-Official-Potter/dp/B07KXWZP9J/ref=sr_1_97?brr=1&dchild=1&qid=1634420696&rd=1&s=digital-skills&sr=1-97", "Funny Animal Fact Skill": "https://www.amazon.com/Bao-Chau-Funny-Animal-Skill/dp/B072S1JGQS/ref=sr_1_98?brr=1&dchild=1&qid=1634420696&rd=1&s=digital-skills&sr=1-98", "The Simpsons Trivia Skill": "https://www.amazon.com/Sharpiro-The-Simpsons-Trivia-Skill/dp/B07JC2CPTK/ref=sr_1_99?brr=1&dchild=1&qid=1634420696&rd=1&s=digital-skills&sr=1-99", "Daily Design Inspiration": "https://www.amazon.com/Dianne-Karg-Baron-Design-Inspiration/dp/B07TML5T6T/ref=sr_1_100?brr=1&dchild=1&qid=1634420696&rd=1&s=digital-skills&sr=1-100", "Inspire Me": "https://www.amazon.com/Smile-Team-Inspire-Me/dp/B08JHZ5G78/ref=sr_1_101?brr=1&dchild=1&qid=1634420696&rd=1&s=digital-skills&sr=1-101", "Disney Remix": "https://www.amazon.com/Disney-Remix/dp/B082QW3SND/ref=sr_1_102?brr=1&dchild=1&qid=1634420696&rd=1&s=digital-skills&sr=1-102", "My Architecture Skill": "https://www.amazon.com/Shaswat-Anand-My-Architecture-Skill/dp/B0762RTVYB/ref=sr_1_103?brr=1&dchild=1&qid=1634420696&rd=1&s=digital-skills&sr=1-103", "Kelly's 100 Skill": "https://www.amazon.com/Kelly-Kellys-100-Skill/dp/B075B631DN/ref=sr_1_104?brr=1&dchild=1&qid=1634420696&rd=1&s=digital-skills&sr=1-104", "Toon HQ invasion tracker": "https://www.amazon.com/FEClinton-Development-Toon-invasion-tracker/dp/B06XC8X3RQ/ref=sr_1_105?brr=1&dchild=1&qid=1634420696&rd=1&s=digital-skills&sr=1-105", "fortnite drop picker": "https://www.amazon.com/NavCreators-fortnite-drop-picker/dp/B07CWBG1XV/ref=sr_1_106?brr=1&dchild=1&qid=1634420696&rd=1&s=digital-skills&sr=1-106", "Heavy Rain Sounds": "https://www.amazon.com/Axantic-Heavy-Rain-Sounds/dp/B09HMLPSK2/ref=sr_1_107?brr=1&dchild=1&qid=1634420696&rd=1&s=digital-skills&sr=1-107", "Yes Sire": "https://www.amazon.com/Volley-Inc-Yes-Sire/dp/B071ZR5HKR/ref=sr_1_108?brr=1&dchild=1&qid=1634420696&rd=1&s=digital-skills&sr=1-108", "Ticket Master": "https://www.amazon.com/Gadsby-Ticket-Master/dp/B082HH551W/ref=sr_1_109?brr=1&dchild=1&qid=1634420696&rd=1&s=digital-skills&sr=1-109", "Ultimate Rock Paper Scissors": "https://www.amazon.com/Adventure-Co-Ultimate-Paper-Scissors/dp/B0993PYN3X/ref=sr_1_110?brr=1&dchild=1&qid=1634420696&rd=1&s=digital-skills&sr=1-110", "Knight Manager": "https://www.amazon.com/Kr%C3%B6goor-Entertainment-Knight-Manager/dp/B07TV2N3WG/ref=sr_1_111?brr=1&dchild=1&qid=1634420696&rd=1&s=digital-skills&sr=1-111", "Random Skill!": "https://www.amazon.com/deepthings-Random-Skill/dp/B07GSVN92L/ref=sr_1_112?brr=1&dchild=1&qid=1634420696&rd=1&s=digital-skills&sr=1-112"}