{"Heidi FM The Hip Hop Dance Station": "https://www.amazon.com/Heidi-Hip-Hop-Dance-Station/dp/B09FDJ9MY7/ref=sr_1_1105?brr=1&dchild=1&qid=1634420874&rd=1&s=digital-skills&sr=1-1105", "robin drive": "https://www.amazon.com/LPONCIANO-robin-drive/dp/B09F9TZ2MZ/ref=sr_1_1106?brr=1&dchild=1&qid=1634420874&rd=1&s=digital-skills&sr=1-1106", "K K Mart 5236": "https://www.amazon.com/Ingress-Ventures-K-Mart-5236/dp/B09F9D5NP1/ref=sr_1_1107?brr=1&dchild=1&qid=1634420874&rd=1&s=digital-skills&sr=1-1107", "Meriden Mart Smoke City 519": "https://www.amazon.com/Meriden-Mart-Smoke-City-519/dp/B09F99B5NT/ref=sr_1_1108?brr=1&dchild=1&qid=1634420874&rd=1&s=digital-skills&sr=1-1108", "Quality Suites 1415": "https://www.amazon.com/Ingress-Ventures-Quality-Suites-1415/dp/B09F97P3FR/ref=sr_1_1109?brr=1&dchild=1&qid=1634420874&rd=1&s=digital-skills&sr=1-1109", "Ez Stop 80": "https://www.amazon.com/Ingress-Ventures-Ez-Stop-80/dp/B09F96F8QK/ref=sr_1_1110?brr=1&dchild=1&qid=1634420874&rd=1&s=digital-skills&sr=1-1110", "Thirty One": "https://www.amazon.com/Dinesh-Thangaraj-Thirty-One/dp/B09F964DNQ/ref=sr_1_1111?brr=1&dchild=1&qid=1634420874&rd=1&s=digital-skills&sr=1-1111", "citadel f. m. Quick Store 3 3380": "https://www.amazon.com/citadel-f-Quick-Store-3380/dp/B09F94ZDGD/ref=sr_1_1112?brr=1&dchild=1&qid=1634420874&rd=1&s=digital-skills&sr=1-1112", "Facts Forty": "https://www.amazon.com/Dinesh-Thangaraj-Facts-Forty/dp/B09F84PZW4/ref=sr_1_1113?brr=1&dchild=1&qid=1634420874&rd=1&s=digital-skills&sr=1-1113", "Puff N Stuff 795": "https://www.amazon.com/Ingress-Ventures-Puff-Stuff-795/dp/B09F6V5G7J/ref=sr_1_1114?brr=1&dchild=1&qid=1634420874&rd=1&s=digital-skills&sr=1-1114", "La Familia Hospitality 41": "https://www.amazon.com/Ingress-Ventures-La-Familia-Hospitality/dp/B09F6TXN19/ref=sr_1_1115?brr=1&dchild=1&qid=1634420874&rd=1&s=digital-skills&sr=1-1115", "Sure stay Plus Hotel 2241": "https://www.amazon.com/Sure-stay-Plus-Hotel-2241/dp/B09F6TSX3G/ref=sr_1_1116?brr=1&dchild=1&qid=1634420874&rd=1&s=digital-skills&sr=1-1116", "Comfort Suites 25115": "https://www.amazon.com/Ingress-Ventures-Comfort-Suites-25115/dp/B09F6SDKJD/ref=sr_1_1117?brr=1&dchild=1&qid=1634420874&rd=1&s=digital-skills&sr=1-1117", "Quick Store 2 1210": "https://www.amazon.com/Ingress-Ventures-Quick-Store-1210/dp/B09F6SCKT6/ref=sr_1_1118?brr=1&dchild=1&qid=1634420874&rd=1&s=digital-skills&sr=1-1118", "Baymont Inn 960": "https://www.amazon.com/Ingress-Ventures-Baymont-Inn-960/dp/B09F6RSZ82/ref=sr_1_1119?brr=1&dchild=1&qid=1634420874&rd=1&s=digital-skills&sr=1-1119", "Scottish Inns Gainesville 4341": "https://www.amazon.com/Ingress-Ventures-Scottish-Inns-Gainesville/dp/B09F6QPKQF/ref=sr_1_1120?brr=1&dchild=1&qid=1634420874&rd=1&s=digital-skills&sr=1-1120"}