{"Ross Addams twenty": "https://www.amazon.com/Ross-Addams-twenty/dp/B09F2KTHBQ/ref=sr_1_1153?brr=1&dchild=1&qid=1634420883&rd=1&s=digital-skills&sr=1-1153", "citadel f. m. Best Western Plus Hotel Suites 1556": "https://www.amazon.com/citadel-Best-Western-Hotel-Suites/dp/B09F29S3X3/ref=sr_1_1154?brr=1&dchild=1&qid=1634420883&rd=1&s=digital-skills&sr=1-1154", "Book of Excuses": "https://www.amazon.com/Steven-Foyston-Book-of-Excuses/dp/B09DYXLFS6/ref=sr_1_1155?brr=1&dchild=1&qid=1634420883&rd=1&s=digital-skills&sr=1-1155", "HestiaPublisherSkill": "https://www.amazon.com/amazon-corporate-llc-HestiaPublisherSkill/dp/B09DYVVF8W/ref=sr_1_1156?brr=1&dchild=1&qid=1634420883&rd=1&s=digital-skills&sr=1-1156", "People two": "https://www.amazon.com/Geophagus-People-two/dp/B09DY9K9LR/ref=sr_1_1157?brr=1&dchild=1&qid=1634420883&rd=1&s=digital-skills&sr=1-1157", "Whale Watch": "https://www.amazon.com/Joseph-Votto-Whale-Watch/dp/B09DWZ2DYH/ref=sr_1_1158?brr=1&dchild=1&qid=1634420883&rd=1&s=digital-skills&sr=1-1158", "Pocket Sim Scenarios": "https://www.amazon.com/aflow-LLC-Pocket-Sim-Scenarios/dp/B09DWX5JX9/ref=sr_1_1159?brr=1&dchild=1&qid=1634420883&rd=1&s=digital-skills&sr=1-1159", "Guess Me": "https://www.amazon.com/grandmaster-Guess-Me/dp/B09DWRJMKW/ref=sr_1_1160?brr=1&dchild=1&qid=1634420883&rd=1&s=digital-skills&sr=1-1160", "My Movie Room": "https://www.amazon.com/bibeksau-My-Movie-Room/dp/B09DTDW9ZB/ref=sr_1_1161?brr=1&dchild=1&qid=1634420883&rd=1&s=digital-skills&sr=1-1161", "Infinity Quotes": "https://www.amazon.com/igi-Infinity-Quotes/dp/B09DT2VCFP/ref=sr_1_1162?brr=1&dchild=1&qid=1634420883&rd=1&s=digital-skills&sr=1-1162", "Air Motel 542": "https://www.amazon.com/Ingress-Ventures-Air-Motel-542/dp/B09DT2PSRV/ref=sr_1_1163?brr=1&dchild=1&qid=1634420883&rd=1&s=digital-skills&sr=1-1163", "Air Inn 4610": "https://www.amazon.com/Ingress-Ventures-Air-Inn-4610/dp/B09DT1J9RD/ref=sr_1_1164?brr=1&dchild=1&qid=1634420883&rd=1&s=digital-skills&sr=1-1164", "Lodge 5120": "https://www.amazon.com/Ingress-Ventures-Lodge-5120/dp/B09DSZLSTM/ref=sr_1_1165?brr=1&dchild=1&qid=1634420883&rd=1&s=digital-skills&sr=1-1165", "Microtel Inn Suites 1417": "https://www.amazon.com/Ingress-Ventures-Microtel-Suites-1417/dp/B09DSZGW1V/ref=sr_1_1166?brr=1&dchild=1&qid=1634420883&rd=1&s=digital-skills&sr=1-1166", "Residence 8800": "https://www.amazon.com/Ingress-Ventures-Residence-8800/dp/B09DSYJBYW/ref=sr_1_1167?brr=1&dchild=1&qid=1634420883&rd=1&s=digital-skills&sr=1-1167", "Rodeway Inn 1209": "https://www.amazon.com/Ingress-Ventures-Rodeway-Inn-1209/dp/B09DSY4PJJ/ref=sr_1_1168?brr=1&dchild=1&qid=1634420883&rd=1&s=digital-skills&sr=1-1168"}