{"Days Inn 115": "https://www.amazon.com/Ingress-Ventures-Days-Inn-115/dp/B09DCYQPT4/ref=sr_1_1217?brr=1&dchild=1&qid=1634420895&rd=1&s=digital-skills&sr=1-1217", "Sweetwater Foodmart 750": "https://www.amazon.com/Ingress-Ventures-Sweetwater-Foodmart-750/dp/B09DCX4NZK/ref=sr_1_1218?brr=1&dchild=1&qid=1634420895&rd=1&s=digital-skills&sr=1-1218", "Motel 6 Amarillo 2032": "https://www.amazon.com/Ingress-Ventures-Motel-Amarillo-2032/dp/B09DCW3RGK/ref=sr_1_1219?brr=1&dchild=1&qid=1634420895&rd=1&s=digital-skills&sr=1-1219", "West River Convenience 620": "https://www.amazon.com/Ingress-Ventures-West-River-Convenience/dp/B09DCTMDTM/ref=sr_1_1220?brr=1&dchild=1&qid=1634420895&rd=1&s=digital-skills&sr=1-1220", "Kens Market Place 384": "https://www.amazon.com/Ingress-Ventures-Kens-Market-Place/dp/B09DCSR39K/ref=sr_1_1221?brr=1&dchild=1&qid=1634420895&rd=1&s=digital-skills&sr=1-1221", "One Stop Mart 477": "https://www.amazon.com/Ingress-Ventures-One-Stop-Mart/dp/B09DCR38NB/ref=sr_1_1222?brr=1&dchild=1&qid=1634420895&rd=1&s=digital-skills&sr=1-1222", "BP 2431": "https://www.amazon.com/Ingress-Ventures-BP-2431/dp/B09DCQVG23/ref=sr_1_1223?brr=1&dchild=1&qid=1634420895&rd=1&s=digital-skills&sr=1-1223", "Subway 34": "https://www.amazon.com/Ingress-Ventures-Subway-34/dp/B09DCQ9C1W/ref=sr_1_1224?brr=1&dchild=1&qid=1634420895&rd=1&s=digital-skills&sr=1-1224", "Magic Market 207": "https://www.amazon.com/Ingress-Ventures-Magic-Market-207/dp/B09DCKH59N/ref=sr_1_1225?brr=1&dchild=1&qid=1634420895&rd=1&s=digital-skills&sr=1-1225", "Scituate Package Store Inc 184": "https://www.amazon.com/Scituate-Package-Store-Inc-184/dp/B09DCJK4JN/ref=sr_1_1226?brr=1&dchild=1&qid=1634420895&rd=1&s=digital-skills&sr=1-1226", "Pleasant Street Market 54": "https://www.amazon.com/Ingress-Ventures-Pleasant-Street-Market/dp/B09DCJBXT1/ref=sr_1_1227?brr=1&dchild=1&qid=1634420895&rd=1&s=digital-skills&sr=1-1227", "Preparing Hearts-Changing Lives Radio Live": "https://www.amazon.com/Preparing-Hearts-Changing-Lives-Radio-Live/dp/B09DCFPQMT/ref=sr_1_1228?brr=1&dchild=1&qid=1634420895&rd=1&s=digital-skills&sr=1-1228", "Queen Bee": "https://www.amazon.com/Stephan-Crainic-Queen-Bee/dp/B09DBVX6BS/ref=sr_1_1229?brr=1&dchild=1&qid=1634420895&rd=1&s=digital-skills&sr=1-1229", "Awesome Rainbow Game": "https://www.amazon.com/Rocky-Awesome-Rainbow-Game/dp/B09D8M18MW/ref=sr_1_1230?brr=1&dchild=1&qid=1634420895&rd=1&s=digital-skills&sr=1-1230", "Awesome daily news": "https://www.amazon.com/Rocky-Awesome-daily-news/dp/B09D8HCPDB/ref=sr_1_1231?brr=1&dchild=1&qid=1634420895&rd=1&s=digital-skills&sr=1-1231", "Battleground Mobile India Facts": "https://www.amazon.com/Agrahyah-Agency-Battleground-Mobile-India/dp/B09D7PWY5G/ref=sr_1_1232?brr=1&dchild=1&qid=1634420895&rd=1&s=digital-skills&sr=1-1232"}