{"Springhill Suite 5828": "https://www.amazon.com/Ingress-Ventures-Springhill-Suite-5828/dp/B09CV2X4GJ/ref=sr_1_1249?brr=1&dchild=1&qid=1634420901&rd=1&s=digital-skills&sr=1-1249", "Motel 6 401": "https://www.amazon.com/Ingress-Ventures-Motel-6-401/dp/B09CV284MH/ref=sr_1_1250?brr=1&dchild=1&qid=1634420901&rd=1&s=digital-skills&sr=1-1250", "Fruteria El Eden 2000": "https://www.amazon.com/Ingress-Ventures-Fruteria-Eden-2000/dp/B09CV1R2TM/ref=sr_1_1251?brr=1&dchild=1&qid=1634420901&rd=1&s=digital-skills&sr=1-1251", "Travel 421": "https://www.amazon.com/Ingress-Ventures-Travel-421/dp/B09CV1Q3CM/ref=sr_1_1252?brr=1&dchild=1&qid=1634420901&rd=1&s=digital-skills&sr=1-1252", "Queso Burritos 345": "https://www.amazon.com/Ingress-Ventures-Queso-Burritos-345/dp/B09CV13G7S/ref=sr_1_1253?brr=1&dchild=1&qid=1634420901&rd=1&s=digital-skills&sr=1-1253", "Citadel FM Microtel Inn Suites 13200": "https://www.amazon.com/Citadel-Microtel-Inn-Suites-13200/dp/B09CTXJG2M/ref=sr_1_1254?brr=1&dchild=1&qid=1634420901&rd=1&s=digital-skills&sr=1-1254", "Red Carpet Inn 7413": "https://www.amazon.com/Ingress-Ventures-Red-Carpet-7413/dp/B09CTX4ZP9/ref=sr_1_1255?brr=1&dchild=1&qid=1634420901&rd=1&s=digital-skills&sr=1-1255", "Sunoco Gas Station 16812": "https://www.amazon.com/Ingress-Ventures-Sunoco-Station-16812/dp/B09CTWVJQR/ref=sr_1_1256?brr=1&dchild=1&qid=1634420901&rd=1&s=digital-skills&sr=1-1256", "Saint Clairs 1380": "https://www.amazon.com/Ingress-Ventures-Saint-Clairs-1380/dp/B09CTWBBB5/ref=sr_1_1257?brr=1&dchild=1&qid=1634420901&rd=1&s=digital-skills&sr=1-1257", "Red Box 115": "https://www.amazon.com/Ingress-Ventures-Red-Box-115/dp/B09CTW43B2/ref=sr_1_1258?brr=1&dchild=1&qid=1634420901&rd=1&s=digital-skills&sr=1-1258", "space fact": "https://www.amazon.com/Avanade-Asia-Pte-Ltd-space/dp/B09CTSCVRL/ref=sr_1_1259?brr=1&dchild=1&qid=1634420901&rd=1&s=digital-skills&sr=1-1259", "Mobile 2584": "https://www.amazon.com/Ingress-Ventures-Mobile-2584/dp/B09CTNJW22/ref=sr_1_1260?brr=1&dchild=1&qid=1634420901&rd=1&s=digital-skills&sr=1-1260", "Sunoco Gas Station 598": "https://www.amazon.com/Ingress-Ventures-Sunoco-Gas-Station/dp/B09CTN6SBC/ref=sr_1_1261?brr=1&dchild=1&qid=1634420901&rd=1&s=digital-skills&sr=1-1261", "Random Factoids": "https://www.amazon.com/KevKode-Random-Factoids/dp/B09CTN2G97/ref=sr_1_1262?brr=1&dchild=1&qid=1634420901&rd=1&s=digital-skills&sr=1-1262", "Palace Inn 5321": "https://www.amazon.com/Ingress-Ventures-Palace-Inn-5321/dp/B09CTD2C1P/ref=sr_1_1263?brr=1&dchild=1&qid=1634420901&rd=1&s=digital-skills&sr=1-1263", "Days Inn 10801": "https://www.amazon.com/Ingress-Ventures-Days-Inn-10801/dp/B09CTBNCVT/ref=sr_1_1264?brr=1&dchild=1&qid=1634420901&rd=1&s=digital-skills&sr=1-1264"}