{"Privacy Facts": "https://www.amazon.com/JMNofziger-Privacy-Facts/dp/B071J2HQ9W/ref=sr_1_113?brr=1&dchild=1&qid=1634420699&rd=1&s=digital-skills&sr=1-113", "Unofficial's Apple Music Top 10 Pop Songs": "https://www.amazon.com/Unofficials-Apple-Music-Top-Songs/dp/B07N94C6V5/ref=sr_1_114?brr=1&dchild=1&qid=1634420699&rd=1&s=digital-skills&sr=1-114", "Fan & Ocean Sounds": "https://www.amazon.com/Axantic-Fan-Ocean-Sounds/dp/B09HS8SMYY/ref=sr_1_115?brr=1&dchild=1&qid=1634420699&rd=1&s=digital-skills&sr=1-115", "Barbie: You Can Be Anything": "https://www.amazon.com/Barbie-You-Can-Be-Anything/dp/B081DD8P2W/ref=sr_1_116?brr=1&dchild=1&qid=1634420699&rd=1&s=digital-skills&sr=1-116", "D&D Critical Hit Table": "https://www.amazon.com/D-Critical-Hit-Table/dp/B08YK7PZXW/ref=sr_1_117?brr=1&dchild=1&qid=1634420699&rd=1&s=digital-skills&sr=1-117", "Siebs Fact Skill": "https://www.amazon.com/Siebsites-Siebs-Fact-Skill/dp/B07KM9HBP5/ref=sr_1_118?brr=1&dchild=1&qid=1634420699&rd=1&s=digital-skills&sr=1-118", "Unofficial Disney Hero Quiz": "https://www.amazon.com/MEJRE-Labs-Unofficial-Disney-Hero/dp/B078RYKMYF/ref=sr_1_119?brr=1&dchild=1&qid=1634420699&rd=1&s=digital-skills&sr=1-119", "Disney Fan Quiz Easy": "https://www.amazon.com/Wing-Yan-Fan-Disney-Quiz/dp/B076JK3L4Y/ref=sr_1_120?brr=1&dchild=1&qid=1634420699&rd=1&s=digital-skills&sr=1-120", "Star Wars: C-3PO Translates!": "https://www.amazon.com/Disney-Star-Wars-C-3PO-Translates/dp/B08QQCZ1DX/ref=sr_1_121?brr=1&dchild=1&qid=1634420699&rd=1&s=digital-skills&sr=1-121", "Trick the Witch - Halloween Greeter": "https://www.amazon.com/Chatty-Creations-Trick-the-Witch/dp/B07J57JXMR/ref=sr_1_122?brr=1&dchild=1&qid=1634420699&rd=1&s=digital-skills&sr=1-122", "Game Helper": "https://www.amazon.com/Zac-Patel-Apps-Game-Helper/dp/B06WRSZN4Q/ref=sr_1_123?brr=1&dchild=1&qid=1634420699&rd=1&s=digital-skills&sr=1-123", "RPG Elf Name Generator": "https://www.amazon.com/Brandon-RPG-Elf-Name-Generator/dp/B01M8NU997/ref=sr_1_124?brr=1&dchild=1&qid=1634420699&rd=1&s=digital-skills&sr=1-124", "Fantasy RPG NPC Adventurer": "https://www.amazon.com/DRDev-Fantasy-RPG-NPC-Adventurer/dp/B07F38WZYJ/ref=sr_1_125?brr=1&dchild=1&qid=1634420699&rd=1&s=digital-skills&sr=1-125", "Star Trek": "https://www.amazon.com/CBS-Interactive-Star-Trek/dp/B0754WZ68W/ref=sr_1_126?brr=1&dchild=1&qid=1634420699&rd=1&s=digital-skills&sr=1-126", "Snack Time": "https://www.amazon.com/Toni-and-Mary-Snack-Time/dp/B08VJDLCYG/ref=sr_1_127?brr=1&dchild=1&qid=1634420699&rd=1&s=digital-skills&sr=1-127", "Dungeon Adventure": "https://www.amazon.com/Fangtastico-Dungeon-Adventure/dp/B01K457ZUS/ref=sr_1_128?brr=1&dchild=1&qid=1634420699&rd=1&s=digital-skills&sr=1-128"}