{"Ghost Finder": "https://www.amazon.com/Steven-Foyston-Ghost-Finder/dp/B09CT9QZ55/ref=sr_1_1265?brr=1&dchild=1&qid=1634420904&rd=1&s=digital-skills&sr=1-1265", "Citadel FM Win Gate by Wyndham 8650": "https://www.amazon.com/Citadel-Win-Gate-Wyndham-8650/dp/B09CT7K9ZV/ref=sr_1_1266?brr=1&dchild=1&qid=1634420904&rd=1&s=digital-skills&sr=1-1266", "Quick Pantry 6642": "https://www.amazon.com/Ingress-Ventures-Quick-Pantry-6642/dp/B09CSRY5DG/ref=sr_1_1267?brr=1&dchild=1&qid=1634420904&rd=1&s=digital-skills&sr=1-1267", "Awesome Yummy facts": "https://www.amazon.com/Neha-Awesome-Yummy-facts/dp/B09CSDNBJ4/ref=sr_1_1268?brr=1&dchild=1&qid=1634420904&rd=1&s=digital-skills&sr=1-1268", "Short Food Mart 101": "https://www.amazon.com/Ingress-Ventures-Short-Food-Mart/dp/B09CQ5Q53G/ref=sr_1_1269?brr=1&dchild=1&qid=1634420904&rd=1&s=digital-skills&sr=1-1269", "Palomino Motel 1330": "https://www.amazon.com/Ingress-Ventures-Palomino-Motel-1330/dp/B09CQ5N7T7/ref=sr_1_1270?brr=1&dchild=1&qid=1634420904&rd=1&s=digital-skills&sr=1-1270", "Motel 6": "https://www.amazon.com/Ingress-Ventures-Motel-6/dp/B09CQ51PBY/ref=sr_1_1274?brr=1&dchild=1&qid=1634420904&rd=1&s=digital-skills&sr=1-1274", "La Quinta Inn 3709": "https://www.amazon.com/Ingress-Ventures-Quinta-Inn-3709/dp/B09CQ5G38J/ref=sr_1_1272?brr=1&dchild=1&qid=1634420904&rd=1&s=digital-skills&sr=1-1272", "Scotland Park Motel 99": "https://www.amazon.com/Ingress-Ventures-Scotland-Park-Motel/dp/B09CQ5CD2Z/ref=sr_1_1273?brr=1&dchild=1&qid=1634420904&rd=1&s=digital-skills&sr=1-1273", "Quality Inn 3305": "https://www.amazon.com/Ingress-Ventures-Quality-Inn-3305/dp/B09CQ4MS8P/ref=sr_1_1275?brr=1&dchild=1&qid=1634420904&rd=1&s=digital-skills&sr=1-1275", "Budget Inn 3131": "https://www.amazon.com/Ingress-Ventures-Budget-Inn-3131/dp/B09CQ4L4Q6/ref=sr_1_1276?brr=1&dchild=1&qid=1634420904&rd=1&s=digital-skills&sr=1-1276", "Nature Inn Suites 4500": "https://www.amazon.com/Ingress-Ventures-Nature-Suites-4500/dp/B09CQ47VBL/ref=sr_1_1277?brr=1&dchild=1&qid=1634420904&rd=1&s=digital-skills&sr=1-1277", "Quality Inn 7411": "https://www.amazon.com/Ingress-Ventures-Quality-Inn-7411/dp/B09CQ3KKGD/ref=sr_1_1278?brr=1&dchild=1&qid=1634420904&rd=1&s=digital-skills&sr=1-1278", "Best Western Paris Inn 2011": "https://www.amazon.com/Best-Western-Paris-Inn-2011/dp/B09CQ3K7PP/ref=sr_1_1279?brr=1&dchild=1&qid=1634420904&rd=1&s=digital-skills&sr=1-1279", "Comfort Inn Suites 103": "https://www.amazon.com/Ingress-Ventures-Comfort-Inn-Suites/dp/B09CQ3GNYM/ref=sr_1_1280?brr=1&dchild=1&qid=1634420904&rd=1&s=digital-skills&sr=1-1280"}