{"Memphis Inn 6050": "https://www.amazon.com/Ingress-Ventures-Memphis-Inn-6050/dp/B09CQ3922C/ref=sr_1_1281?brr=1&dchild=1&qid=1634420906&rd=1&s=digital-skills&sr=1-1281", "Budget Inn express 1806": "https://www.amazon.com/Ingress-Ventures-Budget-express-1806/dp/B09CQ2RZ1G/ref=sr_1_1282?brr=1&dchild=1&qid=1634420906&rd=1&s=digital-skills&sr=1-1282", "Budget Inn 5043": "https://www.amazon.com/Ingress-Ventures-Budget-Inn-5043/dp/B09CQ2CQRS/ref=sr_1_1283?brr=1&dchild=1&qid=1634420906&rd=1&s=digital-skills&sr=1-1283", "Quick Pantry 105 6058": "https://www.amazon.com/Ingress-Ventures-Quick-Pantry-6058/dp/B09CQ2C8S3/ref=sr_1_1284?brr=1&dchild=1&qid=1634420906&rd=1&s=digital-skills&sr=1-1284", "Citadel FM Best Western Littlefield Inn 2600": "https://www.amazon.com/Citadel-Best-Western-Littlefield-2600/dp/B09CQ24K5C/ref=sr_1_1285?brr=1&dchild=1&qid=1634420906&rd=1&s=digital-skills&sr=1-1285", "Aloha Inn 301": "https://www.amazon.com/Ingress-Ventures-Aloha-Inn-301/dp/B09CQ1X4LN/ref=sr_1_1286?brr=1&dchild=1&qid=1634420906&rd=1&s=digital-skills&sr=1-1286", "Citadel FM Holiday Inn Express Suites 8628": "https://www.amazon.com/Citadel-Holiday-Express-Suites-8628/dp/B09CQ1WCVP/ref=sr_1_1287?brr=1&dchild=1&qid=1634420906&rd=1&s=digital-skills&sr=1-1287", "Hampton Inn Suites 105": "https://www.amazon.com/Ingress-Ventures-Hampton-Inn-Suites/dp/B09CQ1BPXT/ref=sr_1_1288?brr=1&dchild=1&qid=1634420906&rd=1&s=digital-skills&sr=1-1288", "Country Inn Suites 705": "https://www.amazon.com/Ingress-Ventures-Country-Inn-Suites/dp/B09CQ189CZ/ref=sr_1_1289?brr=1&dchild=1&qid=1634420906&rd=1&s=digital-skills&sr=1-1289", "Citadel FM Western Executive Inn Suites 3307": "https://www.amazon.com/Citadel-Western-Executive-Suites-3307/dp/B09CPZX76G/ref=sr_1_1290?brr=1&dchild=1&qid=1634420906&rd=1&s=digital-skills&sr=1-1290", "Citadel FM Trade Winds Inn Clinton 2128": "https://www.amazon.com/Citadel-Trade-Winds-Clinton-2128/dp/B09CPZMVZY/ref=sr_1_1291?brr=1&dchild=1&qid=1634420906&rd=1&s=digital-skills&sr=1-1291", "Days Inn Suites 107": "https://www.amazon.com/Ingress-Ventures-Days-Inn-Suites/dp/B09CPYFRGF/ref=sr_1_1292?brr=1&dchild=1&qid=1634420906&rd=1&s=digital-skills&sr=1-1292", "Quality Inn 2843": "https://www.amazon.com/Ingress-Ventures-Quality-Inn-2843/dp/B09CPY7JCC/ref=sr_1_1293?brr=1&dchild=1&qid=1634420906&rd=1&s=digital-skills&sr=1-1293", "Americas Value Inn 622": "https://www.amazon.com/Ingress-Ventures-Americas-Value-Inn/dp/B09CPY5B6V/ref=sr_1_1294?brr=1&dchild=1&qid=1634420906&rd=1&s=digital-skills&sr=1-1294", "Deluxe Inn 2445": "https://www.amazon.com/Ingress-Ventures-Deluxe-Inn-2445/dp/B09CPY17QR/ref=sr_1_1295?brr=1&dchild=1&qid=1634420906&rd=1&s=digital-skills&sr=1-1295", "Comfort Suites 4801": "https://www.amazon.com/Ingress-Ventures-Comfort-Suites-4801/dp/B09CPXZWPG/ref=sr_1_1296?brr=1&dchild=1&qid=1634420906&rd=1&s=digital-skills&sr=1-1296"}