{"Americas Value Inn 4005": "https://www.amazon.com/Ingress-Ventures-Americas-Value-4005/dp/B09CPX4TDV/ref=sr_1_1297?brr=1&dchild=1&qid=1634420909&rd=1&s=digital-skills&sr=1-1297", "Quality Inn 153": "https://www.amazon.com/Ingress-Ventures-Quality-Inn-153/dp/B09CPW5WW1/ref=sr_1_1298?brr=1&dchild=1&qid=1634420909&rd=1&s=digital-skills&sr=1-1298", "Emerald Beach Hotel 1102": "https://www.amazon.com/Ingress-Ventures-Emerald-Beach-Hotel/dp/B09CPVL2M4/ref=sr_1_1299?brr=1&dchild=1&qid=1634420909&rd=1&s=digital-skills&sr=1-1299", "Citadel FM Comfort Inn Suites 1521": "https://www.amazon.com/Citadel-Comfort-Inn-Suites-1521/dp/B09CPV4XHS/ref=sr_1_1300?brr=1&dchild=1&qid=1634420909&rd=1&s=digital-skills&sr=1-1300", "World Travel Inn 69": "https://www.amazon.com/Ingress-Ventures-World-Travel-Inn/dp/B09CPT6G8Q/ref=sr_1_1301?brr=1&dchild=1&qid=1634420909&rd=1&s=digital-skills&sr=1-1301", "Surestay Hotel 609": "https://www.amazon.com/Ingress-Ventures-Surestay-Hotel-609/dp/B09CPT1P82/ref=sr_1_1302?brr=1&dchild=1&qid=1634420909&rd=1&s=digital-skills&sr=1-1302", "Geneva Inn 507": "https://www.amazon.com/Ingress-Ventures-Geneva-Inn-507/dp/B09CPSY9R4/ref=sr_1_1303?brr=1&dchild=1&qid=1634420909&rd=1&s=digital-skills&sr=1-1303", "Americas Best Value Inn 1110": "https://www.amazon.com/Americas-Best-Value-Inn-1110/dp/B09CPSP454/ref=sr_1_1304?brr=1&dchild=1&qid=1634420909&rd=1&s=digital-skills&sr=1-1304", "Quality Inn Suites 540": "https://www.amazon.com/Ingress-Ventures-Quality-Inn-Suites/dp/B09CPSN9JH/ref=sr_1_1305?brr=1&dchild=1&qid=1634420909&rd=1&s=digital-skills&sr=1-1305", "Rally Championship": "https://www.amazon.com/Chemels-Rally-Championship/dp/B09CPRBBKR/ref=sr_1_1306?brr=1&dchild=1&qid=1634420909&rd=1&s=digital-skills&sr=1-1306", "Days Inn 2606": "https://www.amazon.com/Ingress-Ventures-Days-Inn-2606/dp/B09CPQL2D7/ref=sr_1_1307?brr=1&dchild=1&qid=1634420909&rd=1&s=digital-skills&sr=1-1307", "Baby Translator": "https://www.amazon.com/Steven-Foyston-Baby-Translator/dp/B09CPPHQ62/ref=sr_1_1308?brr=1&dchild=1&qid=1634420909&rd=1&s=digital-skills&sr=1-1308", "Town Country Motel 4115": "https://www.amazon.com/Ingress-Ventures-Town-Country-Motel/dp/B09CPPGTBM/ref=sr_1_1309?brr=1&dchild=1&qid=1634420909&rd=1&s=digital-skills&sr=1-1309", "Citadel FM American Grocery 4308": "https://www.amazon.com/Citadel-FM-American-Grocery-4308/dp/B09CPP5YMD/ref=sr_1_1310?brr=1&dchild=1&qid=1634420909&rd=1&s=digital-skills&sr=1-1310", "Super 8 2833": "https://www.amazon.com/Ingress-Ventures-Super-8-2833/dp/B09CPN5VKS/ref=sr_1_1311?brr=1&dchild=1&qid=1634420909&rd=1&s=digital-skills&sr=1-1311", "Red Roof Inn 8000": "https://www.amazon.com/Ingress-Ventures-Red-Roof-8000/dp/B09CPMRJN5/ref=sr_1_1312?brr=1&dchild=1&qid=1634420909&rd=1&s=digital-skills&sr=1-1312"}