{"Days Inn 2200": "https://www.amazon.com/Ingress-Ventures-Days-Inn-2200/dp/B09CPKMNRH/ref=sr_1_1313?brr=1&dchild=1&qid=1634420912&rd=1&s=digital-skills&sr=1-1313", "Quality Inn 1392": "https://www.amazon.com/Ingress-Ventures-Quality-Inn-1392/dp/B09CPJBWN2/ref=sr_1_1314?brr=1&dchild=1&qid=1634420912&rd=1&s=digital-skills&sr=1-1314", "Days Inn Suites 105": "https://www.amazon.com/Ingress-Ventures-Days-Inn-Suites/dp/B09CPHP46Z/ref=sr_1_1315?brr=1&dchild=1&qid=1634420912&rd=1&s=digital-skills&sr=1-1315", "Quality Inn Coliseum 5055": "https://www.amazon.com/Ingress-Ventures-Quality-Coliseum-5055/dp/B09CPGPH85/ref=sr_1_1316?brr=1&dchild=1&qid=1634420912&rd=1&s=digital-skills&sr=1-1316", "Chevron 4699": "https://www.amazon.com/Ingress-Ventures-Chevron-4699/dp/B09CPG3YF6/ref=sr_1_1317?brr=1&dchild=1&qid=1634420912&rd=1&s=digital-skills&sr=1-1317", "Deluxe Inn 52": "https://www.amazon.com/Ingress-Ventures-Deluxe-Inn-52/dp/B09CPF7DFM/ref=sr_1_1318?brr=1&dchild=1&qid=1634420912&rd=1&s=digital-skills&sr=1-1318", "Motel 62 3169": "https://www.amazon.com/Ingress-Ventures-Motel-62-3169/dp/B09CPC46Q6/ref=sr_1_1319?brr=1&dchild=1&qid=1634420912&rd=1&s=digital-skills&sr=1-1319", "Citadel FM South Padre Island Lodge 3913": "https://www.amazon.com/Citadel-South-Padre-Island-Lodge/dp/B09CPBNL22/ref=sr_1_1320?brr=1&dchild=1&qid=1634420912&rd=1&s=digital-skills&sr=1-1320", "Americas Best Value Inn 601": "https://www.amazon.com/Americas-Best-Value-Inn-601/dp/B09CPBDCWS/ref=sr_1_1321?brr=1&dchild=1&qid=1634420912&rd=1&s=digital-skills&sr=1-1321", "Super Duper Game Show": "https://www.amazon.com/Sebastian-Moleta-Super-Duper-Game/dp/B09CMMZ8S4/ref=sr_1_1322?brr=1&dchild=1&qid=1634420912&rd=1&s=digital-skills&sr=1-1322", "Music facts": "https://www.amazon.com/Agrahyah-Agency-Music-facts/dp/B09CMC68NF/ref=sr_1_1323?brr=1&dchild=1&qid=1634420912&rd=1&s=digital-skills&sr=1-1323", "My Favorite Cricket Players": "https://www.amazon.com/viveksarthi-My-Favorite-Cricket-Players/dp/B09CM7P1N1/ref=sr_1_1324?brr=1&dchild=1&qid=1634420912&rd=1&s=digital-skills&sr=1-1324", "Time Convert": "https://www.amazon.com/AK-Time-Convert/dp/B09CKXJCHL/ref=sr_1_1325?brr=1&dchild=1&qid=1634420912&rd=1&s=digital-skills&sr=1-1325", "Citadel FM Comfort Inn Suites 13900": "https://www.amazon.com/Citadel-Comfort-Inn-Suites-13900/dp/B09CH41L2T/ref=sr_1_1326?brr=1&dchild=1&qid=1634420912&rd=1&s=digital-skills&sr=1-1326", "Citadel FM Dell Dale Motel 15543": "https://www.amazon.com/Citadel-Dell-Dale-Motel-15543/dp/B09CH3W9SL/ref=sr_1_1327?brr=1&dchild=1&qid=1634420912&rd=1&s=digital-skills&sr=1-1327", "Citadel FM South Padre Island Inn 4109": "https://www.amazon.com/Citadel-South-Padre-Island-4109/dp/B09CH3RPPJ/ref=sr_1_1328?brr=1&dchild=1&qid=1634420912&rd=1&s=digital-skills&sr=1-1328"}