{"Shell 3229": "https://www.amazon.com/Ingress-Ventures-Shell-3229/dp/B09CD5YM7H/ref=sr_1_1377?brr=1&dchild=1&qid=1634420924&rd=1&s=digital-skills&sr=1-1377", "CITADEL FM Best Western Northwest Inn Suites 11611": "https://www.amazon.com/CITADEL-Western-Northwest-Suites-11611/dp/B09CD53JNX/ref=sr_1_1378?brr=1&dchild=1&qid=1634420924&rd=1&s=digital-skills&sr=1-1378", "Corner Stop 2446": "https://www.amazon.com/Ingress-Ventures-Corner-Stop-2446/dp/B09CD4M1MB/ref=sr_1_1379?brr=1&dchild=1&qid=1634420924&rd=1&s=digital-skills&sr=1-1379", "Comfort Suites 1801": "https://www.amazon.com/Ingress-Ventures-Comfort-Suites-1801/dp/B09CD44TQ3/ref=sr_1_1380?brr=1&dchild=1&qid=1634420924&rd=1&s=digital-skills&sr=1-1380", "Chevron 6319": "https://www.amazon.com/Ingress-Ventures-Chevron-6319/dp/B09CD23ZTL/ref=sr_1_1381?brr=1&dchild=1&qid=1634420924&rd=1&s=digital-skills&sr=1-1381", "Quality Inn Suites 1435": "https://www.amazon.com/Ingress-Ventures-Quality-Suites-1435/dp/B09CD143L5/ref=sr_1_1382?brr=1&dchild=1&qid=1634420924&rd=1&s=digital-skills&sr=1-1382", "Star Food Mart 3011": "https://www.amazon.com/Ingress-Ventures-Star-Food-Mart/dp/B09CCVWDGS/ref=sr_1_1383?brr=1&dchild=1&qid=1634420924&rd=1&s=digital-skills&sr=1-1383", "Smokers Stop 1271": "https://www.amazon.com/Ingress-Ventures-Smokers-Stop-1271/dp/B09CCSNXWQ/ref=sr_1_1384?brr=1&dchild=1&qid=1634420924&rd=1&s=digital-skills&sr=1-1384", "Motel 6 Riverton 302": "https://www.amazon.com/Ingress-Ventures-Motel-Riverton-302/dp/B09CCQQZG7/ref=sr_1_1385?brr=1&dchild=1&qid=1634420924&rd=1&s=digital-skills&sr=1-1385", "Citadel FM Whigham Country Store 248": "https://www.amazon.com/Citadel-Whigham-Country-Store-248/dp/B09CCQ5G5V/ref=sr_1_1386?brr=1&dchild=1&qid=1634420924&rd=1&s=digital-skills&sr=1-1386", "Comfort Inn Suites 301": "https://www.amazon.com/Ingress-Ventures-Comfort-Inn-Suites/dp/B09CCPTBQS/ref=sr_1_1387?brr=1&dchild=1&qid=1634420924&rd=1&s=digital-skills&sr=1-1387", "Fair Price Tobacco 171": "https://www.amazon.com/Ingress-Ventures-Fair-Price-Tobacco/dp/B09CCPN239/ref=sr_1_1388?brr=1&dchild=1&qid=1634420924&rd=1&s=digital-skills&sr=1-1388", "Bonaire Liquor 200": "https://www.amazon.com/Ingress-Ventures-Bonaire-Liquor-200/dp/B09CCLL3R8/ref=sr_1_1389?brr=1&dchild=1&qid=1634420924&rd=1&s=digital-skills&sr=1-1389", "Citadel FM tamiami mini mart 2790": "https://www.amazon.com/Citadel-tamiami-mini-mart-2790/dp/B09CCJ8LNV/ref=sr_1_1390?brr=1&dchild=1&qid=1634420924&rd=1&s=digital-skills&sr=1-1390", "Cat Quiz": "https://www.amazon.com/Cat0976-Cat-Quiz/dp/B09C8P4K2C/ref=sr_1_1391?brr=1&dchild=1&qid=1634420924&rd=1&s=digital-skills&sr=1-1391", "Bedtime Lullabies": "https://www.amazon.com/Smart-Skills-Bedtime-Lullabies/dp/B09C6H4DY1/ref=sr_1_1392?brr=1&dchild=1&qid=1634420924&rd=1&s=digital-skills&sr=1-1392"}