{"Citadel FM Best Western 504": "https://www.amazon.com/Citadel-FM-Best-Western-504/dp/B09C5JPH1D/ref=sr_1_1409?brr=1&dchild=1&qid=1634420929&rd=1&s=digital-skills&sr=1-1409", "Chevron 230": "https://www.amazon.com/Ingress-Ventures-Chevron-230/dp/B09C5JLQ3L/ref=sr_1_1410?brr=1&dchild=1&qid=1634420929&rd=1&s=digital-skills&sr=1-1410", "Expressway 2610": "https://www.amazon.com/Ingress-Ventures-Expressway-2610/dp/B09C5DSGWG/ref=sr_1_1411?brr=1&dchild=1&qid=1634420929&rd=1&s=digital-skills&sr=1-1411", "Genius Trivia": "https://www.amazon.com/Ezekiel-Montoya-Genius-Trivia/dp/B09C4FRQFS/ref=sr_1_1412?brr=1&dchild=1&qid=1634420929&rd=1&s=digital-skills&sr=1-1412", "Citadel FM QP Express 102 1110": "https://www.amazon.com/Citadel-FM-Express-102-1110/dp/B09C2D2JYQ/ref=sr_1_1413?brr=1&dchild=1&qid=1634420929&rd=1&s=digital-skills&sr=1-1413", "Lux Laundries Vernon 204": "https://www.amazon.com/Ingress-Ventures-Lux-Laundries-Vernon/dp/B09C2CQBRJ/ref=sr_1_1414?brr=1&dchild=1&qid=1634420929&rd=1&s=digital-skills&sr=1-1414", "Citadel FM QP Express 103 415": "https://www.amazon.com/Citadel-FM-Express-103-415/dp/B09C2BPJKM/ref=sr_1_1415?brr=1&dchild=1&qid=1634420929&rd=1&s=digital-skills&sr=1-1415", "Expressway 1329": "https://www.amazon.com/Ingress-Ventures-Expressway-1329/dp/B09C2B9S7C/ref=sr_1_1416?brr=1&dchild=1&qid=1634420929&rd=1&s=digital-skills&sr=1-1416", "Lone Star Inn 2340": "https://www.amazon.com/Ingress-Ventures-Lone-Star-2340/dp/B09C2B2QHQ/ref=sr_1_1417?brr=1&dchild=1&qid=1634420929&rd=1&s=digital-skills&sr=1-1417", "Citadel FM QP Express 101 1000": "https://www.amazon.com/Citadel-FM-Express-101-1000/dp/B09C29MRC7/ref=sr_1_1418?brr=1&dchild=1&qid=1634420929&rd=1&s=digital-skills&sr=1-1418", "Expressway 618": "https://www.amazon.com/Ingress-Ventures-Expressway-618/dp/B09C29GM54/ref=sr_1_1419?brr=1&dchild=1&qid=1634420929&rd=1&s=digital-skills&sr=1-1419", "Best Western 1504": "https://www.amazon.com/Ingress-Ventures-Best-Western-1504/dp/B09C28RXRR/ref=sr_1_1420?brr=1&dchild=1&qid=1634420929&rd=1&s=digital-skills&sr=1-1420", "Fast Way 19 12": "https://www.amazon.com/Ingress-Ventures-Fast-Way-19/dp/B09C28KQT8/ref=sr_1_1421?brr=1&dchild=1&qid=1634420929&rd=1&s=digital-skills&sr=1-1421", "Fast Way 5 1409": "https://www.amazon.com/Ingress-Ventures-Fast-Way-1409/dp/B09C28DT52/ref=sr_1_1422?brr=1&dchild=1&qid=1634420929&rd=1&s=digital-skills&sr=1-1422", "Baran Boys Adventure": "https://www.amazon.com/Fervent-Technology-Group-Baran-Adventure/dp/B09C28BDJY/ref=sr_1_1423?brr=1&dchild=1&qid=1634420929&rd=1&s=digital-skills&sr=1-1423", "Quality Inn 7051": "https://www.amazon.com/Ingress-Ventures-Quality-Inn-7051/dp/B09C27W72H/ref=sr_1_1424?brr=1&dchild=1&qid=1634420929&rd=1&s=digital-skills&sr=1-1424"}