{"Citadel FM Country Suites 3825": "https://www.amazon.com/Citadel-FM-Country-Suites-3825/dp/B09BV3NVTL/ref=sr_1_1441?brr=1&dchild=1&qid=1634420935&rd=1&s=digital-skills&sr=1-1441", "Citadel FM Good Spirits Wine Tobacco 402": "https://www.amazon.com/Citadel-Good-Spirits-Wine-Tobacco/dp/B09BV192VP/ref=sr_1_1442?brr=1&dchild=1&qid=1634420935&rd=1&s=digital-skills&sr=1-1442", "Citadel FM Good Spirit Wine Tobacco 4378": "https://www.amazon.com/Citadel-Good-Spirit-Wine-Tobacco/dp/B09BTYFD8M/ref=sr_1_1443?brr=1&dchild=1&qid=1634420935&rd=1&s=digital-skills&sr=1-1443", "Laundry Station 555": "https://www.amazon.com/Ingress-Ventures-Laundry-Station-555/dp/B09BTV6TKS/ref=sr_1_1444?brr=1&dchild=1&qid=1634420935&rd=1&s=digital-skills&sr=1-1444", "Standard Vapor 18": "https://www.amazon.com/Ingress-Ventures-Standard-Vapor-18/dp/B09BTRCNNT/ref=sr_1_1445?brr=1&dchild=1&qid=1634420935&rd=1&s=digital-skills&sr=1-1445", "Freedom Market 117": "https://www.amazon.com/Ingress-Ventures-Freedom-Market-117/dp/B09BTG1NBH/ref=sr_1_1446?brr=1&dchild=1&qid=1634420935&rd=1&s=digital-skills&sr=1-1446", "Quality Suites 1156": "https://www.amazon.com/Ingress-Ventures-Quality-Suites-1156/dp/B09BR22B25/ref=sr_1_1447?brr=1&dchild=1&qid=1634420935&rd=1&s=digital-skills&sr=1-1447", "Chevron 30728": "https://www.amazon.com/Ingress-Ventures-Chevron-30728/dp/B09BQV2MYN/ref=sr_1_1448?brr=1&dchild=1&qid=1634420935&rd=1&s=digital-skills&sr=1-1448", "Citadel FM Midtown Food and Liquor 3808": "https://www.amazon.com/Citadel-Midtown-Food-Liquor-3808/dp/B09BQTD1PZ/ref=sr_1_1449?brr=1&dchild=1&qid=1634420935&rd=1&s=digital-skills&sr=1-1449", "Citadel FM Greenup Marathon 11825": "https://www.amazon.com/Citadel-FM-Greenup-Marathon-11825/dp/B09BQSXM46/ref=sr_1_1450?brr=1&dchild=1&qid=1634420935&rd=1&s=digital-skills&sr=1-1450", "Tobacco Outlet 2 292": "https://www.amazon.com/Ingress-Ventures-Tobacco-Outlet-292/dp/B09BQSWND8/ref=sr_1_1451?brr=1&dchild=1&qid=1634420935&rd=1&s=digital-skills&sr=1-1451", "Valley Liquors 291": "https://www.amazon.com/Ingress-Ventures-Valley-Liquors-291/dp/B09BQS8L1Z/ref=sr_1_1452?brr=1&dchild=1&qid=1634420935&rd=1&s=digital-skills&sr=1-1452", "Kokopelli 2420": "https://www.amazon.com/Ingress-Ventures-Kokopelli-2420/dp/B09BQN2GRG/ref=sr_1_1453?brr=1&dchild=1&qid=1634420935&rd=1&s=digital-skills&sr=1-1453", "Stop N Shop 109": "https://www.amazon.com/Ingress-Ventures-Stop-Shop-109/dp/B09BQKX2S9/ref=sr_1_1454?brr=1&dchild=1&qid=1634420935&rd=1&s=digital-skills&sr=1-1454", "Shell 757": "https://www.amazon.com/Ingress-Ventures-Shell-757/dp/B09BQFFVZK/ref=sr_1_1455?brr=1&dchild=1&qid=1634420935&rd=1&s=digital-skills&sr=1-1455", "Mobil 342": "https://www.amazon.com/Ingress-Ventures-Mobil-342/dp/B09BQCRGSB/ref=sr_1_1456?brr=1&dchild=1&qid=1634420935&rd=1&s=digital-skills&sr=1-1456"}