{"Uni Point Mart 100": "https://www.amazon.com/Ingress-Ventures-Uni-Point-Mart/dp/B09BNMVX7N/ref=sr_1_1457?brr=1&dchild=1&qid=1634420938&rd=1&s=digital-skills&sr=1-1457", "Quick Shop 1511": "https://www.amazon.com/Ingress-Ventures-Quick-Shop-1511/dp/B09BNMSK1F/ref=sr_1_1458?brr=1&dchild=1&qid=1634420938&rd=1&s=digital-skills&sr=1-1458", "Citadel FM King Food Discount 11565": "https://www.amazon.com/Citadel-King-Food-Discount-11565/dp/B09BNM2NYN/ref=sr_1_1459?brr=1&dchild=1&qid=1634420938&rd=1&s=digital-skills&sr=1-1459", "Ex 355": "https://www.amazon.com/Ingress-Ventures-Ex-355/dp/B09BNM1R82/ref=sr_1_1460?brr=1&dchild=1&qid=1634420938&rd=1&s=digital-skills&sr=1-1460", "Citadel FM Marshfield Liquor Store 1852": "https://www.amazon.com/Citadel-Marshfield-Liquor-Store-1852/dp/B09BNLTTSW/ref=sr_1_1461?brr=1&dchild=1&qid=1634420938&rd=1&s=digital-skills&sr=1-1461", "Citadel FM Even Steven Neighborhood Market 7155": "https://www.amazon.com/Citadel-Even-Steven-Neighborhood-Market/dp/B09BNLHF8F/ref=sr_1_1462?brr=1&dchild=1&qid=1634420938&rd=1&s=digital-skills&sr=1-1462", "Tobacco & Liquors 2450": "https://www.amazon.com/Ingress-Ventures-Tobacco-Liquors-2450/dp/B09BNKP661/ref=sr_1_1463?brr=1&dchild=1&qid=1634420938&rd=1&s=digital-skills&sr=1-1463", "Citadel FM Best Western Fort Worth Inn Suites 201": "https://www.amazon.com/Citadel-Best-Western-Worth-Suites/dp/B09BNJQ9MR/ref=sr_1_1464?brr=1&dchild=1&qid=1634420938&rd=1&s=digital-skills&sr=1-1464", "Marathon Gas 512": "https://www.amazon.com/Ingress-Ventures-Marathon-Gas-512/dp/B09BNHB29C/ref=sr_1_1465?brr=1&dchild=1&qid=1634420938&rd=1&s=digital-skills&sr=1-1465", "Lucky Pennys 37635": "https://www.amazon.com/Ingress-Ventures-Lucky-Pennys-37635/dp/B09BNGDMRZ/ref=sr_1_1466?brr=1&dchild=1&qid=1634420938&rd=1&s=digital-skills&sr=1-1466", "Shell 2411": "https://www.amazon.com/Ingress-Ventures-Shell-2411/dp/B09BNG7T6W/ref=sr_1_1467?brr=1&dchild=1&qid=1634420938&rd=1&s=digital-skills&sr=1-1467", "Marathon Gas 3614": "https://www.amazon.com/Ingress-Ventures-Marathon-Gas-3614/dp/B09BNG49TK/ref=sr_1_1468?brr=1&dchild=1&qid=1634420938&rd=1&s=digital-skills&sr=1-1468", "Lincoln Banquet Center 201": "https://www.amazon.com/Ingress-Ventures-Lincoln-Banquet-Center/dp/B09BNFKCZ7/ref=sr_1_1469?brr=1&dchild=1&qid=1634420938&rd=1&s=digital-skills&sr=1-1469", "Crown Market 3675": "https://www.amazon.com/Ingress-Ventures-Crown-Market-3675/dp/B09BNF3891/ref=sr_1_1470?brr=1&dchild=1&qid=1634420938&rd=1&s=digital-skills&sr=1-1470", "Citadel FM Route 97 House Pizza 11": "https://www.amazon.com/Citadel-FM-Route-House-Pizza/dp/B09BNCW7D4/ref=sr_1_1471?brr=1&dchild=1&qid=1634420938&rd=1&s=digital-skills&sr=1-1471", "M J Development 250": "https://www.amazon.com/Ingress-Ventures-M-Development-250/dp/B09BN35GJN/ref=sr_1_1472?brr=1&dchild=1&qid=1634420938&rd=1&s=digital-skills&sr=1-1472"}