{"Citadel FM Smoke Shop Victor Row 13622": "https://www.amazon.com/Citadel-Smoke-Shop-Victor-13622/dp/B09BFK9T3L/ref=sr_1_1489?brr=1&dchild=1&qid=1634420943&rd=1&s=digital-skills&sr=1-1489", "US Tobacco 1701": "https://www.amazon.com/Ingress-Ventures-US-Tobacco-1701/dp/B09BFJC3GW/ref=sr_1_1490?brr=1&dchild=1&qid=1634420943&rd=1&s=digital-skills&sr=1-1490", "Best Western Morton 150": "https://www.amazon.com/Ingress-Ventures-Best-Western-Morton/dp/B09BFHNZMW/ref=sr_1_1491?brr=1&dchild=1&qid=1634420943&rd=1&s=digital-skills&sr=1-1491", "Citadel FM Lucky Penny 34572": "https://www.amazon.com/Citadel-FM-Lucky-Penny-34572/dp/B09BFG3XZJ/ref=sr_1_1492?brr=1&dchild=1&qid=1634420943&rd=1&s=digital-skills&sr=1-1492", "SCP Foundation UK": "https://www.amazon.com/VUI-SCP-Foundation-UK/dp/B09BFF691V/ref=sr_1_1493?brr=1&dchild=1&qid=1634420943&rd=1&s=digital-skills&sr=1-1493", "Lucky Penny 2450": "https://www.amazon.com/Ingress-Ventures-Lucky-Penny-2450/dp/B09BFDFWCK/ref=sr_1_1494?brr=1&dchild=1&qid=1634420943&rd=1&s=digital-skills&sr=1-1494", "A M Food Mart 505": "https://www.amazon.com/A-M-Food-Mart-505/dp/B09BFCNHBW/ref=sr_1_1495?brr=1&dchild=1&qid=1634420943&rd=1&s=digital-skills&sr=1-1495", "Motel 6 904": "https://www.amazon.com/Ingress-Ventures-Motel-6-904/dp/B09BFCGVTM/ref=sr_1_1496?brr=1&dchild=1&qid=1634420943&rd=1&s=digital-skills&sr=1-1496", "Bay 1360": "https://www.amazon.com/Ingress-Ventures-Bay-1360/dp/B09BFCF7XN/ref=sr_1_1497?brr=1&dchild=1&qid=1634420943&rd=1&s=digital-skills&sr=1-1497", "Lodge 3120": "https://www.amazon.com/Ingress-Ventures-Lodge-3120/dp/B09BFBGNXJ/ref=sr_1_1498?brr=1&dchild=1&qid=1634420943&rd=1&s=digital-skills&sr=1-1498", "Unlock your Inner Genius": "https://www.amazon.com/Inner-Genius-Unlock-your/dp/B09BDNMRGF/ref=sr_1_1499?brr=1&dchild=1&qid=1634420943&rd=1&s=digital-skills&sr=1-1499", "Variety 533": "https://www.amazon.com/Ingress-Ventures-Variety-533/dp/B09BBPHD1R/ref=sr_1_1500?brr=1&dchild=1&qid=1634420943&rd=1&s=digital-skills&sr=1-1500", "The Ghost under the Stairs": "https://www.amazon.com/The-Ghost-under-the-Stairs/dp/B09BB944LN/ref=sr_1_1501?brr=1&dchild=1&qid=1634420943&rd=1&s=digital-skills&sr=1-1501", "Dev Liquor & Wine 1170": "https://www.amazon.com/Ingress-Ventures-Liquor-Wine-1170/dp/B09B7219MQ/ref=sr_1_1502?brr=1&dchild=1&qid=1634420943&rd=1&s=digital-skills&sr=1-1502", "Citadel FM Clark Mini Mart 6761": "https://www.amazon.com/Citadel-Clark-Mini-Mart-6761/dp/B09B6ZRWD6/ref=sr_1_1503?brr=1&dchild=1&qid=1634420943&rd=1&s=digital-skills&sr=1-1503", "Card Smart Yogi 442": "https://www.amazon.com/Ingress-Ventures-Card-Smart-Yogi/dp/B09B6ZKW6L/ref=sr_1_1504?brr=1&dchild=1&qid=1634420943&rd=1&s=digital-skills&sr=1-1504"}