{"Jhansi Fact": {"review-count": "0", "description": "Description\nA skill displays some amazing jhansi facts.", "details": "Skill Details\nThis skill contains dynamic content.\nInvocation Name: jhansi fact", "privacy_policy_href": ""}, "saltysweet": {"review-count": "0", "description": "Description\nAn interactive skill that describes facts and flavors of Nature Valley bars.", "details": "Skill Details\nThis skill contains dynamic content.\nInvocation Name: nature valley facts", "privacy_policy_href": ""}, "Marvel Facts": {"review-count": "0", "description": "Description\nWant to learn some random and interesting facts about Marvel? Here you can do that by asking for different tid bits of information relating to Marvel", "details": "Skill Details\nThis skill contains dynamic content.\nInvocation Name: marvel facts", "privacy_policy_href": ""}, "space facts - explore space": {"review-count": "0", "description": "Description\nInteresting facts about space related to our space.", "details": "Skill Details\nThis skill contains dynamic content.\nInvocation Name: space facts", "privacy_policy_href": ""}, "Candle Lighting Time": {"review-count": "2", "description": "Description\nWill give you the time when you should light the candles for Shabbat", "details": "Skill Details\nThis skill contains dynamic content.\nInvocation Name: candle lighting", "privacy_policy_href": ""}, "china fest": {"review-count": "0", "description": "Description\nIn China, there are many traditional festivals. Among them, Spring Festival, Qingming Festival, Duanwu Festival and Zhongqiu Festival are among the most important ones. Qingming Festival is bases on solar calendar so it is around April 5th each year(at most one day away). As the Spring Festival,Duanwu Festival and Zhongqiu Festival are not direct related to modern solar calendar, the exact dates need to be checked on chinese calendar. China Fest provide an easy way to check the dates for these important festival for the coming years. It also provides some interesting facts about the chinese festivals. As many places may have special holiday arrangement on these festivals, it is a good idea to check the important date before traveling. Enjoy!", "details": "Skill Details\nThis skill contains dynamic content.\nInvocation Name: china fest", "privacy_policy_href": ""}, "Hacktoberfest Facts": {"review-count": "0", "description": "Description\nYou can say one of these phases to invoke this skill\n\n\"Alexa, ask hacktoberfest facts for a fact\"\n\"Alexa, ask hacktoberfest facts to tell me a fact\"\n\"Alexa, ask hacktoberfest facts to tell me a hacktoberfest fact\"\n\"Alexa, ask hacktoberfest facts to give me a fact\"\n\"Alexa, ask hacktoberfest facts to give me trivia\"\n\"Alexa, ask hacktoberfest facts to give me some information\"\n\"Alexa, ask hacktoberfest facts to tell me something\"\n\"Alexa, ask hacktoberfest facts to give me something\"\n\nThis is a very basic skill. I will keep adding more facts to the skill. Any pull requests are welcome.\nhttps://github.com/udayapitchika/Alexa-Hacktoberfest-Facts/issues\n\nFor more information on hacktoberfest, please visit\nhttps://hacktoberfest.digitalocean.com/\n\nNote : This is an unofficial skill and in no way affiliated with Hakctoberfest, GitHub, Digital Ocean or SendGrid.", "details": "Skill Details\nThis skill contains dynamic content.\nInvocation Name: hacktoberfest facts", "privacy_policy_href": ""}, "Supreme Court Facts": {"review-count": "0", "description": "Description\nThis skill allows Alexa to give a fact about one of the notable U.S Supreme Court cases.", "details": "Skill Details\nThis skill contains dynamic content.\nInvocation Name: supreme court facts", "privacy_policy_href": ""}, "Jesus Said (Bible Verses from Jesus Christ)": {"review-count": "78", "description": "Description\nThis Jesus Said skill features a large assortment of verses from Jesus in the Bible. Features verses from the books of Matthew, John, Luke, Mark, Revelation & more. In certain editions of the Holy Bible these would be also known as the \"red text\" which is believed to be the words spoken by Jesus. The verses within this skill were pulled from the King James version of the Bible. Take care! Enjoy!", "details": "Skill Details\nThis skill contains dynamic content.\nInvocation Name: jesus said\nDeveloper Privacy Policy", "privacy_policy_href": "http://www.wordpress.8bitavrin.com/about/privacy-policy/"}, "CDL General Knowledge Sample test": {"review-count": "4", "description": "Description\nPractice for the CDL General Knowledge test. This skill will generate a quiz of 10 multiple choice questions randomly chosen from a CDL sample test database. You will be given a choice of 4 answers, simply say the number of the answer you think is correct.", "details": "Skill Details\nRated: Guidance Suggested.\nThis skill contains dynamic content.\nInvocation Name: road king", "privacy_policy_href": ""}, "WESTERN GHATS FACTS": {"review-count": "0", "description": "Description\nThe hill ranges of the Western Ghats, a global biodiversity hotspot, extend along the west coast of India from the river Tapti in the north to the southern tip of India.", "details": "Skill Details\nThis skill contains dynamic content.\nInvocation Name: western ghats facts", "privacy_policy_href": ""}, "Slithering Snake Facts": {"review-count": "4", "description": "Description\nSnakes are among the most extraordinary animals on the planet, and have managed to do so much even without limbs. This skill will help the mind explore and ponder with everything there is to know about snakes, their behavior, and amazing adaptations. You might even hear some interesting stories along the way. Prepare to delve deep into the world of snakes. What you find may surprise you!", "details": "Skill Details\nThis skill contains dynamic content.\nInvocation Name: slither snake facts", "privacy_policy_href": ""}, "Freedom fighters of India trivia game": {"review-count": "0", "description": "Description\nOne individual may die for an idea; but that idea will, after his death, incarnate itself in a thousand lives. That is how the wheel of evolution moves on and the ideas and dreams of one nation are bequeathed to the next.\" \u2013 Netaji Subhash Chandra Bose. This list of Indian freedom fighters honors the independence leaders that dedicated their lives for the cause of Indian independence. They are ranked in order of popularity by thousands of people in India and around the world.", "details": "Skill Details\nThis skill contains dynamic content.\nInvocation Name: freedom fighters of india trivia game", "privacy_policy_href": ""}, "Next Presidential Primary": {"review-count": "0", "description": "Description\nThis skill will give you the next primaries/caucuses for the 2020 presidential election. Dates are subject to change, so make sure to contact your local or state elections office to register, learn more about your ballot, and check your local voting date well in advance of voting.", "details": "Skill Details\nThis skill contains dynamic content.\nInvocation Name: next presidential primary", "privacy_policy_href": ""}, "All Hallow's Facts": {"review-count": "0", "description": "Description\nThis skill is meant to serve as a enjoyable way to learn more about the origins of everyone's favorite fall holiday besides Thanksgiving. In perusing the facts of Halloween, one will come to know the true meaning of the holiday and get a sense of its interesting history and meanings. To get started, just say that you want a Halloween fact. The facts will keep on rolling in after that.", "details": "Skill Details\nThis skill contains dynamic content.\nInvocation Name: all hallow's facts", "privacy_policy_href": ""}, "Self Admire": {"review-count": "0", "description": "Description\nNeed a pick-me-up? Ask Alexa to admire you for a compliment.\n\nThis skill was built with love by VoiceApps.com. Visit us to create your own skill in minutes!", "details": "Skill Details\nThis skill contains dynamic content.\nInvocation Name: self admire", "privacy_policy_href": ""}, "Indian prime ministers": {"review-count": "0", "description": "Description\nThis skill contains the facts of Indian prime ministers. This is for educational purpose.", "details": "Skill Details\nThis skill contains dynamic content.\nInvocation Name: indian prime ministers facts", "privacy_policy_href": ""}, "Vindhya Range Facts": {"review-count": "0", "description": "Description\nVindhya Range, broken range of hills forming the southern escarpment of the central upland of India. From Gujarat state on the west, it extends about 675 miles (1,086 km) across Madhya Pradesh state to abut on the Ganges (Ganga) River valley near Varanasi, Uttar Pradesh. The mountains form the southern edge of the Malwa Plateau and then divide into two branches: the Kaimur Range, running north of the Son River into western Bihar state, and the southern branch, running between the upper reaches of the Son and Narmada rivers to meet the Satpura Range in the Maikala Range (or Amarkantak Plateau).", "details": "Skill Details\nThis skill contains dynamic content.\nInvocation Name: vindhya range facts", "privacy_policy_href": ""}, "Resistor Analyzer": {"review-count": "0", "description": "Description\nEver found a resistor you've wanted to identify, or too busy to go look up that color chart? This skill lets you quickly and easily learn the resistance of resistors with 3-6 color bands on them, and also provides tolerance and temperature coefficient data (on 4-6 color band resistors). Even helps correct the common mistake of reading resistors backwards on common resistor values.", "details": "Skill Details\nThis skill contains dynamic content.\nInvocation Name: resistor analyzer", "privacy_policy_href": ""}, "LoadRunner Facts": {"review-count": "0", "description": "Description\nGet interesting facts about LoadRunner - industry standard performance testing solution", "details": "Skill Details\nThis skill contains dynamic content.\nInvocation Name: loadrunner facts", "privacy_policy_href": ""}, "Dinosaur Dash": {"review-count": "2", "description": "Description\nLearn about dinosaurs. Made to work with Echo Show or Echo Spot. Pictures and information about allosaurus, ankylosaurus, pterodactyl, apatosaurus, stegosaurus and many others!", "details": "Skill Details\nThis skill contains dynamic content.\nInvocation Name: dinosaur dash\nDeveloper Privacy Policy\nDeveloper Terms of Use", "privacy_policy_href": "http://annmalavet.com/#/PrivacyPolicy"}, "Pembroke Pines Guide": {"review-count": "0", "description": "Description\nAsk an expert for a recommendation on what to do in your city. You can even ask for tips within a specific distance.", "details": "Skill Details\nRated: Guidance Suggested.\nThis skill contains dynamic content.\nInvocation Name: pembroke pines guide", "privacy_policy_href": ""}, "The State of Games Directory": {"review-count": "0", "description": "Description\nLook up contact information for the writers at The State of Games", "details": "Skill Details\nThis skill contains dynamic content.\nInvocation Name: the state of games directory", "privacy_policy_href": ""}, "avocado facts": {"review-count": "0", "description": "Description\nthis skill will tell amazing facts about avocado fruit. The information in this skill is provided for informational and educational purposes only.", "details": "Skill Details\nThis skill contains dynamic content.\nInvocation Name: avocado facts", "privacy_policy_href": ""}, "Whinchat Facts": {"review-count": "0", "description": "Description\nThis ain't your grandma's Winchat App! Soon you'll be the talk of the town when you spout out some of the amazing facts you'll learn about the incredible Winchat through this amazing app.\n\nIn case you're wondering here are some of YOUR GRANDMA'S WHINCHAT FACTS!!!!!!\nFact 1! Never trust a Whinchat wearing socks.\nFact 2! If Whinchats are in your house making a mess... Call them dust birds!\nFact 3! Whinchats chat with the wind. Thanks for seeing your grandma's whinchat facts!", "details": "Skill Details\nThis skill contains dynamic content.\nInvocation Name: whinchat facts", "privacy_policy_href": ""}, "Random Color Facts": {"review-count": "1", "description": "Description\nRandom Color Facts is a skill that tries to make the time go by, but while learning some new facts. While color facts may sound boring, they are actually one of the most interesting types of facts that the world can offer, now they are just in an Alexa Skill. Start your color related learning today!", "details": "Skill Details\nThis skill contains dynamic content.\nInvocation Name: random color facts", "privacy_policy_href": ""}, "Carrot Facts": {"review-count": "1", "description": "Description\nHave you ever wanted to know more about carrots? Now Alexa can tell you some fun facts about carrots! Just ask Alexa to tell you some carrot facts.", "details": "Skill Details\nThis skill contains dynamic content.\nInvocation Name: carrot facts", "privacy_policy_href": ""}, "Dresden Trivia": {"review-count": "0", "description": "Description\nSmall description about major characters in the popular novel series - The Dresden Files", "details": "Skill Details\nThis skill contains dynamic content.\nInvocation Name: dresden trivia", "privacy_policy_href": ""}, "Pig Say": {"review-count": "0", "description": "Description\nMake Alexa tell you the sound of a pig.\n\nThis skill was built with love by VoiceApps.com. Visit us to create your own skill in minutes!", "details": "Skill Details\nThis skill contains dynamic content.\nInvocation Name: pig say", "privacy_policy_href": ""}, "Well Mate": {"review-count": "0", "description": "Description\nWell Mate is a skill to give you tips in the workplace\nYou can say:\n\n\"Alexa, open Well Mate\"\n\"Alexa, start Well Mate\"\n\"Alexa, launch Well Mate\"\n\nPlease leave a 5-star review if you love this skill, or send us an email with your suggestions at my website.com. Your 5-star reviews encourage us to keep making more great skills, thanks!", "details": "Skill Details\nRated: Guidance Suggested.\nThis skill contains dynamic content.\nInvocation Name: well mate\nDeveloper Privacy Policy", "privacy_policy_href": "https://getstoryline.com/public/privacy.html"}, "Today in Medal of Honor History": {"review-count": "1", "description": "Description\nThe stories of the heroes of the United States Military should never be forgotten. Whether you are a history buff, are interested in learning more about the heroism of our nation's bravest, or want to be inspired by acts of selfless sacrifice, enable this flash briefing in order to receive information about actions that resulted in presentation of the Medal of Honor.\n\nCitations obtained from https://thisdayinusmilhist.wordpress.com/", "details": "Skill Details\nFlash Briefing Skill\nThis skill contains dynamic content.\nDeveloper Privacy Policy\nDeveloper Terms of Use", "privacy_policy_href": "http://veteranmentalhealth.com/privacy/"}, "Top Facts": {"review-count": "1", "description": "Description\nLooking for fun facts? Well if you have ten minutes to kill, then why not check out this awesome list of the top one hundred most random and funny facts.\n\nAll data and information provided in this Alexa Skills application is for informational purposes only.\n\nKarthi007 makes no representations as to accuracy, completeness, currentness, suitability, or validity of any information on this app and will not be liable for any errors, omissions, or delays in this information or any losses, injuries, or damages arising from its display or use. All information is provided on an as-is basis.\n\nThis app does not represent the thoughts, intentions, plans or strategies of my employer.", "details": "Skill Details\nThis skill contains dynamic content.\nInvocation Name: top facts", "privacy_policy_href": ""}, "Fascinating Indian Facts": {"review-count": "0", "description": "Description\nIndia's astounding diversity of religions, languages, and cultures is unique and unparalleled. The society of vast subcontinent, varied and complex in its rich heritage, is among the oldest in the world. Five thousand years of history have nourished the growth of a great civilization.\n\nThis skill presents the never heard facts before about the country INDIA. This facts will make you say OMG.\n\nPlease review the skill and comment so that we can make changes and make this skill more intersting and fascinating", "details": "Skill Details\nThis skill contains dynamic content.\nInvocation Name: fascinating indian facts", "privacy_policy_href": ""}, "strange animal facts": {"review-count": "0", "description": "Description\nIt is an alexa skill which is built for the purpose of spreading knowledge and awareness about the different living species on this earth . It contains the scientific proven facts about different species that will amaze the users . Each time the user invokes this skill , a random fact is generated .", "details": "Skill Details\nThis skill contains dynamic content.\nInvocation Name: strange animal facts", "privacy_policy_href": ""}, "chinese astronomy quiz": {"review-count": "0", "description": "Description\nThis skill tells you about the Chinese lunar mansions, if you can name them. It can also quiz you on the information.", "details": "Skill Details\nThis skill contains dynamic content.\nInvocation Name: chinese astronomy quiz", "privacy_policy_href": ""}, "Karnataka quiz": {"review-count": "0", "description": "Description\nWelcome to a fun trivia quiz of Karnataka, one of the states of India. Test your Karnataka knowledge with Alexa", "details": "Skill Details\nThis skill contains dynamic content.\nInvocation Name: karnataka quiz", "privacy_policy_href": ""}, "Quick Dino Facts": {"review-count": "0", "description": "Description\nDinosaurs are amazing and we have been learning more and more about them over the years. Quick Dino Facts will give some of the more interesting facts about dinosaurs and their history up to date. Come take a look back into the history of dinosaurs!", "details": "Skill Details\nThis skill contains dynamic content.\nInvocation Name: dino facts", "privacy_policy_href": ""}, "Good Dogs": {"review-count": "0", "description": "Description\nShows info about different dog breeds.", "details": "Skill Details\nThis skill contains dynamic content.\nInvocation Name: good dogs", "privacy_policy_href": ""}, "Safe Diwali Tips": {"review-count": "0", "description": "Description\nDiwali is the occasion of joyous celebrations. The delicious food, sparkling fireworks, and diyas i.e. all that this festival of lights is about bring in joy and excitement. One cannot, however, ignore the involved risk that it puts us all to such as fire accidents in the form of burns and injuries. Just keep these things in mind and enjoy the festival.", "details": "Skill Details\nThis skill contains dynamic content.\nInvocation Name: safe diwali tips", "privacy_policy_href": ""}, "Examining the Scriptures Daily": {"review-count": "78", "description": "Description\nExaminando las Escrituras Diariamente en Alexa es para todas las personas que quieran comenzar el d\u00eda de la manera correcta.\nMuchos encuentran ventajoso escucharlo por la ma\u00f1ana y reflexionar sobre tales pensamientos a lo largo del d\u00eda.\nDiscutir el texto como una familia es lo m\u00e1s beneficioso.\n\nEsta skill utiliza contenido del sitio web de los Testigos de Jehov\u00e1.\nhttp://wol.jw.org/en/wol/h/r1/lp-e (el folleto \"Examinando las Escrituras 2021\").\nTodos los derechos de este contenido pertenecen a Watch Tower Bible and Tract Society of Pennsylvania.\n\nEsta skill es un proyecto personal basado en el contenido de \"Examinando las Escrituras Diariamente 2021\".\nPor favor acepte esta skill en el esp\u00edritu de la cual fue construida.", "details": "Skill Details\nRated: Guidance Suggested.\nThis skill contains dynamic content.\nInvocation Name: mi texto diario\nDeveloper Privacy Policy (Spanish, ES)\nDeveloper Privacy Policy (Spanish, US)\nDeveloper Privacy Policy (Spanish, MX)", "privacy_policy_href": "https://www.jwdailytext.com/PrivacyPolicy_es.txt"}, "Common Ions Study": {"review-count": "0", "description": "Description\nUsing Common Ions Study, you can learn more and study your Chemistry skills using different commands, including:\n\n1. Quiz:\nIn starting a quiz, you can choose how many questions to be asked. You are then asked either for the chemical structure of a specific ion name or for the name of a specific chemical structure. Each round, the item and property is randomized, allowing for the best study experience possible. If you get one wrong, you can try again. When you end the quiz, it will tell you your score!\n\n2. Chemical Structures:\nAsk what the chemical structure is for an ion, and it will tell you!\n\n3. Ion Names:\nAsk what the name of a chemical structure is, and it will tell you!", "details": "Skill Details\nThis skill contains dynamic content.\nInvocation Name: common ions study", "privacy_policy_href": ""}, "randomfacts": {"review-count": "0", "description": "Description\nThis will allow Alexa to give random facts related to space.", "details": "Skill Details\nThis skill contains dynamic content.\nInvocation Name: space facts", "privacy_policy_href": ""}, "Quiz of Medicine Indications": {"review-count": "1", "description": "Description\nThis Alexa Edition of the highly downloaded Quiz of Medicine & RX Quiz of Pharmacy apps focuses on indications for the top 100 drugs in the United States. Within this skill are questions that ask the user which medicine is used for a particular indication(s). After each question the skill presents you with four possible answers, with one of the answers being correct. Simply reply to the question at any time with the answer number that you think is correct. Quiz of Medicine Indications is a neat & quick educational drug indications trivia game that features questions for the top 100 drugs used in the United States. It's for pharmacy technicians, pharmacists, nurses, doctors, and anyone else who's interested in furthering and/or refreshing their knowledge of which medicines are used for specific indications. Enjoy! Take care!", "details": "Skill Details\nRated: Guidance Suggested.\nThis skill contains dynamic content.\nInvocation Name: medicine indications quiz\nDeveloper Privacy Policy\nDeveloper Terms of Use", "privacy_policy_href": "http://www.wordpress.8bitavrin.com/about/privacy-policy/"}, "Useful Design Patterns": {"review-count": "0", "description": "Description\nNot all the design patterns introduced by GoF are used equally. Some of them are used more widely but others may not, and there are some of them are even not recommended nowadays.\nUseful Design Patterns skill will give you one of those design patterns that are actually useful.", "details": "Skill Details\nThis skill contains dynamic content.\nInvocation Name: useful design patterns\nDeveloper Privacy Policy", "privacy_policy_href": "https://docs.google.com/document/d/1dzmGKEmY0h1rwz7PQiFp1dMuDkj8YlL6fklsIsT0-Jc/edit?usp=sharing"}, "Daily Japanese": {"review-count": "30", "description": "Description\nLearn a new Japanese word everyday from a list of almost 700 of the most commonly used Japanese words.", "details": "Skill Details\nThis skill contains dynamic content.\nInvocation Name: daily japanese", "privacy_policy_href": ""}, "Fast Fact Boston": {"review-count": "0", "description": "Description\nFast Fact Boston gives you one fact each day about the city delivered straight to you via your Flash Briefing! If you like this Skill please leave us a Five Star Review.", "details": "Skill Details\nFlash Briefing Skill\nThis skill contains dynamic content.", "privacy_policy_href": ""}, "Fast Fast Houston": {"review-count": "0", "description": "Description\nFast Fact Houston gives you one fact each day about the city delivered straight to you via your Flash Briefing! If you like this Skill please leave us a Five Star Review.", "details": "Skill Details\nFlash Briefing Skill\nThis skill contains dynamic content.", "privacy_policy_href": ""}, "Remember When 1901": {"review-count": "0", "description": "Description\nRemember When 1901 gives you a fact about an event or a stat that happened in that year. If you like this Skill please leave us a Five Star Review.", "details": "Skill Details\nThis skill contains dynamic content.\nInvocation Name: nineteen hundred one", "privacy_policy_href": ""}, "Fast Fact Charleston": {"review-count": "1", "description": "Description\nFast Fact Charleston gives you one fact each day about the city delivered straight to you via your Flash Briefing! If you like this Skill please leave us a Five Star Review.", "details": "Skill Details\nFlash Briefing Skill\nThis skill contains dynamic content.", "privacy_policy_href": ""}, "Mobile Specs": {"review-count": "0", "description": "Description\nFrom Apple to Xiaomi, this incredible skill contains data of each and every device on earth. Just ask it what you're looking for, and it will surprise you.", "details": "Skill Details\nThis skill contains dynamic content.\nInvocation Name: mobile specs", "privacy_policy_href": ""}, "Science Daily": {"review-count": "0", "description": "Description\nHave Alexa tell you all about Science Daily. Keep you informed every day with flash briefings, deals of the day, quote of the day, relevant articles, and more. - This skill works on all Alexa devices and Alexa enabled smartphones, tablets, and PCs.", "details": "Skill Details\nRated: Guidance Suggested.\nThis skill contains dynamic content.\nInvocation Name: science daily\nDeveloper Privacy Policy", "privacy_policy_href": "https://shoutworks.com/terms-of-service/"}, "Fast Fact Omaha": {"review-count": "0", "description": "Description\nFast Fact Omaha gives you one fact each day about the city delivered straight to you via your Flash Briefing! If you like this Skill please leave us a Five Star Review.", "details": "Skill Details\nFlash Briefing Skill\nThis skill contains dynamic content.", "privacy_policy_href": ""}, "Fast Fact Denver": {"review-count": "0", "description": "Description\nFast Fact Denver gives you one fact each day about the city delivered straight to you via your Flash Briefing! If you like this Skill please leave us a Five Star Review.", "details": "Skill Details\nFlash Briefing Skill\nThis skill contains dynamic content.", "privacy_policy_href": ""}, "Fast Fact Pittsburgh": {"review-count": "0", "description": "Description\nFast Fact Pittsburgh gives you one fact each day about the city delivered straight to you via your Flash Briefing! If you like this Skill please leave us a Five Star Review.", "details": "Skill Details\nFlash Briefing Skill\nThis skill contains dynamic content.", "privacy_policy_href": ""}, "Ross Perot Quotes": {"review-count": "1", "description": "Description\nRoss Perot Quotes gives you one Quote each day delivered straight to you via your Flash Briefing! If you like this Skill please leave us a Five Star Review.", "details": "Skill Details\nFlash Briefing Skill\nThis skill contains dynamic content.", "privacy_policy_href": ""}, "Martin Luther King Jr. Quotes": {"review-count": "0", "description": "Description\nMartin Luther King Jr. Quotes gives you one Quote each day delivered straight to you via your Flash Briefing! If you like this Skill please leave us a Five Star Review.", "details": "Skill Details\nFlash Briefing Skill\nThis skill contains dynamic content.", "privacy_policy_href": ""}, "Fast Fact Portland": {"review-count": "0", "description": "Description\nFast Fact Portland gives you one fact each day about the city delivered straight to you via your Flash Briefing! If you like this Skill please leave us a Five Star Review.", "details": "Skill Details\nFlash Briefing Skill\nThis skill contains dynamic content.", "privacy_policy_href": ""}, "Nikola Tesla Quotes": {"review-count": "0", "description": "Description\nNikola Tesla Quotes gives you one Quote each day delivered straight to you via your Flash Briefing! If you like this Skill please leave us a Five Star Review.", "details": "Skill Details\nFlash Briefing Skill\nThis skill contains dynamic content.", "privacy_policy_href": ""}, "Fast Fact Seattle": {"review-count": "0", "description": "Description\nFast Fact Seattle gives you one fact each day about the city delivered straight to you via your Flash Briefing! If you like this Skill please leave us a Five Star Review.", "details": "Skill Details\nFlash Briefing Skill\nThis skill contains dynamic content.", "privacy_policy_href": ""}, "Fast Fact Honolulu": {"review-count": "0", "description": "Description\nFast Fact Honolulu gives you one fact each day about the city delivered straight to you via your Flash Briefing! If you like this Skill please leave us a Five Star Review.", "details": "Skill Details\nFlash Briefing Skill\nThis skill contains dynamic content.", "privacy_policy_href": ""}, "Fast Fact Brownsville PA": {"review-count": "0", "description": "Description\nFast Fact Brownsville PA gives you one fact each day about the city delivered straight to you via your Flash Briefing! If you like this Skill please leave us a Five Star Review.", "details": "Skill Details\nFlash Briefing Skill\nThis skill contains dynamic content.", "privacy_policy_href": ""}, "John F. Kennedy Quotes": {"review-count": "1", "description": "Description\nJohn F. Kennedy Quotes gives you one Quote each day delivered straight to you via your Flash Briefing! If you like this Skill please leave us a Five Star Review.", "details": "Skill Details\nFlash Briefing Skill\nThis skill contains dynamic content.", "privacy_policy_href": ""}, "Robert F. Kennedy Quotes": {"review-count": "0", "description": "Description\nRobert F. Kennedy Quotes gives you one Quote each day delivered straight to you via your Flash Briefing! If you like this Skill please leave us a Five Star Review.", "details": "Skill Details\nFlash Briefing Skill\nThis skill contains dynamic content.", "privacy_policy_href": ""}, "1984 & Animal Farm Quotes": {"review-count": "0", "description": "Description\nFast Fact 1984 & Animal Farm Quotes gives you one quote each day delivered straight to you via your Flash Briefing! If you like this Skill please leave us a Five Star Review.", "details": "Skill Details\nFlash Briefing Skill\nThis skill contains dynamic content.", "privacy_policy_href": ""}, "Fast Fact Boise": {"review-count": "0", "description": "Description\nFast Fact Boise gives you one fact each day about the city delivered straight to you via your Flash Briefing! If you like this Skill please leave us a Five Star Review.", "details": "Skill Details\nFlash Briefing Skill\nThis skill contains dynamic content.", "privacy_policy_href": ""}, "Fast Fact Cleveland": {"review-count": "1", "description": "Description\nFast Fact Cleveland gives you one fact each day about the city delivered straight to you via your Flash Briefing! If you like this Skill please leave us a Five Star Review.", "details": "Skill Details\nFlash Briefing Skill\nThis skill contains dynamic content.", "privacy_policy_href": ""}, "Fast Fact San Francisco": {"review-count": "0", "description": "Description\nFast Fact San Francisco gives you one fact each day about the city delivered straight to you via your Flash Briefing! If you like this Skill please leave us a Five Star Review.", "details": "Skill Details\nFlash Briefing Skill\nThis skill contains dynamic content.", "privacy_policy_href": ""}, "Malcolm X Quotes": {"review-count": "2", "description": "Description\nMalcolm X Quotes gives you one Quote each day delivered straight to you via your Flash Briefing! If you like this Skill please leave us a Five Star Review.", "details": "Skill Details\nFlash Briefing Skill\nThis skill contains dynamic content.", "privacy_policy_href": ""}, "Fast Fact Dallas Fort Worth": {"review-count": "0", "description": "Description\nFast Fact Dallas Fort Worth gives you one fact each day about the city delivered straight to you via your Flash Briefing! If you like this Skill please leave us a Five Star Review.", "details": "Skill Details\nFlash Briefing Skill\nThis skill contains dynamic content.", "privacy_policy_href": ""}, "Fast Fact Washington D.C.": {"review-count": "0", "description": "Description\nFast Fact Washington D.C. gives you one fact each day about the city delivered straight to you via your Flash Briefing! If you like this Skill please leave us a Five Star Review.", "details": "Skill Details\nFlash Briefing Skill\nThis skill contains dynamic content.", "privacy_policy_href": ""}, "George Carlin Quotes": {"review-count": "0", "description": "Description\nGeorge Carlin Quotes gives you one Quote each day delivered straight to you via your Flash Briefing! If you like this Skill please leave us a Five Star Review.", "details": "Skill Details\nFlash Briefing Skill\nThis skill contains dynamic content.", "privacy_policy_href": ""}, "Fast Fact Cincinnati": {"review-count": "0", "description": "Description\nFast Fact Cincinnati gives you one fact each day about the city delivered straight to you via your Flash Briefing! If you like this Skill please leave us a Five Star Review.", "details": "Skill Details\nFlash Briefing Skill\nThis skill contains dynamic content.", "privacy_policy_href": ""}, "Hot dog facts": {"review-count": "2", "description": "Description\nHave you ever wanted to know more about hot dogs? Are you wanting to ask Alexa about it? This skill is perfect for you as it meets all those criteria.", "details": "Skill Details\nThis skill contains dynamic content.\nInvocation Name: hot dog facts", "privacy_policy_href": ""}, "CountryCapital": {"review-count": "0", "description": "Description\nYou may ask what is the capital of a specific country.", "details": "Skill Details\nThis skill contains dynamic content.\nInvocation Name: country capital", "privacy_policy_href": ""}, "Smart Counter": {"review-count": "0", "description": "Description\nCounts up to or down from a given number. Users can set the break time between numbers, speaking rate and a suffix (e.g. Mississippi) to control how numbers are counted.\n\nTo start, just say \"Alexa, open smart counter\" or \"Alexa, launch smart counter\" to count up to or count down from a given number.\n\nAt anytime, you can stop by saying \"Alexa, stop\".", "details": "Skill Details\nThis skill contains dynamic content.\nInvocation Name: smart counter", "privacy_policy_href": ""}, "kangroo": {"review-count": "0", "description": "Description\nkangroo is a skill to help you animal behavior.\n\nPlease leave a 5-star review if you love this skill, or send us an email with your suggestions at _yadavnaveen1248@gmail.com. Your 5-star reviews encourage us to keep making more great skills, thanks!", "details": "Skill Details\nFlash Briefing Skill\nThis skill contains dynamic content.", "privacy_policy_href": ""}, "English Love": {"review-count": "0", "description": "Description\nA productive 10 seconds hack to help you improving your vocabulary.", "details": "Skill Details\nRated: Guidance Suggested.\nThis skill contains dynamic content.\nInvocation Name: english love", "privacy_policy_href": ""}, "United states facts": {"review-count": "0", "description": "Description\nThis skill gives various facts about united states", "details": "Skill Details\nThis skill contains dynamic content.\nInvocation Name: united states facts", "privacy_policy_href": ""}, "Random Color": {"review-count": "6", "description": "Description\nThis skill will generate a random color for you. It will give you the name of the color, the HEX value, as well as the RGB value.", "details": "Skill Details\nThis skill contains dynamic content.\nInvocation Name: random color", "privacy_policy_href": ""}, "Abel facts": {"review-count": "4", "description": "Description\nFacts such as what does dog like, when dog wants to eat, ...", "details": "Skill Details\nRated: Guidance Suggested.\nThis skill contains dynamic content.\nInvocation Name: abel facts\nDeveloper Privacy Policy", "privacy_policy_href": "https://analah.com/"}, "Eid Greetings": {"review-count": "0", "description": "Description\nthis skill provides random eid greetings", "details": "Skill Details\nThis skill contains dynamic content.\nInvocation Name: eid greetings", "privacy_policy_href": ""}, "Best Judiciary": {"review-count": "1", "description": "Description\nBest Judiciary helps you get through the day and tells you about how it feels about you. It will make you feel better.", "details": "Skill Details\nThis skill contains dynamic content.\nInvocation Name: best judiciary", "privacy_policy_href": ""}, "Plant vs Cat": {"review-count": "18", "description": "Description\nThis can tell you whether a plant species is known to be toxic to cats according to ASPCA.", "details": "Skill Details\nThis skill contains dynamic content.\nInvocation Name: doctor cat", "privacy_policy_href": ""}, "UpdateMe": {"review-count": "0", "description": "Description\nThis skill is a flash briefing skill updates you about various areas\n- Hourly updates\n- more fields to be added", "details": "Skill Details\nFlash Briefing Skill\nRated: Guidance Suggested.\nThis skill contains dynamic content.", "privacy_policy_href": ""}, "Lunar date": {"review-count": "0", "description": "Description\nThis skill tells you the current date for the Chinese Lunar calendar. Currently this is based on UTC, so other timezones can be off if they already moved ahead one day. If people express interest, I'll fix this.", "details": "Skill Details\nThis skill contains dynamic content.\nInvocation Name: lunar date", "privacy_policy_href": ""}, "Linux Distros": {"review-count": "0", "description": "Description\nTired of using Ubuntu or Arch? Ask Alexa for a wacky new distribution to play with. The current list has over 40 uncommon distributions you've probably never heard of before.", "details": "Skill Details\nThis skill contains dynamic content.\nInvocation Name: linux distros\nDeveloper Privacy Policy", "privacy_policy_href": "https://scriptingis.life/privacy"}, "randomFacts": {"review-count": "0", "description": "Description\ntells a random fact from over the internet about animals , plants and many more things to entertain people", "details": "Skill Details\nRated: Guidance Suggested.\nThis skill contains dynamic content.\nInvocation Name: random facts", "privacy_policy_href": ""}, "Singapore facts": {"review-count": "0", "description": "Description\nThis skill gives interesting facts about Singapore.", "details": "Skill Details\nThis skill contains dynamic content.\nInvocation Name: singapore facts", "privacy_policy_href": ""}, "Wonder Woman Facts": {"review-count": "1", "description": "Description\nLearn facts about Wonder Woman.\n\nThis skill was built with love by VoiceApps.com. Visit us to create your own skill in minutes!", "details": "Skill Details\nThis skill contains dynamic content.\nInvocation Name: wonder woman facts", "privacy_policy_href": ""}, "greatest common divisor": {"review-count": "0", "description": "Description\nUse your Alexa device to play this math game. Alexa will ask you 10 questions in which you have to reply with the greatest common divisor between 2 numbers. See how many you can get right out of 10 questions. (Ex. greatest common divisor between 45 and 99 is 3, whereas the greatest common divisor between 31 and 7 is 1 and the greatest common divisor between 109 and 109 is 109).", "details": "Skill Details\nThis skill contains dynamic content.\nInvocation Name: greatest common divisor", "privacy_policy_href": ""}, "Football buzz": {"review-count": "0", "description": "Description\nunknown facts on football", "details": "Skill Details\nThis skill contains dynamic content.\nInvocation Name: football buzz\nDeveloper Privacy Policy\nDeveloper Terms of Use", "privacy_policy_href": "https://docs.google.com/document/d/1jjvgYyAO2frJY2vY7sBgr1toBTQECcgcIV2-MITOjMA/edit?usp=sharing"}, "Noah's Ark Facts": {"review-count": "0", "description": "Description\nLearn facts about Noah's Ark.", "details": "Skill Details\nThis skill contains dynamic content.\nInvocation Name: noah's ark facts", "privacy_policy_href": ""}, "Puerto Rico Fun Facts": {"review-count": "3", "description": "Description\nA Simple skill that provides a view into the historical and cultural wonders of the Island of Puerto Rico.", "details": "Skill Details\nThis skill contains dynamic content.\nInvocation Name: puerto rican facts", "privacy_policy_href": ""}, "Mills Park Middle School Updates": {"review-count": "0", "description": "Description\nThis skills allows you to hear updates on demand from the Mills Park Middle School Twitter page. This will help parents stay updated on the latest from the Mills Park Middle School Team. Go Leopards!!", "details": "Skill Details\nFlash Briefing Skill\nThis skill contains dynamic content.", "privacy_policy_href": ""}, "New City Catechism Questions": {"review-count": "4", "description": "Description\nThis Skill reads one of the first 20 questions of the New City Catechism, it gives a little time to think of an answer and then it speaks the answer.", "details": "Skill Details\nThis skill contains dynamic content.\nInvocation Name: catechism", "privacy_policy_href": ""}, "veeteeworldfacts": {"review-count": "0", "description": "Description\nThis is a list of some amazing world facts which is good to increase your vocab.", "details": "Skill Details\nThis skill contains dynamic content.\nInvocation Name: world facts", "privacy_policy_href": ""}, "Spider-man Facts": {"review-count": "0", "description": "Description\nLearn facts about Spider-man.", "details": "Skill Details\nThis skill contains dynamic content.\nInvocation Name: spiderman facts", "privacy_policy_href": ""}, "Tykoon's hockey facts": {"review-count": "0", "description": "Description\nIt tells you some amazing fact about the hockey game. Some unknown fact which is available online, You can hear from this skill.", "details": "Skill Details\nThis skill contains dynamic content.\nInvocation Name: hockey facts", "privacy_policy_href": ""}, "Printed First": {"review-count": "0", "description": "Description\nPrinted First, is an interesting way to test your knowledge of when certain words were first introduced.\n\nThere are three skill levels available. For those just getting started, there is the EASY mode.\n\nIf you find that too simple for you, there is the regular or normal mode. Try it. You will find this to be very challenging!\n\nFor those who find 'regular' is still not challenging enough, we have DIFFICULT mode!\nIf you can master it, you are extremely proficient in your knowledge of words and when they were first used.\n\nYou are a true scholar!\n\nTo start the skill, just say:\n\n\"Alexa, open Printed First\"\n\"Alexa, start Printed First\"\n\"Alexa, launch Printed First\"\n\nPlease leave a review if you like this skill and find it challenging, or send us an email with your suggestions to: freeinfo@freeacademy.com.\n\nYour reviews encourage us to update our skills and to keep making more great skills, thanks!", "details": "Skill Details\nRated: Guidance Suggested.\nThis skill contains dynamic content.\nInvocation Name: printed first", "privacy_policy_href": ""}, "Hanover PA Facts": {"review-count": "0", "description": "Description\nLearn interesting facts about a small town located in York county Pennsylvania.", "details": "Skill Details\nThis skill contains dynamic content.\nInvocation Name: hanover facts", "privacy_policy_href": ""}}