{"Mathematics Facts": {"review-count": "0", "description": "Description\nThese facts will provide a plethora of information about mathematics fun facts. Through these fact one can see how interesting is mathematics and how one can easily design a maths problem on his own.", "details": "Skill Details\nThis skill contains dynamic content.\nInvocation Name: mathematics facts", "privacy_policy_href": ""}, "Chinese Food": {"review-count": "1", "description": "Description\nThis is about interesting facts about chinese foods. Alexa will tell interestings facts like ingredients used in chinese food , best chinese dish , chinese desserts etc.", "details": "Skill Details\nThis skill contains dynamic content.\nInvocation Name: chinese food", "privacy_policy_href": ""}, "Voting Facts": {"review-count": "0", "description": "Description\nHistorical and statistical voting facts about the US. Non-partisan and no political affiliation.\nPlease remember to vote in the upcoming election. Your vote counts more than ever!", "details": "Skill Details\nThis skill contains dynamic content.\nInvocation Name: voting facts", "privacy_policy_href": ""}, "Awesome Cardboard Facts": {"review-count": "0", "description": "Description\nHear awesome facts about Cardboard!!!!\n\nThis skill was built with love by VoiceApps.com. Visit us to create your own skill in minutes!", "details": "Skill Details\nThis skill contains dynamic content.\nInvocation Name: awesome cardboard facts", "privacy_policy_href": ""}, "left handed facts": {"review-count": "0", "description": "Description\nThis facts skills will give you some amazing facts about left-handed people.", "details": "Skill Details\nThis skill contains dynamic content.\nInvocation Name: left handed facts", "privacy_policy_href": ""}, "Fact Demo": {"review-count": "1", "description": "Description\nThis skill will bolster your knowledge about the tiny, nigh-invulnerable tardigrade.", "details": "Skill Details\nRated: Guidance Suggested.\nThis skill contains dynamic content.\nInvocation Name: tardigrade facts", "privacy_policy_href": ""}, "Options FAQ": {"review-count": "5", "description": "Description\nOptions F. A. Q. is a skill to help you understand few terms in Options Trading.\n\nYou can say:\n\n\"Alexa, open Options FAQ\"\n\"Alexa, start Options FAQ\"\n\"Alexa, launch Options FAQ\"\n\nPlease leave a 5-star review if you love this skill, or send us an email with your suggestions at rangerbuyebay@gmail.com. Your 5-star reviews encourage us to keep making more great skills, thanks!", "details": "Skill Details\nRated: Guidance Suggested.\nThis skill contains dynamic content.\nInvocation Name: options f. a. q.\nDeveloper Privacy Policy", "privacy_policy_href": "https://getstoryline.com/public/privacy.html"}, "recycling facts": {"review-count": "0", "description": "Description\nThis facts skills will give you some amazing facts about reycling.", "details": "Skill Details\nThis skill contains dynamic content.\nInvocation Name: recycling facts", "privacy_policy_href": ""}, "phobia facts": {"review-count": "0", "description": "Description\nThis facts skills will give you some amazing facts about phobia.", "details": "Skill Details\nRated: Guidance Suggested.\nThis skill contains dynamic content.\nInvocation Name: phobia facts", "privacy_policy_href": ""}, "IP Location": {"review-count": "0", "description": "Description\nDetailed geo information of IPv4 addresses will be given, such as state, country, longitude, latitude, organization, etc.", "details": "Skill Details\nRated: Guidance Suggested.\nThis skill contains dynamic content.\nInvocation Name: i. p. location\nDeveloper Privacy Policy\nDeveloper Terms of Use", "privacy_policy_href": "https://hho-share.s3.us-west-2.amazonaws.com/alexa/privacy_policy_geo.html?AWSAccessKeyId=AKIAIEPKQSJSXUXWLH2Q&Expires=1596266580&Signature=Du%2FfrQxxClaFRse27r8gfjmxLCM%3D"}, "Speak People": {"review-count": "2", "description": "Description\nGSW: Speak People. When Greatness Starts Within, you better be on your A game. Use this skill to brush up on some of the terms and acronyms that are used daily within GSW.", "details": "Skill Details\nThis skill contains dynamic content.\nInvocation Name: speak people", "privacy_policy_href": ""}, "Is it Saturday Yet?": {"review-count": "0", "description": "Description\nMade for the Facebook Group />p/. Used to check if it is saturday", "details": "Skill Details\nThis skill contains dynamic content.\nInvocation Name: is it saturday yet", "privacy_policy_href": ""}, "Biology Facts": {"review-count": "0", "description": "Description\nInteresting biology facts", "details": "Skill Details\nThis skill contains dynamic content.\nInvocation Name: biology facts", "privacy_policy_href": ""}, "Roll of the Dice": {"review-count": "1", "description": "Description\nNeed to roll a dice in a pinch? You can now do it from your Alexa devices! You can roll a 6 sided dice by default or you can specify the size of your dice", "details": "Skill Details\nThis skill contains dynamic content.\nInvocation Name: roll of the dice", "privacy_policy_href": ""}, "Awesome Computer Facts": {"review-count": "0", "description": "Description\nHear awesome facts about computers!!!!\n\nThis skill was built with love by VoiceApps.com. Visit us to create your own skill in minutes!", "details": "Skill Details\nThis skill contains dynamic content.\nInvocation Name: awesome computer facts", "privacy_policy_href": ""}, "Awesome Phone Facts": {"review-count": "0", "description": "Description\nHear awesome facts about phones!!!!\n\nThis skill was built with love by VoiceApps.com. Visit us to create your own skill in minutes!", "details": "Skill Details\nThis skill contains dynamic content.\nInvocation Name: awesome phone facts", "privacy_policy_href": ""}, "StarCraft 2 companion": {"review-count": "3", "description": "Description\nStarCraft 2 companion will get you brief unit description, unit strengths and weaknesses as well as many other useful information.\nI'll create website with all possible invocations. Please give me some feedback about this skill.", "details": "Skill Details\nRated: Guidance Suggested.\nThis skill contains dynamic content.\nInvocation Name: star craft", "privacy_policy_href": ""}, "pollution facts": {"review-count": "0", "description": "Description\nThis facts skills will give you some amazing facts about pollution.", "details": "Skill Details\nRated: Guidance Suggested.\nThis skill contains dynamic content.\nInvocation Name: pollution facts", "privacy_policy_href": ""}, "Movie facts": {"review-count": "0", "description": "Description\nA costume stolen, a weird improvised line, not getting paid for a movie. These are just some of the interesting movie facts you can learn about.", "details": "Skill Details\nThis skill contains dynamic content.\nInvocation Name: movie facts", "privacy_policy_href": ""}, "Marco Island City Guide": {"review-count": "0", "description": "Description\nAsk an expert for a recommendation on what to do in Marco Island, Florida. You can even ask for tips within a specific distance.", "details": "Skill Details\nThis skill contains dynamic content.\nInvocation Name: marco island city guide", "privacy_policy_href": ""}, "Pandas": {"review-count": "18", "description": "Description\nThis skill tells users about pandas. It contains fun facts about pandas. This skill be used by asking alexa to tell about pandas, funny pandas, fun facts about pandas, etc.", "details": "Skill Details\nThis skill contains dynamic content.\nInvocation Name: fun pandas", "privacy_policy_href": ""}, "Hormone facts": {"review-count": "1", "description": "Description\nIf you were wondering what kind of hormones are in the human body, and what they do, look no further! You can ask Alexa to give you a hormone fact!", "details": "Skill Details\nThis skill contains dynamic content.\nInvocation Name: hormone facts", "privacy_policy_href": ""}, "Colorado Trail": {"review-count": "0", "description": "Description\nGet mileage, elevations, and trail information about the Colorado Trail, which generally follows the Continental Divide between Denver and Durango. Includes all twenty-eight segments of the main route, and all of the Collegiate West sections.", "details": "Skill Details\nThis skill contains dynamic content.\nInvocation Name: colorado trail", "privacy_policy_href": ""}, "hinduism facts": {"review-count": "0", "description": "Description\nThis facts skills will give you some amazing facts about Hinduism.", "details": "Skill Details\nThis skill contains dynamic content.\nInvocation Name: hinduism facts", "privacy_policy_href": ""}, "Good Manners Minute": {"review-count": "1", "description": "Description\nGood Manners Minute provides you with a quick tip on proper etiquette at the dinner table straight to your Flash Briefing. If you like this Skill please leave us a Five Star Review.", "details": "Skill Details\nFlash Briefing Skill\nThis skill contains dynamic content.", "privacy_policy_href": ""}, "fun facts": {"review-count": "0", "description": "Description\nThis facts skills will give you some amazing fun facts.", "details": "Skill Details\nThis skill contains dynamic content.\nInvocation Name: fun facts", "privacy_policy_href": ""}, "Terrapin Facts": {"review-count": "0", "description": "Description\nTerrapins are great animals to enjoy both in the wild and as pets! This skill provides you with great facts you might like to know about them!", "details": "Skill Details\nThis skill contains dynamic content.\nInvocation Name: terrapin facts", "privacy_policy_href": ""}, "Guess The President": {"review-count": "64", "description": "Description\nThe skill gives tells you some interesting facts about the US Presidents and then asks to guess the president. It will ask 5 questions and you can try to guess as many right answers as you can.", "details": "Skill Details\nRated: Guidance Suggested.\nThis skill contains dynamic content.\nInvocation Name: guess the president", "privacy_policy_href": ""}, "Driving Knowledge Test Facts": {"review-count": "1", "description": "Description\nThis first version contains the Pennsylvania driving facts that are taken from the actual driving manual provided online. Enabling this skill will allow hands free study while you are on the go, getting dressed, or even cooking by using any Alexa enabled device. This practice will help you to remember important driving rules from the Pennsylvania driving manual. Driving rules are slightly different in each state.\n\nWe intend to add more States to the skill in the future so stay tuned.\n\nYou can say:\n\n\"Alexa, open Driving Knowledge Test Facts\"\n\"Alexa, start Driving Knowledge Test Facts\"\n\"Alexa, launch Driving Knowledge Test Facts\"\n\nPlease leave a 5-star review if you love this skill, or send us an email with your suggestions at screenlizyrds@gmail.com. Your 5-star reviews encourage us to keep making more great skills, thanks!", "details": "Skill Details\nRated: Guidance Suggested.\nThis skill contains dynamic content.\nInvocation Name: driving knowledge test facts\nDeveloper Privacy Policy\nDeveloper Terms of Use", "privacy_policy_href": "https://docs.google.com/document/d/1Oz2W3h__WpJ4iJtBLKQ0prTcuupum9daQx0vXapvI0E/edit"}, "interesting facts of india": {"review-count": "0", "description": "Description\nthis skill tells you some interesting facts of india.", "details": "Skill Details\nThis skill contains dynamic content.\nInvocation Name: interesting facts of india", "privacy_policy_href": ""}, "Benefits of Tulsi Leaves": {"review-count": "0", "description": "Description\nThis skill will give you facts about Holi basil leaves i.e Tulsi. The information in this skill is provided for informational and educational purposes only.", "details": "Skill Details\nThis skill contains dynamic content.\nInvocation Name: tulsi facts", "privacy_policy_href": ""}, "autism facts": {"review-count": "0", "description": "Description\nThis facts skills will give you some amazing facts about autism.", "details": "Skill Details\nThis skill contains dynamic content.\nInvocation Name: autism facts", "privacy_policy_href": ""}, "Fraction Reducer": {"review-count": "1", "description": "Description\nAlexa will ask you for the numerator and denominator of your fraction. Then, Alexa will tell you the reduced version of your fraction!", "details": "Skill Details\nThis skill contains dynamic content.\nInvocation Name: fraction reducer", "privacy_policy_href": ""}, "Activity Advocacy": {"review-count": "0", "description": "Description\nEnable the Skill and Say Bored What to do or Suggest me an activity to start. The Skill will direct you and suggest you an activity. The Skill is powered by public inputs. You get a lot of ideas. So give it a try and Never be bored again.", "details": "Skill Details\nThis skill contains dynamic content.\nInvocation Name: activity advocacy", "privacy_policy_href": ""}, "board trivia": {"review-count": "0", "description": "Description\nThis is an app that delivers very interesting board stationary facts.", "details": "Skill Details\nThis skill contains dynamic content.\nInvocation Name: board trivia", "privacy_policy_href": ""}, "Chadtronic Facts": {"review-count": "17", "description": "Description\nAsk Alexa for facts about Chadtronic!\nEven ask for his subscriber count!\n\nNew facts being added regularly!", "details": "Skill Details\nThis skill contains dynamic content.\nInvocation Name: chad tronic", "privacy_policy_href": ""}, "Clock facts": {"review-count": "1", "description": "Description\nThis is an app that delivers very interesting wall and table clock facts.", "details": "Skill Details\nThis skill contains dynamic content.\nInvocation Name: clock facts", "privacy_policy_href": ""}, "Economics Facts": {"review-count": "0", "description": "Description\nThese facts provide a lot of information about economics. Through these facts, one can know about the economic condition of our world and what is the effect of our present situation which affects our future economy.", "details": "Skill Details\nThis skill contains dynamic content.\nInvocation Name: economics facts", "privacy_policy_href": ""}, "Turkish Soccer Facts": {"review-count": "1", "description": "Description\nGet facts on turkish soccer.", "details": "Skill Details\nThis skill contains dynamic content.\nInvocation Name: turkish soccer facts", "privacy_policy_href": ""}, "Home Selling Facts": {"review-count": "0", "description": "Description\nHonesty is the best policy which is why I must tell you like it is, if you want to have any chance of success in selling your home.\nTo start the skill just say:\n\"Alexa, open Home Selling Facts \"\n\"Alexa, Start Home Selling Facts\"\nAlexa, Launch Home Selling Facts\"\n\nIf you want to make pause or stop just say : \"Stop\"\n\n-To activate the skill: Search for the mobile app Alexa or Amazon.com for \"Home Selling Facts\"\n\non the \"Home Selling Facts\" skill page, click the Enable button.\n\nPlease leave a 5-star review if you love this skill or send us an email with your suggestions at lugotio1@gmail.com.\n\nYour 5-star reviews encourage us to keep making more great skills, thanks\n\nDisclaimer:\"The information in this skill is provided for informational and educational purposes only.\"", "details": "Skill Details\nRated: Guidance Suggested.\nThis skill contains dynamic content.\nInvocation Name: home selling facts", "privacy_policy_href": ""}, "Experience The Life": {"review-count": "0", "description": "Description\nExperience The Life is a skill to help you _____________________.\n\nYou can say:\n\n\"Alexa, open Experience The Life\"\n\"Alexa, start Experience The Life\"\n\"Alexa, launch Experience The Life\"\n\nPlease leave a 5-star review if you love this skill, or send us an email with your suggestions at _____________. Your 5-star reviews encourage us to keep making more great skills, thanks!", "details": "Skill Details\nRated: Guidance Suggested.\nThis skill contains dynamic content.\nInvocation Name: experience the life\nDeveloper Privacy Policy", "privacy_policy_href": "https://getstoryline.com/public/privacy.html"}, "My Points": {"review-count": "77", "description": "Description\nAllows you to add, remove, and set points so you can track your progress.\nExample phrases:\nAdd 2\nSubtract 1\nSet to 10", "details": "Skill Details\nThis skill contains dynamic content.\nInvocation Name: my points", "privacy_policy_href": ""}, "Fitbit": {"review-count": "5,423", "description": "Description\nAfter activating the Fitbit skill on Amazon Alexa, here are all the things you can do:\n\nOn Amazon Alexa devices, you can ask for daily Fitbit progress such as if you hit your sleep goal, how you did yesterday, or just get a quick update on the stats you care about the most. Simply say:\n\u2022 \u201cAlexa, ask Fitbit how I\u2019m doing today.\u201d\n\u2022 \u201cAlexa, ask Fitbit how I slept last night.\u201d\n\u2022 \u201cAlexa, ask Fitbit how many steps I\u2019ve taken.\u201d\n\nOn Fitbit devices,* you can use Amazon Alexa Built-in to:\n\u2022 Check the weather\n\u2022 Set reminders\n\u2022 Start an exercise\n\n*This feature is only supported for the following Fitbit devices: Versa 2, Versa 3, and Sense.\n\nIf you\u2019d like to learn more about what Alexa can do with Fitbit, you can find more information here: (https://help.fitbit.com/articles/en_US/Help_article/2009.htm).", "details": "Skill Details\nRated: Guidance Suggested.\nThis skill contains dynamic content.\nInvocation Name: fitbit\nDeveloper Privacy Policy\nDeveloper Terms of Use", "privacy_policy_href": "https://www.fitbit.com/global/us/legal/privacy-policy"}, "Women's Halloween Costume Ideas": {"review-count": "2", "description": "Description\nThis skill provides women's Halloween costume ideas. Users can simply open the skill and ask for a costume idea.", "details": "Skill Details\nThis skill contains dynamic content.\nInvocation Name: women's halloween costume ideas", "privacy_policy_href": ""}, "Ticketmaster": {"review-count": "9", "description": "Description\nThe Ticketmaster Skill is your go-to-to discover and buy 100% verified tickets for the live entertainment you are dreaming to attend, including music, sports, arts and theater, festivals, and family events. You can purchase them by linking your Ticketmaster account to your Alexa app. To link your account, just say \"Alexa, ask Ticketmaster to link my account\".", "details": "Skill Details\nRated: Guidance Suggested.\nThis skill contains dynamic content.\nInvocation Name: ticketmaster\nDeveloper Privacy Policy\nDeveloper Terms of Use", "privacy_policy_href": "http://www.ticketmaster.com/h/privacy.html"}, "YouVersion Bible": {"review-count": "3,860", "description": "Description\nListen to the Bible, a daily devotional, Reading Plans, the Verse of the Day and your prayer list. YouVersion Bible is completely free and lets you listen to books, chapters and verses of the Bible. You can listen to daily Reading Plans that you subscribe to in the Bible App and even pray over your prayer list.\n\nYouVersion Bible includes 5 professionally narrated Bible versions (ESV, NLT, NIV, KJV, MSG).\n\nTo use, simply say one of the following:\n\u25cf \"Alexa, open YouVersion Bible\"\n\u25cf \"Alexa, ask YouVersion Bible to read Psalms\"\n\u25cf \"Alexa, ask YouVersion Bible to read the daily devotional\"\n\u25cf \"Alexa, tell YouVersion Bible to read my plan\"\n\u25cf \"Alexa, tell YouVersion Bible to read the verse of the day\"\n\u25cf \"Alexa, ask YouVersion Bible for my prayer list\"\n\nDownload the free Bible App for iPhone/iPad, Android devices and Amazon tablets at bible.com/app.\n\nSend us an email with your suggestions at help@youversion.com.", "details": "Skill Details\nRated: Guidance Suggested.\nThis skill contains dynamic content.\nInvocation Name: the bible app\nDeveloper Privacy Policy\nDeveloper Terms of Use", "privacy_policy_href": "https://www.bible.com/privacy"}, "Guard Dog": {"review-count": "3", "description": "Description\nGuard Dog: An ultra-realistic audio criminal deterrent to safe guard your home when you leave it unattended. Guard Dog will make thieves think twice about entering your home with our guard dog security.\n\nStay safe, activate Guard Dog and relax knowing that Guard dog is protecting your home.\n\nThe dog sounds are custom made and all sound alike \u2013 after all, nobody will believe 20 different dogs live in the same home, right?\n\nVoiceXpert even recorded sounds of dogs running on different flooring to really fool a criminal in to thinking large fierce dogs are ready to attack and defend their home.\n\nThis is the official Guard Dog skill, crafted by VoiceXpert.\n\n\nInstructions:\n\nTo launch Guard Dog, say \u201cAlexa, open Guard Dog.\u201d It\u2019s really easy to get started, once you open this Alexa skill, it will command Angus to patrol your home, so it\u2019s safe and secure when you leave.\n\nTo stop Angus from patrolling simply say \u201cAlexa, stop.\u201d\n\n\nPremium Membership \u2013 Full Home Security:\n\n-> Get instant access to 100% increase in audio quality (320Kbps).\n\n-> Enhanced looping with no annoying sound gaps.\n\n\nFeedback & Requests:\n\nWe really want to help you feel safe and sound knowing that Guard Dog is a great way to deter criminals. If you have any suggestions, feedback, or wish to request a new feature, please email info@voicexpert.co.uk.\n\nHelp Us, Help You:\n\nThe VoiceXpert team have literally spent hours carefully crafting this Alexa skill. We have a passion for helping people.\n\nWe would really love a review to help us improve Guard Dog and other future skills we develop.\n\nEnjoy!", "details": "Skill Details\nRated: Guidance Suggested.\nThis skill contains dynamic content.\nInvocation Name: guard dog\nDeveloper Privacy Policy\nDeveloper Terms of Use", "privacy_policy_href": "https://voicexpert.co.uk/privacy-policy/"}, "Comfort My Dog": {"review-count": "6", "description": "Description\nThis skill plays relaxing music to help your dogs and puppies stay calm and sleep peacefully while you are away from home.\n\nSoundtrack details:\n- Length: 1 hr\n- Playing time: Infinite (Single track plays on loop)\n\n*Note: Once invoked, the skill continues to play music until someone stops the playback.\n\nBacked by 8 years of research, our music is used by over 10 million dogs and puppies around the world.\n\nIf you're having problems getting your dog to settle down, or seeing them suffer from anxiety, say hello to your new best friend! Our music is specifically created to lull dogs to sleep quickly and efficiently and stop any anxiety or behavioural issues in their tracks!\n\nWe are experts in creating relaxing music to help calm your dog and help dogs to sleep. Our music is composed in-house by our team of producers and is useful for a variety of problems and situations. If your dog has sleeping problems, anxiety problems or is stressed during fireworks and thunderstorms, you should try our music and watch your dog relax before your eyes!", "details": "Skill Details\nThis skill contains dynamic content.\nInvocation Name: comfort my dog", "privacy_policy_href": ""}, "Headspace: Guided Meditation for Everybody": {"review-count": "1,166", "description": "Description\nHeadspace is your guide to health and happiness. With the Headspace Alexa skill, you can build a daily meditation practice, create the conditions for a better night\u2019s sleep, or go on guided walks and runs. Enable this skill for access to a new guided meditation every day, and sleep exercises to help you wind down. You can even bring Headspace on the go with walking and running meditations that help you move mindfully. Connect to your Headspace account for even more meditations, including our Basics course which teaches you the fundamentals of meditation and mindfulness.\n\nHOW DOES IT WORK?\nJust ask your Alexa skill to talk to Headspace. We'll have daily meditations, guided walks and runs when you need some fresh air, and sleep exercises for when you're ready to wind down.\n\nYou can say\u2026\n- Alexa, open Headspace\n- Alexa, tell Headspace I'm ready to meditate\n- Alexa, ask Headspace for today's meditation\n- Alexa, tell Headspace I want to wind down\n- Alexa, ask Headspace to help me fall asleep\n- Alexa, tell Headspace to start a mindful walk\n- Alexa, ask Headspace for a running meditation\n\nHOW DO I CONNECT TO MY HEADSPACE ACCOUNT?\nTo connect to your Headspace account, just say \"connect my account\" on the Alexa skill. A prompt will appear, asking you to sign in. You\u2019ll have access to daily content as well as our Basics pack. If you\u2019re a Headspace subscriber, you can continue your practice both through your device and the Headspace app.\n\nYou can say\u2026\n- Alexa, ask Headspace to connect my account\n\nWHY SHOULD I MEDITATE?\nMeditation can help you stress less, focus more, and be happier. The proof is in the science. These published studies show the impact Headspace can have on both your health and your relationships.\n\n- 10 days of Headspace resulted in a 14% decrease in stress*\n- 3 weeks of Headspace resulted in 23% more compassionate behavior*\n- 3 weeks of Headspace made users 57% less aggressive and reactive towards negative feedback*\n\n* Headspace is not intended to diagnose, treat, cure, or prevent any disease or medical condition. Cited studies' methods and results are consistent with accepted social science research regarding meditation.\n\nMost people find that the effects of meditation are more apparent with consistent practice. The Headspace Alexa skill makes it easier to fit meditation into your day and feel the benefits of a happier, healthier mind.", "details": "Skill Details\nRated: Guidance Suggested.\nThis skill contains dynamic content.\nInvocation Name: headspace\nDeveloper Privacy Policy\nDeveloper Terms of Use", "privacy_policy_href": "https://www.headspace.com/privacy-policy"}, "Retro Home Automation": {"review-count": "16", "description": "Description\nWho says you can't integrate the original home automation system with modern voice control? This skill integrates Alexa with the original \"The Clapper(tm)\" device.\n\nJust say, \"Alexa, ask my smart home to turn on the light\", and Alexa will take care of communicating with The Clapper(tm) for you, saving you the effort of clapping your own hands together. Great for hands-free operation! Turn on/off your lights while sipping a coffee, vaping, or petting your dog.\n\nThis skill is not affiliated in any way with the makers of the awesome \"The Clapper(tm)\" device.", "details": "Skill Details\nThis skill contains dynamic content.\nInvocation Name: my smart home", "privacy_policy_href": ""}, "Motiv Ring": {"review-count": "49", "description": "Description\nA quick way to check on your most recent Motiv fitness statistics, like your heart rate. You'll need a Motiv Ring and the Ring must be able to synchronize with the Motiv servers through the Motiv App.\n\nAlexa does not store your Motiv fitness data, but her responses will contain your fitness information, and these remain in your Alexa history unless you remove them.\n\n*Important disclaimer: This tool does not provide medical advice, and is for informational and educational purposes only, and is not a substitute for professional medical advice, treatment or diagnosis. Call your doctor to receive medical advice. If you think you may have a medical emergency, please dial your local emergency response phone number.", "details": "Skill Details\nRated: Guidance Suggested.\nThis skill contains dynamic content.\nInvocation Name: motiv ring\nDeveloper Privacy Policy\nDeveloper Terms of Use", "privacy_policy_href": "https://mymotiv.com/privacy-policy"}, "Diazepam": {"review-count": "14", "description": "Description\nThis tool does not provide medical advice, and is for informational and educational purposes only, and is not a substitute for professional medical advice, treatment or diagnosis. Call your doctor to receive medical advice. If you think you may have a medical emergency, please dial your local emergency response phone number.", "details": "Skill Details\nRated: Guidance Suggested.\nThis skill contains dynamic content.\nInvocation Name: diazepam information\nDeveloper Privacy Policy\nDeveloper Terms of Use", "privacy_policy_href": "https://www.dropbox.com/s/4glohjd5z5unoff/Privacy%20Policy%20and%20terms%20of%20use%20top%20300.docx?dl=0"}, "Sugarmate": {"review-count": "890", "description": "Description\nThis skill allows you to ask Alexa about your latest glucose readings from a Dexcom CGM. If you have a display device (like an Echo Show or Spot), it will also show a graph of your latest readings. Sugarmate also supports Echo with clock display.\n\nYou will be guided through the setup process when you link your account (you do not need to be a Sugarmate for iOS user).\n\nIf you are a user of Sugarmate for iOS, you can log in using your email address and password (you can set a password and get your email address in the Profile section of the app).", "details": "Skill Details\nRated: Guidance Suggested.\nThis skill contains dynamic content.\nInvocation Name: sugar mate\nDeveloper Privacy Policy\nDeveloper Terms of Use", "privacy_policy_href": "https://wildvillage.com/privacy"}, "WebMD": {"review-count": "7,776", "description": "Description\nWebMD has the answers to your health questions. Worried about side effects before taking a drug? Ask WebMD \u201cWhat are the side effects of\u2026\u201d and get a fast, detailed answer. Want to know about a particular health condition? Ask WebMD \u201cWhat is\u2026\u201d or say \u201cTell me about\u2026\u201d to get an easy-to-understand description. You can also ask about symptoms, treatments, and causes for conditions, definitions of medical terms and tests, and even diet information. With a broad range of physician-reviewed responses about conditions, drugs, side effects and more, WebMD helps you get the answers you need quickly and easily.\n\nAbout WebMD:\nWebMD is the leading provider of health information services, serving consumers, physicians, other healthcare professionals, employers and health plans. The online healthcare information, decision-support applications and communications services that we provide:\n\u2022 Help consumers take an active role in managing their health by providing objective healthcare information and lifestyle information.\n\u2022 Make it easier for physicians and healthcare professionals to access clinical reference sources, stay abreast of the latest clinical information, learn about new treatment options, earn continuing medical education credits and communicate with peers.\n\u2022 Enable employers and health plans to provide their employees and plan members with access to personalized health and benefit information and decision support technology that helps them make informed benefit, provider and treatment choices.\n\nThe WebMD Health Network includes WebMD Health, Medscape, MedicineNet, emedicineHealth, RxList, theheart.org, drugs.com and Medscape Education.\n\nSOURCE WebMD Health Corp.\n\nWebMD. Better Information. Better Health.\n\nWebMD does not provide medical advice, diagnosis or treatment. Always seek the advice of your physician or other qualified health provider with any questions you may have regarding a medical condition. Never disregard professional medical advice or delay in seeking it because of information contained in WebMD content provided through Amazon Alexa. WebMD will not be provided with any information that you provide to Amazon Alexa in a form that could be used to identify you. While registration with WebMD is not currently required to access WebMD content through Amazon Alexa, WebMD may require registration in the future and WebMD has therefore included links to its Privacy Policy and Terms of Use.", "details": "Skill Details\nRated: Guidance Suggested.\nThis skill contains dynamic content.\nInvocation Name: web m. d.\nDeveloper Privacy Policy\nDeveloper Terms of Use", "privacy_policy_href": "https://www.webmd.com/about-webmd-policies/about-privacy-policy"}, "Lively": {"review-count": "30", "description": "Description\nLively Skill allows you to use your voice to:\n- Make calls to contacts stored in your Lively Flip;\n- Help write and send text messages to contacts stored in your Lively Flip;\n- Find how many minutes remain on your monthly plan;\n- Check your Lively Flip battery level;\n- Get your Lively Flip phone number; and\n- Find out how many texts you have left on your monthly plan.\n\nPhone calls and texts will be sent from your Lively Flip phone to recipients in your contact list only. Phone calls and texts cannot be placed through the Alexa smart speakers. Calls to Urgent Response cannot be placed through the Lively Skill. Texts and minutes will be deducted from your monthly plan for calls and texts sent using the Lively skill. In order to utilize Lively Skill, you will need a Lively or MyGreatCall account and a Lively Flip phone. To sign up for an account, please visit www.mygreatcall.com. The Lively Skill is free to access and use, but standard call and text rates apply when placing calls and texts through the Lively Skill.", "details": "Skill Details\nRated: Guidance Suggested.\nThis skill contains dynamic content.\nInvocation Name: lively\nDeveloper Privacy Policy\nDeveloper Terms of Use", "privacy_policy_href": "https://www.greatcall.com/legal/privacy-policy"}, "Life360": {"review-count": "2,160", "description": "Description\nLife360 is a smartphone app used by over 50 million people around the world to keep their families safe, together, and in sync.\n\nJust sign up for a Life360 and add your family members, and you'll be able to ask Alexa where they are without having to open the app on your phone.\n\nIf you add your favorite places - like home, work, or school - Alexa will also give you notifications of when they come and go.", "details": "Skill Details\nRated: Guidance Suggested.\nThis skill contains dynamic content.\nInvocation Name: life three sixty\nDeveloper Privacy Policy\nDeveloper Terms of Use", "privacy_policy_href": "https://www.life360.com/privacy_policy/"}, "What to wear today? Outfit Ideas": {"review-count": "23", "description": "Description\nDid you ever ask your boyfriend, friend, best friend, mother or husband what to wear? Even though you know they can\u2019t help you.\n\nNow you can ask Alexa what to wear and she will give you one of over 100.000 combinations from the top of her head.\n\nYou don\u2019t have something in the closet? Simply say \u201cAlexa I don\u2019t have a black top\u201d and all combinations including \"black top\" will be removed.\n\nIf you don\u2019t like the combination she picked for you, simply say \u201cnext\u201d until she gives you an inspiration.\n\nThis application is not connected to the weather, it\u2019s here to give you IDEAS for your style.", "details": "Skill Details\nRated: Guidance Suggested.\nThis skill contains dynamic content.\nInvocation Name: what should i wear\nDeveloper Privacy Policy", "privacy_policy_href": "https://day-games.com/privacy-policy"}, "Men's Halloween Costume Ideas": {"review-count": "0", "description": "Description\nThis skill provides ideas for men's Halloween costumes. It's a simple skill built from the fact skill template. Simply open the skill and ask for a costume.", "details": "Skill Details\nRated: Guidance Suggested.\nThis skill contains dynamic content.\nInvocation Name: men's halloween costume ideas", "privacy_policy_href": ""}, "Soaak": {"review-count": "6", "description": "Description\nThink of Soaak as your best friend who\u2019s always reminding you to stay in an elevated mental and emotional state \u2013 always encouraging you to be your highest self.\n\nSoaak fuses ancient techniques with cutting-edge biotechnologies, addressing mindfulness and mental health and wellness. Soaak was created through 5 years of in-clinic practice where frequencies and Mindful Intentions were utilized to address sleep disorders, stress, anxiety, low energy, brain fog, depression, low libido, and more.\n\n\nHOW DOES IT WORK?\nSimply ask Alexa to open Soaak.\n\nYou can say\u2026\n- Alexa, open Soaak\n- Alexa, tell Soaak to play the Sleep Well frequency\n- Alexa, ask Soaak for today's Mindful Intention\n- Alexa, tell Soaak to play the Focus - Music frequency\n- Alexa, ask Soaak to play the frequency Depression Relief\n\n\nHOW DO I CONNECT TO MY SOAAK ACCOUNT?\nFrom your phone, connect your Soaak account with Alexa by selecting \"connect my account\" in the Soaak app or the Alexa app. A notification will ask you to sign in, and then you\u2019ll have access to your frequencies and Mindful Intentions from your Alexa-enabled devices.\n\nYou can also say\u2026\n- Alexa, ask Soaak to connect my account\n\n\nWHY SHOULD I SOAAK?\nAll matter emits frequency. Human frequencies can easily be disrupted by everyday life and show up as anxiety, stress, depression, brain fog, lack of energy, low libido, and more. Soaak frequencies and Mindful Intentions are specifically designed to address these symptoms, by bringing the mind and body back into alignment at a cellular level.\n\nYou can also say\u2026\n- Alexa, tell Soaak I'm feeling anxious\n- Alexa, ask Soaak to play the Mood Boost frequency\n- Alexa, tell Soaak I'm stressed\n- Alexa, ask Soaak to help me sleep\n\n\nHOW DO I SOAAK?\nSoaak is designed to be used daily as a part of your health and wellness routine. Best results are seen when Mindful Intentions and frequencies are used together, in 5 to 20-minute sessions, up to 3x per day.\n\nYou can also say\u2026\n- Alexa, start my Soaak\n- Alexa, ask Soaak to play the [insert frequency name] frequency\n- Alexa, tell Soaak to read a Mindful Intention\n\nDISCLAIMER\nThe information in this skill is provided for informational and educational purposes only. It is not a substitute for professional medical advice, treatment or diagnosis. Call your doctor to receive medical advice. If you think you may have a medical emergency, please dial your local emergency response phone number.", "details": "Skill Details\nRated: Guidance Suggested.\nThis skill contains dynamic content.\nInvocation Name: soak\nDeveloper Privacy Policy\nDeveloper Terms of Use", "privacy_policy_href": "https://soaak.com/privacy-policy/"}, "Bedtime Stories": {"review-count": "234", "description": "Description\nFall asleep faster, with Bedtime Stories from Volley.\n\nJoin tens of thousands of Alexa owners experiencing better sleep, lower stress, and less anxiety with Bedtime Stories!\n\nBedtime Stories features 7 free story genres.\n\nFEATURED BEDTIME STORIES\nRead by Kate Cocker, host of the \"Everyday Positivity\" flash briefing on Volley FM (www.volley.fm)\n* The Tale of Peter Rabbit by Beatrix Potter\n* The Tale of Benjamin Bunny by Beatrix Potter\n\nPOPULAR FAIRYTALE AND FICTION STORIES\n* Alice in Wonderland by Lewis Carroll\n* The Wonderful Wizard of Oz by Frank L. Baum\n* Adventures of Pinocchio by Carlo Collodi\n* The Little Mermaid by Hans Christian Andersen\n* Black Beauty by Anna Sewell\n* The Velveteen Rabbit by Margery Williams\n\nHOW TO USE\nGet started by saying \"Alexa, open Bedtime Stories\".\nBedtime Stories will play your selected story until you say \"Alexa, stop.\"\nIf you stop a story and return to Bedtime Stories, later, you can continue where you left off.\n\nPAID SUBSCRIBER FEATURES\n* Unlock hundreds of Bedtime Stories\n* Unlock the subscriber-exclusive categories\n* New subscriber-exclusive stories are added every month\n\nFEEDBACK AND SUGGESTIONS\nIf you have questions or feedback, please send an email to support@volleythat.com\n\nCreated by Volley - the makers of the hit Alexa games Song Quiz and Yes Sire", "details": "Skill Details\nRated: Guidance Suggested.\nThis skill contains dynamic content.\nInvocation Name: bedtime stories\nDeveloper Privacy Policy\nDeveloper Terms of Use", "privacy_policy_href": "https://volleythat.com/terms-of-service-privacy-policy"}, "Calm My Dog": {"review-count": "8", "description": "Description\nThis skill plays relaxing music to help your dogs and puppies stay calm and sleep peacefully while you are away from home.\n\nSoundtrack details:\n- Length: 1 hr 32 mins\n- Playing time: Infinite (Single track plays on loop)\n\n*Note: Once invoked, the skill continues to play music until someone stops the playback.\n\nBacked by 8 years of research, our music is used by over 10 million dogs and puppies around the world.\n\nIf you're having problems getting your dog to settle down, or seeing them suffer from anxiety, say hello to your new best friend! Our music is specifically created to lull dogs to sleep quickly and efficiently and stop any anxiety or behavioural issues in their tracks!\n\nWe are experts in creating relaxing music to help calm your dog and help dogs to sleep. Our music is composed in-house by our team of producers and is useful for a variety of problems and situations. If your dog has sleeping problems, anxiety problems or is stressed during fireworks and thunderstorms, you should try our music and watch your dog relax before your eyes!", "details": "Skill Details\nThis skill contains dynamic content.\nInvocation Name: calm my dog", "privacy_policy_href": ""}, "Good Night": {"review-count": "9,970", "description": "Description\nSleeping alone tonight? Open this skill for a custom made good night messages that will set you up for a good night's rest.", "details": "Skill Details\nThis skill contains dynamic content.\nInvocation Name: good night\nDeveloper Privacy Policy", "privacy_policy_href": "https://www.stokedskills.com/privacy/goodnight.html"}, "OurGroceries": {"review-count": "5,622", "description": "Description\nThis skill lets you add items to the shopping lists on your OurGroceries app. The app keeps your grocery lists instantly synchronized on all the iPhone and Android smartphones in your household\u2014and it\u2019s free! It also tracks recipes, takes photos of items, and scans barcodes.\n\nJust install the app on your phone, enter your email address in the \"List sharing\" screen in preference, then enable this skill. After saying, \"Alexa, open OurGroceries\", you'll be guided through the process of connecting your Echo to your OurGroceries account.", "details": "Skill Details\nRated: Guidance Suggested.\nThis skill contains dynamic content.\nInvocation Name: our groceries\nDeveloper Privacy Policy", "privacy_policy_href": "https://www.ourgroceries.com/privacy"}, "Relaxing Sounds: Spa Music": {"review-count": "9,254", "description": "Description\nIt helps you create an ambiance of relaxation and meditation regardless of the location or time!\n\nIt relaxes your body and mind to reduce stress and make you feel better!\n\nThis is the perfect musical accompaniment for meditation, yoga, tai chi, healing, and complete relaxation.\n\nYour reviews motivate us to build wonderful skills like this one. If you have not already, please show your support by sharing your review.\n\nMore Info:\n\nRelaxing Sounds are perfect to help you with deep sleep, meditation, and relaxation. It is the best sound for stress relief. Our calm and relaxing sleep music can be used as background sounds, meditation music, relaxation music, peaceful music, and sleep sounds. Let the soothing and calming sounds help you relax.", "details": "Skill Details\nThis skill contains dynamic content.\nInvocation Name: spa music", "privacy_policy_href": ""}, "Cozi Lists": {"review-count": "308", "description": "Description\nCozi is the surprisingly simple way to organize the family with a shared calendar, lists and more. This skill lets you add items to any Shopping List or To Do List in your Cozi app.\n\nTo get started, first install Cozi and create a free account. Once you enable this skill, you will be able to add items to any Cozi List using Alexa, and the Alexa shopping list and to do list will also appear in Cozi. With Alexa integration, it\u2019s now even easier to know what you need when you\u2019re at the store and never forget to do that important task! Cozi is available for iPhone, Android and at www.cozi.com, and creating an account is free.\n\nFor help, go to http://www.cozi.com/support", "details": "Skill Details\nRated: Guidance Suggested.\nThis skill contains dynamic content.\nDeveloper Privacy Policy\nDeveloper Terms of Use", "privacy_policy_href": "http://www.cozi.com/privacy-policy/"}, "HereAfter": {"review-count": "0", "description": "Description\nAn experienced interviewer prepares your stories about first dates and first cars. About parents, grandparents, and best friends. About graduation days, birthdays, and wedding days. About seeing the love of your life, hearing a child\u2019s first words, or feeling the breeze on a mountain peak.\n\nUsing our revolutionary AI platform, we build a conversational legacy avatar to interactively share your stories and experiences. Fun, engaging, and always accessible, HereAfter is a personalized time capsule that talks!\n\nListen to the stories and access favorite family memories simply by invoking the linking your HereAfter account and invoking the HereAfter skill. Visit our website, https://www.hereafter.ai/, to watch a demo and get started now.", "details": "Skill Details\nRated: Guidance Suggested.\nThis skill contains dynamic content.\nInvocation Name: hereafter\nDeveloper Privacy Policy\nDeveloper Terms of Use", "privacy_policy_href": "https://www.hereafter.ai/privacy"}, "Endel: Sleep, Focus, Relax": {"review-count": "140", "description": "Description\nEndel\u2019s AI-powered soundscapes are scientifically engineered to help you sleep, focus, and relax. Just say \u201cAlexa, start Endel\u201c to make the most of your days and nights.\n\n\u2728\u2728\u2728\nIf anything seems wrong with the skill \u2014 get in touch, chances are we have a solution: ask@endel.io\n\u2728\u2728\u2728\n\nEndel's ever-growing library of soundscapes adapt to you and your personal conditions, taking time of day, natural light exposure, and circadian rhythms into account.\n\u2022 Focus \u2014 boosts productivity by helping you concentrate for longer.\n\u2022 Relax \u2014 calms your mind to create feelings of comfort and safety.\n\u2022 Sleep \u2014 eases you into a deep sleep with soft, gentle sounds.\n\nOne subscription unlocks timers, alarms, along with the complete library of soundscapes on Alexa, mobile, desktop, and wearables:\n\u2022 Recovery \u2014 soothes and revives with revitalizing sounds.\n\u2022 Study \u2014 helps you stay calm and concentrated with learning and working\n\u2022 Artist Collaborations: the work of visionaries paired with our science-backed technology.\nIncludes:\n- AI Lullaby \u2014 sleep soundscape created with Grimes.\n- Deeper \u2014 focus soundscape from Plastikman.\n- Wiggly Wisdom \u2014 a relaxing spoken word soundscape featuring Alan Watts.\n\nCut away the distractions and improve your wellbeing with Endel!", "details": "Skill Details\nRated: Guidance Suggested.\nThis skill contains dynamic content.\nInvocation Name: endel\nDeveloper Privacy Policy", "privacy_policy_href": "http://endel.io/privacy-policy/"}, "Aquarium Screensaver": {"review-count": "10", "description": "Description\nAquarium Screensaver HD on your Echo Show or Echo Spot device (required a screen). Aquarium plays a relaxing aquarium on your Echo Show or Echo Spot. Great fun for your living room, kitchen or bedroom!\n\n+ Ask \"Alexa, open My Aquarium\" to open skill. Enjoy!", "details": "Skill Details\nThis skill contains dynamic content.\nInvocation Name: my aquarium", "privacy_policy_href": ""}, "Mindful Meditation": {"review-count": "196", "description": "Description\nMindful Meditation provides a suite of meditation sequences at various lengths for you to help practice mindfulness and bring you back to the moment. It is recommended to set aside some time every day for some meditation to alleviate stress and clear your mind.\n\nThere are five different meditations available right now:\n* Three minute meditation mindfulness of breath\n* Four minute body scan to focus on body awareness\n* Five minute tension release meditation\n* Ten minute inner wisdom meditation\n* Twenty minute complete meditation with a focus on bodily sensations, sounds, breathing, feelings and more\n\nTo begin your meditation either invoke the skill with \"Open Mindful Meditation\" and follow the prompts, or say \"Alexa ask Mindful Meditation for a three minute meditation\" to start your practice immediately.\n\nIf you don't want to choose your meditation every time you can say \"Alexa ask mindful meditation to set the default meditation to three\" for example to set your default meditation to the three minute meditation. Doing so will automatically start the three minute meditation when you open the skill. To remove a default that you have set, just say \"Alexa ask mindful meditation to remove default meditation.\n\nIf you like this skill and find it to be a useful addition to your mindfulness practice we would really appreciate if you drop us a nice review! Any suggestions, questions, or bug reports are welcome at support@stokedskills.com. We'd love to hear your feedback so we can continue to improve our products. Enjoy!\n\nThe meditation sequences in this skill are provided by http://www.freemindfulness.org/, a project dedicated to bringing free mindfulness practice to a wider audience, and are licensed under the following creative commons license, https://creativecommons.org/licenses/by-nc-sa/3.0/deed.en_US.", "details": "Skill Details\nRated: Guidance Suggested.\nThis skill contains dynamic content.\nInvocation Name: mindful meditation", "privacy_policy_href": ""}, "Furosemide": {"review-count": "2", "description": "Description\nInformation and patient counseling for furosemide (brand name Lasix). This tool does not provide medical advice, and is for informational and educational purposes only. This is not a substitute for professional medical advice, treatment or diagnosis. Call your doctor or pharmacist to receive medical advice. If you think you may have a medical emergency, please dial your local emergency response phone number.", "details": "Skill Details\nRated: Guidance Suggested.\nThis skill contains dynamic content.\nInvocation Name: furosemide drug information\nDeveloper Privacy Policy\nDeveloper Terms of Use", "privacy_policy_href": "https://www.dropbox.com/s/4glohjd5z5unoff/Privacy%20Policy%20and%20terms%20of%20use%20top%20300.docx?dl=0"}, "Meditation Timer: Relax, Focus & Sleep": {"review-count": "131", "description": "Description\nA meditation skill by Stop, Breathe & Think featuring timed soundscapes composed to evoke feelings of calm and relaxation. Explore the sounds of a peaceful forest while a gentle mist rolls through the trees, listen to waves crashing on a beach, or relax to the sounds of rain falling on leaves.\n\nTo begin, say \u201cAlexa, open Meditation Timer\u201d. After a brief greeting, you will be asked how long you would like to meditate for. You can say any duration, such as \u201c30 minutes\u201d, \u201c1 hour and 30 minutes\u201d, or \u201c1 day\u201d.\n\nYour meditation session will then begin with a soothing gong before entering into one of our soundscapes, and similarly end with a gong after the duration you specified has passed.\n\nIf you would like to meditate to a different soundscape say \u201cPlay next\u201d.\n\nAvailable soundscapes include:\n\n+ Forest\n+ Rain\n+ Surf\n+ Silence\n\nNEW! Alexa Smart Devices now have an improved visual experience!\n\nEmail us at support@stopbreathethink.com to tell us what feature you would like added next!\n\nNote: Fire TV devices do not currently support the AudioPlayer interface which this Skill relies upon. This means Fire TV devices don't currently work with this Skill.\n\nWHO WE ARE:\n\nAt Stop, Breathe & Think, we believe that taking a few minutes each day to feel the calm is as important as regular exercise. If we can help more of you regularly find peace of mind, we\u2019re doing our part to help make the world a better place.\n\n+ Winner of the 2017 Webby People\u2019s Voice Award for Health & Fitness\n+ Over 2,600,000 organic downloads and counting on iOS and Android!\n\nWHY PRACTICE MEDITATION & MINDFULNESS:\n\n\u201cYou can change your whole frame of mind with just a few minutes of meditation.\u201d -Fast Company\n\nScientific evidence shows that you can develop kindness and compassion by focusing on these attitudes through the practice of mindfulness and meditation. By using the app, learn how to meditate regularly and develop skills that help you relax, support academic and professional achievement, in addition to more positive interactions and relationships, by learning to:\n\n+ Deepen your awareness of your thoughts and emotions and recognize those feelings in others\n+ Settle yourself down and proactively manage your emotions and reactions, like stress or anxiety\n+ Approach people and everyday situations from the perspective of kindness and compassion.\n\nOTHER SKILLS:\n\nCheck out our \"Guided Meditation\" skill to reduce stress and feel the calm and \"Sweet Dreams\" for help falling asleep!\n\nSUPPORT:\n\nWe'd love to hear from you! If you have questions, comments, or feedback, please email us at support@stopbreathethink.com.", "details": "Skill Details\nThis skill contains dynamic content.\nInvocation Name: meditation timer\nDeveloper Privacy Policy\nDeveloper Terms of Use", "privacy_policy_href": "http://www.stopbreathethink.org/privacy.html"}, "Ambient Audio - Rain Sounds for Relax and Sleep": {"review-count": "47", "description": "Description\nNatural Rain Sounds for Deep Relax and Sleep.\n\nFall asleep fast to beautiful nature sounds.\n\nRealistic calm, steady rain great for helping to drown down out house noises.\n\nReal world premium stereo recordings will play for approximately 4 hours 28 minutes and it will stop automatically. If you like to stop it earlier, just say: \"Alexa, set a sleep timer for 1 hour!\", or so.\nAfter it stops you can play it again as you like.\n\nEnable today, sleep well tonight.\nRelax and enjoy.", "details": "Skill Details\nThis skill contains dynamic content.\nInvocation Name: rain sounds\nDeveloper Privacy Policy\nDeveloper Terms of Use", "privacy_policy_href": "http://aiolanguages.com/privacy-policy"}, "Calm My Cat": {"review-count": "13", "description": "Description\nThis skill plays relaxing music to help your cats and kittens stay calm and sleep peacefully while you are away from home.\n\nSoundtrack details:\n- Length: 1 hr\n- Playing time: Infinite (Single track plays on loop)\n\n*Note: Once invoked, the skill continues to play music until someone stops the playback.\n\nBased on 8 years of research our music is based on feline vocal communication and environmental sounds that pique the interest of cats; it is written in a musical language that is uniquely designed to appeal to the domestic cat. All of the music is recorded on traditional instruments and the human voice. No actual cat, mouse, or bird calls are used (although it may sound like it).\n\nRelax My Cat\u2019s music is unique, and will help in a variety of situations as a substitute for medication. We have helped thousands of cats and kittens worldwide to sleep and reduce their anxiety. Music therapy for your cat can keep them calm, happy and healthy, and it is a great way to rehabilitate rescue cats - or just get your kitten or cat used to their new home.\n\nBeing re-homed is an incredibly stressful time for cats - as they have to get used to a lot of different sights and sounds, as well as their new family and any other pets in the household. We recommend that you play Relax My Cat during this time, and it will help reduce their heart rate and relax them while they explore their new surroundings. No more whining kittens - they will get used to your home in no time at all with the help of Relax My Cat's music!\n\nYou may be litter training, which can be a stressful time for both dog and parent, and our music will soothe your kitten making your life easier. When listening to Relax My Cat you will notice your kitten start to relax, and get more used to their tray, or similarly if you are training them to get used to their travel box.", "details": "Skill Details\nThis skill contains dynamic content.\nInvocation Name: calm my cat", "privacy_policy_href": ""}, "Tidy Housecleaning": {"review-count": "0", "description": "Description\nCleaning your Home becomes easier with on-demand and scheduled house cleaning service. Just say \"Alexa, open tidy\" to get started!", "details": "Skill Details\nRated: Guidance Suggested.\nThis skill contains dynamic content.\nInvocation Name: my house cleaner\nDeveloper Privacy Policy\nDeveloper Terms of Use", "privacy_policy_href": "https://voicefirsttech.com/my-dry-cleaner/privacy-policy.pdf"}, "Headspace Rain": {"review-count": "5", "description": "Description\nAs well as guided meditations, Headspace offers sleep sounds designed to create the ideal conditions for healthy, restful sleep. This sleep sound uses chord progression to block out ambient noises and create a soothing atmosphere. In other words, the ideal conditions for healthy, restful sleep.\n\nHOW DOES IT WORK?\nAsk Alexa for 'Headspace Rain' and the sleepcast will play.\nYou can say\u2026\n\n- Alexa, open Headspace Rain\n- Alexa, play Headspace Rain\n\n* Headspace is not intended to diagnose, treat, cure, or prevent any disease or medical condition.\nMost people find that the effects of meditation are more apparent with consistent practice. The Headspace Alexa skill makes it easier to fit meditation into your day and feel the benefits of a happier, healthier mind.\n\nWHAT IS HEADSPACE?\nHeadspace is an app that will teach you how to meditate. It also has tools designed for sleep. For access to all of our guided meditations and animations, download the Headspace app or visit Headspace.com. Start meditating and living mindfully with hundreds of themed sessions on everything from stress to sleep, bite-sized meditations for busy schedules, and SOS exercises for meltdown moments.", "details": "Skill Details\nThis skill contains dynamic content.\nInvocation Name: headspace rain\nDeveloper Privacy Policy\nDeveloper Terms of Use", "privacy_policy_href": "https://www.headspace.com/privacy-policy"}, "VoiceFriend Notifications for Seniors": {"review-count": "35", "description": "Description\nVoiceFriend provides reminders for seniors. With a simple voice activation \u2013 personalized activities, meals, appointments and care plans are spoken. VoiceFriend\u2019s Alexa App is only available to seniors and caregivers who currently use the VoiceFriend web application through their healthcare or eldercare provider. Please visit www.voicefriend.net to learn more.", "details": "Skill Details\nRated: Guidance Suggested.\nThis skill contains dynamic content.\nInvocation Name: voice friend\nDeveloper Privacy Policy\nDeveloper Terms of Use", "privacy_policy_href": "https://www.voicefriend.net/alexa-voicefriend-privacy"}, "Medicine Tracker": {"review-count": "21", "description": "Description\nTrack your medicine with this skill!\n\nWhether you have one or many, this skill works for you.\n\nLet me know your medication name and the time you need to take it only once, and I remember that medication. Then, you can let me know you've taken that medication. You can ask me what your medications are and I will let you know the ones you haven't taken today (within the past 24 hours) and what times they should be taken, along with a list of the ones you have taken and the hours that have passed since. Please ensure you check your own clock as well to ensure you are being completely safe with your medications (also see disclaimer at the bottom). My calculations are based on when you last took your medication, and the server timezone. You can also remove medications if you no longer need them.\n\nAlso, when you ask me what all of your medications are, I will write them down as a home card. To see it, open the alexa app and navigate to home.\n\nHere are some examples of what you can say:\n- What are my medications\n- Add pain medication for 4 pm\n- I've taken my pain medication for 4 pm\n- Have I taken my pain medication for 4 pm?\n- Remove pain medication for 4 pm\n\nIf you say \"Alexa, open medicine tracker\" I will also remind you of what I can do.\n\nDisclaimer: This tool does not provide medical advice, and is for informational and educational purposes only, and is not a substitute for professional medical advice, treatment or diagnosis. Call your doctor to receive medical advice. If you think you may have a medical emergency, please dial your local emergency response phone number.", "details": "Skill Details\nThis skill contains dynamic content.\nInvocation Name: medicine tracker", "privacy_policy_href": ""}, "Headspace Slumber": {"review-count": "5", "description": "Description\nAs well as guided meditations, Headspace offers sleep sounds designed to create the ideal conditions for healthy, restful sleep. This sleep sound uses chord progression to block out ambient noises and create a soothing atmosphere. In other words, the ideal conditions for healthy, restful sleep.\n\nHOW DOES IT WORK?\nAsk Alexa for 'Headspace Slumber' and the sleepcast will play.\nYou can say\u2026\n\n- Alexa, open Headspace Slumber\n- Alexa, play Headspace Slumber\n\n* Headspace is not intended to diagnose, treat, cure, or prevent any disease or medical condition.\nMost people find that the effects of meditation are more apparent with consistent practice. The Headspace Alexa skill makes it easier to fit meditation into your day and feel the benefits of a happier, healthier mind.\n\nWHAT IS HEADSPACE?\nHeadspace is an app that will teach you how to meditate. It also has tools designed for sleep. For access to all of our guided meditations and animations, download the Headspace app or visit Headspace.com. Start meditating and living mindfully with hundreds of themed sessions on everything from stress to sleep, bite-sized meditations for busy schedules, and SOS exercises for meltdown moments.", "details": "Skill Details\nThis skill contains dynamic content.\nInvocation Name: headspace slumber\nDeveloper Privacy Policy\nDeveloper Terms of Use", "privacy_policy_href": "https://www.headspace.com/privacy-policy"}, "Prayer Time": {"review-count": "272", "description": "Description\nAssalamualikum,\n\nPrayer Time provides a simple, easy to use skill to retrieve prayer times.\n\nProvides the following functionality:\n\n- Prayer times for specific salah/prayer/namaz by name\n- The next prayer time and the amount of time remaining until it is due\n\n**Note**\nThis skill requires postal code and country location details to determine the exact timings.\n\nThe calculation method is ISNA.\n\nSome examples:\n\nAlexa, Ask Prayer Time, when is Magrib?\nAlexa, Ask Prayer Time, when is prayer?\nAlexa, Ask Prayer Time, when is sunrise?\nAlexa, Ask Prayer Time, what time is sunset?\nAlexa, Ask Prayer Time, what time is Fajr?\nAlexa, Ask Prayer Time, what time is salah?", "details": "Skill Details\nRated: Guidance Suggested.\nThis skill contains dynamic content.\nInvocation Name: prayer time\nDeveloper Privacy Policy", "privacy_policy_href": "https://github.com/digitaltrend/prayertime/blob/master/PrivacyPolicy.md"}, "Allrecipes": {"review-count": "5,105", "description": "Description\nWhat\u2019s for dinner? Just ask Alexa.\n\nWelcome to the new Allrecipes Skill for Amazon Alexa, designed to serve up our very best, hand-picked recipes to create the dinner you deserve. Finding the perfect recipe is easy. We\u2019ve done the legwork for you and pulled only our editor-approved winners that home cooks love. Assembling a meal has never been easier\u2026 or more delicious.\n\n- Simply search for the best of our recipes by ingredient, keyword or dish name\n- Get inspired with new finds, local deals, perfect pairings and personalized suggestions\n\nWhen you\u2019re ready to start cooking, we\u2019re by your side every step of the way. Need a shopping list? We\u2019ll handle it. Step-by-step instructions? We\u2019ve got you. Want to save a recipe to your personal cookbook? Consider it done.\n\nDiscover a new approach to dinner with Allrecipes for Amazon Alexa, delivering cookbook-quality recipes at the speed of sound.", "details": "Skill Details\nRated: Guidance Suggested.\nThis skill contains dynamic content.\nInvocation Name: all recipes\nDeveloper Privacy Policy\nDeveloper Terms of Use", "privacy_policy_href": "https://www.meredith.com/legal/privacy"}, "My Notebook note taking skill": {"review-count": "162", "description": "Description\nCreate notes in your favorite note-taking services, such as Evernote and OneNote\n\nNever forget those brilliant thoughts or mundane to-do items. Seamlessly capture notes without giving a second thought.\n\nThis skill is in no way associated with, nor endorsed by Evernote or Microsoft.", "details": "Skill Details\nRated: Guidance Suggested.\nThis skill contains dynamic content.\nInvocation Name: my notebook\nDeveloper Privacy Policy\nDeveloper Terms of Use", "privacy_policy_href": "https://s3.amazonaws.com/com.atadore.alexanote/pp.txt"}, "TWLOHA": {"review-count": "1", "description": "Description\nWe believe hope and help are real. You are not alone in your struggles. This is not the end of your story. When using the skill, you can say \"Alexa, next\" to move to the next quote. At any point, you can say \"Alexa, stop\" to exit the skill.", "details": "Skill Details\nThis skill contains dynamic content.\nInvocation Name: write love", "privacy_policy_href": ""}, "Add Item To Shopper - Shopping List": {"review-count": "35", "description": "Description\nAlexa will add the item you name to your active Shopping list in Shopper app.", "details": "Skill Details\nRated: Guidance Suggested.\nThis skill contains dynamic content.\nInvocation Name: my shopper\nDeveloper Privacy Policy\nDeveloper Terms of Use", "privacy_policy_href": "http://www.myshopperapp.com/legal-1/"}, "What should I wear": {"review-count": "421", "description": "Description\nFeel uninspired before a party? Need fashion advice? Or just looking to dress down. This skill throws up a few ideas to beef up your sartorial quotient", "details": "Skill Details\nThis skill contains dynamic content.\nInvocation Name: what should i wear\nDeveloper Privacy Policy\nDeveloper Terms of Use", "privacy_policy_href": "http://www.carlyleoliver.com/apps/alexa/bgs/privacy-policy.html"}, "The Best Fireplace Sounds": {"review-count": "90", "description": "Description\nThe Best Fireplace Sounds\n\nIn one skill, you can listen to multiple types of fireplace sounds (currently 6).\nSonnar Ambient Sound Packs are the best way to relax, stay focused, meditate, fall asleep faster and better!\n\nWe are using the highest quality field recordings.\nOur streams are 192 kbps in stereo.\n\nChoose your favorite rain sound by saying play followed by one of the options below:\n\n- Small\n- Medium\n- Large\n- Wet Wood\n- Vintage\n- Campfire\n\nOr simply say \"random\".\n\nCheck out our other high quality skills:\n\n- The Best Rain Sounds\n- The Best Ocean Sounds\n- The Best Thunderstorm Sounds\n- Twisted Tales, Interactive stories for kids: Red Riding Hood and Hansel and Gretel\n\nThis ambient skill is made by Sonnar Interactive.\n\nFor more information please visit www.sonnar.nz.", "details": "Skill Details\nThis skill contains dynamic content.\nInvocation Name: best fireplace sounds\nDeveloper Privacy Policy\nDeveloper Terms of Use", "privacy_policy_href": "https://www.sonnar.nz/privacy-policy/"}, "Sleep Sounds: Ocean Sounds": {"review-count": "1", "description": "Description\nSleep Sounds: Ocean Sounds help you to sleep in peace, or to block unwanted noise at work or at home. You will be able to sleep better, remain focused, study without interference, relax quickly, meditate more effectively and make your baby go to sleep more quickly!", "details": "Skill Details\nThis skill contains dynamic content.\nInvocation Name: ocean sounds", "privacy_policy_href": ""}, "Find my cat": {"review-count": "0", "description": "Description\nSolicita a Alexa que encuentre a tu gato por ti. Alexa dira frases al azar para llamar a tu gato de maneras divertidas y variadas.\n\nEl idioma principal es Espa\u00f1ol.\nEsta skill puede contener frases en ingl\u00e9s.\nEsta skill se cre\u00f3 usando un Skill Blueprint. Tus solicitudes para esta skill no se comparten con el desarrollador de la skill.", "details": "Skill Details\nThis skill contains dynamic content.\nInvocation Name: encuentra mi gato", "privacy_policy_href": ""}, "Rain Storm by Healing FM": {"review-count": "578", "description": "Description\nExperience a heavy rain storm and occasional distant thunder with Rain Storm by Healing FM, a top-rated Alexa Developer. Perfect to help you study, relax or sleep.\n\nHOW TO START\nJust say: \"Alexa, open Rain Storm\"\n\nLOOPING\nTo enable looping, open the Skill, and while the sound is playing, say: \"Alexa... Loop On\".\nThis will loop the sound until you ask Alexa to Stop. The Pro version has the Super Audio Loop, with 10 hours of no-gap playback.\n\nTRY RAIN STORM FOR\n+ Good night's sleep\n+ Peaceful environment\n+ Improving your mood\n+ Focus on study\n+ Meditation\n\nPRO MEMBER FEATURES\n+ Premium Audio Quality\n+ Super Long Looping\n\nREVIEWS & FEEDBACK\nWe\u2019d love your feedback and would appreciate if you could leave us a review for this skill. If you have any questions or need support, please contact: team@healing.fm\n\nALL OUR SOUNDS\nSearch for these skills by Healing FM in the Skill Store:\n\nThunder Sounds\nBeach Sounds\nHealing Sounds\nRain Storm\nZen Sounds\nLullaby Sounds\nJapanese Garden Sounds\nRelaxing Morning Sounds\nCreek Sounds\nBest Forest Sounds\nBest Fan Sounds\nOffice Sounds\nNight Night\nFish Tank\nSleep Light\nLog Fire\n\nHEALING FM STUDIOS\nFrom our studios next to the beautiful Pacific Ocean, we create and broadcast high quality relaxation experiences. Every month, more than 1 million people around the world use Healing FM sounds to find a moment of relaxation or prepare for a peaceful night's sleep. We hope you enjoy our sounds!\n\n---\n\nHealing.FM\u00ae is a Registered Trademark in the US and other countries.", "details": "Skill Details\nRated: Guidance Suggested.\nThis skill contains dynamic content.\nInvocation Name: rain storm\nDeveloper Privacy Policy\nDeveloper Terms of Use", "privacy_policy_href": "https://www.healing.fm/privacy/english"}, "Guided Sleep Meditation : Ultimate Deep Relaxation": {"review-count": "71", "description": "Description\nIf a racing mind is keeping you up at night, \"Guided Sleep Meditation\" might be just the sleep aid that you need. The mind-calming practice can be done at bedtime or any time during the day to help fight fatigue & insomnia.\n\n\"Guided Sleep Meditation\" helps you learn how to let go of the stresses of the day. Think of it like exercising a muscle that gets stronger over time. This allows you to tap into that same ready relaxation state when it\u2019s time to say goodnight.\n\nIn fact, \"Guided Sleep Meditation\", the practice of intentionally quieting or focusing the mind, creates physiological changes that are similar to those that happen in your body during the early phases of sleep. Your pulse slows, blood pressure drops, and stress hormones decrease. Being able to get to that state on demand means that you\u2019ll have an easier time drifting off when you want to. Bedtime Meditation helps you overcome insomnia, reduce stress and improve sleep quality. Fall asleep more easily.\n\nNote: Guided meditation will end with \"Good night\" greeting and you won't have to say anything to end the skill. That way your state of relaxation is not disturbed.\nDisclaimer: The information in this skill is provided for informational and educational purposes only. It is not a substitute for professional medical advice, treatment or diagnosis. Call your doctor to receive medical advice. If you think you may have a medical emergency, please dial your local emergency response phone number", "details": "Skill Details\nThis skill contains dynamic content.\nInvocation Name: guided sleep meditation", "privacy_policy_href": ""}, "Healing Sounds by Healing FM": {"review-count": "3,427", "description": "Description\nExperience total relaxation with Healing Sounds by Healing FM, a top-rated Alexa Developer. Perfect to help you study, relax or sleep.\n\nHOW TO START\nJust say: \"Alexa, open Healing Sounds\"\n\nSOUND LIBRARY\nTo play from the Healing Sounds library. Say \"Alexa, open Healing Sounds and play\u2026\"\n+ Forest\n+ Thunderstorm\n+ Rain\n+ Meditation\n+ Beach\n\nLOOPING\nTo enable looping, open the Skill, and while the sound is playing, say: \"Alexa... Loop On\". This will repeat the 1 hour sound, after a small pause, until you ask Alexa to Stop, or you say \"Alexa\u2026 Loop Off\". The Pro version has 'Super Long Looping' which contains a gapless, uninterrupted 10 hour audio stream with no breaks.\n\nTRY HEALING SOUNDS FOR\n+ Good night's sleep\n+ Peaceful environment\n+ Improving your mood\n+ Focus on study\n+ Meditation\n\nPRO MEMBER FEATURES\n+ Superior Audio Quality\n+ 10 Hr Gapless Super Long Looping.\n\nREVIEWS & FEEDBACK\nWe\u2019d love your feedback and would appreciate if you could leave us a review for this skill. If you have any questions or need support, please contact: team@healing.fm\n\nALL OUR SOUNDS\nSearch for these skills by Healing FM in the Skill Store:\n\nThunder Sounds\nBeach Sounds\nHealing Sounds\nRain Storm\nZen Sounds\nLullaby Sounds\nJapanese Garden Sounds\nRelaxing Morning Sounds\nCreek Sounds\nBest Forest Sounds\nBest Fan Sounds\nOffice Sounds\nNight Night\nFish Tank\nSleep Light\nLog Fire\n\nHEALING FM STUDIOS\nFrom our studios next to the beautiful Pacific Ocean, we create and broadcast high quality relaxation experiences. Every month, more than 1 million people around the world use Healing FM sounds to find a moment of relaxation or prepare for a peaceful night's sleep. We hope you enjoy our sounds!\n\n---\n\nHealing.FM\u00ae is a Registered Trademark in the US and other countries.", "details": "Skill Details\nRated: Guidance Suggested.\nThis skill contains dynamic content.\nInvocation Name: healing sounds\nDeveloper Privacy Policy\nDeveloper Terms of Use", "privacy_policy_href": "https://www.healing.fm/privacy/english"}, "Headspace Snooze": {"review-count": "3", "description": "Description\nAs well as guided meditations, Headspace offers sleep sounds designed to create the ideal conditions for healthy, restful sleep. This sleep sound uses chord progression to block out ambient noises and create a soothing atmosphere. In other words, the ideal conditions for healthy, restful sleep.\n\nHOW DOES IT WORK?\nAsk Alexa for 'Headspace Snooze' and the sleepcast will play.\nYou can say\u2026\n\n- Alexa, open Headspace Snooze\n- Alexa, play Headspace Snooze\n\n* Headspace is not intended to diagnose, treat, cure, or prevent any disease or medical condition.\nMost people find that the effects of meditation are more apparent with consistent practice. The Headspace Alexa skill makes it easier to fit meditation into your day and feel the benefits of a happier, healthier mind.\n\nWHAT IS HEADSPACE?\nHeadspace is an app that will teach you how to meditate. It also has tools designed for sleep. For access to all of our guided meditations and animations, download the Headspace app or visit Headspace.com. Start meditating and living mindfully with hundreds of themed sessions on everything from stress to sleep, bite-sized meditations for busy schedules, and SOS exercises for meltdown moments.", "details": "Skill Details\nThis skill contains dynamic content.\nInvocation Name: headspace snooze\nDeveloper Privacy Policy\nDeveloper Terms of Use", "privacy_policy_href": "https://www.headspace.com/privacy-policy"}, "Halloween Sounds": {"review-count": "0", "description": "Description\nHalloween Sounds plays scary, creepy, and fun sounds for your trick or treat night or Halloween party. Get in the Halloween spirit with this entertaining skill.", "details": "Skill Details\nThis skill contains dynamic content.\nInvocation Name: halloween sounds", "privacy_policy_href": ""}, "7-Minute Workout": {"review-count": "4,423", "description": "Description\nWelcome to the new 7-Minute Workout. This revolutionary workout experience has been built from the ground up to offer more variety, more control, and over 45 new exercises to better help you achieve your fitness goals.\n\nYou can now tailor your experience with a number of new features, including:\n\u2022 Choose between three different workout styles - low-impact, standard, and advanced\n\u2022 Randomize the order of your exercises to keep your mind and body on their toes\n\u2022 Amp up your motivation and energy with two optional music choices that play during your workouts\n\nUnlock even more by joining the Seven Squad:\n\u2022 Access to over 25 additional exercises across different workouts\n\u2022 Target specific muscle groups with core, upper, lower, and full body workouts\n\u2022 Detailed reporting and weekly/monthly performance summaries\n\nThe 7-Minute Workout is a scientifically proven set of exercises designed to increase metabolism, improve energy, lower stress, and best of all, remove fat! This small daily commitment can have enormous benefits, so we encourage you to begin your journey with us today.\n\nTo get started, you simply say 'Start 7-Minute Workout,' and you will be guided through a full body workout routine suited to your goals. Remember to take breaks as you need them, and let Alexa know when you are ready to begin the next exercise.\n\n\n- Note from the Developer -\nThank you so much for taking a look at this skill and taking the steps towards a healthier you. We'd love to hear from you, and we will do our best to make the 7-Minute Workout the perfect workout companion for your busy life! Since launching this skill in 2015, we've received hundreds of responses with feedback and stories on how the 7-Minute Workout has changed your lives, so we thank you again, and encourage you to continue sharing your experiences!\n\nYou can contact me directly via email (justin@pargee.com) or Twitter (@pargee_justin) with any questions, comments, or concerns.\n\nMade with \u2764\ufe0f at Pargee", "details": "Skill Details\nRated: Guidance Suggested.\nThis skill contains dynamic content.\nInvocation Name: seven minute workout\nDeveloper Privacy Policy\nDeveloper Terms of Use", "privacy_policy_href": "http://www.pargee.com/alexa-policy.html"}, "Todoist": {"review-count": "154", "description": "Description\nThe Todoist skill lets you manage your Todoist task list with your voice. Simply Ask Alexa to add new tasks or to read out your tasks. All you need is a Todoist account. Sign up for free at todoist.com.\n\n\u2022 All the tasks in your Todoist \u201cAlexa To-do List\u201d project will automatically be added to your Alexa To-do List and vice versa\n\u2022 All the tasks in your Todoist \u201cAlexa Shopping List\u201d project will automatically be added to your Alexa Shopping List and vice versa\n\u2022 Any tasks you edit, complete or delete in Todoist will be automatically updated on your Alexa to-do list and vice versa\n\u2022 All the tasks with the Todoist \u201cAlexa\u201d label will automatically be added to your Alexa To-do List (Premium feature)", "details": "Skill Details\nRated: Guidance Suggested.\nThis skill contains dynamic content.\nDeveloper Privacy Policy", "privacy_policy_href": "https://todoist.com/privacy"}, "Bugle Call Alarm": {"review-count": "248", "description": "Description\nKick-start your day with this super loud Bugle Call. This is an alarm of a bugle call, that plays for 1 minute, and is designed to wake you up fast.\n\nDAILY ALARM ROUTINE\nTo add this loud alarm to a daily timer, follow these steps:\n1 - Open your Alexa App.\n2 - Select Routines.\n3 - Select Schedule, add a time (say 7 AM).\n4 - Choose Skills / Your Skills.\n5 - Choose 'Bugle Call Alarm'. Done.\n\nNO TALKING\nA lot of people are using this for their daily morning alarm. So we never put any talking at the beginning, but we may sometimes ask to leave a review after the alarm finishes. (Your review is super important for us as a developer to keep delivering the best possible to you)\n\nREVIEWS\niHearFun wants you to have fun, with our mega fun & useful skills! But we really need your support, so if you have a few minutes please open your Alexa App, search for this skill, and leave a rating for this skill. 100 x thank you!\n\nCREDITS\nThis sound is Public Domain from Wikipedia. 'Reveille', performed by Sergeant Codie Lynn Williams of Dallas (ceremonial bugler for Marine Barracks Washington).", "details": "Skill Details\nThis skill contains dynamic content.\nInvocation Name: bugle call\nDeveloper Privacy Policy\nDeveloper Terms of Use", "privacy_policy_href": "https://ihearfun.com/privacy"}, "Cooking Tips Skill": {"review-count": "7", "description": "Description\nA simple skill that gives you some well known , very effective that definitely would help you with the day to day cooking affairs", "details": "Skill Details\nThis skill contains dynamic content.\nInvocation Name: cooking tips", "privacy_policy_href": ""}, "Start Farting": {"review-count": "185", "description": "Description\nSay 'Alexa, start farting' to let her rip. We've recorded the juiciest fart you have ever heard.\n\n\nPlease leave us a review with any new fart sound you would like to see. We will pick the most creative one and try to create it!", "details": "Skill Details\nThis skill contains dynamic content.\nInvocation Name: fart ing", "privacy_policy_href": ""}, "Virgin Pulse": {"review-count": "31", "description": "Description\nKeep up with your tracking goals by checking Virgin Pulse with Alexa. Stay in touch with your progress and get motivated as you go about your day.\n\nCheck in on your daily Virgin Pulse progress with Alexa. Ask Alexa how you are doing today to get a quick status of your daily step count and how many steps to achieve your average. Track your sleep by telling Alexa how many hours you slept the previous night in the morning. Packed your lunch today? Tell Alexa you saved money by bringing your lunch. Drinking water is a great behavior! Each morning, tell Alexa that you drank water this morning. When you walk up the stairs, tell Alexa that you took the stairs and get counted for that tracker.\n\nNote: Alexa and Amazon, Inc. do not store or retain your Virgin Pulse data. You will need a Virgin Pulse account to link the skill.", "details": "Skill Details\nRated: Guidance Suggested.\nThis skill contains dynamic content.\nInvocation Name: virgin pulse\nDeveloper Privacy Policy\nDeveloper Terms of Use", "privacy_policy_href": "https://www.virginpulse.com/privacy-policy/"}, "Comfort Sounds: Celtic Music": {"review-count": "0", "description": "Description\nRel\u00e1jese, descomprima y rejuvenezca con los sonidos reconfortantes de la M\u00fasica Celta. Esta estimulante lista de reproducci\u00f3n ilumina cualquier ma\u00f1ana, aumenta los niveles generales de felicidad y crea un ambiente tranquilo antes de acostarse. Util\u00edcelo para relajarse de un largo d\u00eda en el trabajo o en la escuela, para animar las tareas diarias como limpiar o preparar la cena, y para crear un ambiente relajante y tranquilo para la familia y los amigos.\n\nM\u00fasica Celta es un stream de alta calidad de m\u00e1s de una hora de m\u00fasica que se reproduce continuamente a trav\u00e9s de un bucle sin fin. Para terminar la Skill, simplemente di \"Alexa, para\".\n\nSi te gusta la M\u00fasica Celta, por favor deja un comentario de 5 estrellas! Las cr\u00edticas positivas nos animan a a\u00f1adir m\u00e1s canciones y a proporcionar nuevas y emocionantes actualizaciones! Feliz escucha!\n\nPara preguntas o inquietudes, por favor env\u00ede un correo electr\u00f3nico: Seaside.VoiceApps@gmail.com\n\nCr\u00e9ditos musicales:\n\"Copa de t\u00e9\" y \"Sl\u00e1inte\" de Sl\u00e1inte (CC BY-SA 3.0 US)", "details": "Skill Details\nThis skill contains dynamic content.\nInvocation Name: m\u00fasica celta", "privacy_policy_href": ""}, "Talli Baby": {"review-count": "4", "description": "Description\nTrack feedings, sleep, diapers, and more. Our clean and simple voice interface makes it easy to log events when your phone is not accessible. Real-time sync across devices and users means mom, dad, grandma, etc. see the same data from any device.\n\nWith our companion skill, you can start and stop timers for breastfeeding (nursing), pumping, and sleep. You can also log bottle feedings, solid food feedings, and wet and dirty diapers. You can review the event in the mobile application to add additional details at any time.\n\nWe are working hard to continuously improve our skill and application and we have many more features coming up soon! We\u2019re committed to providing you a range of options for easy logging that fits into your life.\n\nKeep calm and care on!\nThe Talli Baby team\n\nsupport@talli.me\nhttps://talli.me", "details": "Skill Details\nRated: Guidance Suggested.\nThis skill contains dynamic content.\nInvocation Name: talli baby\nDeveloper Privacy Policy", "privacy_policy_href": "https://talli.me/privacy-policy"}}