{"Morning Bible Inspiration": {"review-count": "307", "description": "Description\nMorning Bible Inspiration is a skill to help you start your day with an inspiring Bible quote.\nYou can say:\n\n\"Alexa, open Morning Bible Inspiration\"\n\"Alexa, start Morning Bible Inspiration\"\n\"Alexa, launch Morning Bible Inspiration\"\n\nPlease leave a 5-star review if you love this skill, or send us an email with your suggestions at celie.johnson23@gmail.com Your 5-star reviews encourage us to keep making more great skills, thanks!", "details": "Skill Details\nRated: Guidance Suggested.\nThis skill contains dynamic content.\nInvocation Name: morning bible inspiration\nDeveloper Privacy Policy", "privacy_policy_href": "https://getstoryline.com/public/privacy.html"}, "Jesse Inisan Astrology": {"review-count": "0", "description": "Description\nI am presenting an array of astrological content ranging from current astrological influences to birth chart astrology.", "details": "Skill Details\nFlash Briefing Skill\nThis skill contains dynamic content.", "privacy_policy_href": ""}, "Prayer Buddy": {"review-count": "23", "description": "Description\nThis skill will pray a a set of mysteries of the Rosary or the Chaplet of Divine Mercy.\nIf opened with no arguments, it will prompt the user for which prayer to recite.\nIf the rosary is chosen, it will prompt for the day of the week, and pray the mysteries corresponding to that day. It will also respond to specific requests for the Joyful, Sorrowful, Glorious, or Luminous Mysteries.\n\nThis skill only runs on devices with the Audio Player.", "details": "Skill Details\nThis skill contains dynamic content.\nInvocation Name: prayer buddy", "privacy_policy_href": ""}, "Relaxation Sounds: Music Box Sounds": {"review-count": "10", "description": "Description\nMusic Box Sounds is a relaxation sounds skills to help you sleep, relax, meditate, relieve stress, or block out unwanted noises.\n\nIt is the best relaxing sounds for sleep. This calming and meditation sleep sounds can be used as background sounds, meditation music, relaxation sounds, relaxation music, peaceful music and as a sleep sounds.", "details": "Skill Details\nThis skill contains dynamic content.\nInvocation Name: music box sounds", "privacy_policy_href": ""}, "OU Insult Clock": {"review-count": "21", "description": "Description\nSay - \"Alexa, what time is it?\"", "details": "Skill Details\nRated: Mature.\nThis skill contains dynamic content.\nInvocation Name: what time is it\nDeveloper Privacy Policy", "privacy_policy_href": "https://www.jonesskills.com/#privacy-policy"}, "Shower Buddy": {"review-count": "2", "description": "Description\nShower Buddy is here to help you conserve water and do your part to save our planet. Do you know how much water you use in the shower? Probably not, it's hard to keep track of! Let Shower Buddy do it for you and when you finish your shower you'll see how much water you used. It will also translate to more relatable, fun quantities such as cans of soda or pots of coffee. This can help us be more conscious about how much water we actually use and promote cutting back in even the smallest ways like shorter showers.", "details": "Skill Details\nThis skill contains dynamic content.\nInvocation Name: shower buddy", "privacy_policy_href": ""}, "Copy Board by Walt": {"review-count": "0", "description": "Description\nAfter asking this skill to remember a phrase (number, name, short sentence, etc.), just say \"repeat\" or \"what was that?\" to have Alexa repeat your phrase to you.", "details": "Skill Details\nThis skill contains dynamic content.\nInvocation Name: copy board", "privacy_policy_href": ""}, "Al-Azan": {"review-count": "2", "description": "Description\nThis skill plays the Azan with a simple voice command. Simply say \"Alexa, start Al-Azan.\" or you can make a routine to play the Azan at a specific time or at sunset.\n\nDon't forget to enable our skill for the Fajr Azan!\nhttps://www.amazon.com/AyeZye-Fajr-Azan/dp/B08G523182/", "details": "Skill Details\nThis skill contains dynamic content.\nInvocation Name: al azan", "privacy_policy_href": ""}, "Workout Planner": {"review-count": "3", "description": "Description\nAlexa can help you maximize your workouts by laying out a play before you head to the gym. To get started, just say \"Start Workout\" and Alexa will walk you through detailed questions on what exercises you plan to do. A complete list of exercises can be found by saying \"list all exercises\" or be more specific with something like \"what exercises can I do for my arms\". If you're not familiar with a given exercise, just say something like \"Explain bench press\".\n\nAs you build your workout, each exercise will show up in as a \"list\" similar to a shopping list in the Alexa Companion App. You can bring this with you to the gym, and check off each exercise while you're doing it.\n\nExercises Supported:\n- Sit-ups, Push-ups, Twist Abs, Incline Sit-ups, Barbell Deadlift, Barbell Squat\n- Bench Press, Dumbbell Press, Shoulder Press, Preacher Curl, Dumbbell Hammer Curl, Cable Pushdown\n- Lat Pull-downs, Seated Row\n- Calf Raise, Leg Extension, Leg Curl", "details": "Skill Details\nRated: Guidance Suggested.\nThis skill contains dynamic content.\nInvocation Name: workout planner\nDeveloper Privacy Policy", "privacy_policy_href": "https://s3.amazonaws.com/workoutplannerskill/privacy.html"}, "Food Network Daily Bite": {"review-count": "23", "description": "Description\nFrom the most trusted source for all your food needs, Food Network is delivering bite-sized recipe tips and inspiration in your daily Amazon Flash briefing. Start your day with a healthy serving of recipe videos, food hacks, and seasonal favorites.\n\nAdd Food Network to your Flash briefing through the Settings in the Alexa app.", "details": "Skill Details\nFlash Briefing Skill\nRated: Guidance Suggested.\nThis skill contains dynamic content.\nDeveloper Privacy Policy\nDeveloper Terms of Use", "privacy_policy_href": "http://www.scrippsnetworksinteractive.com/privacy-policy/"}, "Happy Birthday Song": {"review-count": "7", "description": "Description\nHappy Birthday Song is a skill that plays you birthday songs for yourself, friends or family members.\n\nYou can play this skill for your friends, family, or anyone during their birthdays.\n\nHappy Birthday everyone!!!\n\nNOTE;\nBy default, the song will loop until you stop it. To pause or stop the skill, say \"Alexa, stop.\u201d To resume it again, say \"Alexa, resume.\"", "details": "Skill Details\nRated: Guidance Suggested.\nThis skill contains dynamic content.\nInvocation Name: happy birthday song", "privacy_policy_href": ""}, "Hair product recommendation": {"review-count": "1", "description": "Description\nProvides Recommendation of Products based on your hair type", "details": "Skill Details\nRated: Guidance Suggested.\nThis skill contains dynamic content.\nInvocation Name: how is my hair\nDeveloper Privacy Policy", "privacy_policy_href": "https://www.randco.com/privacy-policy"}, "Rover.com Dog Name Generator": {"review-count": "1,119", "description": "Description\nGet a great name for your dog from Rover.com. We\u2019ll reference Rover.com\u2019s database of the most popular dog names in the country and generate the best name for your best\nfriend.\n\nTry it once, twice, or generate a new name for every dog you know. It\u2019s a fun way to find names for your puppy, a friend\u2019s pet, or any new member of the family who\u2019s in need of a name that\u2019s as awesome as they are.", "details": "Skill Details\nThis skill contains dynamic content.\nInvocation Name: rover", "privacy_policy_href": ""}, "CeraVe": {"review-count": "4", "description": "Description\nCeraVe is committed to providing therapeutic skincare solutions for all. That\u2019s why we designed this skill to support skincare through a variety of features including:\n\u25cf Product information\n\u25cf Exclusive offers\n\u25cf Special messages from Tom Allison, Megan Manco, and the CeraVe Family\n\nCeraVe skill recommendations are meant for informational purposes only and are NOT intended to diagnose, treat or replace the advice or services of your doctor or medical professional. Always seek the advice of your physician or other qualified health provider with any questions you may have regarding a medical condition.", "details": "Skill Details\nRated: Guidance Suggested.\nThis skill contains dynamic content.\nInvocation Name: cera ve\nDeveloper Privacy Policy\nDeveloper Terms of Use", "privacy_policy_href": "https://www.cerave.com/privacy-policy"}, "Light of the World Church": {"review-count": "0", "description": "Description\nGet information about Light of the World Church in Daleville, AL.\ni.e. Service Times, Location, Phone Number and more.\n\nThis Alexa Skill was built compliments of InfoByVoice.com\n\nContact us at Skills@InfoByVoice.com and we can build an Alexa Skill for your church, business or personal needs.\n\n\nThis skill was built with love by VoiceApps.com. Visit us to create your own skill in minutes!", "details": "Skill Details\nThis skill contains dynamic content.\nInvocation Name: light of the world church", "privacy_policy_href": ""}, "The Winner's Minute Daily Christian Affirmations": {"review-count": "6", "description": "Description\n\"The Winner\u2019s Minute\" by Mac Hammond is now available as a Flash Briefing using your Alexa App. Mac Hammond is senior pastor of Living Word Christian Center, a large and growing church in Brooklyn Park (a suburb of Minneapolis), Minnesota. He is the host of the Winner\u2019s Minute and the Winner\u2019s Way broadcast and author of several internationally distributed books. Mac is broadly acclaimed for his ability to apply the principles of the Bible to practical situations and the challenges of daily living.", "details": "Skill Details\nFlash Briefing Skill\nThis skill contains dynamic content.\nDeveloper Privacy Policy\nDeveloper Terms of Use", "privacy_policy_href": "https://winnersminute.com/#front-page-4"}, "Cat versus dog": {"review-count": "3", "description": "Description\nThis skill allows you to listen to a series of cat meows and dog barks.\n4 modes are available:\n- normal mode\n- small mode with the meowing of kittens and the barking of puppies\n- angry mode with cat screeching and dogs grunting\n- XXL mode with meows and barks which are quickly replaced by XXL roars and groans from felines, canines and ursids.", "details": "Skill Details\nThis skill contains dynamic content.\nInvocation Name: cat versus dog", "privacy_policy_href": ""}, "voice assistant modular adapter": {"review-count": "0", "description": "Description\ntell Alexa to update appliances through heroku web server", "details": "Skill Details\nThis skill contains dynamic content.\nInvocation Name: appliance controller\nDeveloper Privacy Policy\nDeveloper Terms of Use", "privacy_policy_href": "https://drive.google.com/file/d/1ZOnyzfxh6zTBqK_gFy-hw-IXr-vBbfvX/view"}, "The Motivational Moment": {"review-count": "1", "description": "Description\nListen to a quick dose of love, laughter, and thought-provoking upliftment in this daily motivational moment!\n\nBased on the writings of Jennifer Bridgeforth - a serial entrepreneur, coach, and highly sought after motivational speaker. She\u2019s the founder and president of JBE/The Phoenix Group - a leadership and empowerment consultancy that works with individuals and businesses on discovering and building their personal voice.\n\nJennifer is the creator of the \u201cAsk Jennifer B\u201d series, which focuses on audience-based questions and advice to help everyday people make extraordinary changes to their personal lives. She also is the host of the new \"The Motivational Moment\" podcast.\n\nIn 2013, She wrote her first book titled \u201cWisdom In Pieces\u201d that included over 135 affirmations and inspirational stories that could be read in 2 minutes or less. The second edition was released in September of 2017 and immediately became an Amazon Best Seller.\n\nJennifer is a relatable, honest expert on human behavior, wellness, and inspiration. She is also a domestic violence and breast cancer survivor who uses her own personal story of facing obstacles as inspiration to living beyond your challenges.", "details": "Skill Details\nFlash Briefing Skill\nThis skill contains dynamic content.\nDeveloper Privacy Policy\nDeveloper Terms of Use", "privacy_policy_href": "http://www.jenniferbridgeforth.com/terms-policies"}, "In Touch Daily Devotion": {"review-count": "137", "description": "Description\nTo play today's Daily Devotion, simply say, \"Alexa, play daily devotion.\" Alexa will play today's daily devotion. You can instruct Alexa to play, pause, stop, and start over the devotion.", "details": "Skill Details\nThis skill contains dynamic content.\nInvocation Name: daily devotion\nDeveloper Privacy Policy\nDeveloper Terms of Use", "privacy_policy_href": "https://www.intouch.org/privacy-policy"}, "Cooking Competition": {"review-count": "1", "description": "Description\nTest your culinary skills by preparing a three-course meal using ingredients provided by Alexa.\n\nDisclaimer: This Alexa skill is fan-created and not affiliated with Chopped or Food Network.", "details": "Skill Details\nThis skill contains dynamic content.\nInvocation Name: cooking competition", "privacy_policy_href": ""}, "Pneumococcal Disease Info": {"review-count": "0", "description": "Description\nThe Pneumococcal Disease Info skill has been created as an educational resource to learn about pneumococcal disease. When an Alexa device is available, Alexa can be asked to give a brief explanation of pneumococcal disease and its risk for those ages 65 years and older and for adults with certain chronic conditions like diabetes, heart disease, or COPD (Chronic Obstructive Pulmonary Disease).\n\nMerck Sharp & Dohme Corp., a subsidiary of Merck & Co., Inc., is offering you this educational resource. The information is intended for health education in the United States. It is a clinical skill not intended for children.", "details": "Skill Details\nRated: Guidance Suggested.\nThis skill contains dynamic content.\nInvocation Name: p. d. info\nDeveloper Privacy Policy\nDeveloper Terms of Use", "privacy_policy_href": "https://www.merck.com/company-overview/policies-and-positions/"}, "Rainfall Screensaver for Echo Show": {"review-count": "1", "description": "Description\nRainfall Screensaver on your Echo Show or Echo Spot device (required a screen). Rainfall Screensaver skill gives a breathtaking audiovisual experience of rainfall with sounds on your Echo Show or Echo Spot.", "details": "Skill Details\nThis skill contains dynamic content.\nInvocation Name: rain screensaver", "privacy_policy_href": ""}, "Period Tracker": {"review-count": "26", "description": "Description\nPeriod Tracker will help you keep track of your menstrual cycle's phases for a better family planning.\nIt is loosely based on the Standard Days Method by Georgetown University, and may only be used by women whose cycles are usually between 26 and 32 days in length.\n\nYou should start by indicating the date of your last period (Day 1 of your menstrual cycle), and remember to continue to do so each period, for the calculations to work.\nThe skill will average your cycles duration and estimate phases accordingly.\n\nExample uses:\n\n- Alexa, launch Period Tracker\n- I got my period today\n- when is my fertile window?\n\n- Alexa, ask Period Tracker when do i get my period?\n\nMaybe you forget to keep your data up-to-date, so it's likely the averages and calculations are not perfect, so you can clean up everything and start over:\n\n- Alexa, open Period Tracker\n- reset my database\n- i got my period on March 17th", "details": "Skill Details\nThis skill contains dynamic content.\nInvocation Name: period tracker", "privacy_policy_href": ""}, "Mount Pleasant Church of Christ": {"review-count": "0", "description": "Description\nGet information about Mount Pleasant Church of Christ in Mount Pleasant, SC.\ni.e. Service Times, Location, Phone Number and more.\n\nThis Alexa Skill was built compliments of InfoByVoice.com\n\nContact us at Skills@InfoByVoice.com and we can build an Alexa Skill for your church, business or personal needs.\n\n\nThis skill was built with love by VoiceApps.com. Visit us to create your own skill in minutes!", "details": "Skill Details\nThis skill contains dynamic content.\nInvocation Name: mount pleasant church of christ", "privacy_policy_href": ""}, "Mobile Link": {"review-count": "15", "description": "Description\nMobile Link, the affordable remote monitoring system, gives customers peace of mind by letting them check the status of their automatic home standby generator anywhere, and at any time. The app is now easier than ever to use, providing generator data, optimized for your device.\n\nWhen configured with your generator, you can:\n\u2022 View current status and upcoming maintenance needs.\n\u2022 Remotely set the generator\u2019s exercise schedule.\n\u2022 Review the generator\u2019s run and maintenance history.\n\u2022 Receive push notifications that indicate changes in status.\n\nMobile Link service and the Mobile Link app work with select automatic home standby generators from Generac, Centurion, Honeywell, Eaton, and Siemens.", "details": "Skill Details\nRated: Guidance Suggested.\nThis skill contains dynamic content.\nInvocation Name: mobile link\nDeveloper Privacy Policy\nDeveloper Terms of Use", "privacy_policy_href": "https://www.generac.com/privacy-policy"}, "Mindfulness Sounds": {"review-count": "11", "description": "Description\nMindfulness Sounds is the perfect way to relax, unwind, meditate, do yoga, clear your head... and be mindful. Use this all original soundscape to find your center and realign your chakras. Namaste.\n\nTo enable the Mindfulness Sounds skill... search for \"Mindfulness Sounds\" in your Alexa app or on Amazon.com and look for \"Mindfulness Sounds\" by www.drBlankenstein.com. Next, click the blue enable button on the Mindfulness Sounds information page.\n\nTo open the skill simply say \"Alexa, play Mindfulness Sounds\".\n\nMindfulness Sounds will loop automatically and continue playing until you say \"Alexa, Stop\". You can pause the sound at any time by saying \"Alexa, pause\", as well as you can say \"Alexa, resume\" to continue listening.\n\nThanks for using this skill, if you enjoyed it... please remember to thank the developer by leaving it a 5 star review. Have a relaxed day and restful evening.", "details": "Skill Details\nThis skill contains dynamic content.\nInvocation Name: mindfulness sounds\nDeveloper Privacy Policy\nDeveloper Terms of Use", "privacy_policy_href": "https://creator.voiceflow.com/creator/terms?name=Drew%20Blanke&skill=Mindfulness%20Sounds&children=false"}, "Morning Devotion": {"review-count": "75", "description": "Description\nBased on the \"In The Morning\" daily devotion for individuals and families found on page 137 of The Episcopal Church's Book of Common Prayer. Created by John Clinton Bradley.", "details": "Skill Details\nThis skill contains dynamic content.\nInvocation Name: morning devotion\nDeveloper Privacy Policy\nDeveloper Terms of Use", "privacy_policy_href": "https://creator.voiceflow.com/creator/privacy_policy?name=John%20Clinton%20Bradley&skill=My%20First%20Project"}, "Christian Meditation (Affirmations) - Human Voice": {"review-count": "6", "description": "Description\nHuman Voice Edition! By popular demand, we have released a human voice version of our Who I Am In Christ (Biblical Affirmations) Alexa skill.\n\nEnable this skill to hear what the Bible says about Christians. Ask Alexa, open voice voice bible affirmations and \"who am I\", \"tell me truth\", \"what does the bible say\", or \"what does Jesus say\".\n\nThis Christian Mediation (Who I Am) skill is short and simple on purpose. When you open it, one affirmation from scripture will be spoken several times. This is intended to offer quick reminders as you scurry about your day and home.\n\nIn our modern world, everyone and everything tries to define you and tell you what and who you are or are not. This simple skill helps Christians focus on what the Bible and Jesus Christ say about who they are as they seek to love, worship, and obey Jesus.\n\nImportant: We are considering offering this as a paid skill for $1.99/mo. This would allow us to invest more time in growing the the skills and library. However, we wanted to offer this for free to start. If you would be will to pay for this, let us know at https://christianmeditation.co/contact.\n\nAlso, check out the version 1 release of our Christian Meditation Alexa skill here: https://www.amazon.com/dp/B076DM2F5G. This is a longer-form meditation skill that reads a selection of scripture and offers a few prompts for how to process, apply, and enjoy it.\n\nWe would love to hear from or pray for you! If you have ideas, feedback, questions, or prayer requests, please let us know at https://christianmeditation.co/contact .\n\nPublished by Christian Meditation Media - https://christianmeditation.co", "details": "Skill Details\nThis skill contains dynamic content.\nInvocation Name: voice bible affirmations", "privacy_policy_href": ""}, "Simple Calorie Counter": {"review-count": "7", "description": "Description\nWith Simple Calorie Counter you can keep track of how many calories you are consuming each day. Every day it will automatically reset back to zero\n\nFeatures to come(in no specific order):\nsetting calorie target\nsetting weekly calorie target\nchecking weekly calories\nmodifying past days calories", "details": "Skill Details\nThis skill contains dynamic content.\nInvocation Name: calorie counter", "privacy_policy_href": ""}, "Event Hub": {"review-count": "2", "description": "Description\nEventHub uses Ticketmaster's vast database to scour the web for the best events near you. EventHub can help you find music concerts of your favorite band, sporting events for your favorite team, or just events near your city. By listing out the 4 most recent events near you, you can further your search to include more specific artists or genres, like asking it for \"rock music,\" \"Seahawks football,\" or \"Bruno Mars\" events. Ask EventHub whats happening near you, so you never miss out.", "details": "Skill Details\nThis skill contains dynamic content.\nInvocation Name: event hub", "privacy_policy_href": ""}, "What's New on Netflix Unofficial": {"review-count": "4", "description": "Description\nDaily updates of what\u2019s new on Netflix Unofficial including the new releases, weekly highlights and a complete list of new movies and TV series now on Netflix.\n\nCheck also:\n- What's new on Hulu Unofficial\n- What\u2019s new on Amazon Prime Video (Unofficial)\n- What\u2019s new on HBO Unofficial\n- What\u2019s new on Disney plus Unofficial\nWith love from Argentina!\n\nThis Skill was not created or endorsed by Netflix.", "details": "Skill Details\nRated: Guidance Suggested.\nThis skill contains dynamic content.\nInvocation Name: what's new on netflix unofficial\nDeveloper Privacy Policy", "privacy_policy_href": "https://www.perfectindigo.com/privacy_policy.html"}, "Anna's Compliments": {"review-count": "0", "description": "Description\nAsk Alexa to compliment your favorite people (or even yourself!) and she will choose from a list of compliments personally chosen by Anna.\nThis skill was created using a Skill Blueprint. Your requests to this skill are not shared with the skill developer.", "details": "Skill Details\nThis skill contains dynamic content.\nInvocation Name: anna's compliments", "privacy_policy_href": ""}, "Leading The Way": {"review-count": "1", "description": "Description\nListen to audio broadcasts from Leading The Way with Dr. Michael Youssef.", "details": "Skill Details\nRated: Guidance Suggested.\nThis skill contains dynamic content.\nInvocation Name: leading the way\nDeveloper Privacy Policy\nDeveloper Terms of Use", "privacy_policy_href": "https://www.ltw.org/privacy-notice"}, "Baby Gender Reveal Ideas": {"review-count": "2", "description": "Description\nBaby Gender Reveal Ideas is a skill to help you get ideas and plan your gender reveal party.\n\nPlease leave a 5-star review if you love this skill, you can also pick up the Baby Gender Reveal Party Guide Kindle book here on Amazon to help with your planning. Your 5-star reviews encourage us to keep making more great skills, thanks!", "details": "Skill Details\nRated: Guidance Suggested.\nThis skill contains dynamic content.\nInvocation Name: baby gender reveal ideas\nDeveloper Privacy Policy", "privacy_policy_href": "https://getstoryline.com/public/privacy.html"}, "test application certification": {"review-count": "0", "description": "Description\nTry these lighthearted burns to add more fun to your day. When using the skill, you can say \"Alexa, next\" to move to the next burn. At any point, you can say \"Alexa, stop\" to exit the skill.\nThis skill was created using a Skill Blueprint. Your requests to this skill are not shared with the skill developer.", "details": "Skill Details\nRated: Mature.\nThis skill contains dynamic content.\nInvocation Name: test application one\nDeveloper Terms of Use", "privacy_policy_href": ""}, "Scream at Night": {"review-count": "2", "description": "Description\nPlay an interactive adventure-themed story with sound effects and prompts. Get ready for laughs and giggles as players fill in the blanks.\nThis skill was created using a Skill Blueprint. Your requests to this skill are not shared with the skill developer.", "details": "Skill Details\nThis skill contains dynamic content.\nInvocation Name: scream at night", "privacy_policy_href": ""}, "Mr. Steam": {"review-count": "7", "description": "Description\nYou\u2019re just a few words away from your luxuriating, healthful steam shower. When SteamLinx is installed, MrSteam residential steam shower systems are compatible with Alexa-enabled devices. Whether you\u2019re on the road home, relaxing in your living room or just waking up, your MrSteam SteamShower will be ready when you are. To use the skill, click enable above and sign in with your SteamLinx account to link to your MrSteam SteamShower System. You must have SteamLinx installed and connected to your steam generator and your home router. Note: Only one MrSteam system can be linked at a time. You will be prompted to select a MrSteam system if you have more than one associated with your SteamLinx account. If you have more than one, you will need to alternate between them by disabling the skill and re-enabling/linking it to one of the other spas. If the steps above did not work, verify that the correct account/skill/MrSteam system were used/selected. If they were, disable the skill and try linking it again.", "details": "Skill Details\nRated: Guidance Suggested.\nThis skill contains dynamic content.\nInvocation Name: mr steam\nDeveloper Privacy Policy\nDeveloper Terms of Use", "privacy_policy_href": "https://www.mrsteam.com/privacy-statement/"}, "Honey Do": {"review-count": "0", "description": "Description\n\"Honey do\" uses a unique approach to source thousands of trusted local contractors personally recommended by local Real Estate Agents.", "details": "Skill Details\nRated: Guidance Suggested.\nThis skill contains dynamic content.\nInvocation Name: honey do\nDeveloper Privacy Policy\nDeveloper Terms of Use", "privacy_policy_href": "https://neolocalagent.com/home/privacy"}, "Devotionals": {"review-count": "12", "description": "Description\nLife\u2019s hectic; pulling you in all sorts of directions. Devotionals Daily is here to bring joy and encouragement each day with handpicked devotions by some of the best Christian thought leaders. Audiobook excerpts from Sarah Young\u2019s Jesus Calling, Rick Warren\u2019s New York Times bestselling The Purpose Driven Life, and other bestsellers from Max Lucado, Lysa TerKeurst, Ann Voskamp, Shauna Niequest, Lee Strobel, Jefferson Bethke and many more! You\u2019ll hear a different devotion every day with excellent sound quality from professional audiobook recordings.\n\nFind the meaning in each day by starting with Devotionals Daily. Listen to an uplifting message, nourish your soul and be strengthened in your faith.\n\nFor more information and to receive the Devotionals Daily email version, visit DevotionalsDaily.com.", "details": "Skill Details\nFlash Briefing Skill\nThis skill contains dynamic content.\nDeveloper Privacy Policy\nDeveloper Terms of Use", "privacy_policy_href": "http://www.harpercollinschristian.com/privacy"}, "MyPetDoc": {"review-count": "127", "description": "Description\nGet answers to your pet health questions when you need them. MyPetDoc, the world's first veterinarian-driven AI, provides the answers you need. You'll have a straight-forward conversation with MyPetDoc first. Then, if you'd like more advice and guidance, you can speak with a US licensed veterinarian live. Veterinarians are available 24 hrs/day.\n\nMyPetDoc veterinarians answer questions about all species.\n\nTell MyPetDoc about your concern, for example:\n- My dog has diarrhea.\n- My cat is vomiting.\n- My dog is itchy and scratching.\n- My cat is urinating outside her litter box.\n- My dog's eye is red.\n\nMyPetDoc is always free to use. If you choose to speak with a veterinarian live there may be a fee.\n\nWe look forward to helping you and your pet.\n\nPlease note, our veterinarians can advise and better determine next steps for you, but they can\u2019t diagnose, treat, or prescribe if they haven\u2019t seen your pet.", "details": "Skill Details\nRated: Guidance Suggested.\nThis skill contains dynamic content.\nInvocation Name: my pet doc\nDeveloper Privacy Policy\nDeveloper Terms of Use", "privacy_policy_href": "https://www.ask.vet/privacy-policy"}, "Aromatherapy Blend Healthy Detoxification": {"review-count": "1", "description": "Description\nAromatherapy Blend Healthy Detoxification is a skill to help youmake a blend for healthy detoxification.\n\nYou can say:\n\n\"Alexa, open Aromatherapy Blend Healthy Detoxification\"\n\"Alexa, start Aromatherapy Blend Healthy Detoxification\"\n\"Alexa, start Aromatherapy Blend Healthy Detoxification\"\n\nPlease leave a 5-star review if you love this skill, and make sure to follow us on Instagram for more aromatherapy blends and tips @phyto_aroma. Your 5-star reviews encourage us to keep making more great skills, thanks!", "details": "Skill Details\nRated: Guidance Suggested.\nThis skill contains dynamic content.\nInvocation Name: aromatherapy blend healthy detoxification\nDeveloper Privacy Policy", "privacy_policy_href": "https://getstoryline.com/public/privacy.html"}, "Body Scan Meditation": {"review-count": "3", "description": "Description\nHaving trouble sleeping? Have aches and pains? Want to decrease stress.\n\nBody scan meditation has been shown to:\n*Decrease stress\n*Relieve tension\n*Reduce sleeplessness and insomnia\n*Reduce physical pain\n*Increase mind-body connection\n*Increase body awareness\n*Increased psychological well-being\n*Increase mindfulness\n*Increase psychological functioning\n*And more\n\nA body scan meditation is a practice that brings focused attention to each part of the body. You\u2019ll be able to experience your body, exactly how it is: without judgement or trying to change anything.\n\nYou\u2019ll be amazed to notice things that you were not aware of before: a clenched jaw, tensions in your shoulders and neck, or perhaps tightness in the chest. Becoming aware of the tension is the first step is releasing it.\n\nCan\u2019t sleep?\nIs your mind racing when you lay down to sleep? Becoming aware of your bodily sensations releases the chatter of the mind. This exercise can be done in bed, before trying to sleep. Watch your body tension melt like butter on a hot skillet when you become aware of the tension.\n\nAre you in physical pain?\nResistance towards pain actually increases the feeling of pain. Research shows that simply turning to the pain with acceptance, without trying to change the pain leads to relief of the pain itself.\n\nAre you stressed?\nBody scan meditation is shown to increase mindful awareness of bodily sensations and release tension when it is found. According to the Journal of Behavioral Medicine, participants in one study showed that time engaging in a body scan meditation showed an increase in mindfulness and well-being in 8 weeks. More specifically, it increased their ability to not react to stress.\n\nHow to do a body scan meditation\nAll you need is a quiet place to lay down, which could be your bed or the floor. This can also be done sitting.\n\nBody scan or 'sweeping the body', is performed by focusing on every part of the body, from the crown of the head down to the tip of the toe. Every body part has a moment to shine in the spotlight. During their solo, you\u2019ll explore the sensations that arise when you give attention to the specific body part: Is it cold? Is it tingling? Is it restless?\n\nWhen you notice the sensations, here is what you do: Nothing! No squirming. No itching. Your only job is to notice the sensation and meet it with kindness and without judgement. Just meet your sensations with open awareness and unabashed curiosity. If you have tightness in your shoulders, start to ask yourself 'why'. Maybe this happens when you think of a difficult person in your life, or maybe you have no idea why the tightness persists, and that\u2019s OK too.\n\nBring it into your day.\nThis is a practice to bring with you into your day. Use your new skills to notice your body when you\u2019re sitting in traffic, dealing with a difficult situation at work, or laying in bed with your mind racing.\n\nMindfulness is a tool that you sharpen when you sit or lay down to practice. This tool is your ally that should be brought with you in your everyday life. You\u2019ll be amazed by how aware you are of your body in difficult situations. You\u2019ll notice when tightness or tensions arise, and you\u2019ll be able to meet yourself with kindness to release the tension while bringing your awareness back to your breathe.\n\nNote: The information in this skill is provided for informational and educational purposes only.", "details": "Skill Details\nThis skill contains dynamic content.\nInvocation Name: body scan meditation", "privacy_policy_href": ""}, "Daily Health Tip": {"review-count": "0", "description": "Description\nThis is a daily health tip", "details": "Skill Details\nFlash Briefing Skill\nThis skill contains dynamic content.\nDeveloper Privacy Policy\nDeveloper Terms of Use", "privacy_policy_href": "https://www.websitepolicies.com/policies/view/4ChDw7Lw"}, "Bible verses": {"review-count": "9", "description": "Description\nPide vers\u00edculos de la Biblia y escucha mensajes de fe y esperanza.\n\nPara empezar, s\u00f3lo di \u00abAlexa, abre los vers\u00edculos de la Biblia\u00bb o \u00abAlexa, comienza los vers\u00edculos de la Biblia\u00bb para obtener un mensaje. En cualquier momento, puedes parar diciendo \u00abAlexa, detente\u00bb.", "details": "Skill Details\nThis skill contains dynamic content.\nInvocation Name: vers\u00edculos de la biblia", "privacy_policy_href": ""}, "Primary Songs": {"review-count": "18", "description": "Description\nThis skill will queue up a playlist of over 50 Christian songs. You can shuffle, skip, repeat, pause, and resume the playlist once it starts.", "details": "Skill Details\nThis skill contains dynamic content.\nInvocation Name: primary songs", "privacy_policy_href": ""}, "Relax My Pet": {"review-count": "54", "description": "Description\nListening to this music will help your pet feel more relaxed and calm, less anxious, sleep more and be generally happier. Playing this music is a great way to ensure that your best furry friend is feeling relaxed. If you are feeling a bit stressed out yourself, you will enjoy this soothing sounds yourself. It's very relaxing all around :)\n\nThe skill provides relaxing music for dogs and cats. Skill saves your music preference and defaults to the same music when you visit next time for quick access.\n\nBy default, the sound will loop automatically and play until you say \"Alexa, Stop\". To limit the time that the sound will play, just say \"Alexa, set a sleep timer for 3 hours\" or whatever time limit you would like.\n\nMore Info:\nRelaxing Sounds: are the best music for pets. Relaxing Sleeping Music for Dogs, Cats, and Other Pets. It helps - Calm Down Your Dog, Pet Relaxation, Stress Relief, Anxiety Medication, Sleep Aids, Music Therapy for Dogs, Happy Animal, New Age Music for Puppy & Kitty, Music for Cats to Calm Down, Relaxing Music for Your Pet, Calm Your Anxious Dog, Nature Sounds for Relaxation. Music for Helps when Grooming, Restlessness.", "details": "Skill Details\nThis skill contains dynamic content.\nInvocation Name: relax my pet", "privacy_policy_href": ""}, "wishywashy": {"review-count": "1", "description": "Description\nWash your hands and make it a little fun while you listen to Alexa entertain you. Make sure you scrub those germs by washing your hands long enough.", "details": "Skill Details\nThis skill contains dynamic content.\nInvocation Name: wishy washy hands", "privacy_policy_href": ""}, "YouVersion Rest": {"review-count": "86", "description": "Description\nRelax with YouVersion Rest: a new way to meditate on Scripture. Meditate or go to sleep while listening to a calming voice read the Bible to you. This new skill includes a male and a female voice, along with four soothing background sounds: rain, thunderstorm, ocean and soft piano. By default, YouVersion Rest will play for 30 minutes. If you want YouVersion Rest to keep playing, simply say \u201cloop\u201d while listening.\n\nIf you want to change the background, simply say \"Alexa, ask YouVersion Rest to change my background,\" at any time.\n\nTo change to a different voice, say \"Alexa, ask YouVersion Rest to change the voice.\"\n\n\nBrought to you by the creators of YouVersion Bible.", "details": "Skill Details\nRated: Guidance Suggested.\nThis skill contains dynamic content.\nInvocation Name: youversion rest\nDeveloper Privacy Policy\nDeveloper Terms of Use", "privacy_policy_href": "https://www.youversion.com/privacy"}, "Learn Java Program language": {"review-count": "0", "description": "Description\nJava allows you to play online games, chat with people around the world, calculate your mortgage interest, and view images in 3D, just to name a few.", "details": "Skill Details\nFlash Briefing Skill\nThis skill contains dynamic content.\nDeveloper Privacy Policy\nDeveloper Terms of Use", "privacy_policy_href": "https://skilexa.com/alexa/signin/privacy.php"}, "Call Reminders": {"review-count": "8", "description": "Description\nSet it and forget it Call Reminders from Alexa that get delivered on time, every time!\n\nGet scheduled (or delayed/timed) Call Reminders from Alexa (+1-206-316-8452). You'll always be reminded on-time & never miss a reminder again, especially when you're away from her!\n\nIn skill you can:\n\n* Set reminders to triggered at a specific time & date, or duration.\n* Add multiple phone numbers to your contacts and send them reminders too.\n* Cancel the last reminder you set.\n\nSkill has a free 7-day trial then requires a subscription to make Call Reminders.\n\nGreat alternative uses :)...\n\n- Set it and forget it, birthday reminder calls to your friends and family\n- Send an appropriately timed reminder to your loved one telling them just hwo much you love them\n- more!\n\nAlso checkout the \"Text Reminders\" Skill.\n\nStandard messaging and data rates may apply through your carrier.\n\nPWe encourage you to leave a review if you like this Skill and comment with your suggestions. Your reviews encourage us to improve this skill and to keep making more great skills!\n\nFor a full list of skills, search for \"CMM TECH\" in the Alexa smartphone app or Amazon.com.\n\nIcons from flaticon.com by Freepik.\n\n____________________________________________", "details": "Skill Details\nRated: Guidance Suggested.\nThis skill contains dynamic content.\nInvocation Name: call reminders\nDeveloper Privacy Policy", "privacy_policy_href": "http://bit.ly/cmm-tech-privacy-policy"}, "Spunkybug": {"review-count": "1", "description": "Description\nLink your Spunkybug account with Alexa to notify your neighbors when your spunky pet is outside. Also use Alexa to know when your neighbors' pets are out.", "details": "Skill Details\nRated: Guidance Suggested.\nThis skill contains dynamic content.\nInvocation Name: spunky bug\nDeveloper Privacy Policy", "privacy_policy_href": "https://spunkybug.com/Home/Privacy"}, "Feed my pet": {"review-count": "6", "description": "Description\nCon esta skill podr\u00e1s mantener registro de cuando le diste de comer por \u00faltima vez.\nPuedes llevar el registro de varias mascotas, desde las m\u00e1s comunes a las m\u00e1s ex\u00f3ticas.\n\nPor ejemplo, puedes decir:\n\n\u2022'Alexa, abre Alimenta a mi Mascota y dile que le puse comida al h\u00e1mster'\n\u2022'Apunta que le di de comer al gato'\n\u2022'Registra que le puse comida a los peces.'\n\u2022'Di de comer a mis ardillas'\n\nCuando vuelvas a abrir la skill te recordar\u00e1 cuando lo hiciste por \u00faltima vez.\n\nTambi\u00e9n, podr\u00e1s preguntarle:\n\n\u2022'\u00bfYa le di de comer al perro?'\n\u2022'Alexa, pregunta a Alimenta a mi Mascota si mi perro ya comi\u00f3 hoy'\n\nY si quieres dejar de seguir la alimentaci\u00f3n de una de tus mascotas solo tienes que decir:\n\u2022'Elimina de la lista al gato'\n\nCada vez que lo necesites puedes pedir Ayuda para escuchar las instrucciones y recibir una tarjeta con instrucciones.\n\nMuchas gracias por usar Alimenta a mi Mascota. Si te ha gustado d\u00e9janos tu puntuaci\u00f3n, es muy importante para nosotros.", "details": "Skill Details\nThis skill contains dynamic content.\nInvocation Name: alimenta a mi mascota\nDeveloper Privacy Policy (Spanish, ES)\nDeveloper Privacy Policy (Spanish, US)\nDeveloper Privacy Policy (Spanish, MX)", "privacy_policy_href": "http://mindgeist.com/PRIVACIDAD.html"}, "Romantic Love Messages": {"review-count": "0", "description": "Description\nSometimes it's hard to find just the right words to say to the one you love.\n\nRomantic Love messages is a lovely skills. It contains collection of Special Romantic Messages.\n\nYou can say:\n\n\"Alexa, open Romantic Love Messages\"\n\"Alexa, start Romantic Love Messages\"\n\"Alexa, launch Romantic Love Messages\"\n\nPlease leave a 5-star review if you love this skill, or send us an email with your suggestions at rinetoon80@yahoo.com. Your 5-star reviews encourage us to keep making more great skills, thanks!", "details": "Skill Details\nRated: Guidance Suggested.\nThis skill contains dynamic content.\nInvocation Name: romantic love messages\nDeveloper Privacy Policy", "privacy_policy_href": "https://getstoryline.com/public/privacy.html"}, "Healing Spa": {"review-count": "49", "description": "Description\nHealing Spa delivers music to help you relax, reflect, and rejuvenate. Body, mind, and spirit. Perfect musical background for massage, spa experiences, yoga, relaxation, or sleep.\n\nYou can say:\n\n\"Alexa, open Healing Spa\"\n\"Alexa, start Healing Spa\"\n\"Alexa, play Healing Spa\"\n\nIf you enjoyed Healing Spa, you may also like other skills we have developed. Be sure to try them all.\n\nHealing Ocean Spa\nMediterranean Sea Spa\nHealing Hands Spa\nHealing Spring Sounds\nPeaceful Healing Spa\nHealing Comfort Spa\nHealing Spa Dusk\n\n\nPlease consider leaving a 5-star review if you love this skill. Your 5-star reviews encourage us to keep making more great skills, thanks!", "details": "Skill Details\nThis skill contains dynamic content.\nInvocation Name: healing spa\nDeveloper Privacy Policy", "privacy_policy_href": "https://getstoryline.com/public/privacy.html"}, "Pentecostals of Alexandria, Alexandria, LA": {"review-count": "0", "description": "Description\nGet information about Pentecostals of Alexandria in Alexandria, LA.\ni.e. Service Times, Location, Phone Number and more.\n\nThis Alexa Skill was built compliments of InfoByVoice.com\n\nContact us at Skills@InfoByVoice.com and we can build an Alexa Skill for your church, business or personal needs.", "details": "Skill Details\nThis skill contains dynamic content.\nInvocation Name: pentecostals of alexandria", "privacy_policy_href": ""}, "MagnaWave News": {"review-count": "1", "description": "Description\nMagnaWave PEMF flash Briefings educate listeners with a quick daily tip about PEMF therapy and other healthy living information. If you are suffering from aches and pains, stress and depression or any of the wear and tear of modern life, PEMF is drug-free option that may help you. Learn more about the how\u2019s and why\u2019s of the newest healthy living technology and supplements. The information in this skill is provided for informational and educational purposes only.\n\nCurrently, MagnaWave products are not regulated under the FDA. They are to be used as massage like instruments, there is no medical benefit claim currently assigned to their use. In general, PEMF is designed to support overall health and well-being in humans and animals. This website and the information featured, showcased or otherwise appearing on it is not to be used as a substitute for medical advice, diagnosis or treatment of any health condition or problem.", "details": "Skill Details\nFlash Briefing Skill\nThis skill contains dynamic content.\nDeveloper Privacy Policy", "privacy_policy_href": "https://www.magnawavepemf.com/privacy-policy/"}, "Tabla Meditation": {"review-count": "0", "description": "Description\nTabla Meditation is music that channelizes your focus and apt for yoga poses and mindful meditation.\nThe ambient sounds of the tabla helps you calm down and relax your stressful energy points in your body.\n\nThe benefits of this composition are therapeutic and when listened to daily can bring lasting positive changes.\nHere are the 3 core benefits of listening to this music:\n- The music locks out any distractions while practicing yoga or meditating.\n- It guides the body to focus on the physical senses and maintain an unperturbed mind.\n- The rhythm invokes the inner rhythm of the body, which is enriched during the poses and movements of yoga.\n\nYou can say:\n\n\"Alexa, open Tabla Meditation\"\n\"Alexa, start Tabla Meditation\"\n\"Alexa, launch Tabla Meditation\"\n\nYou can download this meditation music in full at https://store.mahakatha.com\n\nFor more meditation mantras and music recommendations email us at alexa@audiocampaign.com\n\nDo support us by leaving a 5 star review if you liked what you\u2019ve heard.", "details": "Skill Details\nThis skill contains dynamic content.\nInvocation Name: tabla meditation", "privacy_policy_href": ""}, "Hush Puppy": {"review-count": "461", "description": "Description\nHush Puppy is a skill that will tell your pets, friends or family to be quite, shush or shut up. You provide Hush Puppy the name of who you want to shush and any time you invoke the skill it will remember their name and using a randomly selected phrase will tell them to be quite.", "details": "Skill Details\nRated: Guidance Suggested.\nThis skill contains dynamic content.\nInvocation Name: hush puppy", "privacy_policy_href": ""}, "Nature Sounds: Thunderstorm Sounds": {"review-count": "2", "description": "Description\nThunderstorm Sounds is a nature sounds loop to help you sleep, relax, meditate, relieve stress, or block out unwanted noises.\n\nIt is the best nature sounds for stress relief. Our calm and relaxing sleep music can be used as background sounds, meditation music, relaxation sounds, relaxation music, peaceful music and as a sleep sounds.\n\nPlease leave a 5-star review if you love this Skill. Your 5-star reviews will encourage us to keep making more great ambient sounds for sleep and relaxation!", "details": "Skill Details\nThis skill contains dynamic content.\nInvocation Name: thunder sounds", "privacy_policy_href": ""}, "5pm for Alexa": {"review-count": "1", "description": "Description\n5pm is a project management and collaboration tool for teams.\n\n5pm allows you to share with your team and access your projects online from anywhere. You can streamline your team communication with centralized notes and file storage, easily track and report time, visualize your work via Timeline and generate customizable reports.", "details": "Skill Details\nRated: Guidance Suggested.\nThis skill contains dynamic content.\nInvocation Name: five p. m.\nDeveloper Privacy Policy\nDeveloper Terms of Use", "privacy_policy_href": "https://www.5pmweb.com/privacy.php"}, "Go Commit Die": {"review-count": "0", "description": "Description\nTry these lighthearted burns to add more fun to your day. When using the skill, you can say \"Alexa, next\" to move to the next burn. At any point, you can say \"Alexa, stop\" to exit the skill.\nThis skill was created using a Skill Blueprint. Your requests to this skill are not shared with the skill developer.", "details": "Skill Details\nRated: Mature.\nThis skill contains dynamic content.\nInvocation Name: go commit die", "privacy_policy_href": ""}, "My Nurse": {"review-count": "0", "description": "Description\nThis skill helps users to save their health records in the cloud and they can share records with the doctor with only 1 command.\nA user can record his sugar level/ heart rate or other health parameters and Alexa will send it to the user's specified doctor when required.\n\nSome examples* to use this skill:\n\n[To record data]\nA user can say, Alexa, tell my nurse my sugar level is 75 gm/cc\n\n[To send an email to the doctor]\nAlexa, tell my nurse to send email to my doctor.\n\n[To check Doctors email]\nAlexa, ask my nurse, what is my doctor's email?\n\n[To update Doctors email]\nAlexa, Tell My Nurse to update my doctor's email. (user will receive an email from developers, and he'll have to reply with new doctor's email)\n\n\n*A user can talk to Alexa own his own way. Above examples are only for demonstration.\n** Deletion of records and ability to send specific duration on records to doctors will be added soon!", "details": "Skill Details\nRated: Guidance Suggested.\nThis skill contains dynamic content.\nInvocation Name: my nurse\nDeveloper Privacy Policy\nDeveloper Terms of Use", "privacy_policy_href": "https://www.freeprivacypolicy.com/privacy/view/06b3563a3f26375b37f2b966d985b644"}, "Korean Facts": {"review-count": "0", "description": "Description\nIntroducing facts about Korea", "details": "Skill Details\nThis skill contains dynamic content.\nInvocation Name: korean facts", "privacy_policy_href": ""}, "WowMeSkill": {"review-count": "6", "description": "Description\nGet Wowed by this alexa skill. Because, With great power comes great responsibility", "details": "Skill Details\nThis skill contains dynamic content.\nInvocation Name: wow me", "privacy_policy_href": ""}, "Seattle Curb It": {"review-count": "18", "description": "Description\nHave you ever forgotten if recycling pickup is this week or next week? How about wanting to check if a holiday changed your collection day?\n\nThis skill allows Alexa to ask Seattle Public Utilities about your curbside waste collection schedule so you can hear when and what you should set out for collection. Just say, \"Alexa, open Seattle Curb It\" to get started.", "details": "Skill Details\nRated: Guidance Suggested.\nThis skill contains dynamic content.\nInvocation Name: seattle curb it\nDeveloper Privacy Policy", "privacy_policy_href": "https://bitbucket.org/pdonate/seattle-curb-it-privacy-policy/src/master/"}, "Energize Me": {"review-count": "1", "description": "Description\nFeeling drowsy or sleepy throughout the day? If coffee and energy drinks aren't your thing or just aren't working, the app 'Energize Me' can help. Open the app and Alexa will give you tricks and tips on how to regain energy during the day.\n\nDisclaimer: The information in this skill is for educational and informational purposes only.\n\nTo start, just say \"Alexa, launch Energize Me\" or \"Alexa, open Energize Me\" to get a fact\".\n\nAt anytime, you can stop by saying \"Alexa, stop\"", "details": "Skill Details\nThis skill contains dynamic content.\nInvocation Name: energize me", "privacy_policy_href": ""}, "Checkbook": {"review-count": "0", "description": "Description\nChequebook of the Bank of Faith\n\nCharles Haddon Spurgeon\u2019s Cheque Book of the Bank of Faith provides a short, inspirational reading for every day of the year. It was written to encourage believers to realize the full and personal nature of their relationship to Jesus Christ. Prayer, faith, and scripture connect people to God and remind them of His promises.", "details": "Skill Details\nFlash Briefing Skill\nThis skill contains dynamic content.\nDeveloper Privacy Policy\nDeveloper Terms of Use", "privacy_policy_href": "https://liveprayer.com/privacy.cfm"}, "LDS General Conference Changes": {"review-count": "66", "description": "Description\nThere were several changes at the October 2018 General Conference of the Church of Jesus Christ of Latter Day Saints. This app gives you facts or lists many of those changes. You can say Alexa, ask General Conference Changes for a fact or change. Or Alexa, tell General Conference Changes to give me a fact.", "details": "Skill Details\nThis skill contains dynamic content.\nInvocation Name: general conference changes", "privacy_policy_href": ""}, "Your Virtual Real Estate Agent - Agent NEO": {"review-count": "16", "description": "Description\nAgent NEO helps you to request home showings, find your home value or sell your house. All you have to do is simply enable the skill and register with Agent NEO.\n\nVideo: http://bit.ly/agneo\n\nWe have an extensive network, consisting of thousands of qualified Real Estate Agents, which Agent NEO can connect you with. You can also search for local contractors, and Agent NEO will find a reliable contractor from your Agent's preferred contractor list.\n\nHere are a few examples of how to use Agent NEO :\n\"Alexa, tell Agent NEO to book a showing\"\n\"Alexa, tell Agent NEO to find my Home Value\"\n\"Alexa, open Agent NEO\"\n\"Alexa, tell Agent NEO to find a 5 bedroom house in Dallas\"\n\"Alexa, ask Agent NEO to suggest a good plumber\".\n\"Alexa, ask Agent NEO to find someone who can fix a leak\"\n\"Alexa, ask Agent NEO to suggest someone who can install a fence\"", "details": "Skill Details\nRated: Guidance Suggested.\nThis skill contains dynamic content.\nInvocation Name: agent neo\nDeveloper Privacy Policy\nDeveloper Terms of Use", "privacy_policy_href": "https://neolocalagent.com/home/privacy"}, "Aura Reading": {"review-count": "8", "description": "Description\nAsk Alexa to open Aura Reading\nShe will need a moment to see your energy field\nShe will then explain the color and give you a message based on the color energy.\nThe aura does fluctuate and change during the day, so consult her when you feel an energy shift.\nCharmed in Company LLP is the oldest Mystical Metaphysical shoppe in NJ. We created this skill as a fun and entertaining way to learn about aura color energy.", "details": "Skill Details\nThis skill contains dynamic content.\nInvocation Name: aura reading", "privacy_policy_href": ""}, "Merrell Flash Briefing": {"review-count": "0", "description": "Description\nGet the latest from Merrell on new products, brand updates, and all things outdoors.", "details": "Skill Details\nFlash Briefing Skill\nThis skill contains dynamic content.", "privacy_policy_href": ""}, "Mindful Moment: Quotes & Sayings That Wake You Up": {"review-count": "3", "description": "Description\nMindful Moment is a collection of powerful quotes, sayings, excerpts, and parables that make you wiser and more grounded in the present moment.\n\nThe quotes come from teachers and icons such as Thich Nhat Hanh, Albert Einstein, Lao Tzu, Pema Ch\u00f6dr\u00f6n, Whinston Churchill, Helen Keller and Eckhart Tolle.\n\nChoose a topic to hear a quote with a short commentary, or ask to shuffle to hear ten quotes at random.\n\nCommands:\n\nDaily Mindful Moment: \"Alexa, open mindful moment\"\nShuffle: \"Alexa, ask mindful moment to Shuffle\"\nList Topics: \"Alexa, ask mindful moment to list topics\"\n\nCurrently with 15 topics to choose from and over 100 entries!\n\nIf you enjoy mindful moment, be sure to leave a 5-star review! For every five star review, I will add one more mindful moment. For every five 5-star reviews, I will add a whole new topic (suggestions welcome!).\n\nNow sit back and enjoy today's mindful moment!", "details": "Skill Details\nThis skill contains dynamic content.\nInvocation Name: mindful moment", "privacy_policy_href": ""}, "Disco Ball Screensaver for Echo Show": {"review-count": "3", "description": "Description\nDisco Ball Screensaver HD on your Echo Show or Echo Spot device (required a screen). This skill plays a big colorful disco ball with no audio on your Echo Show or Echo Spot. Great fun for your living room, kitchen or bedroom!\n\n+ Ask \"Alexa, open disco ball\" to open skill. Enjoy!", "details": "Skill Details\nThis skill contains dynamic content.\nInvocation Name: disco ball", "privacy_policy_href": ""}, "Message Daily": {"review-count": "0", "description": "Description\nMessage magazine presents a daily devotional with speaker and author L. David Harris.", "details": "Skill Details\nFlash Briefing Skill\nThis skill contains dynamic content.\nDeveloper Privacy Policy\nDeveloper Terms of Use", "privacy_policy_href": "https://skilexa.com/doneforyou/privacy/"}, "Church History Today": {"review-count": "8", "description": "Description\nThis skill tells you what significant Church or world events happened on the current day of the year. For example, on January 10th, the skill will tell you what has happened in Church history on January 10th in the past. It draws on events that occurred anytime between 1820 and the present day. Source for all information comes from Church News, \"Historical chronology of The Church of Jesus Christ of Latter-day Saints\"", "details": "Skill Details\nThis skill contains dynamic content.\nInvocation Name: church history today\nDeveloper Privacy Policy\nDeveloper Terms of Use", "privacy_policy_href": "https://creator.voiceflow.com/creator/terms?name=Seth%20Kohler&skill=Church%20History%20Today&children=false"}, "Sleep Rain Thunder": {"review-count": "0", "description": "Description\nThe sleep rain thunder is a modern insomniac's best friend. Warm and inviting, the sound of rain falls gently on your pillow, soothing you to sleep with calming bass tones of green. The low-power sleep rain thunder has three sound profiles to make sure you have a range of sleep and relaxation.", "details": "Skill Details\nThis skill contains dynamic content.\nInvocation Name: sleep rain thunder", "privacy_policy_href": ""}, "Dishwasher Pro": {"review-count": "0", "description": "Description\nWelcome to Dishwasher Pro, here to help you understand how to use and help maintain your dishwasher so you can get sparkling dishes every time.\n\nWith this skill you can:\n\u2022 Get tips on how to load and clean your dishwasher\n\u2022 Set monthly reminders to clean your dishwasher\n\u2022 Hear tips for treating dishes that are cloudy, dirty, or not dry post-wash\n\u2022 Receive tailored Finish\u00ae product recommendations to help maintain your dishwasher\n\u2022 Easily add recommended products straight to your Amazon Shopping cart\n\nFeatured Finish products include:\n1. Finish\u00ae Dual Action dishwasher cleaner\n2. Finish\u00ae Quantum dishwasher detergent\n3. Finish\u00ae Hard Water Booster\n4. Finish\u00ae Jet-Dry rinse aid\n\nOpen the skill by saying: \"Alexa, open Dishwasher Pro\"\n\nOr go straight to the section you need with these:\n\n- To get tips to help maintain your dishwasher, say: \"Alexa, ask Dishwasher Pro for dishwasher tips\"\n- To get tips for cleaning dishes, say: \"Alexa, ask Dishwasher Pro for dishes tips\"\n- For Finish\u00ae product information, say: \"Alexa, ask Dishwasher Pro for products\"\n\n\n*This skill uses Alexa Shopping to add items to your Amazon cart. Alexa can add products to your shopping cart by voice. You can see the product with delivery details and confirm the order by going to your Amazon account.", "details": "Skill Details\nRated: Guidance Suggested.\nThis skill contains dynamic content.\nInvocation Name: dishwasher pro\nDeveloper Privacy Policy\nDeveloper Terms of Use", "privacy_policy_href": "https://www.finishdishwashing.com/privacy-policy"}, "Remember The Milk": {"review-count": "82", "description": "Description\nAlexa, meet Remember The Milk!\n\nThis skill brings the power of Remember The Milk to your Alexa-enabled device. It allows you to:\n\n* Hear what's due on the date of your choosing (what's due today, what's due next Tuesday).\n\n* Add tasks to your Remember The Milk account (remind me to pick up the milk, remind me to pay the Amex bill on Tuesday, remind me to take out the trash at 7pm on Friday).\n\n* Give tasks to your Remember The Milk contacts (remind Alice to book the flights to New York on Friday).\n\nYou'll need a free Remember The Milk account to use this skill. For more information on the skill, please visit:\n\nhttps://www.rememberthemilk.com/services/alexa/\n\nFor more information on Remember The Milk, please visit:\n\nhttps://www.rememberthemilk.com/", "details": "Skill Details\nRated: Guidance Suggested.\nThis skill contains dynamic content.\nInvocation Name: remember the milk\nDeveloper Privacy Policy\nDeveloper Terms of Use", "privacy_policy_href": "https://www.rememberthemilk.com/help/privacy.rtm"}, "Nice Things": {"review-count": "3", "description": "Description\nDue to much positive feedback, we are releasing our first update with a compliment bot and bading system. Earn badges for every 10 challenges you complete, so keep at it. Our new compliment bot is a added feature that will give you compliments or give you ideas on compliments you can use to complete our challenges. Just ask \"Alexa, ask nice things for a compliment.\"\n\nYou will complete against other Alexa users in this interactive Nice Game. You will be challenged with a Nice Action, if you accept that Nice Action you'll level up. You'll see where you rank among all the game players with the ultimate goal of becoming the World's Nicest Person.\n\nJoin the Nice community today and add your review to grow Nice Things to the nicest skill available for your echo. Suggestions for improvement are always welcome, so email our support team with as many suggestions as you like.", "details": "Skill Details\nThis skill contains dynamic content.\nInvocation Name: nice things", "privacy_policy_href": ""}, "Brevard Karaoke": {"review-count": "8", "description": "Description\nBrevard Karaoke is a listing of the best karaoke shows in Brevard County, FL", "details": "Skill Details\nRated: Guidance Suggested.\nThis skill contains dynamic content.\nInvocation Name: brevard karaoke\nDeveloper Privacy Policy", "privacy_policy_href": "https://getstoryline.com/public/privacy.html"}, "Breath | Prana Breathing Exercises": {"review-count": "17", "description": "Description\nClear your Mind and Relax your Body with different breathing techniques, handed down by ancient traditions and supported by modern science.\n\nCurrent available techniques are:\n- Calm\n- Relaxing\n- Antistress\n- Energy\n- Mental Clarity\n\nActivate the skill saying \"Alexa, start breathing exercises\" and choose the technique that best suits your goal.", "details": "Skill Details\nThis skill contains dynamic content.\nInvocation Name: breathing exercises\nDeveloper Privacy Policy", "privacy_policy_href": "https://dialogous.io/alexa/privacy-policy.html"}, "My Memory": {"review-count": "59", "description": "Description\nMy Memory is a simple skill that you can ask to remember things and recall them for you later.\n\nYou can ask it to remember that time when you did something, and later ask how many times you did that thing, or when was the last time you did that other thing. You can ask it how many memories it has, and if you want to start over, you can simply forget your memory.\n\nYou can also ask it to remember something you did last week, will do later this week, or any date in the past or future. To remember something you did last Friday, you can just say, 'last Friday'!\n\nMy Memory is for entertainment purposes only!\n\nIcon by Ben at https://openclipart.org/detail/192626/brain", "details": "Skill Details\nThis skill contains dynamic content.\nInvocation Name: my memory", "privacy_policy_href": ""}, "Program the machine": {"review-count": "0", "description": "Description\nIn few questions, Alexa will help you to program your washing machine, your oven votre four, or any device that can be programmed for a starting or ending time.\nDon't dive in endless computations. Simply provide the time you want your machine to start or end, tell if your device need to be programmed from a starting or ending time, and eventually provide the duration of the program you chose.", "details": "Skill Details\nThis skill contains dynamic content.\nInvocation Name: the delayed machine", "privacy_policy_href": ""}, "What's New on Amazon Prime Video (Unofficial)": {"review-count": "0", "description": "Description\nDaily updates of what\u2019s new on Amazon Prime Video including the new releases, weekly highlights and a complete list of new movies and TV series.\n\nMake sure to check out other skills from us:\n- What's new on Hulu Unofficial\n- What\u2019s new on Netflix Unofficial\n- What\u2019s new on HBO Unofficial\n- What\u2019s new on Disney plus Unofficial\nWith love from Argentina!\n\nThis Skill was not created or endorsed by Amazon.", "details": "Skill Details\nRated: Guidance Suggested.\nThis skill contains dynamic content.\nInvocation Name: what can i watch on video\nDeveloper Privacy Policy", "privacy_policy_href": "https://www.perfectindigo.com/privacy_policy.html"}, "Bible Show": {"review-count": "13", "description": "Description\nDaily Inspirational Bible Verses with Images to support Echo Show and Echo Spot.", "details": "Skill Details\nThis skill contains dynamic content.\nInvocation Name: bible show\nDeveloper Privacy Policy\nDeveloper Terms of Use", "privacy_policy_href": "http://www.joeslife.net/privacy.html"}, "6-Minute Full Body Stretch": {"review-count": "208", "description": "Description\nTry this six-minute stretching routine today to prepare you for the busy day ahead, or to get so much needed relaxation after work.\n\nBy incorporating this stretching program into your daily routine, you can increase your flexibility and range of motion. You can also improve performance in sports and daily tasks. Stretching can help prevent injury and decrease pain associated with muscle tightness.\n\nYour warm and candid reviews motivate us to improve this skill and build new ones!\nFor more quick workouts like this check other skills by Avocado Labs.\n\nDISCLAIMER: Not all exercises are suitable for everyone. Please know your limits and perform these exercises carefully. Check with your doctor before beginning this stretching program to avoid the risk of injury.\n\nMusic: Loyalty Freak Music - Once more with you\nFrom the Free Music Archive\nLicense: CC BY 4.0", "details": "Skill Details\nRated: Guidance Suggested.\nThis skill contains dynamic content.\nInvocation Name: full body stretch", "privacy_policy_href": ""}, "Little bamboo": {"review-count": "0", "description": "Description\nBamBu ist dein t\u00e4glicher Begleiter, der zu mehr Gelassenheit, Entspannung und Selbstf\u00fcrsorge f\u00fchrt mithilfe von Achtsamkeits\u00fcbungen, wie z.B. Meditation. Alexa vereinfacht den Zugriff auf die Anleitungen, sodass du daf\u00fcr nicht auf deinen Bildschirm schauen musst. In der Folgeversion kann man als Nutzer und Abonnent von BamBu sein Konto mit Alexa verbinden und hat Zugang zu allen \u00dcbungen.\nSO FUNKTIONIERT ES: Bitte Alexa, BamBu zu starten, dann folge der ruhigen Stimme eines erfahrenen Anleiters. Dir stehen kostenlose, dreimin\u00fctige Sitzungen f\u00fcr eine kleine Pause zur Verf\u00fcgung; du kannst auch jederzeit die \u201eSturmstille\u201c, eine \u201eNotfall\u201c-Meditation f\u00fcr Stresszeiten, machen. Du kannst sagen: - \u201eAlexa, \u00f6ffne BamBu\u201c- \u201eAlexa, sage BamBu, die Tagesmeditation abzuspielen\u201c... Der Effekt von Meditation ist wissenschaftlich erwiesen durch sichtbare Ver\u00e4nderungen am Gehirn (Neuroplastizit\u00e4t): Erholung - Positive Grundhaltung - Selbsterkenntnis - Konzentration und Priorit\u00e4tsbildung - mehr Ausgeglichenheit - Mitgef\u00fchl - besserer Schlaf - Umgang mit S\u00fcchten. \u00dcBER UNS: BamBu ist die gr\u00f6\u1e9ete, europ\u00e4ische App f\u00fcr Achtsamkeit und Meditation auf Deutsch, Englisch, Franz\u00f6sisch und Spanisch mit \u00fcber 4 Mio Nutzern und einem umfangreichen Katalog (\u00fcber 700 Sitzungen), thematisch gegliedert in Themen wie Stress, Burnout, Schlaf, Loslassen, Beziehungen, Arbeit, Gelassenheit, Meditationen f\u00fcr Kinder). BamBu unterst\u00fctzt dabei alle Meditierenden eine Routine einzurichten. Weitere Infos gibt es auf der Website von BamBu.\n\n\n*Petit BamBou stellt keine Diagnosen, schl\u00e4gt keine Behandlungen vor oder beugt pr\u00e4ventiv Krankheiten vor. Die Methoden und Ergebnisse der zitierten Studien stimmen mit der anerkannten sozialwissenschaftlichen Forschung zur Meditation \u00fcberein.", "details": "Skill Details\nRated: Guidance Suggested.\nThis skill contains dynamic content.\nInvocation Name: petit bambou\nDeveloper Privacy Policy (French, FR)\nDeveloper Privacy Policy (Italian, IT)\nDeveloper Privacy Policy (Spanish, ES)\nDeveloper Privacy Policy (Spanish, US)\nDeveloper Privacy Policy (French, CA)\nDeveloper Privacy Policy (Spanish, MX)\nDeveloper Privacy Policy (German, DE)", "privacy_policy_href": "https://www.petitbambou.com/meditation/vie-privee"}, "My Morning Affirmations": {"review-count": "139", "description": "Description\nWould you like to dominate your mornings? If you answered Yes, then you're at the right place.\n\nMornings are so beautiful. Especially, after getting restful sleep, you wake up feeling fresh and alive.\n\nWhich is why it makes sense, to stay away from getting \"busy\" right away, and in stead take a bit of \"me\" time.\n\nWhat better way to do that, than use affirmations that can help you come into a positive state of being.\n\nTo a great extent your experience of life depends on your mindset.\n\nIf you take the time to get into the right mindset, you will be ready to deal with whatever challenge life may throw at you.\n\nIn fact, you will also be ready to embrace all the goodness that comes your way.\n\nThe affirmations in this skill are specifically designed to help you feel aligned with your true self.\n\nThis will help you come from a place of power, that is within you.\n\nIn short, you will have won the day, before even beginning the day.\n\nNow isn't that awesome?\n\nWhat are you waiting for? Scroll up and \"Enable\" the affirmations now!", "details": "Skill Details\nRated: Guidance Suggested.\nThis skill contains dynamic content.\nInvocation Name: my morning affirmations\nDeveloper Privacy Policy", "privacy_policy_href": "https://getstoryline.com/public/privacy.html"}, "How Much Is My Home Worth": {"review-count": "1", "description": "Description\nSimply by asking Alexa to open the \"What is My House Worth\" Skill and enabling account sharing, the Alexa device can arrange to have a detailed report of your Home's Value, emailed directly to you between the hours of 8am & 8pm PST.", "details": "Skill Details\nRated: Guidance Suggested.\nThis skill contains dynamic content.\nInvocation Name: how much is my home worth\nDeveloper Privacy Policy", "privacy_policy_href": "https://docs.google.com/document/d/1q59pQokTc0BIRzdVr-xZQXgV-WsN0dyTjwnLKDpFssw/edit#heading=h.z1px4u3jzsns"}, "Baby Logs": {"review-count": "6", "description": "Description\nBaby Logs is the perfect app for parents with newborns to toddlers to keep track of their child's naps, feedings, and dirty diapers. You can log when your child goes to sleep or when they wake up. You can then ask when they went to sleep, when they woke up, or how long they slept. You can similarly track when your child eats. You can ask when they ate last and how long they ate. Finally, you can keep track of dirty diapers, with the option to specify whether they are poopy or just wet. The app will keep track of how many of each type the child has had in the last twenty-four hours.\nIcon made by Roundicons from www.flaticon.com", "details": "Skill Details\nThis skill contains dynamic content.\nInvocation Name: baby logs", "privacy_policy_href": ""}, "Ambient Sounds: Underwater Whale Sounds": {"review-count": "7", "description": "Description\nUnderwater Whale Sounds is an ambient sounds loop to help you sleep, relax, meditate, relieve stress, or block out unwanted noises.\n\nIt is the best ambient sounds for sleep. This calming and meditation sleep sounds can be used as background sounds, meditation music, relaxation sounds, relaxation music, peaceful music and as a sleep sounds.", "details": "Skill Details\nThis skill contains dynamic content.\nInvocation Name: underwater whale sounds", "privacy_policy_href": ""}, "5-Minute Plank Workout": {"review-count": "870", "description": "Description\n5-minute plank workout. 6 sets with short rests between them.\n\nThe plank is one of the best exercises for core conditioning, and it also works your glutes and hamstrings, supports proper posture, and improves balance. Do 5-minutes plank workout everyday to strengthen your core muscles.\n\nIf you'd like to listen to the music during the workout, just ask Alexa to play the music you like and then activate the 5-minute plank workout skill.\n\nRoutine:\n60 sec - full plank\n30 sec - elbow plank\n20 sec - raised leg plank (each leg)\n30 sec - side plank (each side)\n30 sec - full plank\n30 sec - elbow plank\n\n10 sec rest after each set\n\nPlease submit a review:)", "details": "Skill Details\nThis skill contains dynamic content.\nInvocation Name: five minute plank\nDeveloper Privacy Policy\nDeveloper Terms of Use", "privacy_policy_href": "http://cubic.ai/policy.html"}, "Today's horoscope": {"review-count": "1", "description": "Description\nKnow the daily predictions, your zodiac sign holds for you.\n\nYou can say:\n\n\"Alexa, open Today's horoscope\"\n\"Alexa, start Today's horoscope\"\n\"Alexa, launch Today's horoscope\"\n\nPlease leave a 5-star review if you love this skill, or send us an email with your suggestions at mridul.kabra23@gmail.com. Your 5-star reviews encourage us to keep making more great skills, thanks!", "details": "Skill Details\nRated: Guidance Suggested.\nThis skill contains dynamic content.\nInvocation Name: today's horoscope\nDeveloper Privacy Policy", "privacy_policy_href": "https://getstoryline.com/public/privacy.html"}, "Able Style": {"review-count": "21", "description": "Description\nAble, your personal stylist, helps you get dressed better every day by giving you great styling suggestions based on your own closet and your local weather forecast.\n\nWhile you're chatting with Able, the outfits described will be live-synced to your account on the Able Style website (https://able.style) so that you can always see the suggestions as you hear them.\n\nYou can customize Able's suggestions: for example, by asking for something smarter. He's learning all the time so his capabilities will keep increasing.\n\nHere are some other example requests you can try:\n\n\"What shall I wear < today | tomorrow | at the weekend > ?\"\n- I will take account of your local weather forecast for the day in question and suggest you an appropriate stylish outfit.\n\n\"Give me a < casual | smart > outfit\"\n- I'll give you a casual or smart outfit suggestion.\n\n\"Give me something smarter\"\n- I'll suggest you another outfit that is smarter than the one I just suggested.\n\n\"I need something more casual\"\n- I'll suggest you another outfit that is more casual than the one I just suggested.\n\n\"How can I wear <my> <blue> <sweater>?\" or \"What can I wear with <my> <red> <shirt>?\"\n- If you've got something in mind of what to wear or want advice about how to wear a particular item then use phrases like these and I'll suggest outfits that contain the specified items. If you include \"my\" then I'll search your closet for the item and suggest matching outfits. If you don't include \"my\" then I'll give you suggestions from items in my whole catalogue.\n\n\"Start afresh\"\n- Start the suggestion process from scratch, clearing all previous filters.\n\n\"Repeat last\"\n- I'll repeat what I just said.\n\n\"Suggest another outfit\"\n- I'll suggest you another outfit based on your previous requirements.\n\n\"Suggest an outfit for <an important meeting>\"\n- I'll suggest you an outfit that should be appropriate for your event. Other events that I know about include, \"meeting\", \"client meeting\", \"a pitch meeting\", \"a date\", \"the cinema\", \"shopping\", \"a party\", \"an interview\".\n\n\"I own similar <shoes>\"\n- I'll add the shoes from the last outfit suggested to your closet. Replace \"shoes\" with whichever category of clothing you're referring to. E.g. \"I own similar jeans\", \"I've got a jacket like that\", \"Add that coat to my closet\".\n\n\"Switch to <womenswear | menswear>\"\n- I'll change your preference as requested.\n\nYou can find a full list of commands for Able in the F.A.Q: https://able.style/#/faq\n\nSo that Able can provide you with personalised outfit suggestions and the live syncing of outfits on the able.style website, you will need to link your Amazon account. None of your Amazon account details are passed to Able during this process and he's not able to make any purchases on your behalf.\nTo link your account, simply ask Able to \"link my account\" and follow the instructions.\n\nFor help, feedback and suggestions please get in touch at able@able.style", "details": "Skill Details\nRated: Guidance Suggested.\nThis skill contains dynamic content.\nInvocation Name: able style\nDeveloper Privacy Policy\nDeveloper Terms of Use", "privacy_policy_href": "https://able.style/#/privacy"}, "30 Day Pushup Challenge": {"review-count": "770", "description": "Description\nEver wished you could do 100 pushups at once? With this new Alexa skill all you need is a few minutes each day and in a month you will be stronger than ever. This skill will track your progress over a month, offering support and encouragement so you can reach your goals. Development is ongoing so please leave a review for features you would like to see added. Currently working on adding multiple difficulty levels and a leaderboard system.\n\nIf you are looking for a quick 5 minute challenge instead check out our new 5 minute pushup skill! With an engaging narrator to keep you pumped you will master your pushup skills and improve your strength with only 5 minute sessions - https://www.amazon.com/dp/B078Z5QMH7", "details": "Skill Details\nThis skill contains dynamic content.\nInvocation Name: pushup challenge", "privacy_policy_href": ""}, "Wealth, Prosperity and Abundance Affirmations": {"review-count": "0", "description": "Description\nA few minutes of daily affirmations from the book 600 Wealth, Prosperity, and Abundance Affirmations by Ryan Hicks. You can get the book with the full 600 Affirmations in electronic book, print book, or audiobook at https://www.TaughtToProfit.com\n\nI hope these affirmations are a great blessing for you. Please feel free to contact me if you have any comments at https://www.TaughtToProfit.com", "details": "Skill Details\nFlash Briefing Skill\nThis skill contains dynamic content.\nDeveloper Privacy Policy\nDeveloper Terms of Use", "privacy_policy_href": "http://www.taughttoprofit.com/"}, "CoffeeHelper": {"review-count": "5", "description": "Description\nYou're just waking up, you deserve an assistant! Coffee helper is here to answer any questions you have as you make your morning coffee.\n\nWe feature coffee recommendations, information about the leading coffee makers, and other helpful information.\n\nHere's to a more energized day!", "details": "Skill Details\nRated: Guidance Suggested.\nThis skill contains dynamic content.\nInvocation Name: coffee helper\nDeveloper Privacy Policy\nDeveloper Terms of Use", "privacy_policy_href": "https://alpine.ai/privacy-policy/"}, "Diana Yoga": {"review-count": "0", "description": "Description\nDiana Yoga es el primer estudio de Yoga en voz que te permitir\u00e1 iniciarte y profundizar en la milenaria pr\u00e1ctica del yoga de la mano de experimentados instructores y desde la comodidad de tu casa.\n\nDiana Yoga es la mejor manera de practicar, tanto si est\u00e1s empezando como si ya eres un yogin m\u00e1s avanzado. En Diana encontrar\u00e1s pr\u00e1cticas para distintos momentos del d\u00eda, seg\u00fan tus necesidades y tu estado de \u00e1nimo, y perfectamente adaptadas a tu nivel y al tiempo de que dispongas (30 minutos, 45 minutos o 1 hora). Cuida de tu salud f\u00edsica y mental incorporando el h\u00e1bito del yoga a tu estilo de vida.\nEl yoga conecta cuerpo, respiraci\u00f3n y mente. Su pr\u00e1ctica habitual te ayudar\u00e1 a sentirte mejor, a liberarte del estr\u00e9s y a conocerte mejor a ti mismo. Diana Yoga te permite repetir las instrucciones de las asanas y pedir ajustes de las posturas solamente con tu voz y sin tener que moverte de la esterilla.\n\nNo es necesario tener experiencia ni ser especialmente flexible para practicar con Diana Yoga. Lo \u00fanico que necesitas para iniciarte y notar sus beneficios es elegir una pr\u00e1ctica, respirar y empezar. Namaste.\n\nEmpezar en DIANA YOGA con un dispositivo con pantalla es sencillo, dime: \u201cAlexa, abre Diana Yoga\u201d.\n\n\u00bfC\u00d3MO PUEDES PRACTICAR CON DIANA YOGA?\n1. Te recomendaremos una clase seg\u00fan\n(A) el tipo de Yoga que necesites en ese momento\n- Intenso: sesiones de Yoga m\u00e1s activas\n- Tranquilo: sesiones de Yoga m\u00e1s relajadas y pausadas\n(B) el tiempo que tengas disponible para practicar, lo dividimos en sesiones de: 30, 45 o 60 minutos\n2. Selecciona la clase que quieras, indicando el t\u00edtulo o la posici\u00f3n en pantalla.\n\nDURANTE LA REPRODUCCI\u00d3N DEL VIDEO\nDurante la pr\u00e1ctica de Yoga, recuerda que podr\u00e1s pedir a Alexa lo siguiente:\n- Pausar: \u201cAlexa, pausa\u201d.\n- Reanudar: \u201cAlexa, contin\u00faa\u201d.\n- Siguiente: \u201cAlexa, siguiente\u201d.\n- Anterior: \u201cAlexa, anterior\u201d.\n- Pedir repetir la postura: \u201cAlexa, repite la postura\u201d\n- Cambiar la postura a algo m\u00e1s sencillo: \u201cAlexa, esto es muy dif\u00edcil\u201d\n- Salir: \u201cAlexa, salir\u201d.\n- En cualquier momento dime \u201cayuda\u201d y te dar\u00e9 m\u00e1s informaci\u00f3n.\n\nQU\u00c9 BENEFICIOS TE APORTA EL YOGA\nEl yoga puede mejorar el nivel general de tu estado f\u00edsico, as\u00ed como tu postura y flexibilidad. Otros de sus beneficios pueden ser:\n- Reduce la presi\u00f3n arterial y la frecuencia card\u00edaca\n- Ayuda a relajarse\n- Mejora tu autoconfianza\n- Reduce el estr\u00e9s\n- Mejora la coordinaci\u00f3n\n- Mejora la concentraci\u00f3n\n- Ayuda a dormir mejor\n- Mejora las digestiones\n\nAdicionalmente, practicar yoga tambi\u00e9n puede ayudar a mejorar la ansiedad, el dolor de espalda y la depresi\u00f3n.\nConsulta con tu m\u00e9dico si tienes dudas o alg\u00fan problema de salud.\n\n***\nRecuerda que Diana Yoga es una experiencia que \u00fanicamente podr\u00e1s disfrutar si tienes dispositivos con pantalla. Sin embargo, tenemos disponible para los dispositivos sin pantalla la Skill de meditaci\u00f3n y mindfulness Diana, donde encontrar\u00e1s sesiones relajantes ideales para escuchar durante tu Savasana.\n\nPara m\u00e1s informaci\u00f3n, visita: https://dianaskill.com", "details": "Skill Details\nRated: Guidance Suggested.\nThis skill contains dynamic content.\nInvocation Name: diana yoga", "privacy_policy_href": ""}, "Seven Minute HIIT Workout": {"review-count": "16", "description": "Description\nA High Intensity Interval Training skill for Alexa. 7 *1 minute sets with a 30 second break.\nJust ask Alexa to start a session and you're ready to go!", "details": "Skill Details\nThis skill contains dynamic content.\nInvocation Name: seven minute workout", "privacy_policy_href": ""}}