{"Rep Keeper (By Fraser Fitness)": {"review-count": "0", "description": "Description\nThis skill helps keep track of how many repetitions you do. \ufffd\ufffd\ufe0f\n\nFor example, say your goal is to do 2800 squats in one month. After doing 20 squats you just say\n\"Alexa, ask Rep Keeper to add 20 to my squat count\".\nYour squat count will then 20 and Alexa will remember this. If you want to check what your squat goal is, just say\n\"Alexa, ask Rep Keeper what my squat count is\".\n\nSetting Daily Goals \u2705:\n\nYou can also set yourself a daily goal. For example, if you decide that you wanted to do 100 squats a day, you just say\n\"Alexa, ask Rep Keeper to set my daily squat goal to 100\".\nOnce you've added 100 squats to your squat count, Alexa will tell you that you've completed your daily goal. To check what your daily goal is, just say\n\"Alexa, ask Rep Keeper what my daily goal is?\".\n\nSetting Records \ufffd\ufffd:\n\nWant to challenge yourself?\nSee how many squats you can do in one go and Alexa will remember your record. For example if you do 80 squats in a row, say\n\"Alexa, ask Rep Keeper to set my squat record to 80\".\nWhen you set a record, this is automatically added to your squat count.\nNext time, check what your record is by saying\n\"Alexa, ask Rep Keeper what my squat record is\"\nSee if you can beat it!\n\nExclusive Features (If you have a Fraser Fitness Squat Mat) \ufffd\ufffd:\n\nIf you have a Fraser Fitness Squat Mat, you can set records per colour. For example, say the maximum amount of squats you can do on blue is 90. Then you can say\n\"Alexa, ask Rep Keeper to set my blue squat record to 90.\"\nThis will automatically be added to your squat count.\nThen next time you can say\n\"Alexa, ask Rep Keeper what my blue squat record is\"\nand try to beat it!\n\nEnjoy!\ufffd\ufffd", "details": "Skill Details\nRated: Guidance Suggested.\nThis skill contains dynamic content.\nInvocation Name: rep keeper\nDeveloper Privacy Policy\nDeveloper Terms of Use", "privacy_policy_href": "https://creator.voiceflow.com/creator/terms?name=Solomon%20&skill=Fraser&children=false"}, "La Patrona Seattle": {"review-count": "0", "description": "Description\nThe skill content is in Spanish - La Patrona 1680 AM broadcasts from the Puged Sound region. Station dedicated to entertainment and with the best Mexican music, where the idols of the moment are played. During the week listen to Don Cheto in the morning and the Free Guey Show in the afternoons.", "details": "Skill Details\nRated: Guidance Suggested.\nThis skill contains dynamic content.\nInvocation Name: la patrona seattle", "privacy_policy_href": ""}, "The Fish Dallas": {"review-count": "0", "description": "Description\nThe skill content is in Spanish - El PEZ 94.9 HD2 and 102.5 FM is an Adult Contemporary Christian station in Dallas featuring a mix of music that's both positive and uplifting. Family Friendly. Exclusive format delivers a unique blend of music to an extremely loyal audience of families that are upscale and active.", "details": "Skill Details\nRated: Guidance Suggested.\nThis skill contains dynamic content.\nInvocation Name: the fish dallas\nDeveloper Privacy Policy\nDeveloper Terms of Use", "privacy_policy_href": "http://cdn.saleminteractivemedia.com/shared/docs/privacy-policy.pdf"}, "Valentine's Card": {"review-count": "0", "description": "Description\nPlay a Valentine's Day greeting card for your loved one. This skill was created using a Skill Blueprint. Your requests to this skill are not shared with the skill developer.", "details": "Skill Details\nThis skill contains dynamic content.\nInvocation Name: valentine's card", "privacy_policy_href": ""}, "My Burns Two": {"review-count": "0", "description": "Description\nTry these lighthearted burns to add more fun to your day. When using the skill, you can say \"Alexa, next\" to move to the next burn. At any point, you can say \"Alexa, stop\" to exit the skill.\nThis skill was created using a Skill Blueprint. Your requests to this skill are not shared with the skill developer.", "details": "Skill Details\nRated: Mature.\nThis skill contains dynamic content.\nInvocation Name: my burns two", "privacy_policy_href": ""}, "Daily Devotional": {"review-count": "0", "description": "Description\nProclamo la palabra de Dios y te comento un vers\u00edculo b\u00edblico durante un par de minutos en oraci\u00f3n y comuni\u00f3n con el Se\u00f1or a todo el que la quiera oir.", "details": "Skill Details\nFlash Briefing Skill\nRated: Guidance Suggested.\nThis skill contains dynamic content.\nDeveloper Privacy Policy (Spanish, US)", "privacy_policy_href": "https://www.beisbologo.com/politica-de-privacidad/"}, "Dishwasher State": {"review-count": "0", "description": "Description\nA simple Alex Skill that makes it easy to know if the dishes in the dishwasher are clean or dirty.", "details": "Skill Details\nThis skill contains dynamic content.\nInvocation Name: dishwasher state", "privacy_policy_href": ""}, "Ben's Burns": {"review-count": "0", "description": "Description\nTry these lighthearted burns to add more fun to your day. When using the skill, you can say \"Alexa, next\" to move to the next burn. At any point, you can say \"Alexa, stop\" to exit the skill.\nThis skill was created using a Skill Blueprint. Your requests to this skill are not shared with the skill developer.", "details": "Skill Details\nRated: Mature.\nThis skill contains dynamic content.\nInvocation Name: ben's burns", "privacy_policy_href": ""}, "Toilet paper": {"review-count": "0", "description": "Description\nNext time you're trying to decide whose turn it is pick something or perform a task, just ask Alexa for help. For example, if you're trying to decide whose turn it is to pick a movie on movie night, Alexa can randomly select someone's name from the list. Or if you're trying to decide who should take out the trash, Alexa can help with that too!", "details": "Skill Details\nThis skill contains dynamic content.\nInvocation Name: toilet paper", "privacy_policy_href": ""}, "Tespo Health": {"review-count": "1", "description": "Description\nA skill to allow you to interact with your Tespo Connect countertop dispenser.", "details": "Skill Details\nRated: Guidance Suggested.\nThis skill contains dynamic content.\nInvocation Name: tespo health\nDeveloper Privacy Policy", "privacy_policy_href": "https://gettespo.com/privacy-policy"}, "Gratitude Quotes Test": {"review-count": "0", "description": "Description\nStart your day with an inspirational list of quotes. When using the skill, you can say \"Alexa, next\" to move to the next quote. At any point, you can say \"Alexa, stop\" to exit the skill.\nThis skill was created using a Skill Blueprint. Your requests to this skill are not shared with the skill developer.", "details": "Skill Details\nThis skill contains dynamic content.\nInvocation Name: another spark test", "privacy_policy_href": ""}, "Spark Test": {"review-count": "0", "description": "Description\nListen to daily updates from your favorite source. You can just say \"Alexa, what's my flash briefing\". You can say \"Alexa, stop\" to exit anytime.\n\nThis skill was created using a Skill Blueprint. Your requests to this skill are not shared with the skill developer.", "details": "Skill Details\nFlash Briefing Skill\nThis skill contains dynamic content.", "privacy_policy_href": ""}, "todo_news": {"review-count": "0", "description": "Description\nTo have a in depth note of my every day tasks and also to understand what is the time required for each task.", "details": "Skill Details\nFlash Briefing Skill\nRated: Guidance Suggested.\nThis skill contains dynamic content.", "privacy_policy_href": ""}, "2 house jokes": {"review-count": "0", "description": "Description\nPrueba estas bromas alegres para a\u00f1adir m\u00e1s diversi\u00f3n a tu d\u00eda. Cuando uses la skill, puedes decir \"Alexa, siguiente\" para pasar a la siguiente broma. En cualquier momento, puedes decir \"Alexa, para\" para salir de la skill.\nEsta skill se cre\u00f3 usando un Skill Blueprint. Tus solicitudes para esta skill no se comparten con el desarrollador de la skill.diego delgado", "details": "Skill Details\nThis skill contains dynamic content.\nInvocation Name: tu o otro", "privacy_policy_href": ""}, "Slavic Church Light Of The World": {"review-count": "1", "description": "Description\nListen to the latest talks from Light Of The World. Our Service is Bi Lingual, mainly English with translation to Russian language or reversal. You can pause and play by saying \"Alexa, pause\" and \"Alexa, resume.\" Just say \"Alexa, stop\" when you're done for the day. When listening to podcasts you can say \"Alexa, shuffle\" to shuffle the playing order, or \"Alexa, loop\" to loop the current episode. You can also ask for previous and next episodes by saying \"Alexa, previous\" and \"Alexa, next\". This skill was created using a Skill Blueprint. Your requests to this skill are not shared with the skill developer.", "details": "Skill Details\nThis skill contains dynamic content.\nInvocation Name: podcast light", "privacy_policy_href": ""}, "My Diabetes Lifestyle": {"review-count": "0", "description": "Description\nMy Diabetes Lifestyle is providing life-changing information, lifestyle strategies, and news on innovative products to help successfully navigate type 1, type 2 and prediabetes. Ask My Diabetes Lifestyle about topics, symptoms, treatments, nutrients, medical terms and diets. You can also ask for the latest diabetes news or play a quiz.\n\nThe team members behind My Diabetes Lifestyle are informed, medically inclined diabetic writers who produce articles that help the diabetic public seeking knowledge and answers to living a healthier diabetic life. \n\nTo start, just say \"Alexa, launch My Diabetes Lifestyle\" or \"Alexa, open My Diabetes Lifestyle\".\n\nAt anytime, you can stop by saying \"Alexa, stop\"\n\nThe information in this skill is not intended to substitute for professional medical advice, treatment, or diagnosis. We are not medical doctors. We merely share thoughts about possible diabetes management \u2014 subject to your medical doctor\u2019s or qualified medical provider\u2019s final professional advice. Always consult your medical doctor or other qualified health provider before making changes to your diabetes management. By the same token, always seek their advice regarding any questions you may have with respect to any medical condition, diabetes or other. Neither postpone seeking, nor disregard, their professional medical advice because of the information found within this skill. We do not endorse or recommend any opinions, positions, procedures, tests, or products found in this skill; these are intended for educational and informational purposes only and, not intended to substitute or replace your consultation with a medical doctor or qualified medical professional.", "details": "Skill Details\nRated: Guidance Suggested.\nThis skill contains dynamic content.\nInvocation Name: my diabetes lifestyle\nDeveloper Privacy Policy\nDeveloper Terms of Use", "privacy_policy_href": "https://www.mydiabeteslifestyle.com/privacy-policy/"}, "Office Of The Readings": {"review-count": "2", "description": "Description\nListen to daily Readings for the Liturgy of the Hours, Office of the Readings 2 Year Cycle. You can just say \"Alexa, what's my flash briefing\". You can say \"Alexa, stop\" to exit anytime. A Two Year Patristic Lectionary for the Divine Office. Edited by Stephen Mark Holmes (University of Edinburgh School of Divinity) Pluscarden Abbey, Scotland The aim of the Two Year Patristic Lectionary is thus: To have each patristic reading either related to the Scripture reading or to the season of the Church's year. To have a reading for every day of the Temporal cycle (i.e. including days such as Christmas, Ascension, Sacred Heart). To have the vast majority of the 'patristic' readings from the Fathers of the Church, although following medieval precedent writers such as Origen have been included. This gives it ecumenical value. To use readings from the one year cycle in the Divine Office and the two year cycle of Word in Season whenever possible. To include the texts of a complete two-year Scripture cycle, as approved by the Holy See, for use with the patristic readings. The lectionary is composed of 772 units, each consisting of a Scripture reading with accompanying reading from the Fathers, and it is arranged in files for the seasons of the Church's year. The 1544 readings are each formatted to fit a page of A4 in 13 point (some of the Scripture readings are too long for this and so are edited to fit one page) and, as each is roughly 500 words long, the total lectionary consists of about three quarters of a million words. All the files are edited, formatted and ready for use. As a commentary by the Fathers of the Church on almost the whole of Scripture this should be a great resource for homilies and catechetics, as well as a text for the liturgy. The lectionary is in use in monasteries in Scotland, England, the USA, Ghana and South Africa. We hope that its inclusion as a free resource on the website of the Durham University Centre for Catholic Studies will enable it to be of use to the wider Church beyond the monasteries of the Benedictine Confederation. The History of the Patristic Lectionary A 'patristic lectionary' is a series of readings from the fathers (in Latin patres) of the Church. Scripture has always been read in the Church in the context of tradition. With the development of the Divine Office (services of prayer celebrated at different times of each day) the daily cycle of Scripture reading came to be accompanied by commentaries from the fathers of the Church, as St Benedict wrote in the middle of the sixth century, 'Let the inspired books of both the Old and the New Testaments be read at Vigils, as also commentaries on them by the most eminent orthodox and catholic fathers' (Rule of Benedict, IX). The main surviving early Latin collections of readings from the fathers, or patristic lectionaries, are those of Alan of Farfa and Paul the Deacon from the eighth century. These formed the basis of the patristic lectionary used in the Roman Breviary and many other Latin Breviaries. Over time the readings from the fathers were cut back in length with no thought to their meaning. Attempts were made to improve the patristic lectionary by Cardinal Qui\u00f1onez in the sixteenth century, the monks of Cluny in the seventeenth century and Archbishop Vintimille of Paris in the eighteenth, but the inadequate patristic lectionary of the Breviarium Romanum (1568) and Breviarium Monasticum (1612) continued in use until the Second Vatican Council (1962-65). This skill was created using a Skill Blueprint. Your requests to this skill are not shared with the skill developer.", "details": "Skill Details\nFlash Briefing Skill\nThis skill contains dynamic content.", "privacy_policy_href": ""}, "Real Talk Compliments": {"review-count": "0", "description": "Description\nAsk Alexa to compliment your favorite people (or even yourself!) and she will choose from a list of compliments.\nThis skill was created using a Skill Blueprint. Your requests to this skill are not shared with the skill developer.", "details": "Skill Details\nThis skill contains dynamic content.\nInvocation Name: real talk compliments", "privacy_policy_href": ""}, "The Joy Pod": {"review-count": "0", "description": "Description\nBringing more positivity to your day, one skill at a time. Part motivation, part inspiration, part journal, part pep talk, good news, positive vibes, all in less than 10 minutes.", "details": "Skill Details\nFlash Briefing Skill\nRated: Guidance Suggested.\nThis skill contains dynamic content.\nDeveloper Privacy Policy", "privacy_policy_href": "https://www.hipcast.com/signup/privacy.htm"}, "The Twelve Steps": {"review-count": "3", "description": "Description\nWith The Twelve Steps, you can listen to one of the The 12 Steps of Alcoholics Anonymous any time you want and stay on track with your recovery.\n\nYou can say:\n\n\"Alexa, open The Twelve Steps\"\n\"Alexa, start The Twelve Steps\"\n\"Alexa, start The Twelve Steps\"\n\nPlease leave a 5-star review if you love this skill, or send us an email with your suggestions at stephanie@gameontherapeutix.com. Your 5-star reviews encourage us to keep making more great skills, thanks!", "details": "Skill Details\nRated: Guidance Suggested.\nThis skill contains dynamic content.\nInvocation Name: the twelve steps\nDeveloper Privacy Policy\nDeveloper Terms of Use", "privacy_policy_href": "https://getstoryline.com/public/privacy.html"}, "Roast mom": {"review-count": "0", "description": "Description\nTry these lighthearted burns to add more fun to your day. When using the skill, you can say \"Alexa, next\" to move to the next burn. At any point, you can say \"Alexa, stop\" to exit the skill.\nThis skill was created using a Skill Blueprint. Your requests to this skill are not shared with the skill developer.", "details": "Skill Details\nRated: Mature.\nThis skill contains dynamic content.\nInvocation Name: roast mom", "privacy_policy_href": ""}, "Get A Better Broadcast, Podcast and Video Voice": {"review-count": "0", "description": "Description\nAfter baby-babbling or reading aloud in class, barely any attention is paid to how we actually sound. There\u2019s scant advice on improving our voice, let alone how to look after it. We learn how to speak simply by mimicking! Unless we take expensive lessons, rarely are we taught how to support our voices, how to sit and breathe properly, or how to read aloud convincingly.\n\nIn fact, sometimes we actually un-learn the natural techniques that we were born with!\n\nAnd yet communication with the human voice is more prolific than at any other time in our evolution: thousands of TV and radio stations, millions of podcast episodes, more than a billion YouTube videos\u2026 plus millions more audio books, commercial voiceovers, e-learning commentaries and business-related videocalls.\n\nThis is the guide to help you become a stronger voice communicator on all of those channels so you can better compete with professional actors, or presenters on the likes of the BBC, ABC, or Gimlet.\n\nIt focusses specifically on your vocal image for audio and video channels (not stage presentations, business meetings, lectures or sermons) and with two main aims:\n\u00b7 To get you a better voice for audio and video channels.\n\u00b7 To show you how to read out loud convincingly and conversationally\n\nYou\u2019ve invested in your look of choice, now invest in your voice.\n\nPresented by Peter Stewart\n\nPeter has been around voice and audio all his working life and has trained hundreds of broadcasters in all styles of radio from pop music stations such as Capital FM and BBC Radio 1 to Heart FM, the classical music station BBC Radio 3 and regional BBC stations. He\u2019s trained news presenters on regional TV, the BBC News Channel and on flagship programmes such as the BBC\u2019s Panorama. Other trainees have been music presenters, breakfast show hosts, travel news presenters and voice-over artists.\n\nAfter leaving university with a degree in Communications, Peter went on to work at a number of radio stations as a news reader/journalist and then branching out into other presentation roles such as a music DJ, talk-show and phone-in host. His styles varied from the \u201cfresh fun and exciting\u201d news presentation at a commercial station, to more formal reads on the BBC. For several years he was heard on nationwide UK stations such as talkSPORT and Virgin Radio.\n\nDuring this period, Peter was the winner of a prestigious New York Radio Award for his radio news presentations. He was the off-screen voice of the daily video news bulletins on Virgin Atlantic flights for several years, was co-host of the Telewest Cable show \u201cGet A New Life\u201d for three seasons, and was the voice for a series of radio commercials for a chain of electrical superstores.\n\nPeter has studied on the \u201cVoice for Performance\u201d course with London\u2019s prestigious Royal Central School of Speech and Drama and is also \u201cVocal Health First Aid\u201d certified.\n\nHe has written a number of books on audio and video presentation and production (\u201cEssential Radio Journalism\u201d, \u201cJournoLists\u201d, two editions of \u201cEssential Radio Skills\u201d and three editions of \u201cBroadcast Journalism\u201d) and has written on voice and presentation skills in the BBC\u2019s in-house newspaper \u201cAriel\u201d.\n\nIn his three years in the BBC\u2019s training unit, he became the Corporation\u2019s only in-house voice-trainer, coaching hundreds of broadcasters, many of them \u2018household names\u2019 from regional radio and TV, from all the national radio networks and those at the prestigious BBC News Channel.\n\nPeter has presented hundreds of radio shows, has read several thousand news bulletins, and hosted nearly 2,000 podcast episodes, and is a vocal image consultant advising in all aspects of voice and speech training for presenters on radio and TV, podcasts and YouTube , voiceovers and videocalls.\n\nHis voice-style is middle aged, male, RP, and friendly-authoritative.\n\nIf you would like Peter to work with you on your voice, then get in touch. Initially via a DM on Twitter @TweeterStewart.", "details": "Skill Details\nFlash Briefing Skill\nRated: Guidance Suggested.\nThis skill contains dynamic content.", "privacy_policy_href": ""}, "Smudge Healing": {"review-count": "2", "description": "Description\nWelcome to Smudge healing by Hem. This skill is designed to help you with everything you need to know about smudge healing.\n\nWith Smudge healing, you can learn about how to perform smudge, what all can you smudge, what things do you require for smudging, the importance of smudging, prayers to chant while smudging, etc.\n\nNOTE: The information in this skill is provided for informational, promotional, and educational purposes only. It is not a substitute for professional medical advice, treatment, or any diagnosis. Always call your doctor to receive medical advice.\nIf you think you may have a medical emergency, please dial your local emergency response phone number", "details": "Skill Details\nRated: Guidance Suggested.\nThis skill contains dynamic content.\nInvocation Name: smudge healing\nDeveloper Privacy Policy\nDeveloper Terms of Use", "privacy_policy_href": "https://www.hemincense.com/usa/privacy-policy-for-alexa-skill"}, "Modern Stoicism (unofficial)": {"review-count": "0", "description": "Description\nListen to the podcast from Modern Stoicism (unofficial)", "details": "Skill Details\nFlash Briefing Skill\nThis skill contains dynamic content.", "privacy_policy_href": ""}, "Who Should Decide": {"review-count": "0", "description": "Description\nNext time you're trying to decide whose turn it is pick something or perform a task, just ask Alexa for help. For example, if you're trying to decide whose turn it is to pick a movie on movie night, Alexa can randomly select someone's name from the list. Or if you're trying to decide who should take out the trash, Alexa can help with that too!", "details": "Skill Details\nThis skill contains dynamic content.\nInvocation Name: who should decide", "privacy_policy_href": ""}, "YOU BURNT": {"review-count": "0", "description": "Description\nTry these lighthearted burns to add more fun to your day. When using the skill, you can say \"Alexa, next\" to move to the next burn. At any point, you can say \"Alexa, stop\" to exit the skill.\nThis skill was created using a Skill Blueprint. Your requests to this skill are not shared with the skill developer.", "details": "Skill Details\nRated: Mature.\nThis skill contains dynamic content.\nInvocation Name: you burnt", "privacy_policy_href": ""}, "Hafez Reading (Fall-e-Hafez)": {"review-count": "1", "description": "Description\nBy saying \"Ask Hafez Reading\" this skill pick a poem randomly and read that in Farsi", "details": "Skill Details\nThis skill contains dynamic content.\nInvocation Name: hafez reading", "privacy_policy_href": ""}, "Moms Love": {"review-count": "0", "description": "Description\nCelebrate special occasions with your loved ones. When you open the skill, Alexa will play a slideshow with rich images and audio. You can say \"Alexa, stop\" to exit anytime.", "details": "Skill Details\nThis skill contains dynamic content.\nInvocation Name: moms love", "privacy_policy_href": ""}, "Positive Affirmations": {"review-count": "0", "description": "Description\nTry these positive affirmations to add positive vibes into your day. When using the skill, you can say \"Alexa, next\" to move to the next burn. At any point, you can say \"Alexa, stop\" to exit the skill.", "details": "Skill Details\nRated: Mature.\nThis skill contains dynamic content.\nInvocation Name: positive affirmations", "privacy_policy_href": ""}, "Get inspired by Suits": {"review-count": "0", "description": "Description\nSome of the quotes have been changed in order to make this experience more personal , hope you like it !", "details": "Skill Details\nRated: Mature.\nThis skill contains dynamic content.\nInvocation Name: suits quotes", "privacy_policy_href": ""}, "Bible knowledge": {"review-count": "1", "description": "Description\nTest your knowledge on bible related topics. See how you compare against other players. Multiple choice questions. Moderate skill level.\nHelp other people find our skill by rating Bible Knowledge in the Alexa Skill Store.", "details": "Skill Details\nRated: Guidance Suggested.\nThis skill contains dynamic content.\nInvocation Name: bible knowledge\nDeveloper Terms of Use", "privacy_policy_href": ""}, "Faith Baptist Church of Coram News Brief": {"review-count": "0", "description": "Description\nTo keep members of Faith Baptist Church of Coram members and the community updated with the church\u2019s, Senior Nutrition, meals on wheels programs, Before and after school programs, food and clothing panties, prison ministry, and religious services and functions.", "details": "Skill Details\nFlash Briefing Skill\nThis skill contains dynamic content.\nDeveloper Privacy Policy\nDeveloper Terms of Use", "privacy_policy_href": "https://mychurchdaily.com/mcd/privacy.php"}, "Daily Motivational Success": {"review-count": "0", "description": "Description\nListen to daily updates from your favorite source. You can just say \"Alexa, what's my flash briefing\". You can say \"Alexa, stop\" to exit anytime.\n\nThis skill was created using a Skill Blueprint. Your requests to this skill are not shared with the skill developer.", "details": "Skill Details\nFlash Briefing Skill\nThis skill contains dynamic content.", "privacy_policy_href": ""}, "Desk Break": {"review-count": "1", "description": "Description\nDeskBreak not only helps you to set reminders to get up and take a break from sitting all day long, but it gives you optional stretches and movements to incorporate into your workday.\nSitting for extended periods of time has shown to be extremely detrimental to our health and\nwellbeing. With desk jobs and working from home becoming a more permanent solution to the\npandemic, it is more important than ever for us to be mindful of how much time we spend in a seated\nposition.\nSitting all day long can lead to health problems such as lower back pain, neck pain, and hip and pelvic floor issues. It also has been shown to be a contributing factor to mortality.\nDeveloped and designed by Dr. Shannon Connolly to combat the lower back pain and pelvic floor issues she sees every day in her practice.", "details": "Skill Details\nRated: Guidance Suggested.\nThis skill contains dynamic content.\nInvocation Name: desk break\nDeveloper Privacy Policy\nDeveloper Terms of Use", "privacy_policy_href": "http://uppercervicalcareofsocal.com/"}, "Eric is Testing": {"review-count": "0", "description": "Description\nHope you enjoy my testing content", "details": "Skill Details\nFlash Briefing Skill\nThis skill contains dynamic content.", "privacy_policy_href": ""}, "Inspire The Times": {"review-count": "0", "description": "Description\nStart your day with an inspirational list of quotes. When using the skill, you can say \"Alexa, next\" to move to the next quote. At any point, you can say \"Alexa, stop\" to exit the skill.\nThis skill was created using a Skill Blueprint. Your requests to this skill are not shared with the skill developer.", "details": "Skill Details\nThis skill contains dynamic content.\nInvocation Name: inspire the times", "privacy_policy_href": ""}, "The Divine Mercy Chaplet": {"review-count": "0", "description": "Description\nPray The Chaplet of The Divine Mercy with Father Michael Gaitley, MIC. You can pause and play by saying \"Alexa, pause\" and \"Alexa, resume.\" Just say \"Alexa, stop\" when you're done for the day.", "details": "Skill Details\nThis skill contains dynamic content.\nInvocation Name: divine mercy chaplet", "privacy_policy_href": ""}, "Present Moment": {"review-count": "0", "description": "Description\nBe inspired by random quotes from world renowned spiritual teacher and author Eckhart Tolle (Unofficial skill).\n\nTake a moment each day to be present and embrace the power of the Now.\n\nTo start, just say \"Alexa, launch Present Moment\" or \"Alexa, open Present Moment\" to get a quote.\n\nAt anytime, you can stop by saying \"Alexa, stop\"", "details": "Skill Details\nThis skill contains dynamic content.\nInvocation Name: present moment", "privacy_policy_href": ""}, "Office Of Readings": {"review-count": "1", "description": "Description\nListen to daily Readings for the Liturgy of the Hours, Office of the Readings 2 Year Cycle. You can just say \"Alexa, what's my flash briefing\". You can say \"Alexa, stop\" to exit anytime.\n\nA Two Year Patristic Lectionary for the Divine Office. Edited by Stephen Mark Holmes (University of Edinburgh School of Divinity) Pluscarden Abbey, Scotland\n\nThe aim of the Two Year Patristic Lectionary is thus:\n\nTo have each patristic reading either related to the Scripture reading or to the season of the Church's year.\n\nTo have a reading for every day of the Temporal cycle (i.e. including days such as Christmas, Ascension, Sacred Heart).\n\nTo have the vast majority of the 'patristic' readings from the Fathers of the Church, although following medieval precedent writers such as Origen have been included. This gives it ecumenical value.\n\nTo use readings from the one year cycle in the Divine Office and the two year cycle of Word in Season whenever possible.\n\nTo include the texts of a complete two-year Scripture cycle, as approved by the Holy See, for use with the patristic readings.\n\n\nThe lectionary is in use in monasteries in Scotland, England, the USA, Ghana and South Africa. We hope that its inclusion as a free resource on the website of the Durham University Centre for Catholic Studies will enable it to be of use to the wider Church beyond the monasteries of the Benedictine Confederation.\n\nThe History of the Patristic Lectionary\nA 'patristic lectionary' is a series of readings from the fathers (in Latin patres) of the Church. Scripture has always been read in the Church in the context of tradition. With the development of the Divine Office (services of prayer celebrated at different times of each day) the daily cycle of Scripture reading came to be accompanied by commentaries from the fathers of the Church, as St Benedict wrote in the middle of the sixth century, 'Let the inspired books of both the Old and the New Testaments be read at Vigils, as also commentaries on them by the most eminent orthodox and catholic fathers' (Rule of Benedict, IX). The main surviving early Latin collections of readings from the fathers, or patristic lectionaries, are those of Alan of Farfa and Paul the Deacon from the eighth century. These formed the basis of the patristic lectionary used in the Roman Breviary and many other Latin Breviaries. Over time the readings from the fathers were cut back in length with no thought to their meaning. Attempts were made to improve the patristic lectionary by Cardinal Qui\u00f1onez in the sixteenth century, the monks of Cluny in the seventeenth century and Archbishop Vintimille of Paris in the eighteenth, but the inadequate patristic lectionary of the Breviarium Romanum (1568) and Breviarium Monasticum (1612) continued in use until the Second Vatican Council (1962-65).\n\nThis skill was created using a Skill Blueprint. Your requests to this skill are not shared with the skill developer.", "details": "Skill Details\nFlash Briefing Skill\nThis skill contains dynamic content.\nDeveloper Terms of Use", "privacy_policy_href": ""}, "crazy joke": {"review-count": "1", "description": "Description\nPrueba estas bromas alegres para a\u00f1adir m\u00e1s diversi\u00f3n a tu d\u00eda. Cuando uses la skill, puedes decir \"Alexa, siguiente\" para pasar a la siguiente broma. En cualquier momento, puedes decir \"Alexa, para\" para salir de la skill.\nEsta skill se cre\u00f3 usando un Skill Blueprint. Tus solicitudes para esta skill no se comparten con el desarrollador de la skill.", "details": "Skill Details\nRated: Mature.\nThis skill contains dynamic content.\nInvocation Name: broma loca", "privacy_policy_href": ""}, "Wake Up Time": {"review-count": "0", "description": "Description\nA sleep calculator to help you find best time to wake up or go to bed based on your sleep cycle", "details": "Skill Details\nThis skill contains dynamic content.\nInvocation Name: wake up time\nDeveloper Privacy Policy", "privacy_policy_href": "https://docs.google.com/document/d/1_N6qhRgPb4oSg3RLSGbJIZmk35idUvcDPjvDczlUWZU/edit?usp=sharing"}, "Healthy Recipes": {"review-count": "0", "description": "Description\nHealthy Recipes is here to be your trusted cooking companion. Look up and learn to make quick and healthy recipes for breakfast, lunch, dinner, or snacking.", "details": "Skill Details\nThis skill contains dynamic content.\nInvocation Name: healthy recipes", "privacy_policy_href": ""}, "Unbeatable Heart Podcast": {"review-count": "0", "description": "Description\nIf you're going through a breakup and don't know what to do, if you're trying to figure out how to forget your ex but without success, or if you don't believe a broken heart can be healed, this show is for you.\n\nIn this show, you will learn how to heal your heart, how to become a better person, how to stop thinking obsessionally about your ex, how to create a better relationship, and become a better partner.\n\nNew episodes every Saturday.", "details": "Skill Details\nFlash Briefing Skill\nThis skill contains dynamic content.", "privacy_policy_href": ""}, "laundry On Demand": {"review-count": "0", "description": "Description\nLaundry On Demand has hundreds of trained background checked professionals standing by to knock out that laundry for you. We will pick up your laundry anywhere in DFW, and wash, dry, sort, fold, and return it FAST. You don't even have to pick up your phone anymore to schedule. Alexa can now do your laundry!", "details": "Skill Details\nRated: Guidance Suggested.\nThis skill contains dynamic content.\nInvocation Name: my laundry\nDeveloper Privacy Policy\nDeveloper Terms of Use", "privacy_policy_href": "https://laundryod.com/privacy-policy/"}, "Daily Bible Inspiration": {"review-count": "0", "description": "Description\nStart your day with an inspirational list of bible verses. When using the skill, you can say \"Alexa, next\" to move to the next quote. At any point, you can say \"Alexa, stop\" to exit the skill.\nThis skill was created using a Skill Blueprint. Your requests to this skill are not shared with the skill developer.", "details": "Skill Details\nThis skill contains dynamic content.\nInvocation Name: daily bible inspiration", "privacy_policy_href": ""}, "GetMusicHome | Listen Music GoogleDrive Unofficial": {"review-count": "1", "description": "Description\nGet Music Home is the perfect skill to create your own and personal Music Playlist from Google Drive. It helps you to play your favorite music on your assistant without the hassle.\n\nNO need to have a server\nNO need to turn on a computer\nNO need to turn on bluetooth\nNO extra device needed\nJUST need a voice assistant\n\n\nHow to setup \"Get Music Home | Listen to your Own Music from Google Drive (unofficial)\"?\n\n>>>>>>> INSTRUCTIONS <<<<<<<\n\nSTEP 1. Enable the skill and link your Amazon account\nSTEP 2. Go to https://getmusichome.com with your favorite browser\nSTEP 3. Log in with your Amazon account\nSTEP 4. Share your Google Drive folder\nSTEP 5. Enjoy your own and personal music playlist by saying 'Alexa, open Get Music Home'\n\n------------------------\n\n\nHow to use \"Get Music Home | Listen to your Own Music from Google Drive (unofficial)\"?\n\nAfter following the instructions, you can say:\n- \"Alexa, open Get Music Home\"\n- \"Alexa, start Get Music Home\"\n- \"Alexa, launch Get Music Home\"\n\nBy default, it will automatically play your own and personal music playlist for one hour until you say \"Alexa, stop\".\n\n\nWhy \"Get Music Home | Listen to your Own Music from Google Drive (unofficial)\" stops after one hour?\n\nWithout any subscription to our premium membership, the skill will automatically stop after one hour and you need to relaunch the skill to continue listening to the playlist.\n\n>>>>>>> PREMIUM MEMBERSHIP FEATURE <<<<<<<\nWith Get Music Home Plus, you can listen to your playlist without any limit.\n\n\nHow to set a timer?\n\nFirst, you need to play the sound using one of the above method. Then, you can limit the time the sound will play by saying \"Alexa, stop playing in 1 hour\" (or however long you want it to last). Once 1 hour has passed, the sound will stop playing.\n\n\nHow to contact us?\n\nYou can send us any suggestion or any issue to this email address: myaimelyne@gmail.com\n\n\n----CREDITS----\n\nThis Skill is not created by, affiliated with, or supported by Google. It's purely fan-made, it was just built by an engineer who was passionate about Voice app.", "details": "Skill Details\nRated: Guidance Suggested.\nThis skill contains dynamic content.\nInvocation Name: get music home\nDeveloper Privacy Policy", "privacy_policy_href": "https://getmusichome.com/privacy-policy.html"}, "Read the Bible in a Year": {"review-count": "1", "description": "Description\nDaily readings designed to help you complete reading of the Bible in a year", "details": "Skill Details\nFlash Briefing Skill\nThis skill contains dynamic content.", "privacy_policy_href": ""}, "MMH": {"review-count": "0", "description": "Description\nThis is a sample application to perform POC around automation gas diagnosis process using Alexa Skill kit.\n\nHere are few utterances to test.\n1. to open this skill, just say, \"Alexa, open manage my home\"\n2. to log complain, just say. \"my gas burner does not light properly\"", "details": "Skill Details\nThis skill contains dynamic content.\nInvocation Name: manage my home", "privacy_policy_href": ""}, "Thrillist's Weekend Guide to NYC": {"review-count": "0", "description": "Description\nFor more than a decade, millions upon millions of readers have turned to Thrillist to make the most of their time off. We tell you where to drink, what to eat, and how to experience your own city like a bona fide expert. Now, we're taking our award-winning research and journalism straight to your eardrums with Thrillist's Weekend Guide to NYC: an audio to-do list, designed to always keep you up-to-date on new restaurant openings, happy hour specials, pop-up events, festivals, insider deals, and exclusive local insights you simply can't find anywhere else. Every week, our team of editors, writers, and experts will give you a quick-hit list of everything you need to make your weekend fun again. Consider this your secret fountain of local knowledge that will consistently impress your friends, and make sure you squeeze as much fun as humanly possible out of your weekend.", "details": "Skill Details\nRated: Guidance Suggested.\nThis skill contains dynamic content.\nInvocation Name: thrillist n. y. c.\nDeveloper Privacy Policy", "privacy_policy_href": "https://policies.spokenlayer.net/privacy-policy/alexa-skill/thrillist-weekend-nyc"}, "Daily Light Devotional": {"review-count": "0", "description": "Description\nDaily scripture readings for morning and evening devotions. You can also catch Daily Light weekdays on KCIS 630 in Seattle during Morning Devotion with Mark Holland at 7:40am and during Quiet Time Music with Joe Micheals at 9:40pm.\n\nScripture selections are sourced from the Crosswalk.com feature \u201cDaily Light on the Daily Path\u201d (compiled by Samuel Bagster) where you can find the full text.", "details": "Skill Details\nFlash Briefing Skill\nThis skill contains dynamic content.", "privacy_policy_href": ""}, "Happy Wife": {"review-count": "11,052", "description": "Description\nA collection of advices which worked for me to keep my wife happy and our marriage alive.", "details": "Skill Details\nThis skill contains dynamic content.\nInvocation Name: happy wife", "privacy_policy_href": ""}, "Eight O'Clock Coffee": {"review-count": "0", "description": "Description\nExplore the aroma and bold flavors of Eight O\u2019Clock Coffee on Alexa to make your coffee experience more delightful, and that too, with just your voice. Are you craving for a cup of hot coffee or cold? Ask Eight O' clock Coffee for DIY recipes or try brewing tips for a fine aromatic result. With a range of recipes for hot, cold, sweet, and even savory options, we\u2019ve got you covered for every mood. Don\u2019t know what coffee you feel like having? No worries. Just ask for a surprise and we\u2019ll make our recommendation especially curated for you!\nA wide variety of recipes or expert tips on brewing are not all,get answers to the questions you may have around your favorite coffee including the types, available variants, and their prices! In addition, we\u2019ve dedicated a special section on the legacy of Eight O\u2019Clock Coffee. Let\u2019s get cracking, say \u2018Alexa, Open eight o'clock \u2019 and begin your journey.\nAbout Eight O\u2019Clock Coffee:\nEOC with a legacy of 160+ years has been America\u2019s most loved coffee brand, proudly roasting coffee in Maryland. Over the years, we've explored new varieties, changed our look, rolled out ground, and single serve coffee, while keeping some things intact, such as the classic flavors across 100+ varieties.", "details": "Skill Details\nThis skill contains dynamic content.\nInvocation Name: eight o'clock\nDeveloper Privacy Policy\nDeveloper Terms of Use", "privacy_policy_href": "https://www.eightoclock.com/eoc-alexa-skill-privacy-policy"}, "Central Baptist Sermon Podcast with Adam Burton": {"review-count": "0", "description": "Description\nListen to weekly messages from Pastor Adam Burton from Central Baptist Church in Maysville, KY. You can just say \"Alexa, what's my flash briefing\". You can say \"Alexa, stop\" to exit anytime.\n\nThis skill was created using a Skill Blueprint. Your requests to this skill are not shared with the skill developer.", "details": "Skill Details\nFlash Briefing Skill\nRated: Guidance Suggested.\nThis skill contains dynamic content.", "privacy_policy_href": ""}, "Gro Health": {"review-count": "0", "description": "Description\nLive well with Gro Health - developed with the world's leading clinicians to address key areas of health: activity, sleep, nutrition and wellbeing.\n\nGro Health for Alexa provides award-winning education, resources and AI-driven behaviour change support direct to your voice-activated assistant.\n\nGro Health is demonstrated to help people lose weight, reduce medications and feel healthier. Track your health, visualise your progress and get real-time feedback to make healthy habits stick. It's smart health in your pocket. Our outcomes have been featured in Forbes, The Sun, The Telegraph, The Sunday Times, Sky, ITV, BBC, and New Scientist.\n\nHOW TO USE GRO HEALTH\n\nTo use Gro Health, you need an active Gro Health subscription.\n\nTo get started say \"Alexa, open Gro Health\".\n\nYou must have a Gro Health account to use this skill.\n\nDESTRESS AND RELAX\n\nJust tell Alexa:\n\n\u201cI want to meditate\u201d\n\nAnd then choose from relaxation music, classical music, visual meditations, and guided mindfulness sessions.\n\nGET READY FOR BED\n\nUnwind before bedtime with stories and music designed to help you sleep.\n\n\u201cGive me a sleep story\u201d\n\u201cGive me a bedtime story\u201d\n\nGET ACTIVE\n\nGet active at home with on-demand exercise workouts led by qualified Personal Trainers. Log your workouts directly to your Gro account.\n\n\u201cGive me an exercise\u201d\n\u201cGive me a workout\u201d\n\u201cLet's workout\u201d\n\u201cI want to exercise\u201d\n\u201cGive me a yoga\u201d\n\nBe sure to set your fitness level in the app before starting.\n\nLEARN NEW HABITS\n\nWatch multi-award-winning education developed with the world's leading experts.\n\nAsk Alexa to:\n\nGive me an activity lesson\nGive me a nutrition lesson\nGive me a sleep lesson\nGive me a wellbeing lesson\n\nChoose from low carb, ketogenic, Mediterranean and balanced diet nutrition programs in the app before you start.\n\nFEEDBACK AND SUPPORT\n\nVisit us at https://www.gro.fit to learn more and for customer support.\n\nIf you love Gro Health, we'd really appreciate it if you would kindly leave a review. If you don't love Gro Health, let us know how to make it better at support@grohealth.com. Your feedback is vital to us as we empower people around the globe.\n\nDISCLAIMER: The information in this skill is provided for informational and educational purposes only. It is not a substitute for professional medical advice, treatment or diagnosis. Call your doctor to receive medical advice. If you think you may have a medical emergency, please dial your local emergency response phone number.", "details": "Skill Details\nRated: Guidance Suggested.\nThis skill contains dynamic content.\nInvocation Name: gro health\nDeveloper Privacy Policy\nDeveloper Terms of Use", "privacy_policy_href": "https://grohealth.com/privacy"}, "Sibling's Debate": {"review-count": "0", "description": "Description\nHow well do you know your other half? In this party game for friends or couples, players pair up to form a group. At the start of the game, Alexa quizzes each player on how well they know their friend or partner. The first player provides a response, and the second player in their group judges the responses. Get your group to the top and play today! Note: This skill was created using the Doubles Trouble Skill Blueprint. Your requests to this skill are not shared with the skill developer.", "details": "Skill Details\nThis skill contains dynamic content.\nInvocation Name: sibling's debate\nDeveloper Terms of Use", "privacy_policy_href": ""}, "Rain On Window with Thunder Sounds relaxing": {"review-count": "0", "description": "Description\n\"Alexa, open sleeping rain\"\n\nSleeping rain is a great ambience sound of a rainy night in the forest. I fell asleep in the middle of the city and woke up in the middle of the night, and the outside turned into a forest! It's raining outside. Close your eyes and listen quietly to the rain falling on the trees and leaves in the forest. I wanted to create a dreamy forest that wasn't bright or dark but not scary at the same time. You can see it somewhere, but I've painted a forest that you wouldn't see if you lived in a city.\n\n\nSteps for using the skill:\n\nSession 1:\nUser: Alexa, open sleeping rain\nAlexa: Starting sleeping rain You can say, start or begin, to begin.\nUser: start\nUser: begin\nAlexa: Rain on window thunder sounds\n<Alexa completes the story or user interruption>\nUser: Alexa, stop\nUser: Alexa, resume\nUser: Alexa, start over\nUser: Yes/No\n\n\nSession 2:\nUser: Alexa, open sleeping rain\nAlexa: <audio> You were listening to rain on window thunder sounds, Would you like to resume?\nUser: No\nAlexa: <Alexa starts over. At any time, you can say Pause to pause the audio and Resume to resume.\n\nSession 3:\nUser: Help\nAlexa: You are listening to sleeping rain. At any time, you can say Pause to pause the audio and Resume to resume.\n\nAlexa routines are an easy way for Alexa to perform a series of actions at the same time, in a certain order. A routine can be triggered from a custom utterance or something else, like an alarm going off. How they can routinely use your skills \u2013 whether it\u2019s during their morning ritual, when they\u2019re getting ready for bed, or when it\u2019s party time.\n\nDaily sound routine\nTo add this sound skill to a daily timer, follow these steps:\n\n1. Open your Alexa App.\n\n2. Select Routines.\n\n3. Select Schedule, add a time (say 7 AM).\n\n4. Choose Skills / Your Skills.\n\n5. Choose 'Rain On Window with Thunder Sounds'. Done.", "details": "Skill Details\nThis skill contains dynamic content.\nInvocation Name: sleeping rain", "privacy_policy_href": ""}, "Sleep Sound: Indian Flute & Tibetan Bowl sounds": {"review-count": "0", "description": "Description\nThis skill provide Indian Flute & Tibetan Bowl Sound which will help you in sleep or in meditation to make you relax and provide positive energy. This skills helps you to medidate and emotional well being. Emotional benefit will help you to gain a new perspective on stressful situation, building skills to manage your stress, Increase self awareness , focussing on the present, reducing negative emotions, Increasing imagination and creativity and Increase patience and intolerance.", "details": "Skill Details\nThis skill contains dynamic content.\nInvocation Name: flute sounds", "privacy_policy_href": ""}, "Daily Bible Scripture": {"review-count": "0", "description": "Description\nA Bible passage that is curated daily to your Alexa", "details": "Skill Details\nThis skill contains dynamic content.\nInvocation Name: daily bible scripture\nDeveloper Privacy Policy\nDeveloper Terms of Use", "privacy_policy_href": "https://sites.google.com/view/roddlabs/privacy-policy?authuser=0"}, "What is life": {"review-count": "0", "description": "Description\nListen to the latest talks from your spiritual center. You can pause and play by saying \"Alexa, pause\" and \"Alexa, resume.\" Just say \"Alexa, stop\" when you're done for the day. When listening to podcasts you can say \"Alexa, shuffle\" to shuffle the playing order, or \"Alexa, loop\" to loop the current episode. You can also ask for previous and next episodes by saying \"Alexa, previous\" and \"Alexa, next\". This skill was created using a Skill Blueprint. Your requests to this skill are not shared with the skill developer.", "details": "Skill Details\nThis skill contains dynamic content.\nInvocation Name: what is life\nDeveloper Terms of Use", "privacy_policy_href": ""}, "Wet Fart": {"review-count": "885", "description": "Description\nWe've recorded a nice long juicy fart for you. Say 'Alexa, wet fart' to begin.\n\n\nPlease leave us a review with the next fart sound you would like to see. We will pick the most creative one and try to create it!", "details": "Skill Details\nThis skill contains dynamic content.\nInvocation Name: wet fart\nDeveloper Privacy Policy", "privacy_policy_href": "https://www.stokedskills.com/privacy/wetfart.html"}, "Let's Pray": {"review-count": "0", "description": "Description\nEscucha oraciones cat\u00f3licas de uso corriente como el Padre Nuestro, el Credo, El Ave Mar\u00eda, etc.", "details": "Skill Details\nThis skill contains dynamic content.\nInvocation Name: vamos a rezar\nDeveloper Privacy Policy (Spanish, ES)\nDeveloper Privacy Policy (Spanish, US)\nDeveloper Privacy Policy (Spanish, MX)", "privacy_policy_href": "https://creator.voiceflow.com/creator/terms?name=Victoria&skill=Vamos%20a%20Rezar&children=false"}, "5 Minute Stretching": {"review-count": "0", "description": "Description\nThe 5-minute stretching routine that you can do daily to feel refreshed and ready to go each morning!\n\nThis 5-minute routine will loosen your tight muscles that may be leading to discomfort. By incorporating this program into your daily routine, you can feel energized and ready to go every day!\n\nDISCLAIMER: Not all stretches are suitable for everyone. Please know your limits and perform these exercises carefully. Check with your doctor before beginning this stretching program to avoid the risk of injury.", "details": "Skill Details\nThis skill contains dynamic content.\nInvocation Name: five minute stretching", "privacy_policy_href": ""}, "Christian music": {"review-count": "0", "description": "Description\nListen to christian music in live from Radio Adventiste bethanie. You can pause and play by saying \"Alexa, pause\" and \"Alexa, resume.\" Just say \"Alexa, stop\" when you're done for the day. When listening to podcasts you can say \"Alexa, shuffle\" to shuffle the playing order, or \"Alexa, loop\" to loop the current episode.", "details": "Skill Details\nThis skill contains dynamic content.\nInvocation Name: christian music", "privacy_policy_href": ""}, "Daughter Messages": {"review-count": "0", "description": "Description\nCelebrate mom with a list of awesome compliments. At any point, you can say \"Alexa, stop\" to exit the skill.", "details": "Skill Details\nThis skill contains dynamic content.\nInvocation Name: my daughter message", "privacy_policy_href": ""}, "Vastu Shastra": {"review-count": "0", "description": "Description\nVastu Shastra , which is an ancient guide and traditional Indian system of architecture\nto enhance prosperity and positivity for a home.\n\nThis skill give the basic details of Vastu shastra for a home. User can interact with Alexa, to know the details\nof home by their facing direction (East, West , North & South). Also the ideal location of rooms like hall, dining room, pooja room.\nkitchent, etc.", "details": "Skill Details\nThis skill contains dynamic content.\nInvocation Name: vastu shastra\nDeveloper Privacy Policy\nDeveloper Terms of Use", "privacy_policy_href": "https://github.com/logasundari/AlexaSkill-PrivacyPolicy"}, "Grant Boys": {"review-count": "0", "description": "Description\nThis is a first app to learn how to program with Alexa. It is about the Grant Family", "details": "Skill Details\nThis skill contains dynamic content.\nInvocation Name: grant boys", "privacy_policy_href": ""}, "CSL Reno Daily Inspirations": {"review-count": "0", "description": "Description\nEvery day, Rev. Dr. Liesa Garcia shares an inspirational word of encouragement, positivity and healing from the writings of Ernest Holmes, the founder of Science of Mind and Spirit. Take a two-minute break to feel the Love, know the Truth and set something new in motion for yourself.", "details": "Skill Details\nFlash Briefing Skill\nThis skill contains dynamic content.\nDeveloper Privacy Policy\nDeveloper Terms of Use", "privacy_policy_href": "https://mychurchdaily.com/mcd/privacy.php"}, "Easy Cook": {"review-count": "0", "description": "Description\nWelcome to the new Easy Cook skill for Amazon Alex designed to recommend you breakfast, lunch, dinner, or snacks recipes. Wether you are a novice to cooking or you have an experienced hand, Easy Cook recommends recipes that can be easily made.\nSimply search by, 'breakfast', 'lunch', 'dinner', or snacks to get variety of healthy, and delicious recipes.\nEasy Cook is your perfect cooking partner at your kitchen.", "details": "Skill Details\nThis skill contains dynamic content.\nInvocation Name: easy cook", "privacy_policy_href": ""}, "Affirmation Hub": {"review-count": "0", "description": "Description\nAffirmation Hub by Koachi is an Alexa skill designed to positively impact your life daily. Just listening to two affirmations per day can change your mood and reframe your current mindset. We recommend listening to two affirmations per day, once you have listened to your two affirmations hold them in mind through out your day.\n\nWHY LISTEN TO AFFIRMATIONS?\nAn affirmation is a tool you can use to overcome many negative or destructive beliefs you have. Listening to positive affirmations daily can potentially improve your self-esteem, leave you feeling energised, impact your mood and reduce stress.\n\nHOW DOES IT WORK?\nTo teach your Alexa this skill, simply say \"Alexa, open Affirmation Hub\".\n\nOnce opened, you'll have the option of manifesting love or wealth in this given session. Once you tell Alexa what it is you would like to manifest you will hear affirmations related to your selection. You can continue to listen to more affirmations when prompted with \"Would you like another affirmation?\".\n\nTo relaunch affirmation hub simply say \"Alexa, open Affirmation Hub\"\n\nA NOTE FROM KOACHI\nThe purpose behind designing this skill is to positively impact individuals lives daily. Our hope is that the use of this skill will provide positive affirmations that resonate with our users and positively impact their day. If you have any feedback on how this skill has improved your day or how we can improve the skill to meet our users needs we would like to hear from you.\n\nAll the best,\nTeam Koachi", "details": "Skill Details\nThis skill contains dynamic content.\nInvocation Name: affirmation hub\nDeveloper Privacy Policy\nDeveloper Terms of Use", "privacy_policy_href": "https://creator.voiceflow.com/creator/terms?name=Koachi&skill=Affirmation%20Hub&children=false"}, "Debby_Notes": {"review-count": "0", "description": "Description\nDebby Notes helps you remember where things are. You can tell Debby Notes where something is and later ask for a reminder. A Debby Notes mobile app is available to extend the skill by providing the following capabilities:\n\u2022 An Alexa skill with complementary mobile app that is dedicated to help you remember where things are\n\u2022 Simple to use search function to locate things on the mobile app or just ask Alexa\n\u2022 Things and location information are securely stored in cloud\n\u2022 Stored information are accessible from multiple mobile devices\n\u2022 Mobile app can save things and locations while mobile device is off-line\n\u2022 Off-line data are automatically synchronized when mobile devices are back on-line", "details": "Skill Details\nRated: Guidance Suggested.\nThis skill contains dynamic content.\nInvocation Name: debby notes\nDeveloper Privacy Policy\nDeveloper Terms of Use", "privacy_policy_href": "http://www.debbysolutions.com/support/debby-notes-skill-privacy-policy/"}, "My Daily Affirmations": {"review-count": "0", "description": "Description\nAffirmations to listen to daily and create a positive mindset. Focus on health, attitude, wealth, and relationships.", "details": "Skill Details\nThis skill contains dynamic content.\nInvocation Name: my daily affirmations", "privacy_policy_href": ""}, "Houston Methodist Care Pathway": {"review-count": "0", "description": "Description\nGet reliable advice \u2014 validated by Houston Methodist physicians \u2014 on various symptoms, before and after your hospital stay. Enable Houston Methodist Care Pathway on your Alexa device and ask Alexa \u201chow should I be feeling\u201d or \u201cwhen should I be concerned.\u201d If Alexa does not have all the information you are seeking, Alexa will guide you toward connecting with your Houston Methodist physician.", "details": "Skill Details\nRated: Guidance Suggested.\nThis skill contains dynamic content.\nInvocation Name: houston methodist care pathway\nDeveloper Privacy Policy\nDeveloper Terms of Use", "privacy_policy_href": "https://it.houstonmethodist.org/privacy-and-disclaimer/"}, "Stacked": {"review-count": "0", "description": "Description\nStacked is a sandwich recipe skill that walks you through making simple sandwiches. With Stacked having recipes for breakfast, lunch, dinner, or snack, you'll always have a reason to go for a sandwich at any time of the day. What are you waiting for? Grab some ingredients and start stacking!", "details": "Skill Details\nThis skill contains dynamic content.\nInvocation Name: stacked recipes", "privacy_policy_href": ""}, "Puerto Rican Cycling Federation": {"review-count": "0", "description": "Description\nLa Skill esta dedicada al calendario de eventos de la Federaci\u00f3n de Ciclismo Puertorrique\u00f1a", "details": "Skill Details\nThis skill contains dynamic content.\nInvocation Name: eventos de fecipur", "privacy_policy_href": ""}, "Major Workout": {"review-count": "0", "description": "Description\nWork out with Alexa throughout the week. Once you open the skill, just ask Alexa to start the workout. You can also ask Alexa for your progress", "details": "Skill Details\nThis skill contains dynamic content.\nInvocation Name: personal trainer", "privacy_policy_href": ""}, "Gym Progress Tracker": {"review-count": "0", "description": "Description\nAsk Gym Progress Tracker to send you a text telling you how much to lift on any given day. Simply track for the first week then progression is made automatically thereafter based on the linear progression model.\n\nFurthermore, there is also some periodization applied so week by week the reps change depending on your schedule. This fits with more advanced lifters too, the schedule varies depending on what you tell it. So the routine is completely flexible!\n\nHowever, the lifts are restricted to the main compound lifts, but more can be added upon request. However, as most programs solely consist of the big five, (bench press, squat, deadlift, overhead press and bent over row) these are usually enough. Once you tell progress track how much you lifted, you get an estimation of your one rep and training max. Then next week you can get a new set of weights on that same day. Ask for a text, or what you can do today, or just tell the skill what you did today at the gym.\n\nSay, \"Alexa, launch progress tracker and tell me how much I should lift today\" and say \"yes\" when Alexa prompts you, for a text message or \"no\" if you just want to be told right then.\n\nOr, Say \"Alexa tell progress tracker I just did 90 pounds for the squat today\" and then prepared to be grilled about your latest gym session.", "details": "Skill Details\nRated: Guidance Suggested.\nThis skill contains dynamic content.\nInvocation Name: progress tracker\nDeveloper Privacy Policy", "privacy_policy_href": "https://lift.kaizadwadia.com/privacy-policy"}, "My Rise Ritual": {"review-count": "0", "description": "Description\nThis program was created to help develop a practice of rising well. So much of our day starts in the first few minutes of the day. However, if you control those minutes, are mindful with them that mindfulness can guide the rest of your day, and eventually your life.", "details": "Skill Details\nFlash Briefing Skill\nThis skill contains dynamic content.\nDeveloper Privacy Policy\nDeveloper Terms of Use", "privacy_policy_href": "https://vernonross.com/privacy-policy/"}, "Prayer of the Day": {"review-count": "0", "description": "Description\nA daily prayer to start your day", "details": "Skill Details\nFlash Briefing Skill\nThis skill contains dynamic content.", "privacy_policy_href": ""}, "QuoteHero Tip of the Day": {"review-count": "0", "description": "Description\nNo matter if you're young or old, we all need a little advice and good counsel in making our life better, and the QuoteHero Life Tip of the Day gives you a daily dose of experience aimed at helping you get the most out of your life. From household tips to security secrets to saving money, every episode of the QuoteHero Life Tip of the Day will help you live a better, smarter and more informed life.\n\nHosted by Steve Weber, this lively daily show is produced by QuoteHero, an innovative new technology provider that offers a one-stop solution for many of life's vital protection needs, including insurance, warranty, and personal/family protection products.\n\nSince 2017, QuoteHero has helped thousands of people save money, stay safe and navigate their lives more effectively.", "details": "Skill Details\nFlash Briefing Skill\nRated: Guidance Suggested.\nThis skill contains dynamic content.", "privacy_policy_href": ""}, "Random Selector": {"review-count": "0", "description": "Description\nLa pr\u00f3xima vez que est\u00e9s tratando de decidir algo dif\u00edcil, solo p\u00eddele a Alexa que te ayude. En cualquier momento, puedes decir \"Alexa, para\" para salir de la skill.\nEsta skill se cre\u00f3 usando un Skill Blueprint. Tus solicitudes para esta skill no se comparten con el desarrollador de la skill.", "details": "Skill Details\nThis skill contains dynamic content.\nInvocation Name: selector al azar", "privacy_policy_href": ""}, "One liners": {"review-count": "0", "description": "Description\nTry these lighthearted burns to add more fun to your day. When using the skill, you can say \"Alexa, next\" to move to the next burn. At any point, you can say \"Alexa, stop\" to exit the skill.\nThis skill was created using a Skill Blueprint. Your requests to this skill are not shared with the skill developer.", "details": "Skill Details\nRated: Mature.\nThis skill contains dynamic content.\nInvocation Name: one liner roasts", "privacy_policy_href": ""}, "pushup challenge": {"review-count": "0", "description": "Description\nPush Up Challenge gives you a random amount of pushups to do each day! Start your day with a goal for how many pushups you can complete", "details": "Skill Details\nRated: Guidance Suggested.\nThis skill contains dynamic content.\nInvocation Name: pushup challenge\nDeveloper Privacy Policy\nDeveloper Terms of Use", "privacy_policy_href": "https://creator.voiceflow.com/creator/terms?name=Keon%20Jukes&skill=pushup%20challenge&children=false"}, "ThevoSmart": {"review-count": "0", "description": "Description\nTHOMASHILFEN \"ThevoSmart\"\n\nThevoSmart is an intelligent bed pad with sensor technology.\n\nWith this skill, you can now have your echo voice assistant announce the status.\nFor example, just say: Alexa, ask ThevoSmart, how is grandma?\n\nIMPORTANT: This skill is NOT an emergency response system or service and does not send notifications. It only reflects the status of the care recipient linked to your ThevoSmart system when you activate the skill and actively request the status via your voice assistant.\n\nNote: \"Grandma\" stands for the name of the person to be cared for, which you define in the ThevoSmart App.\n\nIf you manage several care recipients in your ThevoSmart App, you can easily check the status of all of them by saying \"Alexa, ask ThevoSmart, how is the status of my care?\n\nFurther possible questions:\n- Alexa, ask ThevoSmart, how is grandma?\n- Alexa, ask ThevoSmart, is grandma fine?\n- Alexa, ask ThevoSmart, in what state is grandma?\n- Alexa, ask ThevoSmart, in what way is grandma?\n- Alexa, ask ThevoSmart, status of grandma?\n- Alexa, ask ThevoSmart, what is the status of grandma?\n- Alexa, ask ThevoSmart, how is the status of my care?\n\n\nNote:\nTo use the skill, you must operate a ThevoSmart Sensor Mat.\n\nDo you not yet own a ThevoSmart Sensor Mat or do you have questions?\nCheck out https://www.thevosmart.com or send us an e-mail to info@thevosmart.com.", "details": "Skill Details\nRated: Guidance Suggested.\nThis skill contains dynamic content.\nInvocation Name: thevo smart\nDeveloper Privacy Policy\nDeveloper Terms of Use", "privacy_policy_href": "https://www.thevosmart.com/en/privacy-policy-alexa-skills"}, "Thrillist's Weekend Guide to NYC - Briefing": {"review-count": "0", "description": "Description\nFor more than a decade, millions upon millions of readers have turned to Thrillist to make the most of their time off. We tell you where to drink, what to eat, and how to experience your own city like a bona fide expert. Now, we're taking our award-winning research and journalism straight to your eardrums with Thrillist's Weekend Guide to NYC: an audio to-do list, designed to always keep you up-to-date on new restaurant openings, happy hour specials, pop-up events, festivals, insider deals, and exclusive local insights you simply can't find anywhere else. Every week, our team of editors, writers, and experts will give you a quick-hit list of everything you need to make your weekend fun again. Consider this your secret fountain of local knowledge that will consistently impress your friends, and make sure you squeeze as much fun as humanly possible out of your weekend.", "details": "Skill Details\nFlash Briefing Skill\nRated: Guidance Suggested.\nThis skill contains dynamic content.\nDeveloper Privacy Policy", "privacy_policy_href": "https://policies.spokenlayer.net/privacy-policy/alexa-skill/thrillist-weekend-nyc"}, "Pyrope for chest": {"review-count": "0", "description": "Description\nP\u00eddele a Alexa que le haga cumplidos a tu gente favorita (\u00a1o incluso a ti!) y ella escoger\u00e1 de una lista de cumplidos.\nEsta skill se cre\u00f3 usando un Skill Blueprint. Tus solicitudes para esta skill no se comparten con el desarrollador de la skill.", "details": "Skill Details\nThis skill contains dynamic content.\nInvocation Name: piropo para pechocho", "privacy_policy_href": ""}, "Assumption Today Flash": {"review-count": "0", "description": "Description\nListen to daily messages of inspiration and hope from the Franciscan Friars of Assumption Church in Syracuse, NY", "details": "Skill Details\nFlash Briefing Skill\nRated: Guidance Suggested.\nThis skill contains dynamic content.", "privacy_policy_href": ""}, "Ridge Road Church of Christ": {"review-count": "1", "description": "Description\nThis skill plays the latest several lessons from the Ridge Road Church of Christ in Ypsilanti, Michigan.", "details": "Skill Details\nRated: Guidance Suggested.\nThis skill contains dynamic content.\nInvocation Name: ridge road", "privacy_policy_href": ""}, "New Year's Resolutions Tracker": {"review-count": "0", "description": "Description\n\"The chains of habit are too weak to be felt until they are too strong to be broken.\" Samuel Johnson\n\nThe new year is the perfect time to build good habits and get rid of bad ones.\nResolutions Tracker helps you keep track of your New Year's Resolutions and turn them into habits to achieve your goals.\n\nTo open say \"Alexa open resolutionS tracker\".\nPlease be aware this is resolutionS tracker (with an s)\nTo add a new resolution just say \"Alexa add (play tennis)\".\nThen tell \"Alexa log (play tennis)\" each day you do it and Alexa will keep track of your streak.\nTo find out your streak simply say \"Alexa what is my (play tennis) streak?\"\nAsk: \"Alexa what are my resolutions?\" and she will list all your resolutions.\nYou can always delete all your data by saying \"Alexa delete all my resolutions\".\n\nWe would love to hear your feedback.", "details": "Skill Details\nThis skill contains dynamic content.\nInvocation Name: resolutions tracker\nDeveloper Privacy Policy", "privacy_policy_href": "https://tgtech06.github.io/New-Year-s-Resolutions-Tracker-Privacy-Policy/"}, "panchang": {"review-count": "0", "description": "Description\nPanchang refers to the 5 \"anga\"s (parts) of time. These decide the quality of time.", "details": "Skill Details\nThis skill contains dynamic content.\nInvocation Name: get panchang", "privacy_policy_href": ""}, "Thinking of Family": {"review-count": "0", "description": "Description\nCelebrate special occasions with your loved ones. When you open the skill, Alexa will play a slideshow with rich images and audio. You can say \"Alexa, stop\" to exit anytime.", "details": "Skill Details\nThis skill contains dynamic content.\nInvocation Name: thinking of family", "privacy_policy_href": ""}, "Kalyani's Book Reviews": {"review-count": "0", "description": "Description\nBook Reviews from avid reader and a critic for all new bestseller books!", "details": "Skill Details\nFlash Briefing Skill\nThis skill contains dynamic content.", "privacy_policy_href": ""}, "Vita Coco CHAD": {"review-count": "0", "description": "Description\nDisclaimer: this skill is a prank skill for entertainment purposes only and does not provide actual advice.\n\nC.H.A.D. is an advanced system of coconut computation that intakes data and outputs chill. Because whether you\u2019re recovering from a socially-distanced New Year\u2019s Eve celebration or nine months of Zoom calls, the same rules apply.\n\nTo activate C.H.A.D., Alexa users simply state: Alexa, enable Coconut Hangover Device. C.H.A.D. responds with quirky questions and thoughts such as:\n\n\"You can\u2019t spell binge without gin. Or whatever it was you put in your body last night.\"\n\n\"How do I work? Esoteric vibe analysis and quantum coconut computing, my friend.\"\n\n\"The best place to start tracing your steps is your camera roll. That could also be the worst place to start.\"\n\n....And Many More.", "details": "Skill Details\nRated: Mature.\nThis skill contains dynamic content.\nInvocation Name: coconut hangover device\nDeveloper Privacy Policy\nDeveloper Terms of Use", "privacy_policy_href": "https://www.vitacoco.com/privacy-policy/"}, "Our Everyday Conversation": {"review-count": "0", "description": "Description\nBased on questions from positive psychology methods, this simple conversation skill will help you talk about what you're most thankful for, what your main priorities are, and what your strengths are.", "details": "Skill Details\nThis skill contains dynamic content.\nInvocation Name: our everyday conversation", "privacy_policy_href": ""}, "Aaronic Blessing": {"review-count": "0", "description": "Description\nThis is the blessing from Number 6:24-26, sometimes called the Aaronic Blessing, the Priestly Blessing or the Blessing of the Kohanim. May you be blessed in hearing it in Hebrew, the native tongue that it was first uttered in, along with the English after.", "details": "Skill Details\nFlash Briefing Skill\nThis skill contains dynamic content.", "privacy_policy_href": ""}, "The Blessing": {"review-count": "0", "description": "Description\nThe famous blessing from Numbers 6:24-26, given to the Kohanim to speak over Gods people. May you be blessed today by His presence and experience His Kingdom come and His will be done right here on earth - Just as it is in Heaven!", "details": "Skill Details\nFlash Briefing Skill\nThis skill contains dynamic content.", "privacy_policy_href": ""}, "Big Meow": {"review-count": "1", "description": "Description\nWelcome to Big Meow, the best way for you to get in touch with your feline friends and hear all their meows, hisses, and more!", "details": "Skill Details\nThis skill contains dynamic content.\nInvocation Name: big meow", "privacy_policy_href": ""}, "How Spiritual Are You Quiz": {"review-count": "0", "description": "Description\nWelcome to the Spirit Checkup, this is one of a series of three quizzes to help you do a checkup on how in-tune you are with your mind, body, and spirit.  We highly encourage answering these questions truthfully, no one sees the results but you, unless you want to share them via social media.  Our comprehensive quizzes and our wholeness coaches can help you tune up your body, mind, and spirit health.  We highly suggest revisiting this quiz at least once a quarter for check-ins and reminders to do your mind, body, and spirit good!\n\nMany times, when people think of anything related to spirituality, their thoughts immediately move to external things like churches, mosques, temples, images of gods, ancient texts, and more. They think of prayer, meditation, rituals, giving, worshiping, and other activities. Rarely do people tend to think of themselves as a spiritual being.  There is a lot of doing and things, but not very much being.  What do I mean by being?  Being peaceful, being loving, being happy, being joyful, being wise, being authentic, being your true self, being truthful, and more all embody what it means to be spiritual.\n\nTake our quiz and if you would like, contact us and one of our wholeness coaches will help you with tips on how to lead a more mindful life.  Your answers will range from always, sometimes, and rarely, always should be chosen if it represents what you would do at least 90% of the time, sometimes if it represents what you would do at least 50 to 60% of the time, and rarely if it represents what you are least likely to do on any given question.", "details": "Skill Details\nRated: Guidance Suggested.\nThis skill contains dynamic content.\nInvocation Name: spiritual quiz", "privacy_policy_href": ""}, "Metropolitan Psychological Services": {"review-count": "0", "description": "Description\nWelcome to Metropolitan Psychological Services\nMetropolitan Psychological Services, PLLC (MPS PLLC) is a high-quality mental healthcare practice that provides psychotherapy to children and teens ages 5+, adults, couples and groups. MPS has 2 convenient office locations in Northern Virginia. MPS Arlington is in the heart of Courthouse/Clarendon, 2 blocks from the Courthouse Metro (Orange & Silver Line(s)), and offers easy access to major roadways (50, 395, 66, & the GW Parkway). MPS Tyson\u2019s Corner is in the new \u201cBoro\u201d neighborhood, less than a \u00bc mile from the Spring Hill Metro Station (Silver Line), and offers convenient access to the Dulles Toll Road, I-66, I-495 and other major roadways. Our team of highly skilled clinicians utilize evidence-based treatments and offer evening and Saturday appointment times to accommodate busy client schedules.\n\nAddress:\nMPS Arlington VA\n2000 N 15th Street Suite 200\nArlington Virginia 22201\n\nMPS McLean VA\n8401 Greensboro Dr Suite 550\nMcLean Virginia 22102\n\nPhone:\nMPS Arlington VA\n703.988.6861\n\nMPS McLean VA\n703.831-6008\n\nOur skill will allow you to request appointments from our office, as well as get all the latest promotions we have going on!", "details": "Skill Details\nRated: Guidance Suggested.\nThis skill contains dynamic content.\nInvocation Name: metropolitan psychological services\nDeveloper Privacy Policy\nDeveloper Terms of Use", "privacy_policy_href": "https://www.privacypolicygenerator.info/live.php?token=hFOZHXXmhBbvfFz03REYNWwt9BV1jcPY"}, "My Log": {"review-count": "3", "description": "Description\nThis skill will Log an event with a timestamp in a Google Sheet. This allows you to log timestamps for any important events that you would like to keep track of when they occurred.\n\nThe Log Sheet will be named \"My Log\", and found in your Google Drive.", "details": "Skill Details\nRated: Guidance Suggested.\nThis skill contains dynamic content.\nInvocation Name: my log\nDeveloper Privacy Policy\nDeveloper Terms of Use", "privacy_policy_href": "https://mylogauthorizationpage.s3.us-east-2.amazonaws.com/PrivacyPolicyMyLog.html"}, "How Mindful Are You Quiz": {"review-count": "0", "description": "Description\nWelcome to the Mind Checkup, this is one of a series of three quizzes to help you do a checkup on how in-tune you are with your mind, body, and spirit. We highly encourage answering these questions truthfully, no one sees the results but you, unless you want to share them via social media, or follow up with us about your results. Our comprehensive quizzes and our coaches can help you tune up your body, mind, and spirit health. We highly suggest revisiting this quiz at least once a quarter for check-ins and reminders to do your mind, body, and spirit good!\n\nYour answers will range from always, sometimes, and rarely, always should be chosen if it represents what you would do at least 90% of the time, sometimes if it represents what you would do at least 50 to 60% of the time, and rarely if it represents what you are least likely to do on any given question.\n\nIf you would like to share your results with us and speak to one of our well-being planners about your results, contact us below, don\u2019t forget to include your quiz results! https://www.mindfulcasted.com/snax_quiz/how-mindful-are-you/", "details": "Skill Details\nRated: Guidance Suggested.\nThis skill contains dynamic content.\nInvocation Name: mindfulness quiz", "privacy_policy_href": ""}}