{"bible verse": {"review-count": "0", "description": "Description\nUser may request to read a random bible verse", "details": "Skill Details\nRated: Guidance Suggested.\nThis skill contains dynamic content.\nInvocation Name: bible verse", "privacy_policy_href": ""}, "Aum Mantra": {"review-count": "1", "description": "Description\nFeatures OM Mantra Meditation recorded at 528Hz - also known as the miracle tone of transformation. The vibrations from OM mantra help in aligning chakras, calming mind and body and reduce stress. Combining this powerful mantra with a powerful 528Hz frequency amplifies the effects of the chants and vibrations.", "details": "Skill Details\nThis skill contains dynamic content.\nInvocation Name: aum mantra", "privacy_policy_href": ""}, "Screaming Goat": {"review-count": "32", "description": "Description\nStartle your unsuspecting friends and family with the primal scream of the majestic goat?", "details": "Skill Details\nThis skill contains dynamic content.\nInvocation Name: screaming goat", "privacy_policy_href": ""}, "Rain by Jack Gilbert": {"review-count": "0", "description": "Description\nSuddenly this defeat.\nThis rain.\nThe blues gone gray\nAnd the browns gone gray\nAnd yellow\nA terrible amber.\nIn the cold streets\nYour warm body.\nIn whatever room\nYour warm body.\nAmong all the people\nYour absence\nThe people who are always\nNot you.\n\nI have been easy with trees\nToo long.\nToo familiar with mountains.\nJoy has been a habit.\nNow\nSuddenly\nThis rain.", "details": "Skill Details\nThis skill contains dynamic content.\nInvocation Name: rain poem\nDeveloper Privacy Policy\nDeveloper Terms of Use", "privacy_policy_href": "http://creativecoding.alyssakbrown.com/"}, "Lucky Spell": {"review-count": "1", "description": "Description\nSay: Alexa, open lucky spell\n\nYou can create one lucky thing to happen today.\n\nApplies to men and women who need something lucky to happen in their life right now, or a big break.\n\nCan use once a day only for the lucky spell.\n\nLeave a review if you're feeling lucky!\n\nDisclaimer: this skill is a prank skill for entertainment purposes only and does not provide an actual spell.", "details": "Skill Details\nThis skill contains dynamic content.\nInvocation Name: lucky spell\nDeveloper Privacy Policy\nDeveloper Terms of Use", "privacy_policy_href": "https://creator.voiceflow.com/creator/terms?name=Dan&skill=Lucky%20Spell&children=false"}, "Cocktail Recipes": {"review-count": "2", "description": "Description\nThis skill gives you the recipe for 25 popular cocktails:\nold-fashion\nmartinez\nmartini\nmanhattan\nbrooklyn\ndaquiri\nmargarita\nsidecar\nfrench 75\nbloody mary\nirish coffee\njack rose\nnegroni\nboulevardier\nsazerac\nvieux carri\u00e9\nramos gin fizz\nmint julep\nwhiskey sour\nmai tai\nplanter's punch\ncosmopolitan\npisco sour\ntom collins\nlast words", "details": "Skill Details\nRated: Mature.\nThis skill contains dynamic content.\nInvocation Name: cocktail recipes", "privacy_policy_href": ""}, "Spiritual Discourses By Om Swami": {"review-count": "2", "description": "Description\n\"About Swami - Whenever I visit the website of any spiritual organization, I get to read enchanting biographies of their founder or guru. The man or the guru is portrayed as nothing short of a superman. Well, I\u2019m not one of them. I have no desire to glorify myself in a third-person narrative.\nI\u2019m a simple sadhu in a complex world. I don\u2019t conform to the traditional code of being a sadhu or monk though. I remain non-traditional, independent and unchained. So, don\u2019t be taken in by my robes or set your expectations based on what I wear. I dress in them because I like it that way.\nJust like some devote their life to music or painting, I devoted it to meditation and tantra. My only introduction are my writings. I write books and I write on my blog once in two weeks. You are welcome to pick and choose what you like and leave aside what you don\u2019t. Don\u2019t follow me or anyone else. Like a honeybee takes the nectar from a flower and goes back to its hive, take knowledge or wisdom from any source but go back to your inner voice. Discover your own truth, walk your own path. That alone will set you free.\nMy achievement is not what I have, My introduction is not what I do, It is but who I am. A nobody. I sing I laugh I dance I clap, A speck of dust in the infinite creation, A vast ocean in the tiny dew drop, A Himalayan stream, The still mountain, I am That. So are you. Compassion is my religion and love, my only philosophy\".\n\nPlease note that some part of audio played is in Hindi language.", "details": "Skill Details\nThis skill contains dynamic content.\nInvocation Name: om swami\nDeveloper Privacy Policy\nDeveloper Terms of Use", "privacy_policy_href": "https://shemaroo.com/Alexa/privacy-policy.html"}, "EYAN SEER": {"review-count": "0", "description": "Description\nAsk Alexa for your fortune any time, and she'll read a randomly-selected response. You can ask for your fortune as often as you want. This skill was created using a Skill Blueprint. Your requests to this skill are not shared with the skill developer.", "details": "Skill Details\nRated: Guidance Suggested.\nThis skill contains dynamic content.\nInvocation Name: eyan seer", "privacy_policy_href": ""}, "Diabetes Tips": {"review-count": "1", "description": "Description\nKeeping your diabetes under control will help you prevent heart, nerve, and foot problems.\n\nYou can ask me about your daily questions like:\n\nIs it ok to drink alcohol?\nHow does diabetes impact my menstrual cycle ?\n\nThis is meant for educational purpose only. Please refer to a Medical Practitioner for any medication advice.", "details": "Skill Details\nRated: Guidance Suggested.\nThis skill contains dynamic content.\nInvocation Name: diabetes tips\nDeveloper Privacy Policy\nDeveloper Terms of Use", "privacy_policy_href": "https://delikacy.s3.amazonaws.com/static/DBTips.html"}, "Daily Gurbani": {"review-count": "0", "description": "Description\nThis skill helps the people who want to listen Guru Granth Sahib ji on a daily basis. Guru Granth Sahib ji containing 1430 Ang (Pages). If a Sikh regular reading Gurbani it could complete within 72 hours. So we are distributing this Gurbani into a 30 minute audio. The listener can easily listen and enjoy the Gurbani.Completion of Gurbani takes 150 days around. We will put daily next Ang (Pages) audio. Now the question is why people like to hear it. Because this is very hard to save 150 audio collection in mobile or Bluetooth player, etc. Because it is hard to remember which Ang(page) Gurbani we were listening. Using alexa app our team keep the record of everyday so daily listeners can enjoy Gurbani without any repetition.", "details": "Skill Details\nThis skill contains dynamic content.\nInvocation Name: guru granth sahib", "privacy_policy_href": ""}, "Pregnancy Tips": {"review-count": "3", "description": "Description\nIf you're pregnant, you probably know some of the basic pregnancy advice about taking care of yourself and the baby: don't smoke or be around secondhand smoke, don't drink, and get your rest.\n\nIs it safe to exercise?\nCan I eat Fish?\n\nAsk really simple daily questions and get an answer at your fingertips.\n\n\nTo enable the skill, simply say \"Alexa, open Pregnancy Tips.\u201d\nTo quit, just say \"Alexa, quit\" anytime during the session.\n\nThis skill does not provide medical advice, and is for informational and educational purposes only, and is not a substitute for professional medical advice, treatment or diagnosis. Call your doctor to receive medical advice. If you think you may have a medical emergency, please dial your local emergency response phone number.", "details": "Skill Details\nRated: Guidance Suggested.\nThis skill contains dynamic content.\nInvocation Name: pregnancy tips\nDeveloper Privacy Policy\nDeveloper Terms of Use", "privacy_policy_href": "https://delikacy.s3.amazonaws.com/static/PTTerms.html"}, "Virtual Mala": {"review-count": "2", "description": "Description\nOm mani padme hum can be translated as, \"praise to the jewel in the lotus.\"", "details": "Skill Details\nThis skill contains dynamic content.\nInvocation Name: virtual mala\nDeveloper Privacy Policy\nDeveloper Terms of Use", "privacy_policy_href": "https://creator.voiceflow.com/creator/terms?name=John%20Clinton%20Bradley&skill=Virtual%20Mala&children=false"}, "Motivation Quotes": {"review-count": "24", "description": "Description\nWith inspirational quotes, you can reframe your mindset and start thinking positive thoughts.", "details": "Skill Details\nThis skill contains dynamic content.\nInvocation Name: motivation quotes", "privacy_policy_href": ""}, "Your Daily Emotional/Inspirational Quotes": {"review-count": "0", "description": "Description\nquotes of daily motivational & inspirational mindful awareness", "details": "Skill Details\nFlash Briefing Skill\nThis skill contains dynamic content.\nDeveloper Privacy Policy\nDeveloper Terms of Use", "privacy_policy_href": "https://skilexa.com/privacy/"}, "My Recovery": {"review-count": "2", "description": "Description\nStart your day with an inspirational list of recovery quotes to help to inspire your day. Start every day, with a little motivation, one day at a time. When using the skill, you can say \"Alexa, next\" to move to the next quote. At any point, you can say \"Alexa, stop\" to exit the skill.\nThis skill was created using a Skill Blueprint. Your requests to this skill are not shared with the skill developer.", "details": "Skill Details\nRated: Guidance Suggested.\nThis skill contains dynamic content.\nInvocation Name: my recovery", "privacy_policy_href": ""}, "radhakrishna facts": {"review-count": "0", "description": "Description\nthis tells about relationship between lord krishna and radha.this also tells about family of lord krishna and radha.this tells where lord krishna meet and many more things about them.", "details": "Skill Details\nThis skill contains dynamic content.\nInvocation Name: radhakrishna facts", "privacy_policy_href": ""}, "Center for Spiritual Awakening Sunday Programs": {"review-count": "0", "description": "Description\nListen to the latest Sunday Spiritual Programs from the Center for Spiritual Awakening in Pacific Grove, CA where Dr. Bill Little is our Spiritual Director. You can just say \"Alexa, what's my flash briefing\". You can say \"Alexa, stop\" to exit anytime.\n\nVisit www.centerforspiritualawakening.org to learn more about the Center for Spiritual Awakening. This skill was created using a Skill Blueprint. Your requests to this skill are not shared with the skill developer.", "details": "Skill Details\nFlash Briefing Skill\nThis skill contains dynamic content.", "privacy_policy_href": ""}, "Anglican Rosary": {"review-count": "5", "description": "Description\nTo learn more about the Anglican rosary, visit https://en.m.wikipedia.org/wiki/Anglican_prayer_beads.", "details": "Skill Details\nRated: Guidance Suggested.\nThis skill contains dynamic content.\nInvocation Name: anglican rosary\nDeveloper Privacy Policy\nDeveloper Terms of Use", "privacy_policy_href": "https://creator.voiceflow.com/creator/terms?name=John%20Clinton%20Bradley&skill=Anglican%20Rosary&children=false"}, "Chef Alex": {"review-count": "0", "description": "Description\nMain purpose of CHEF ALEX is enabling people to cook top-notch meals effortlessly. Adapting the recipe instructions - both audio and visual - up to people speed and cooking abilities. It\u2019s like your personal cooking navigator, giving your step-by-step instructions all the way through to your desired top-notch meal destination\n\n\nEngage CHEF ALEX when you decide to cook something under simple and careful guidance. CHEF ALEX provides you with explicit audio instructions at every step. No butter fingers on your smartphones anymore. No hurrying after a high-skilled individual on that fancy cooking video. No heavy cooking books falling from the counter right into your precious sauce. Just command CHEF ALEX to \u201crepeat\u201d, \u201cshow this again\u201d, \u201cgo back to previous step\u201d or \u201cwait\u201d. A number of different options are actually available when going through recipe - all for your effortless cooking. Once done - share your outstanding results or enjoy them in private, believe me, there will be something to enjoy!\n\n\nWhat can a user do, or not do, with the skill?\n\nUser can: Search for recipe using predetermined filter options. Manage the progress through the recipe. [Repeat, wait, go back etc]. Get audio and/or visual guidance. Share the results and feedback.\n\nUser cannot: at the moment user cannot order anything through the skill such as ingredients, kitchen utensils etc.\n\n\nWhat information is the person expected to have available?\n\n1st version available now: What the person wants to cook.\n\n2nd version: Based on ingredients available come up with a suggestion.\n\n3rd version: Based on calendar and scheduled events suggests recipe and probably even ordering certain ingredients through integrated in-skill-purchase.\n\nFurther: work-about of wellbeing seems to be feasible. Healthy diet / sport routine support. Meals scheduled - ingredients ordered. Stock / fridge management and control. Water consumption control. Healthy - delicious life balance.\n\n\nWhat are the ways a user can invoke the skill?\n\nAsk, call, let\u2019s cook, wake up etc.\n\n\nWhat features directly support the purpose?\n\nAbility to go through the recipe by steps (embedded recipe database). ability to manage the guidance along the way (repeat, wait, etc).", "details": "Skill Details\nThis skill contains dynamic content.\nInvocation Name: chef alex\nDeveloper Privacy Policy\nDeveloper Terms of Use", "privacy_policy_href": "https://chief-alex.s3.amazonaws.com/Privacy+Policy.txt"}, "Quantum Success with Christy Whitman": {"review-count": "5", "description": "Description\nYou have the power to create and live your best life and the power to attract what you want. This includes the energy, the healing, the partner, the money and the feelings and define your ideal life.\n\nYou simply have to ask for what you want and need.\n\nWhen you embrace the Law of Attraction, you will start to unlock an inner power. A power that allows you to effortlessly attract what you want. Finding inner alignment through energy mastery is the key to creating the success you want in all areas of your life\u2014career, relationships, and self. By embracing your power to shift thought patterns that limit you, you\u2019ll naturally think abundant thoughts, and you\u2019ll find yourself struggling less and less to create what you want with ease.\n\nAbundance Is Your Birthright\nEnergy Healing Is Your Responsibility\nUniversal Laws are the Path to Freedom\n\nAre you ready to begin a journey of energy mastery towards abundance? Embrace your power and begin manifesting with ease. It all starts with you. It starts with finding and revealing the real you and understanding the rules of the universe that allow you to do so. So whether you\u2019re just embarking on your personal journey or you seek to master energy, I\u2019m here to help you along every step of the way. Everyone\u2019s destination will be different, but the path will be universal.\n\nThe Core Beliefs We Live By\n\n1. YOU are the energy master of your own life. You embody energy healing and have the power to improve your circumstances.\n\n2. All-that-is loves and adores you, and is always helping you and healing you.\n\n3. You direct this unlimited flow of energy wherever you want, allowing you to manifest.\n\n4. It is your Divine Nature to create. This creation is invigorating.\n\n5. You have an unbreakable connection with your Divine Self. This connection is an unlimited, constant flow of good energy that permeates everything you do and experience.\n\n6. You are the center of consciousness through which the power of the Source flows and connects with your Divine Self. When you reach within, your other mind becomes the channel for that power.\n\n7. Your life is your one, true \u201cLife Partner\u201d and you are never separated from it.\n\n8. There are no problems. If you perceive something as a problem, it will become a reality. You can prevent this. This is one of the guaranteed laws of the universe.\n\n9. Lower level emotions are not who you are. They are merely a part of your personality development. Spiritual cleansing can help you elevate your emotions, opening you up to manifest what you desire.\n\n10. You don\u2019t have to suffer. Drama, chaos and pain are illusions and stem from a limited mind. Your Divine Design was not made for this. Through energy healing and spiritual cleansing, you have the power to leave this limited perspective behind.\n\n11. Humans are spiritual beings in temporary physical form living in a material world for the joy of it. Your actual state of existence is between two worlds.\n\nChristy Whitman is a New York Times bestselling author, transformational leader, and Master Certified Law of Attraction Coach. She has appeared on The Today Show and The Morning Show, and her work has been featured in People Magazine, Seventeen, Woman\u2019s Day, Hollywood Life, and Teen Vogue, among others. As the CEO and founder of the Quantum Success Coaching Academy, a 12-month Law of Attraction coaching certification program.\n\nChristy has helped thousands of people worldwide to achieve their goals through her empowerment seminars, speeches, and coaching sessions and products. This has allowed them to find their voice, strength and healing.\n\nChristy\u2019s life-changing message reaches over 150,000 people a month, and her work has been promoted by and featured with esteemed authors and luminaries such as Marianne Williamson, Dr. Wayne Dyer, Marci Shimoff, Brian Tracy, Neale Donald Walsch, Abraham-Hicks, and Louise Hay. She currently lives in Scottsdale with her husband, Frederic, and their two boys, Alexander & Maxim, & their dog Jax.", "details": "Skill Details\nFlash Briefing Skill\nThis skill contains dynamic content.", "privacy_policy_href": ""}, "Air Horn Sounds": {"review-count": "0", "description": "Description\nAir Horn Sounds skill is made to prank your friends and family.\n\nChoose the right sound effect for you and have fun. You can prank, scare or wake your friends up or even cheer at a sports event.\n\nThe sounds available in this skill are:\n\nAir Horn\nCar Horn\nTruck Horn\n\nAir Horn has four sounds, users can make use of, they're;\n\nOne\nTwo\nThree\nFour\n\nCar Horn has five sounds, users can make use of, they're;\n\nOne\nTwo\nThree\nFour\nFive\n\nTruck Horn has six sounds, users can make use of, they're;\n\nOne\nTwo\nThree\nFour\nFive\nSix", "details": "Skill Details\nThis skill contains dynamic content.\nInvocation Name: air horn sounds", "privacy_policy_href": ""}, "Chores List": {"review-count": "0", "description": "Description\nUse this skill to keep track of chores that are assigned to each member of your household. You can ask Alexa to read the list of chores that are assigned to you each day, and you can log your chores as you complete them. Alexa automatically keeps score so you can complete with family members to see who finishes their chores first. Or last! The chore tracker automatically resets on Sunday each week.\nThis skill was created using a Skill Blueprint. Your requests to this skill are not shared with the skill developer.", "details": "Skill Details\nThis skill contains dynamic content.\nInvocation Name: chores score", "privacy_policy_href": ""}, "iQra Player": {"review-count": "2", "description": "Description\niQra player is a Qur'an Audio Player with several reciters. You can say chapter number or name to play a chapter.\n\nIt also remembers your last played position for seamless experience from anywhere on any device.\n\nYou can say play audio, next previous and chapter number or name to navigate around iQra player. You can also change reciters by saying select reciters, for now only the following reciters are available:\n\n1. Sa`ud ash-Shuraym\n2. Mishari Rashid al-`Afasy\n3. Muhammad Siddiq al-Minshawi\n4. Saad al-Ghamdi\n5. Sudais and Shuraym\n6. AbdulBaset AbdulSamad [Murattal]\n7. Maher al-Muaiqly\n8. Abdur-Rashid Sufi\n\nMore reciters coming soon.\n\nFeedback is always welcome. Any feature requests please get in touch.", "details": "Skill Details\nThis skill contains dynamic content.\nInvocation Name: ikra player", "privacy_policy_href": ""}, "GO Compliments": {"review-count": "0", "description": "Description\nAsk Alexa to compliment your favorite people (or even yourself!) and she will choose from a list of compliments.", "details": "Skill Details\nThis skill contains dynamic content.\nInvocation Name: go compliments\nDeveloper Terms of Use", "privacy_policy_href": ""}, "Get Burned": {"review-count": "0", "description": "Description\nTry these lighthearted burns to add more fun to your day. When using the skill, you can say \"Alexa, next\" to move to the next burn. At any point, you can say \"Alexa, stop\" to exit the skill.", "details": "Skill Details\nRated: Mature.\nThis skill contains dynamic content.\nInvocation Name: get burned\nDeveloper Terms of Use", "privacy_policy_href": ""}, "The Lord's Prayer": {"review-count": "3", "description": "Description\nPlay an interactive the Lord's Prayer with sound effects and prompts. Get ready for meditation and personalize the prayer with your name by filling in the blanks. At any point, you can say \"Alexa, stop\" to exit the skill. This skill was created using a Skill Blueprint.", "details": "Skill Details\nThis skill contains dynamic content.\nInvocation Name: the lord's prayer", "privacy_policy_href": ""}, "Jainisum Facts": {"review-count": "0", "description": "Description\nIt is all about jain religion and about its principle and things which is worshiped in the jainisum.It is about the teachings of jainisum ,so in brief it can be said that it is complete knowledge about jain dharma .", "details": "Skill Details\nThis skill contains dynamic content.\nInvocation Name: jainisum facts", "privacy_policy_href": ""}, "Cornerstone Church Sermon Podcast": {"review-count": "0", "description": "Description\nListen to the latest Sermons from Cornerstone Church Long Beach. You can pause and play by saying \"Alexa, pause\" and \"Alexa, resume.\" Just say \"Alexa, stop\" when you're done for the day. When listening to podcasts you can say \"Alexa, shuffle\" to shuffle the playing order, or \"Alexa, loop\" to loop the current episode. You can also ask for previous and next episodes by saying \"Alexa, previous\" and \"Alexa, next\". This skill was created using a Skill Blueprint. Your requests to this skill are not shared with the skill developer.", "details": "Skill Details\nThis skill contains dynamic content.\nInvocation Name: cornerstone church podcast", "privacy_policy_href": ""}, "lord saibaba facts": {"review-count": "0", "description": "Description\nthis gives short description about lord saibaba.this tells about saibaba followers.\nthis tells that saibaba oppose discrimination based on caste and religion.", "details": "Skill Details\nThis skill contains dynamic content.\nInvocation Name: lord saibaba facts", "privacy_policy_href": ""}, "CrossFit Sacrifice": {"review-count": "0", "description": "Description\nGet information about CrossFit Sacrifice, the coaches, location and the workout of the day.", "details": "Skill Details\nThis skill contains dynamic content.\nInvocation Name: crossfit sacrifice\nDeveloper Privacy Policy\nDeveloper Terms of Use", "privacy_policy_href": "http://www.crossfitsacrifice.com/wpautoterms/privacy-policy/"}, "Healthy Home Weekly": {"review-count": "0", "description": "Description\nListen to weekly updates from your favorite healthy home source. You can just say \"Alexa, what's my flash briefing\". You can say \"Alexa, stop\" to exit anytime.\n\nBlooming! A Healthy Home by Design is a podcast that is all about helping you make the world a healthier place for your family.... one home at a time. As a parent, we all want to keep our families safe and provide a healthy environment for our kids to thrive. Each week, we\u2019ll tackle the common misconception that the only factors for good health are what\u2019s on your plate and how much you go to the gym. It\u2019s so more than diet and exercise, it\u2019s includes your physical surroundings, mindset, relationships, personal growth and more. And how does our home fit into this? On Blooming! A Healthy Home by Design, we\u2019ll uncover the many ways you can expand your overall wellbeing at home and ensure that even your physical environment supports you and your family so you can bloom and grow.\n\nDisclaimer: This skill is for informational and educational purposes only and is more of a general guideline to overall wellbeing. It is in no way meant to replace seeing a physician for the health and wellness specific to you and your family.", "details": "Skill Details\nFlash Briefing Skill\nThis skill contains dynamic content.", "privacy_policy_href": ""}, "Lord Aadinath Facts": {"review-count": "0", "description": "Description\nThis is a small knowledge about the starting of Jainisum and about the Lord Aadinath and his birth and how he get Kevalgyana and Moksha . This is about the teachings of lord Aadinath.", "details": "Skill Details\nThis skill contains dynamic content.\nInvocation Name: lord aadinath facts", "privacy_policy_href": ""}, "My burn": {"review-count": "0", "description": "Description\nTry these lighthearted burns to add more fun to your day. When using the skill, you can say \"Alexa, next\" to move to the next burn. At any point, you can say \"Alexa, stop\" to exit the skill.\nThis skill was created using a Skill Blueprint. Your requests to this skill are not shared with the skill developer.", "details": "Skill Details\nRated: Mature.\nThis skill contains dynamic content.\nInvocation Name: my burn", "privacy_policy_href": ""}, "Lord lakshman Facts": {"review-count": "0", "description": "Description\nthis app tells description about lord lakshman.this tells about their cause of death.this tells about their 14 years vanvas period.this tells about their relationship with lord rama amd many more things", "details": "Skill Details\nRated: Guidance Suggested.\nThis skill contains dynamic content.\nInvocation Name: lord lakshman facts", "privacy_policy_href": ""}, "Lord ganesha facts": {"review-count": "0", "description": "Description\nthis gives small description about lord ganesha.this tells about lord ganesha wife,son and parents.this tells about importance of lord ganesha in hindu religion.", "details": "Skill Details\nThis skill contains dynamic content.\nInvocation Name: lord ganesha facts", "privacy_policy_href": ""}, "Encouragement Today with Don Hawkins": {"review-count": "0", "description": "Description\n\u201cEncouragement Today,\u201d hosted by Dr. Don Hawkins, is the weekly national radio broadcast of Master Life Coach Training Institute.", "details": "Skill Details\nFlash Briefing Skill\nRated: Guidance Suggested.\nThis skill contains dynamic content.\nDeveloper Privacy Policy\nDeveloper Terms of Use", "privacy_policy_href": "https://masterlifecoachinstitute.com/about-us/contact-us/privacy-policy/"}, "tree fort": {"review-count": "1", "description": "Description\nListen to this story with a timeless lesson. At any point, you can say \"Alexa, stop\" to exit the skill.\nHobbes was a corporate tsar, a vast empire of a micro economy hidden deep in the forest. In this story discover how he joins the Jedi force and finds the good in himself, from the characters of the Indian Folk Tale, Punyakoti. Good deeds bring you Punya, a Hindu Karmic Concept, With a high goodness index, you visit the Jedi Heaven of Light, with Yoda and other characters, a prelude to the Trio, this story is a must addition to your bag of stories, share it and its timeless message.\nThis skill was created using a Skill Blueprint. Your requests to this skill are not shared with the skill developer.", "details": "Skill Details\nThis skill contains dynamic content.\nInvocation Name: tree fort", "privacy_policy_href": ""}, "Thinking of Deb": {"review-count": "0", "description": "Description\nCelebrate special your love with your loved ones. When you open the skill, Alexa will play a slideshow with rich images and audio. You can say \"Alexa, stop\" to exit anytime.", "details": "Skill Details\nThis skill contains dynamic content.\nInvocation Name: thinking of deb", "privacy_policy_href": ""}, "Oral Care Facts": {"review-count": "0", "description": "Description\nAsk Alexa for an interesting list of facts about Oral Health Care. When using the skill, you can say \"Alexa, next\" to move to the next fact. At any point, you can say \"Alexa, stop\" to exit the skill.\nThis skill was created by DARJYO. Your requests to this skill are not shared with the skill developer.\n\nDisclaimer: The information in this skill is provided for informational and educational purposes only and is not a substitute for professional medical advice, treatment, or diagnosis. If you think you may have a medical emergency, please dial your local emergency response phone number.", "details": "Skill Details\nThis skill contains dynamic content.\nInvocation Name: oral care facts\nDeveloper Terms of Use", "privacy_policy_href": ""}, "Game Changing Dads": {"review-count": "0", "description": "Description\nHere at Game Changing Dads we know how tough it is to stay motivated to be a good father and husband. Each week we bring you honest and real discussions on how to lead, love, and live! Let Game Changing Dads show you how to take charge of your leadership role and help you learn to juggle the demands of your career and personal life. Our goal here at GCD is to help you focus on what should be your first priority, FAMILY!", "details": "Skill Details\nRated: Guidance Suggested.\nThis skill contains dynamic content.\nInvocation Name: game changing dads", "privacy_policy_href": ""}, "Encouragement Today Radio": {"review-count": "0", "description": "Description\nListen to the latest radio episodes from Encouragement Today with Don Hawkins. You can pause and play by saying \"Alexa, pause\" and \"Alexa, resume.\" Just say \"Alexa, stop\" when you're done for the day. You can also say \"Alexa, shuffle\" to shuffle the playing order, or \"Alexa, loop\" to loop the current episode. You can ask for previous and next episodes by saying \"Alexa, previous\" and \"Alexa, next\".", "details": "Skill Details\nRated: Guidance Suggested.\nThis skill contains dynamic content.\nInvocation Name: encouragement today radio\nDeveloper Terms of Use", "privacy_policy_href": ""}, "Koi Fish": {"review-count": "1", "description": "Description\nRaising a Koi is fun and relaxing. There is a lot to know about Koi. Koi is called Nishikigoi in Japanese. Selecting a Koi is a personal preference. But the price of a Koi can vary by it's breeder, size, variety, body confirmation, color and sex. Like any other animals, Koi also have different varieties.\n\nKoi Fish skill is brought to you by the creators of Koi TV\u00ae, Koi.Fish and Nishikigoi.org. You can ask anything about Koi Fish, and we will try to answer those questions! Koi Fish skill is helping the Koi hobby by providing an awareness of Koi. Let us know your feedback. Please contact us at sales@koi.fish. You can also visit www.koi.tv, www.koi.fish or www.nishikigoi.org for knowing more about Koi.\n\nThis skill is developed by DreamPixels, LLC. Please email info@dreampixels.tv or visit www.dreampixels.tv to know more about developing similar skills for you.\n\nFor example, Koi Fish skill can answer questions like,\n\nHow long does a Koi live?\nor\nHow can I transport koi fish?\nor\nHow many eggs do Nishikigoi lay?", "details": "Skill Details\nRated: Guidance Suggested.\nThis skill contains dynamic content.\nInvocation Name: koi fish\nDeveloper Privacy Policy\nDeveloper Terms of Use", "privacy_policy_href": "http://www.nishikigoi.org/privacy"}, "Our Tupelo's The Rundown": {"review-count": "0", "description": "Description\nListen to the latest episode of Our Tupelo's The Rundown.. You can pause and play by saying \"Alexa, pause\" and \"Alexa, resume.\" Just say \"Alexa, stop\" when you're done for the day. You can say \"Alexa, shuffle\" to shuffle the playing order, or \"Alexa, loop\" to loop the current episode. You can also ask for previous and next episodes by saying \"Alexa, previous\" and \"Alexa, next\". Your requests to this skill are not shared with the skill developer.", "details": "Skill Details\nRated: Guidance Suggested.\nThis skill contains dynamic content.\nInvocation Name: our tupelos rundown", "privacy_policy_href": ""}, "Alex Katie List": {"review-count": "0", "description": "Description\nUse this skill to keep track of chores that are assigned to each member of your household. You can ask Alexa to read the list of chores that are assigned to you each day, and you can log your chores as you complete them. Alexa automatically keeps score so you can complete with family members to see who finishes their chores first. Or last! The chore tracker automatically resets on Sunday each week.\nThis skill was created using a Skill Blueprint. Your requests to this skill are not shared with the skill developer.", "details": "Skill Details\nThis skill contains dynamic content.\nInvocation Name: alex katie list", "privacy_policy_href": ""}, "Good News Good Planet": {"review-count": "1", "description": "Description\nWe deliver effective \u2018short shots\u2019 of apolitical, non-religious good news from around the world. Our program makes you feel good and encourages solution minded thinking. We distribute this happiness via radio, podcast and this interactive website.\n\nOur media drenched world fills us with so much bad news, that it only adds to feelings of fear and helplessness. Good News Good Planet\u2019s 2 minute stories remind listeners of the countless number of good deeds and healthy, positive changes that are occurring every day around the world. It\u2019s a shot of happiness and a call to action that you can LISTEN to anywhere.", "details": "Skill Details\nThis skill contains dynamic content.\nInvocation Name: good news good planet\nDeveloper Privacy Policy\nDeveloper Terms of Use", "privacy_policy_href": "https://www.goodnewsgoodplanet.com/wpautoterms/privacy-policy/"}, "Burn Me": {"review-count": "0", "description": "Description\nTry these lighthearted burns to add more fun to your day. When using the skill, you can say \"Alexa, next\" to move to the next burn. At any point, you can say \"Alexa, stop\" to exit the skill.", "details": "Skill Details\nRated: Mature.\nThis skill contains dynamic content.\nInvocation Name: burn me", "privacy_policy_href": ""}, "Elder Mood Helper": {"review-count": "0", "description": "Description\nELDER MOOD HELPER Elder Mood Assessment & Enhancement... AUDIENCE Elder Facilities & Elders Families & Elders... PRODUCED by Elder Radio & Television Network... POWERED by Elder Happiness Association... THANK YOU Partners for Radio TV & OnLine Content... THANK YOU Audience for Joining In The Wonderful World of Elder Happiness... THANK YOU Everyone for Creating More Elder Happiness & Less Elder Loneliness... SIGNON Welcome to Elder Mood Helper. Let\u2019s Start... SIGNOFF Random Salutations... DISCLAIMER \"The information in this skill is provided for informational and educational purposes only and is not a substitute for professional medical advice, treatment, or diagnosis. If you think you may have a medical emergency, please dial your local emergency response phone number\u201c...", "details": "Skill Details\nRated: Guidance Suggested.\nThis skill contains dynamic content.\nInvocation Name: elder mood helper", "privacy_policy_href": ""}, "Grayson Burns": {"review-count": "0", "description": "Description\nTry these lighthearted burns to add more fun to your day. When using the skill, you can say \"Alexa, next\" to move to the next burn. At any point, you can say \"Alexa, stop\" to exit the skill.\nThis skill was created using a Skill Blueprint. Your requests to this skill are not shared with the skill developer.", "details": "Skill Details\nRated: Mature.\nThis skill contains dynamic content.\nInvocation Name: grayson burns", "privacy_policy_href": ""}, "Daily Dog": {"review-count": "1", "description": "Description\nThe Daily Dog is a podcast about dogs, made for dog lovers. Every day we'll feature somebody's furry friend and share news, tips, and products that will interest any animal lover, but especially those of the canine persuasion.\n\u00a9 2019 Shady Side Media. All Rights Reserved", "details": "Skill Details\nFlash Briefing Skill\nRated: Guidance Suggested.\nThis skill contains dynamic content.", "privacy_policy_href": ""}, "Emotional Intelligence": {"review-count": "0", "description": "Description\nYour emotional intelligence is very important to attain success in your life. Test it with this skill by answering questions about you!\n\nThe information in this skill is provided for informational and educational purposes only and is not a substitute for professional medical advice, treatment, or diagnosis. If you think you may have a medical emergency, please dial your local emergency response phone number.", "details": "Skill Details\nThis skill contains dynamic content.\nInvocation Name: emotional intelligence", "privacy_policy_href": ""}, "Daily Bread": {"review-count": "158", "description": "Description\nHave trouble deciding what to eat? Not anymore. Allow Daily Bread to take the guess work out of your next meal. Simply ask Daily Bread what to eat and it will provide you with the answer.", "details": "Skill Details\nThis skill contains dynamic content.\nInvocation Name: daily bread", "privacy_policy_href": ""}, "Ramadan countdown": {"review-count": "1", "description": "Description\nOpen the skill and Alexa will automatically tell you how many days remain until the holy month of Ramadan. Alexa can also remind you about the exact date of Ramadan.\nThis skill was created using a Skill Blueprint. Your requests to this skill are not shared with the skill developer.", "details": "Skill Details\nThis skill contains dynamic content.\nInvocation Name: ramadan countdown", "privacy_policy_href": ""}, "Foodie": {"review-count": "2", "description": "Description\nFoodie takes you around the world to learn about popular dishes from all kinds of cultures. Something sound good but want to know if it's vegan? Foodie can tell you that too!", "details": "Skill Details\nThis skill contains dynamic content.\nInvocation Name: foodie facts", "privacy_policy_href": ""}, "Bupe Me": {"review-count": "0", "description": "Description\nThis app lets you enable to answer your daily questions to maintain your daily activity history. If you're feeling lazy and don't want to open App just use the Alexa app and answer your daily question.\n\nTo start the application just say \"Alexa open Bupe me\"\n\n1: Alexa will ask you to speak the PIN code that you have received from the hospital. Or you can get the PIN code from the application in the profile section.\n\n2: If Alexa does not understand the PIN code or PIN code is incorrect it will prompt you to speak again PIN code.\n\n3: If the PIN code is correct Alexa will speak the Question of today. And you've to answer your question by saying YES or NO.\n\n4: Alexa will confirm if the answer has been saved successfully or not.\n\nThis is the complete functionality of the app. If you're facing any issue with your PIN code please contact the Bupe Me support.", "details": "Skill Details\nRated: Guidance Suggested.\nThis skill contains dynamic content.\nInvocation Name: bupe me\nDeveloper Privacy Policy\nDeveloper Terms of Use", "privacy_policy_href": "https://bupe.me/"}, "Brewing Narrative": {"review-count": "0", "description": "Description\nA podcast where we drink really tasty coffee and we bring you the stories of people who's lives have been changed by God.", "details": "Skill Details\nFlash Briefing Skill\nRated: Guidance Suggested.\nThis skill contains dynamic content.", "privacy_policy_href": ""}, "Taylor Morrison": {"review-count": "12", "description": "Description\nThe Taylor Morrison Alexa skill allows users to search for and learn about Taylor Morrison and Darling Homes communities. Options include the ability to schedule a personal tour with a community sales manager, contact the sales office, get driving directions, and sign up for email updates.", "details": "Skill Details\nRated: Guidance Suggested.\nThis skill contains dynamic content.\nInvocation Name: taylor morrison\nDeveloper Privacy Policy\nDeveloper Terms of Use", "privacy_policy_href": "https://www.taylormorrison.com/privacy-policy"}, "Food Picker": {"review-count": "0", "description": "Description\nNext time you're trying to make a difficult decision, just ask Alexa for help. At any point, you can say \"Alexa, stop\" to exit the skill.\nThis skill was created using a Skill Blueprint. Your requests to this skill are not shared with the skill developer.", "details": "Skill Details\nThis skill contains dynamic content.\nInvocation Name: food picker", "privacy_policy_href": ""}, "Better plan your funeral": {"review-count": "0", "description": "Description\nTry these lighthearted burns to add more fun to your day. When using the skill, you can say \"Alexa, next\" to move to the next burn. At any point, you can say \"Alexa, stop\" to exit the skill.\nThis skill was created using a Skill Blueprint. Your requests to this skill are not shared with the skill developer.", "details": "Skill Details\nRated: Mature.\nThis skill contains dynamic content.\nInvocation Name: end my career", "privacy_policy_href": ""}, "Who's a barry": {"review-count": "0", "description": "Description\nTry these lighthearted burns to add more fun to your day. When using the skill, you can say \"Alexa, next\" to move to the next burn. At any point, you can say \"Alexa, stop\" to exit the skill.\nThis skill was created using a Skill Blueprint. Your requests to this skill are not shared with the skill developer.", "details": "Skill Details\nRated: Mature.\nThis skill contains dynamic content.\nInvocation Name: who's top barry", "privacy_policy_href": ""}, "Good Morning Mom": {"review-count": "2", "description": "Description\nCelebrate special occasions with your loved ones. When you open the skill, Alexa will play a slideshow with rich images and audio. You can say \"Alexa, stop\" to exit anytime.", "details": "Skill Details\nThis skill contains dynamic content.\nInvocation Name: good morning mom", "privacy_policy_href": ""}, "DAD'S words": {"review-count": "1", "description": "Description\nStart your day with an inspirational list of quotes. When using the skill, you can say \"Alexa, next\" to move to the next quote. At any point, you can say \"Alexa, stop\" to exit the skill.\nThis skill was created using a Skill Blueprint. Your requests to this skill are not shared with the skill developer.", "details": "Skill Details\nRated: Guidance Suggested.\nThis skill contains dynamic content.\nInvocation Name: dad's words", "privacy_policy_href": ""}, "Hypno Healings LLC": {"review-count": "0", "description": "Description\nHypno Healings offers a Safe and Effective Approach to Self Healing, you can prepare for a joyful child birth through our special prenatal Hypno Birthing childbirth classes; or through Hypnosis you can achieve healthy lifestyle, build Self Confidence, Overcome Stress, Fears and Anxieties. If you want to learn more about Hypno Birthing say - \"tell me about hypno birthing\" or if you want more information about Hypnosis, say - \"tell me more about Hypnosis\". More information is available on www.hypnohealings.com.\nAll the information in this skill is provided for informational and educational purposes only", "details": "Skill Details\nThis skill contains dynamic content.\nInvocation Name: hypno healings", "privacy_policy_href": ""}, "Holy Comforter Sunday Service": {"review-count": "0", "description": "Description\nListen to the latest Church Service from Holy Comforter Lutheran Church in Belmont NC. You can pause and play by saying \"Alexa, pause\" and \"Alexa, resume.\" Just say \"Alexa, stop\" when you're done listening.", "details": "Skill Details\nThis skill contains dynamic content.\nInvocation Name: holy comforter service", "privacy_policy_href": ""}, "Chores list": {"review-count": "8", "description": "Description\nUse this skill to keep track of chores that are assigned to each member of your household. You can ask Alexa to read the list of chores that are assigned to you each day, and you can log your chores as you complete them. Alexa automatically keeps score so you can complete with family members to see who finishes their chores first. Or last! The chore tracker automatically resets on Sunday each week.\nThis skill was created using a Skill Blueprint. Your requests to this skill are not shared with the skill developer.", "details": "Skill Details\nThis skill contains dynamic content.\nInvocation Name: chores list", "privacy_policy_href": ""}, "Stinky butt": {"review-count": "0", "description": "Description\nTry these lighthearted burns to add more fun to your day. When using the skill, you can say \"Alexa, next\" to move to the next burn. At any point, you can say \"Alexa, stop\" to exit the skill.\nThis skill was created using a Skill Blueprint. Your requests to this skill are not shared with the skill developer.", "details": "Skill Details\nRated: Mature.\nThis skill contains dynamic content.\nInvocation Name: stinky butt", "privacy_policy_href": ""}, "Resluts Network": {"review-count": "1", "description": "Description\nResults Network is a system of guidelines and strategies that strives to help others regardless of their current stature. It teaches companies, groups, and individuals how to be results oriented in their mental deeds and results oriented in their actions.", "details": "Skill Details\nFlash Briefing Skill\nRated: Guidance Suggested.\nThis skill contains dynamic content.\nDeveloper Privacy Policy\nDeveloper Terms of Use", "privacy_policy_href": "https://skilexa.com/doneforyou/privacy/"}, "Something Good Today": {"review-count": "2", "description": "Description\nStart your day with inspirational gratitude quotes. Let's focus on the good stuff!\n\nWhen using the skill, you can say \"Alexa, next\" to move to the next quote. At any point, you can say \"Alexa, stop\" to exit the skill.\n\nWant to post comments on whom and what you appreciate today? Want to send free gratitude ecards? Visit www.somethinggood.xyz\n\n(This skill was created using a Skill Blueprint. Your requests to this skill are not shared with the skill developer.)", "details": "Skill Details\nThis skill contains dynamic content.\nInvocation Name: something good today", "privacy_policy_href": ""}, "Center for Spiritual Awakening Gratitude Treatment": {"review-count": "0", "description": "Description\nA gratitude Treatment shared by Dr. Bill Little, Spiritual Director at the Center for Spiritual Awakening in Pacific Grove, CA. Visit www.centerforspiritualawakening.org to learn more about the Center for Spiritual Awakening.", "details": "Skill Details\nRated: Guidance Suggested.\nThis skill contains dynamic content.\nInvocation Name: gratitude treatment", "privacy_policy_href": ""}, "suman kumar": {"review-count": "0", "description": "Description\nUse this skill to ask about the house rules and hear contact information (email, phone, address) for the landlord and other important contacts. You can also use the skill to find out how things work (How do I connect to Wi-Fi?) or where to find important items (Where is the plunger?).\nThis skill was created using a Skill Blueprint. Your requests to this skill are not shared with the skill developer.", "details": "Skill Details\nThis skill contains dynamic content.\nInvocation Name: suman kumar", "privacy_policy_href": ""}, "Inspirations (mostly star wars)": {"review-count": "0", "description": "Description\nStart your day with an inspirational list of quotes. When using the skill, you can say \"Alexa, next\" to move to the next quote. At any point, you can say \"Alexa, stop\" to exit the skill.\nThis skill was created using a Skill Blueprint. Your requests to this skill are not shared with the skill developer.", "details": "Skill Details\nThis skill contains dynamic content.\nInvocation Name: my inspirations", "privacy_policy_href": ""}, "Task tracker": {"review-count": "0", "description": "Description\nTry these checklists to help you stay organized. This skill was created using a Skill Blueprint. Your requests to this skill are not shared with the skill developer.", "details": "Skill Details\nThis skill contains dynamic content.\nInvocation Name: task tracker", "privacy_policy_href": ""}, "TechRoast": {"review-count": "0", "description": "Description\nEver wanted a good roast but could not think about one>dont worry TechRoast is here. I will help you with some very good hard roasts", "details": "Skill Details\nRated: Mature.\nThis skill contains dynamic content.\nInvocation Name: tech roast", "privacy_policy_href": ""}, "Radka's Compliments": {"review-count": "0", "description": "Description\nAsk Alexa to compliment your favorite people (or even yourself!) and she will choose from a list of compliments.\nThis skill was created using a Skill Blueprint. Your requests to this skill are not shared with the skill developer.", "details": "Skill Details\nThis skill contains dynamic content.\nInvocation Name: radka's compliments", "privacy_policy_href": ""}, "New Year": {"review-count": "0", "description": "Description\nOnce you\u2019re done with your year-end reflection for the year that\u2019s ending, it\u2019s time to look forward to the year that\u2019s about to start. What will you write for the next chapter of your life? It\u2019s entirely up to you. Take the first step to make sure that it\u2019s a good great chapter by setting New Year\u2019s resolutions.\n\nAsk Alexa for some ideas for your new year resolution.\n\nJust say,\n\nAlexa, open New Year", "details": "Skill Details\nThis skill contains dynamic content.\nInvocation Name: new year", "privacy_policy_href": ""}, "Quiz Club": {"review-count": "0", "description": "Description\nQuiz Club allows you to host and play your own quizzes, as well as play quizzes that are open to everyone.\nThis skill features some short demonstration quizzes - andn as it is a platform more types of quiz will be added over time, as wll as some fun quizzes for you to play.\nFeatures include:\nOne or multiple rounds with a different topic for each round\nAs many questions as you like per round\nOptional additional / fun fact for each question\n1-3 named skill levels with different points per level\nAbility to save the player's name, last score and skill level\nAbility to play again (single user only)\nMulti-player one-at-a-time mode with ability to save players names, score and skill level (but not play again in the same session)\nSimple quiz mode with no option to save player's details\n\nFor details on how to get your own quiz added to Quiz Club, email quizclub@ambiently.co.uk", "details": "Skill Details\nRated: Guidance Suggested.\nThis skill contains dynamic content.\nInvocation Name: quiz club\nDeveloper Privacy Policy\nDeveloper Terms of Use", "privacy_policy_href": "https://creator.voiceflow.com/creator/terms?name=ambiently&skill=Quiz%20Club&children=false"}, "Morning Quotes": {"review-count": "1", "description": "Description\nMorning Quotes to inspire you to go out to the world with the right mindset, and achieve your daily goals and also help you on your path to success.", "details": "Skill Details\nThis skill contains dynamic content.\nInvocation Name: morning quotes\nDeveloper Privacy Policy\nDeveloper Terms of Use", "privacy_policy_href": "https://creator.voiceflow.com/creator/terms?name=nelson%20Fernandes&skill=Morning%20Quotes%20&children=false"}, "The Daily Crumble with Trina Boice": {"review-count": "4", "description": "Description\nVolley.FM presents The Daily Crumble.\n\nHost Trina Boice brings you great recipe ideas, food trends, inspiration from chefs around the world, and mouth-watering stories on this daily flash briefing.\n\nAfter you enable this Alexa skill, just say \"Alexa, what's my flash briefing\" to start listing. This flash briefing is updated every day and will work on all Alexa Echo devices, Alexa enabled Kindle Fires and even on the go if you download the Alexa app on your mobile phone or tablet.\n\nWe'd love to hear from you - hello@volley.fm\n\nThis flash briefing Alexa skill works great on:\nAlexa Echo App\nAlexa app for Kindle Fire\nAmazon Echo Show (all)\nAmazon Echo Spot\nAmazon Echo (all)\nAmazon Echo Dot (all)\nFire TV Stick with Alexa Voice Remote (all)\nAmazon Fire Tablets (all)", "details": "Skill Details\nFlash Briefing Skill\nThis skill contains dynamic content.\nDeveloper Privacy Policy\nDeveloper Terms of Use", "privacy_policy_href": "https://volleythat.com/terms-of-service-privacy-policy"}, "When's my Birthday": {"review-count": "0", "description": "Description\nOpen the skill and Alexa will automatically tell you how many days remain until all your upcoming events. Alexa can also remind you about the exact date for a specific events.\nThis skill was created using a Skill Blueprint. Your requests to this skill are not shared with the skill developer.", "details": "Skill Details\nThis skill contains dynamic content.\nInvocation Name: when's my birthday", "privacy_policy_href": ""}, "Eliya King Coconut": {"review-count": "3", "description": "Description\nThe King Coconut is indigenous to Sri Lanka, an island known as The Pearl of the Indian Ocean for its natural beauty. This special nut is aptly named 'King' for not only it's richer taste, but also for being a coconut variant with naturally occurring electrolyte levels that is very similar to our blood plasma, making it the perfect hydrating drink.\n\nyou say \"Alexa ask Eliya king\" then you can ask\n\n\"Tell me about Eliya\"\n\"Contact Eliya\"\n\"Contents of each bottle\"\n\"what is king coco\"\n\"who is the CEO\"", "details": "Skill Details\nThis skill contains dynamic content.\nInvocation Name: eliya king", "privacy_policy_href": ""}, "F. L. C. Ottawa": {"review-count": "2", "description": "Description\nListen to the latest talks and sermons from Faith Lutheran Church Ottawa (FLC Ottawa). You can pause and play by saying \"Alexa, pause\" and \"Alexa, resume.\" Just say \"Alexa, stop\" when you're done for the day. When listening to podcasts you can say \"Alexa, shuffle\" to shuffle the playing order, or \"Alexa, loop\" to loop the current episode. You can also ask for previous and next episodes by saying \"Alexa, previous\" and \"Alexa, next\".", "details": "Skill Details\nThis skill contains dynamic content.\nInvocation Name: f. l. c. ottawa", "privacy_policy_href": ""}, "Northgate Daily Devotional": {"review-count": "0", "description": "Description\nListen to the latest Daily Devotional from Northgate. You can pause and play by saying \"Alexa, pause\" and \"Alexa, resume.\" Just say \"Alexa, stop\" when you're done for the day. When listening to podcasts you can say \"Alexa, shuffle\" to shuffle the playing order, or \"Alexa, loop\" to loop the current episode. You can also ask for previous and next episodes by saying \"Alexa, previous\" and \"Alexa, next\". This skill was created using a Skill Blueprint. Your requests to this skill are not shared with the skill developer.", "details": "Skill Details\nThis skill contains dynamic content.\nInvocation Name: northgate daily devotional\nDeveloper Terms of Use", "privacy_policy_href": ""}, "Vision Rehab Facts": {"review-count": "1", "description": "Description\nLearn a few facts about vision rehabilitation and how to find services from vision rehabilitation therapists", "details": "Skill Details\nThis skill contains dynamic content.\nInvocation Name: vision rehab facts", "privacy_policy_href": ""}, "lucas.kitchen - Cocktail Recipes": {"review-count": "0", "description": "Description\nThis skill will help you fix the cocktails from Official IBA cocktail list", "details": "Skill Details\nRated: Mature.\nThis skill contains dynamic content.\nInvocation Name: cocktail recipes\nDeveloper Privacy Policy\nDeveloper Terms of Use", "privacy_policy_href": "https://lucas.kitchen/lkTermosECondicoes.pdf"}, "My Roast": {"review-count": "0", "description": "Description\nTry these lighthearted burns to add more fun to your day. When using the skill, you can say \"Alexa, next\" to move to the next burn. At any point, you can say \"Alexa, stop\" to exit the skill.\nThis skill was created using a Skill Blueprint. Your requests to this skill are not shared with the skill developer.", "details": "Skill Details\nRated: Mature.\nThis skill contains dynamic content.\nInvocation Name: my roast", "privacy_policy_href": ""}, "legendary burn": {"review-count": "0", "description": "Description\nTry these lighthearted burns to add more fun to your day. When using the skill, you can say \"Alexa, next\" to move to the next burn. At any point, you can say \"Alexa, stop\" to exit the skill.\nThis skill was created using a Skill Blueprint. Your requests to this skill are not shared with the skill developer.", "details": "Skill Details\nRated: Mature.\nThis skill contains dynamic content.\nInvocation Name: legendary burn", "privacy_policy_href": ""}, "adam's burns": {"review-count": "0", "description": "Description\nTry these lighthearted burns to add more fun to your day. When using the skill, you can say \"Alexa, next\" to move to the next burn. At any point, you can say \"Alexa, stop\" to exit the skill.\nThis skill was created using a Skill Blueprint. Your requests to this skill are not shared with the skill developer.", "details": "Skill Details\nRated: Mature.\nThis skill contains dynamic content.\nInvocation Name: adam's burns", "privacy_policy_href": ""}, "Pet Buddy": {"review-count": "21", "description": "Description\nPET BUDDY, the pet companion skill, features several different modes to help you look after your pet and keep it company.\n\nRELAXING MODE: relaxing music and sounds especially selected for your type of pet\nDAYCARE MODE : a varied selection of Pet Buddy content to keep your pet company whilst you are busy\nSOUND THERAPY MODE: introduce your pet to sounds they may be afraid of to reduce their fear\nACTIVITY MODE: have some fun with your pet\nCOMPANION MODE [Premium]: household sounds to keep your pet company whilst you are out\n\nCUSTOMIZED TO YOUR PET\nOn first use you will be asked a few questions, then the content will be tailored towards your pet(s).\nSay \"Alexa, update pets\" if you need to change anything later.\n\nSuitable for Dogs, Cats, Birds or any type of pet!\n\nSay \"Alexa, Stop\" when you want to stop Pet Buddy.\n\nPREMIUM VERSION\nAllows you to treat your pet to:\n+ Enhanced sound quality\n+ Longer loops to increase the variety\n+ Unlocks COMPANION MODE which keeps your pet company with realistic sounds of household activity\n\n\nFEEDBACK\nConnect with us at https://www.hero-software.co.uk", "details": "Skill Details\nRated: Guidance Suggested.\nThis skill contains dynamic content.\nInvocation Name: pet buddy\nDeveloper Privacy Policy\nDeveloper Terms of Use", "privacy_policy_href": "https://s3-eu-west-1.amazonaws.com/pet-buddy-policies/Pet+Buddy+Privacy+Policy.htm"}, "Northgate Devotional": {"review-count": "0", "description": "Description\nListen to the latest Northgate Devotional. You can pause and play by saying \"Alexa, pause\" and \"Alexa, resume.\" Just say \"Alexa, stop\" when you're done for the day. When listening to podcasts you can say \"Alexa, shuffle\" to shuffle the playing order, or \"Alexa, loop\" to loop the current episode. You can also ask for previous and next episodes by saying \"Alexa, previous\" and \"Alexa, next\". This skill was created using a Skill Blueprint. Your requests to this skill are not shared with the skill developer.", "details": "Skill Details\nThis skill contains dynamic content.\nInvocation Name: northgate devotional", "privacy_policy_href": ""}, "Makeup tutorials": {"review-count": "0", "description": "Description\nWatch Makeup tutorials from Amrit, MUA to both Hollywood & Bollywood stars. Amrit uses make up from different brands from across the globe. Learn how to get ready to go out on the town, or for that red carpet look! Follow him in these step by step videos.", "details": "Skill Details\nThis skill contains dynamic content.\nInvocation Name: makeup tutorials", "privacy_policy_href": ""}, "BedLink": {"review-count": "5", "description": "Description\nYou will require a Oratell BedLink device configured for your bed. Go to Oratell.com to see the large number of Beds that BedLink can control. Please note that the BedLink Universal can be configured to control virtually any power bed. IMPORTANT: To use Oratell BedLink you must register your device. Please click on the (Developer Private Policy) link below to register your device. you can find your device ID and password on the bottom of the BedLink unit. The device ID and password are case sensitive.", "details": "Skill Details\nThis skill contains dynamic content.\nInvocation Name: bed control\nDeveloper Privacy Policy\nDeveloper Terms of Use", "privacy_policy_href": "https://www.oratell.com/privacy-notice/"}, "Monday Inspirations": {"review-count": "0", "description": "Description\nStart your day with an inspirational list of quotes. When using the skill, you can say \"Alexa, next\" to move to the next quote. At any point, you can say \"Alexa, stop\" to exit the skill.\nThis skill was created using a Skill Blueprint. Your requests to this skill are not shared with the skill developer.", "details": "Skill Details\nThis skill contains dynamic content.\nInvocation Name: monday inspirations", "privacy_policy_href": ""}, "Healthy Pet Lifestyle And Organic Lifestyle Tips": {"review-count": "0", "description": "Description\nHaving a healthy pet is as important to a family as with one of your own children or human family members. In this day and age we are becoming more conscious on what we eat and taking better care of ourselves. We love our pets and their health just as much as we do ourselves and longevity of their lives are so important that we are making better choices for them. Our mission is to bring to you all we know and research daily that will benefit your pets health to keep them both happy and healthy as you would want and expect them to be. Make sure you subscribe and check back weekly for the best in news, tips and offers that coincide with the love you have for your family pet.", "details": "Skill Details\nFlash Briefing Skill\nRated: Guidance Suggested.\nThis skill contains dynamic content.\nDeveloper Privacy Policy\nDeveloper Terms of Use", "privacy_policy_href": "https://skilexa.com/doneforyou/privacy/"}, "Mohit Hostel Room": {"review-count": "0", "description": "Description\nThis skill is based upon Mohit's Hostel Room.", "details": "Skill Details\nThis skill contains dynamic content.\nInvocation Name: mohit hostel room", "privacy_policy_href": ""}, "Tarot Game": {"review-count": "1", "description": "Description\nThis game uses the tarot of Marseille to answer yes or no to your questions. This is a fun skill, enjoy.", "details": "Skill Details\nRated: Guidance Suggested.\nThis skill contains dynamic content.\nInvocation Name: tarot game\nDeveloper Privacy Policy", "privacy_policy_href": "https://cloudsqr.com/alexa/privacy-policy/"}, "mild burns": {"review-count": "0", "description": "Description\nTry these lighthearted burns to add more fun to your day. When using the skill, you can say \"Alexa, next\" to move to the next burn. At any point, you can say \"Alexa, stop\" to exit the skill.\nThis skill was created using a Skill Blueprint. Your requests to this skill are not shared with the skill developer.", "details": "Skill Details\nRated: Mature.\nThis skill contains dynamic content.\nInvocation Name: mild burns", "privacy_policy_href": ""}, "Basildon Holy Trinity Church": {"review-count": "0", "description": "Description\nBasildon holy trinity church is a roman catholic church and is located in Basildon town of Essex county in the United Kingdom. You can\n\nyou say \"Alexa ask holy trinity\" then you can ask\n\n\"Where is holy trinity church\"\n\"Contact holy trinity church\"\n\"Tell me about holy trinity church\"\n\"Mass timings\"\n\"Who is the parish priest of holy trinity church\"", "details": "Skill Details\nThis skill contains dynamic content.\nInvocation Name: holy trinity", "privacy_policy_href": ""}, "Barking Dog For Routines": {"review-count": "15", "description": "Description\nThis is a simple dog barking Alexa Skill that's good for use in Alexa Routines. After being invoked, it immediately plays a random barking sound without Alexa saying anything or asking you any question which means you don't have to be near the Alexa-enabled device when the routine begins.\n\nFor example, you could set it up so that if your Alexa-compatible security camera detects motion during sleep time at night, Alexa would play a dog barking sound effect via this \"Barking Dog For Routines\" Alexa skill.\n\nTo add this skill on your Alexa Routines, please do the following:\n\n1. Enable this \"Barking Dog For Routines\" Alexa skill.\n2. On Alexa app, navigate to Routines.\n3. Click + to add a new routine.\n4. Click + for \"When this happens\" and choose one.\n5. Click + for \"Add action\" and choose \"Skills\".\n6. Choose \"Your Skills\".\n7. Select \"Barking Dog For Routines\".\n8. Click Next.\n9. Choose Device to perform the routine to.\n10. Click Save.\n\n\n\nSkill icon: by Freepik from www.flaticon.com\nSound effects License: The sound effects used are permitted for free and commercial use under license \"Creative Commons Attribution 4.0 International License (http://www.orangefreesounds.com)", "details": "Skill Details\nThis skill contains dynamic content.\nInvocation Name: barking dog", "privacy_policy_href": ""}, "Sleigh's Holiday Greeting": {"review-count": "0", "description": "Description\nPlay Sleigh's holiday greeting for your friends and family. This skill was created using a Skill Blueprint. Your requests to this skill are not shared with the skill developer.", "details": "Skill Details\nThis skill contains dynamic content.\nInvocation Name: sleigh's holiday greeting", "privacy_policy_href": ""}, "The Stork Report": {"review-count": "0", "description": "Description\nWhether you\u2019re expecting a baby or you\u2019re a new mom or dad, we know you\u2019ve got lots of questions. In addition to consultations with your healthcare team, The Stork Report from Ochsner Health delivers daily advice on how to navigate parenthood. Tips range from how best to position your bed pillows to travel suggestions to breastfeeding.\n\nDISCLAIMER: The information provided in this skill is for informational and educational purposes only, and is not a substitute for professional medical advice, treatment or diagnosis. Call your doctor to receive medical advice. If you think you may have a medical emergency, please dial 911.", "details": "Skill Details\nFlash Briefing Skill\nThis skill contains dynamic content.\nDeveloper Privacy Policy\nDeveloper Terms of Use", "privacy_policy_href": "https://www.ochsner.org/patients-visitors/privacy-policies/ochsner-privacy-policy"}, "My Insults": {"review-count": "0", "description": "Description\nTry these lighthearted burns to add more fun to your day. When using the skill, you can say \"Alexa, next\" to move to the next burn. At any point, you can say \"Alexa, stop\" to exit the skill.\nThis skill was created using a Skill Blueprint. Your requests to this skill are not shared with the skill developer.", "details": "Skill Details\nRated: Mature.\nThis skill contains dynamic content.\nInvocation Name: my insults", "privacy_policy_href": ""}}