{"Dating Tips & Advice": {"review-count": "0", "description": "Description\nThis briefing is to assist women in the dating evaluation process and designed to encourage women to use the dating period as a time of investigation and not just infatuation and suggest that choices be based on self-worth and value rather than on pure attraction and desire. The primary goal is to give women a new sense of direction, purpose, and self-worth, while equipping them with the tools needed to identify the man who is truly deserving.", "details": "Skill Details\nFlash Briefing Skill\nRated: Guidance Suggested.\nThis skill contains dynamic content.", "privacy_policy_href": ""}, "Banana bread baker": {"review-count": "2", "description": "Description\nA hands free video step by step guide to make an incredible banana bread every time. This skill uses video to show you exactly what do, so you don't have to worry about a botched loaf. This skill aims to solve the issues of cooking with a video on your cellphone, no more messy screens.\nFor Amazon devices with rectangular display only.", "details": "Skill Details\nThis skill contains dynamic content.\nInvocation Name: banana bread baker\nDeveloper Privacy Policy\nDeveloper Terms of Use", "privacy_policy_href": "https://www.dkdoes.us/copy-of-terms"}, "Daily Quote": {"review-count": "1", "description": "Description\nAfter enabling the Daily Quote skill, say things like \u201cAlexa, what\u2019s my flash briefing\u201d or \u201cAlexa, what\u2019s in the news\u201d to hear your flash briefing.\n\nGo to Settings in your Alexa app and find \u201cFlash Briefing\u201d to move Daily Quote to the top of your news brief!", "details": "Skill Details\nFlash Briefing Skill\nThis skill contains dynamic content.", "privacy_policy_href": ""}, "Peanut Butter Jar": {"review-count": "17", "description": "Description\nFor years, we at the National Peanut Board have been growing and spreading America\u2019s love for peanuts. Suffice to say, we know peanuts\u2026 and REALLY love peanut butter. So we put tons of our favorite peanut butter-y recipes into this, our Peanut Butter Jar! Choose between sweet and savory recipes, or leave it to us\u2026 then have a randomly selected recipe sent directly to your Alexa app. Just enable the skill and say, \u201cAlexa, open Peanut Butter Jar.\u201d Enjoy!", "details": "Skill Details\nThis skill contains dynamic content.\nInvocation Name: peanut butter jar", "privacy_policy_href": ""}, "Live Your True Life Perspectives": {"review-count": "0", "description": "Description\nLive Your True Life Perspectives with Ashley Berges goes into why people act the way they do and how we should react. This show is all about realizing one's own self-worth and discusses how to deal with problematic situations, such as toxic relationships and mental illness.", "details": "Skill Details\nFlash Briefing Skill\nRated: Guidance Suggested.\nThis skill contains dynamic content.", "privacy_policy_href": ""}, "Bless This Food": {"review-count": "9", "description": "Description\nUse this Alexa skill to guide your prayers for saying grace at mealtimes, whether you are eating alone or in group. Alexa will select a random blessing from a free collection that can be extended with premium categories that are available for purchase. There is no better time to speak to God than when you are gathered around the dinner table with the ones you love!", "details": "Skill Details\nThis skill contains dynamic content.\nInvocation Name: bless this food", "privacy_policy_href": ""}, "Tooth Brushing": {"review-count": "21", "description": "Description\nLet \"Tooth Brushing\" accompany you while you brush your teeth, the Skill tells you when and where to brush and entertains you with music in the meantime.\nAsk your questions about dental care or be reminded to buy a new toothbrush. Just say \"Alexa start tooth brushing\" to start.\n\nRoyalty free music from www.frametraxx.de", "details": "Skill Details\nThis skill contains dynamic content.\nInvocation Name: tooth brushing", "privacy_policy_href": ""}, "Elite Pierre Podcast": {"review-count": "0", "description": "Description\nElite Pierre uses his gift of speaking to pursue his passion of inspiring others. As a renowned speaker, author and businessman, he wants to inspire others pursue their passion and live the lifestyle they've always wanted.\n\nFind Elite here:\n\nWebsite: https://www.eaglelearningcenter.com\nFacebook: https://www.facebook.com/elitepie\nInstagram: http://instagram.com/elitepie\nTwitter: http://www.twitter.com/elitepie\nMedium: http://medium.com/@elitepierre", "details": "Skill Details\nFlash Briefing Skill\nThis skill contains dynamic content.\nDeveloper Privacy Policy\nDeveloper Terms of Use", "privacy_policy_href": "https://www.eaglelearningcenter.com/author/pageseditor?page=privacy"}, "UCHealth": {"review-count": "8", "description": "Description\nThe UCHealth skill provides information about health care locations, finding a doctor in a speciality, finding a clinic, providing you articles on health and wellness and allows you to find a specific doctor. All location based queries are limited to the state of Colorado, USA.\n\nGet started by saying:\n_________________\n\u201cAlexa, ask UCHealth\u201d\n\nThings you can say:\n_______________\n\u201cAlexa, ask UCHealth to look for articles on lung cancer\u201d\n\u201cAlexa, ask UCHealth to find a dermatologist in Denver\u201d\n\u201cAlexa, ask UCHealth to find a cardiology clinic\u201d\n\u201cAlexa, ask UCHealth to find a pharmacy near me\u201d\n\u201cAlexa, ask UCHealth to find doctor John Doe\u201d\n\u201cAlexa, ask UCHealth to tell me a story\u201d\n\"Alexa, ask UCHealth to schedule a virtual visit\"\n\"Alexa, ask UCHealth to give me the phone number for doctor John Doe\"\n\nIn order to send details of your requests, The UCHealth skill will need to access your Name and Phone number.\n\nYou can give the permission by going to the home screen in your Alexa app, and then open the UCHealth skill, then open settings, and click on manage permissions, and then check the boxes for full name and phone number, and press the \u201csave permissions\u201d button.\n\n\nUCHealth\u2019s virtual assistant, Livi, does not provide medical advice and is intended for informational purposes only. If you think you have a medical emergency, immediately call your physician or dial 911.", "details": "Skill Details\nRated: Guidance Suggested.\nThis skill contains dynamic content.\nInvocation Name: u. c. health\nDeveloper Privacy Policy\nDeveloper Terms of Use", "privacy_policy_href": "https://www.uchealth.org/privacy-policy/"}, "AffirmationBear": {"review-count": "9", "description": "Description\nAffirmationBear provides a daily uplifting affirmation that is crafted each day based on the actual astrological alignment of the day!\n\nThe AffirmationBear skill provides a daily uplifting affirmation for you to take throughout the day. Meant to help you bring a positive focus on your day based on actual astrological alignments that we analyze on a daily basis in conjunction with our sister skill, AstrologyBear!\n\nEven though our daily affirmation is crafted for that day, you can request a random one from the past also by asking \"Alexa, ask AffirmationBear for a random affirmation\"", "details": "Skill Details\nThis skill contains dynamic content.\nInvocation Name: affirmation bear", "privacy_policy_href": ""}, "African Proverb": {"review-count": "0", "description": "Description\nLet you inspired by proverb from Africa.", "details": "Skill Details\nThis skill contains dynamic content.\nInvocation Name: african proverb", "privacy_policy_href": ""}, "Ruby Times": {"review-count": "0", "description": "Description\nListen to the latest blogs posts from your favorite blog. You can pause and play by saying \"Alexa, pause\" and \"Alexa, resume.\" Just say \"Alexa, stop\" when you're done for the day. You can say \"Alexa, shuffle\" to shuffle the playing order, or \"Alexa, loop\" to loop the current episode. You can also ask for previous and next episodes by saying \"Alexa, previous\" and \"Alexa, next\". This skill was created using a Skill Blueprint. Your requests to this skill are not shared with the skill developer.", "details": "Skill Details\nRated: Guidance Suggested.\nThis skill contains dynamic content.\nInvocation Name: ruby times", "privacy_policy_href": ""}, "Random Beer Style": {"review-count": "1", "description": "Description\nCreated by the Jersey City Brew Club for selecting a random style in our competitions, we want to share this with the larger home brewing community. This skill will return the ID and name of a random beer style in accordance with the BJCP 2015 guidelines. This is useful for helping beer clubs determine a style for competitions, to inspire a home brewer for what to brew next, or just a fun way to learn about beer styles.", "details": "Skill Details\nRated: Mature.\nThis skill contains dynamic content.\nInvocation Name: random beer style", "privacy_policy_href": ""}, "DK Tracker": {"review-count": "5", "description": "Description\nAn extensive list of what Donkey drank today. This will not entertain anyone but a small group of people.", "details": "Skill Details\nRated: Guidance Suggested.\nThis skill contains dynamic content.\nInvocation Name: d. k. tracker", "privacy_policy_href": ""}, "Oregon Wine Quiz": {"review-count": "1", "description": "Description\nHow much do you know about wine? Whether you choose grapes by the label or the year, this quiz is fun for all levels. In Oregon, winemakers are farmers and they get stoked when talking about the art and science of wine making. Open this Alexa skill for a quick brain teaser or an escape to lovely Oregon wine country. Pick the correct answer that leads you to exclusive stories. Challenge your friends and family to take and retake the quiz. Just no cheating. Ask Alexa to 'open Oregon Wine Quiz.'", "details": "Skill Details\nRated: Mature.\nThis skill contains dynamic content.\nInvocation Name: oregon wine quiz\nDeveloper Privacy Policy\nDeveloper Terms of Use", "privacy_policy_href": "https://traveloregon.com/legal/"}, "poop pee": {"review-count": "0", "description": "Description\nTry these lighthearted burns to add more fun to your day. When using the skill, you can say \"Alexa, next\" to move to the next burn. At any point, you can say \"Alexa, stop\" to exit the skill.\nThis skill was created using a Skill Blueprint. Your requests to this skill are not shared with the skill developer.", "details": "Skill Details\nRated: Mature.\nThis skill contains dynamic content.\nInvocation Name: poop pee", "privacy_policy_href": ""}, "Pay the Ransom": {"review-count": "0", "description": "Description\nPlay an interactive adventure-themed story with sound effects and prompts. Get ready for laughs and giggles as players fill in the blanks.\nThis skill was created using a Skill Blueprint. Your requests to this skill are not shared with the skill developer.", "details": "Skill Details\nRated: Guidance Suggested.\nThis skill contains dynamic content.\nInvocation Name: pay the ransom", "privacy_policy_href": ""}, "Lovely voices": {"review-count": "1", "description": "Description\nThis is a new Alexa skill offering news in cartoon characters' voices in English, French and Spanish languages", "details": "Skill Details\nFlash Briefing Skill\nThis skill contains dynamic content.", "privacy_policy_href": ""}, "Spiritual Task Tracker": {"review-count": "0", "description": "Description\nTry these checklists to help you stay organized. This skill was created using a Skill Blueprint. Your requests to this skill are not shared with the skill developer.", "details": "Skill Details\nThis skill contains dynamic content.\nInvocation Name: spiritual task tracker", "privacy_policy_href": ""}, "Kurt Talk": {"review-count": "10", "description": "Description\nSince his 2007 debut on YouTube, composer, music producer, director and performer Kurt Hugo Schneider has become known to his nearly 12M subscribers as a singular talent in the music world. Described by WIRED as 'Rick Rubin for a new generation,' Schneider's work and interpretive abilities have enabled him to cross borders and develop a devoted international following when speaking to his audience through song.\n\nNow, for the first time, Kurt offers listeners intimate access to some of the ideas that drive his thinking and inspiration. And he does it once again through a new and groundbreaking medium - voice. In short missives intended as an accompaniment to the daily activities of his fans, Kurt relays some of the latest things on his mind through KURT TALK.\n\nJust say, \u201cAlexa, open Kurt Talk\u201d to hear what Kurt Hugo Schneider is thinking right now.\n\nKURT TALK is brought to you by the totally cool folks at Sonic Sando.\nReach us at hello@sonicsando.com.", "details": "Skill Details\nThis skill contains dynamic content.\nInvocation Name: kurt talk", "privacy_policy_href": ""}, "inspiration": {"review-count": "0", "description": "Description\nStart your day with an inspirational list of quotes. When using the skill, you can say \"Alexa, next\" to move to the next quote. At any point, you can say \"Alexa, stop\" to exit the skill.\nThis skill was created using a Skill Blueprint. Your requests to this skill are not shared with the skill developer.", "details": "Skill Details\nThis skill contains dynamic content.\nInvocation Name: motivational quotes", "privacy_policy_href": ""}, "Sleeping at Chill": {"review-count": "0", "description": "Description\nPlay an interactive adventure-themed story with sound effects and prompts. Get ready for laughs and giggles as players fill in the blanks.\nThis skill was created using a Skill Blueprint. Your requests to this skill are not shared with the skill developer.", "details": "Skill Details\nRated: Guidance Suggested.\nThis skill contains dynamic content.\nInvocation Name: sleeping at chill", "privacy_policy_href": ""}, "Christ Church Denver": {"review-count": "0", "description": "Description\nListen to the latest messages from Christ Episcopal Church in Denver. You can pause and play by saying \"Alexa, pause\" and \"Alexa, resume.\" Just say \"Alexa, stop\" when you're done for the day. When listening to podcasts you can say \"Alexa, shuffle\" to shuffle the playing order, or \"Alexa, loop\" to loop the current episode. You can also ask for previous and next episodes by saying \"Alexa, previous\" and \"Alexa, next\". This skill was created using a Skill Blueprint. Your requests to this skill are not shared with the skill developer.", "details": "Skill Details\nThis skill contains dynamic content.\nInvocation Name: christ church denver", "privacy_policy_href": ""}, "Winnetka Racquetball": {"review-count": "0", "description": "Description\nJust a test", "details": "Skill Details\nThis skill contains dynamic content.\nInvocation Name: winnetka racquetball", "privacy_policy_href": ""}, "Zen Spa: Relaxing Sound | Relax your mind": {"review-count": "22", "description": "Description\nZen Spa is a relaxing sound for Yoga, Massage, Spa, Meditation or Sleep. Relax your mind and body with this skill.\nEnhance your relaxation, meditation, sleep, brain function and concentration.\n\n\nHow to use \"Zen Spa: Relaxing Sound | Relax your mind\"?\n\nYou can say:\n- \"Alexa, open Zen Spa\"\n- \"Alexa, start Zen Spa\"\n- \"Alexa, play Zen Spa\"\n\nIt will automatically play the sound indefinitely until you say \"Alexa, stop\".\n\n\nHow to set a timer?\n\nFirst, you need to play the sound using one of the above method. Then, you can limit the time the sound will play by saying \"Alexa, stop playing in 1 hour\" (or however long you want it to last). Once 1 hour has passed, the sound will stop playing.\n\n\nHow to support us?\n\nYour review is extremely important and it shows us your support. Please consider leaving a review if you love the skill. Your review encourages us to continue making more skills.\n\n\nListen to more relaxing sounds?\n\nYou can say \"Alexa, open Zen Spa and send me other relaxing sounds\" and the skill will send you an email containing other relaxing sounds you can try. It'll not only contain the name of the skill but also, contain direct link to the skill and you can enable it easily.\n\nOr, you can search in the Alexa Skill store the following skills:\n- Zen Spa\n- Forest Birdsong\n- Forest Birds\n- Study Music\n- Zen Meditation\n- Beautiful Piano\n- Forest Campfire\n- Stress Relief\n- Tropical Birds\n- Waves Sandy Beach\n- Morning Tweet Tweet\n- Focus Music\n- Cave Water Drips\n- Public Park\n- Tribal Festival", "details": "Skill Details\nRated: Guidance Suggested.\nThis skill contains dynamic content.\nInvocation Name: zen spa\nDeveloper Privacy Policy", "privacy_policy_href": "https://sound.aimelyne.com/privacy/relaxing-sound/en.html"}, "Positive Thinking": {"review-count": "15", "description": "Description\nA positive attitude can impact every aspect of your life. People who maintain a positive approach to life situations and challenges will be able to overcome tricky situations.\n\nDo you ever feel like you have a bad day? Positive thinking, is the process of not thinking negatively. The skill provides users with Positive Thinking Quotes. The skill contains motivational quotes, and inspirational messages.\n\nOver 50+ positive thinking quotes. To use, simply ask:\n\n\"Alexa, launch positive thinking\"\n\"Alexa, open positive thinking\"\n\"Alexa, play positive thinking\"\n\"Alexa, open positive thinking, and tell me a quote\"\n\nIf you have any motivational quotes feel free to let me know, and I will get them added:\nhttp://twitter.com/VikingSkullApps", "details": "Skill Details\nThis skill contains dynamic content.\nInvocation Name: positive thinking", "privacy_policy_href": ""}, "My Journal": {"review-count": "0", "description": "Description\nMaintain your own Journal with Alexa. You can create or delete entries or have Alexa read them out loud. Find old entries using the search function or have Alexa read to you what was a year ago today.\n\nFor the journal you need a Google account where your data is saved. Alexa will help you link this skill to your Google account. The journal entries are then saved in a Google spreadsheet called \"Journal\", which you can easily edit with the Google Apps.\n\nRequest new features or provide feedback on things that could be improved on https://github.com/petergtz/alexa-journal/issues/new.", "details": "Skill Details\nRated: Guidance Suggested.\nThis skill contains dynamic content.\nInvocation Name: my journal\nDeveloper Privacy Policy", "privacy_policy_href": "https://mein-tagebuch.net/en/#privacy-policy"}, "Emmanuel Covenant Church": {"review-count": "0", "description": "Description\nListen to the latest messages from Emmanuel Covenant Church in Shoreview, MN. You can pause and play by saying \"Alexa, pause\" and \"Alexa, resume.\" Just say \"Alexa, stop\" when you're done for the day. When listening to podcasts you can say \"Alexa, shuffle\" to shuffle the playing order, or \"Alexa, loop\" to loop the current episode. You can also ask for previous and next episodes by saying \"Alexa, previous\" and \"Alexa, next\". Learn more about Emmanuel on our website, www.emmanuel.church, or visit us on Sunday mornings at the Shoreview Community Center.", "details": "Skill Details\nThis skill contains dynamic content.\nInvocation Name: emmanuel covenant", "privacy_policy_href": ""}, "Main Street Baptist": {"review-count": "0", "description": "Description\nListen to the latest message from Main Street Baptist Church. You can pause and play by saying \"Alexa, pause\" and \"Alexa, resume.\" Just say \"Alexa, stop\" when you're done for the day. When listening to podcasts you can say \"Alexa, shuffle\" to shuffle the playing order, or \"Alexa, loop\" to loop the current episode. You can also ask for previous and next episodes by saying \"Alexa, previous\" and \"Alexa, next\". This skill was created using a Skill Blueprint. Your requests to this skill are not shared with the skill developer.", "details": "Skill Details\nThis skill contains dynamic content.\nInvocation Name: main street baptist", "privacy_policy_href": ""}, "VoiceR": {"review-count": "3", "description": "Description\nVoiceR is a standalone application for the Amazon Echo and Echo Dot, is available 24/7 and does not require the user to have or use a phone (but does need a Wi-Fi connection and the Alexa app). Seniors and others can use VoiceR whether or not a caregiver or family member is available.\n\nVoiceR includes a \u201ccall for help\u201d (SOS) function whereby the user or caregiver can have a list of caregivers or medical personnel set up in a \u201cnotify\u201d group that will be notified if the user asks for help. Optionally a call center number may also be included in this list.\n\nThe standalone no-charge VoiceR app provides a senior or other user with verbal reminders, appointments, news and weather, quizzes (to hone mental skills) and daily voice memos. Both the senior and the person receiving the message must have (and use) the free Alexa app.\n\nTo use VoiceR, do the following:\n\n\u00b7 Create an Amazon account if you don\u2019t already have one (www.amazon.com)\n\u00b7 Download the Alexa app (www.amazon.com/alexa)\n\u00b7 Install the Echo Dot. Alexa is a default built-in virtual assistant for all Amazon\u2019s Echo devices. You can easily set up your Echo system with the help of the Alexa App.\n\u00b7 Go to your Alexa App. When you first open the Alexa App, you are on a home screen. On the top left of that screen are three horizontal lines under each other \u2013 this is the menu.\n\u00b7 Tap the menu and scroll to \u201cSkills and Games.\u201d Tap \u201cSkills and Games.\u201d At the top, you will see \u201cDiscover,\u201d \u201cCategory,\u201d and \u201cYour Skills.\u201d Tap \u201cDiscover\u201d then search and download the VoiceR app.\n\u00b7 Go to \u201cYour Skills\u201d and find the VoiceR skill you just downloaded.\n\u00b7 Tap on the VoiceR skill and you will see Settings. Tap Settings and scroll down the page until you see Permissions; this is where the Permissions are kept. You should grant all the permissions shown (Name, Email Address, Mobile Number and Reminders).\n\nYou are now ready to use VoiceR with Alexa and your Echo Dot.\n\nTo use VoiceR, say:\n\n\u201cAlexa, open Go Find\u201d\nAlexa will respond by saying: \"Welcome to Go Find. To proceed further you must register your phone number. Would you like me to register your phone number? Please respond by saying Yes or No.\n\nYou then say YES\n\nAlexa will respond: \"Your phone number is registered. If you are the main caretaker of a group, you need to create a group. Otherwise, you can finish your setup by saying 'Done'. Would you like me to create a group?\n\nYou then respond YES\n\nAlexa will respond: \"Your group has been created, and your phone number has been added to it. Do you want to add your parent or spouse's phone number now?\"\n\nAlexa will ask for the parent or spouse's phone number and you should tell Alexa that phone number. The parent or spouse is the only one that can initiate the call for help. Alexa will respond \"Adding <parentname> to the group as parent or spouse. Do you want to add more members to the group?\n\nYou can say YES and add members to the group or say NO and Alexa will respond: \"OK. You can add more members to the group later by saying 'add a member to my group'. Your setup is complete. You can finish by saying 'done'\n\nTo summon help, say \u201cAlexa, ask Go Find for help.\u201d A message will be sent to all contacts including the call center if provided.\n\nTo use the reminders, say \u201cAlexa, ask Go Find to create a reminder\u201d. Alexa will respond by requesting what the reminder is for and asking for a date and time for the reminder. The date must be the full date like \u201cMarch 14, 2019\u201d, and the time must include am or pm like (8am or 8pm). The user may also specify if the reminder recurs either daily or weekly. When the date and time arrive, Alexa will issue both a verbal reminder and a push message reminder. Alexa will repeat the reminder one more time.\n\nTo play the quiz say, \u201cAlexa, ask Go Find for my quiz.\u201d Follow the prompts in the quiz.\n\nFor an enhanced experience, download the GoFind Flash briefing.", "details": "Skill Details\nRated: Guidance Suggested.\nThis skill contains dynamic content.\nInvocation Name: go find\nDeveloper Privacy Policy\nDeveloper Terms of Use", "privacy_policy_href": "https://www.gofindinc.com/privacy-policy/"}, "Devotional Raga": {"review-count": "0", "description": "Description\nListen to daily devotional raga mantra like om mantra, durga mantra, krishna mantra, gayatri mantra, ganesha mantra, shiv mantra, sai mantra, vishnu mantra, buddha mantra. Listen everyday to meditate, release daily stress and for positive life.", "details": "Skill Details\nThis skill contains dynamic content.\nInvocation Name: devotional raga\nDeveloper Privacy Policy\nDeveloper Terms of Use", "privacy_policy_href": "https://sites.google.com/view/silver-surfer/home/developer-privacy-policy"}, "Mathews Miracle Diary": {"review-count": "0", "description": "Description\n29 miracles and 29 Bible passages that have helped Mike and Pam to live a content and fulfilling marital life. Enjoy", "details": "Skill Details\nThis skill contains dynamic content.\nInvocation Name: mathews miracle diary", "privacy_policy_href": ""}, "Marianne Williamson Vibes": {"review-count": "1", "description": "Description\nNeed some Marianne Williamson in your life? Just say \"Marianne Williamson Vibes\" and your energy will begin healing.", "details": "Skill Details\nThis skill contains dynamic content.\nInvocation Name: marianne williamson vibes\nDeveloper Privacy Policy\nDeveloper Terms of Use", "privacy_policy_href": "https://www.privacypolicytemplate.net/live.php?token=knjpgvDOz7cTXrZ7NY0amkgkb1g1UtBn"}, "Fun facts about rabbits": {"review-count": "0", "description": "Description\nyou can find new facts about rabbits", "details": "Skill Details\nFlash Briefing Skill\nThis skill contains dynamic content.", "privacy_policy_href": ""}, "Sanderson Farms Recipes": {"review-count": "13", "description": "Description\nWhen you\u2019re cooking, your hands get messy. Sanderson Farms has you covered with Alexa-enabled recipes you can cook hands-free. No \u201celbow unlock\u201d needed.\n\nTo use this skill, click \u201cEnable\u201d above or simply ask Alexa to \u201cEnable Sanderson Farms.\u201d You\u2019ll only have to enable the skill during your first use.\nYou\u2019ll find Alexa-enabled recipes on our website at SandersonFarms.com/recipes. Here are some phrases you can use to get started.\n\nGETTING STARTED\n\u2022 \u201cAlexa, ask Sanderson Farms for the Chicken and Veggie Fajitas recipe.\u201d\n\u2022 \u201cAlexa, get me the recipe for Chicken and Veggie Fajitas with Sanderson Farms.\u201d\nTIP: If you\u2019ve been away from Alexa, you\u2019ll need to ask her to open the Sanderson Farms skill by prefacing your request with \u201cAlexa, ask Sanderson Farms\u2026,\u201d or you can say \u201cAlexa, open Sanderson Farms.\u201d You\u2019ll know you\u2019re on the right skill if you\u2019ve heard \u201cWelcome to Cooking with Sanderson Farms.\u201d Or, \u201cWelcome back to Cooking with Sanderson Farms.\u201d\n\nWHILE COOKING\n\u2022 To hear an instruction again, say, \u201cAlexa, please repeat that\u201d or \u201cAlexa, previous step.\u201d\n\u2022 Alexa can set a timer to remind you when it\u2019s time to check the oven.\nTIP: If the light ring on your Alexa is not activated, you\u2019ll need to wake Alexa up by using her name.", "details": "Skill Details\nThis skill contains dynamic content.\nInvocation Name: sanderson farms\nDeveloper Privacy Policy\nDeveloper Terms of Use", "privacy_policy_href": "https://sandersonfarms.com/disclaimer/"}, "HOME GUIDE": {"review-count": "0", "description": "Description\nWelcome your guests with a guide to your home and contact info They\ncan ask for simple information and how to access people if you cannot.\nThis skill was created using a Skill Blueprint. Your requests to this skill are not shared with the skill developer.", "details": "Skill Details\nThis skill contains dynamic content.\nInvocation Name: home guide", "privacy_policy_href": ""}, "Zeek Bar": {"review-count": "0", "description": "Description\nWe are making it simpler for you to order your Zeek Bars. The skill needs Account Linking. You should already have an account with Zeek Bar before using this skill. Please note that the skill is intended to parents or adults to purchase Zeek bars for children. Please note that this skill uses Amazon Pay to process your payments. To help protect against unwanted ordering, you can enable a four-digit voice code under Settings in the Alexa app.", "details": "Skill Details\nRated: Guidance Suggested.\nThis skill contains dynamic content.\nInvocation Name: zeek bar\nDeveloper Privacy Policy\nDeveloper Terms of Use", "privacy_policy_href": "https://www.zeekbar.com/pages/privacy-policy"}, "Relax My Cat": {"review-count": "56", "description": "Description\nListening to this music will help your cat feel more relaxed and calm, less anxious, sleep more and be generally happier.\n\nPlaying this music is a great way to ensure that your best furry friend is feeling relaxed. If you are feeling a bit stressed out yourself, you will enjoy this soothing sounds yourself. It's very relaxing all around.", "details": "Skill Details\nThis skill contains dynamic content.\nInvocation Name: relax my cat", "privacy_policy_href": ""}, "cloud fabrix": {"review-count": "1", "description": "Description\nwhere is stuff", "details": "Skill Details\nThis skill contains dynamic content.\nInvocation Name: cloud fabrix", "privacy_policy_href": ""}, "New Grounds": {"review-count": "0", "description": "Description\nAsk Alexa for help with picking a Nespresso pod to brew. Ask for a recommendation and she'll pick a blend that matches your tastes, or ask for a surprise if you're adventurous and really want to try something new!", "details": "Skill Details\nThis skill contains dynamic content.\nInvocation Name: new grounds", "privacy_policy_href": ""}, "Remote Family News": {"review-count": "0", "description": "Description\nHomeschooling, working online, family life and traveling by Jomar Hilario.\nOur kids study at home, we both work at home and we're generally free from it all.\nFind out the latest realizations and secrets about this future family.", "details": "Skill Details\nFlash Briefing Skill\nThis skill contains dynamic content.", "privacy_policy_href": ""}, "Party on Wayne": {"review-count": "146", "description": "Description\nTell Alexa to party on, she'll return fire.", "details": "Skill Details\nThis skill contains dynamic content.\nInvocation Name: party on", "privacy_policy_href": ""}, "My Cap BlueCross": {"review-count": "5", "description": "Description\nHealthcare is confusing, but it just got a little easier. We\u2019re breaking down everyday scenarios to help you learn common terms and get a handle on the ins and outs of insurance, all by using only your voice with My Cap BlueCross.\n\nHere to help you with the basics so you can be confident when making decisions about your care. We started with a few common scenarios and used videos, questions, and everyday language to explain how healthcare works. Learn about your ID card, patient cost share, when and why you might use a virtual visit and more through our healthcare journeys. Check back often as we continue to add learning journeys.\n\nYou can also ask My Cap BlueCross to define confusing terminology such as deductibles, PPOs, HSAs, etc.\n\nThe newest journey in the My Cap BlueCross skill helps explain the ins and outs of a healthcare transaction. Learn about why services cost different amounts depending on the doctor or hospital, why you owe the amount on your bill, what happens once the deductible is met, and what coinsurance is and when it applies. Reduce confusion when getting a bill from the doctor. Just open My Cap BlueCross to listen to our Healthcare Costs journey.\n\nThe information in this skill is provided for informational and educational purposes only. It is not a substitute for professional medical advice, treatment or diagnosis. Call your doctor to receive medical advice. If you think you may have a medical emergency, please dial your local emergency response phone number", "details": "Skill Details\nRated: Guidance Suggested.\nThis skill contains dynamic content.\nInvocation Name: my cap blue cross\nDeveloper Privacy Policy", "privacy_policy_href": "https://www.capbluecross.com/wps/portal/cap/redirect/cross/alexa-privacy"}, "My Southern Hills": {"review-count": "0", "description": "Description\nListen to the latest talks from your Southern Hills Baptist Church in Tulsa. You can pause and play by saying \"Alexa, pause\" and \"Alexa, resume.\" Just say \"Alexa, stop\" when you're done for the day. When listening to podcasts you can say \"Alexa, shuffle\" to shuffle the playing order, or \"Alexa, loop\" to loop the current episode. You can also ask for previous and next episodes by saying \"Alexa, previous\" and \"Alexa, next\". Follow us on instagram @mysouthernhills. Thanks for listening and we hope to see you Sunday at 56th and Lewis.", "details": "Skill Details\nThis skill contains dynamic content.\nInvocation Name: my southern hills", "privacy_policy_href": ""}, "Sauce Master": {"review-count": "3", "description": "Description\nAsk our very own Sauce Master for the recipe of your favorite sauce and it would be ready with image and recipe description for the sauce of your choice. With step by step instructions, you would be briefed about the sauce making procedure.\n\nSpecial Feature: Great graphics and interactivity for Alexa with display devices.", "details": "Skill Details\nThis skill contains dynamic content.\nInvocation Name: sauce master", "privacy_policy_href": ""}, "Animal Noises": {"review-count": "8", "description": "Description\nListen to over 70 amazing animal noises and sounds, with this fun, easy to use Alexa skill. Hear a tiger roar, cat meow, or you can find out what a panda sounds like. As an extra bonus, if you have an Echo Show or Spot you can see the animal picture as well as hear the sound.\n\nAsk Animal Noises for...\n- alligator\n- anaconda\n- bat\n- bear\n- beaver\n- beehive\n- black panther\n- buffalo\n- camel\n- cheetah\n- chicken\n- cougar\n- cow\n- coyote\n- deer\n- dinosaur\n- dog\n- dolphin\n- donkey\n- duck\n- eagle\n- elephant\n- elk\n- fox\n- frog\n- giraffe\n- goat\n- gorilla\n- grasshopper\n- hippo\n- horse\n- leopard\n- lion\n- monkey\n- mouse\n- owl\n- panda\n- parrot\n- pelican\n- penguin\n- pig\n- pigeon\n- polar bear\n- prairie dog\n- pterodactyl\n- rabbit\n- raccoon\n- rat\n- rattlesnake\n- reindeer\n- rhino\n- rooster\n- seagull\n- seal\n- sea lion\n- sheep\n- skunk\n- spider\n- squirrel\n- swan\n- tiger\n- turkey\n- velociraptor\n- walrus\n- whale\n- wild boar\n- wolf\n- woodpecker\n- zebra\n\nABOUT HEALING.FM\nMore than 100,000+ people every month trust Healing.fm's high quality skills for meditation, relaxation, or entertainment.", "details": "Skill Details\nThis skill contains dynamic content.\nInvocation Name: animal noises\nDeveloper Privacy Policy\nDeveloper Terms of Use", "privacy_policy_href": "https://healing.fm/privacy/english"}, "GUEST ADVICE": {"review-count": "0", "description": "Description\nUse this skill to ask about the house set up and hear contact information (email, phone, address) for the family and other important contacts. Create this app to publish information for visitors and information about your contacts they may need.\nThis skill was created using a Skill Blueprint. Your requests to this skill are not shared with the skill developer.", "details": "Skill Details\nRated: Mature.\nThis skill contains dynamic content.\nInvocation Name: guest advice", "privacy_policy_href": ""}, "Good Health Tips": {"review-count": "0", "description": "Description\nListen to daily good health tips from Health Sciences South Carolina (HSSC). You can just say \"Alexa, what's my flash briefing\" or \"Alexa, what's in the news\" to hear a new tip each day. You can say \"Alexa, stop\" to exit anytime.\n\nThe text, audio, video, and other information (the \"Content\") provided here is for informational purposes only. The Content is not intended to provide or substitute for professional medical advice, diagnosis, or treatment. The Content is not intended to be -- and therefore should not be interpreted as -- recommendation(s) for any specific treatment plan, product, or provider. Use of this Skill does not create a doctor-patient relationship. Any questions regarding individual medical conditions should be directed to a health care professional.\n\nIf you have any concerns about your health, consult your physician promptly. Never disregard or delay individual medical advice or care because of something you read or heard here. We strive for timeliness and accuracy of all content; however, we cannot guarantee this. The Site and Content are provided \"AS IS.\" Use of the Site and the Content, and resliance on any information obtained, is at your own risk.\n\nThis skill was created using a Skill Blueprint. Your requests to this skill are not shared with the skill developer.", "details": "Skill Details\nFlash Briefing Skill\nRated: Guidance Suggested.\nThis skill contains dynamic content.", "privacy_policy_href": ""}, "Community Christian Church": {"review-count": "0", "description": "Description\nListen to the latest talks from your spiritual center. You can pause and play by saying \"Alexa, pause\" and \"Alexa, resume.\" Just say \"Alexa, stop\" when you're done for the day. When listening to podcasts you can say \"Alexa, shuffle\" to shuffle the playing order, or \"Alexa, loop\" to loop the current episode. You can also ask for previous and next episodes by saying \"Alexa, previous\" and \"Alexa, next\". This skill was created using a Skill Blueprint. Your requests to this skill are not shared with the skill developer.", "details": "Skill Details\nThis skill contains dynamic content.\nInvocation Name: community christian church", "privacy_policy_href": ""}, "VoiceXP Flash Briefing": {"review-count": "2", "description": "Description\nPractical content marketing strategies that you can implement immediately to grow your business.", "details": "Skill Details\nFlash Briefing Skill\nRated: Guidance Suggested.\nThis skill contains dynamic content.\nDeveloper Privacy Policy", "privacy_policy_href": "https://voicexp.com/pp/"}, "Golf Kingdom": {"review-count": "17", "description": "Description\nGolf Kingdom TV show host and Golf Channel Lead Coach Rob Strano gives you tips to help your game.", "details": "Skill Details\nThis skill contains dynamic content.\nInvocation Name: golf kingdom", "privacy_policy_href": ""}, "Married People": {"review-count": "0", "description": "Description\nListen to the latest Married People podcast episodes on your Alexa-enabled device. Pause and play by saying \"Alexa, pause\" and \"Alexa, resume.\" Just say \"Alexa, stop\" when you're done for the day. When listening to podcasts you can say \"Alexa, shuffle\" to shuffle the playing order, or \"Alexa, loop\" to loop the current episode. You can also ask for previous and next episodes by saying \"Alexa, previous\" and \"Alexa, next\". This skill was created using a Skill Blueprint. Your requests to this skill are not shared with the skill developer.", "details": "Skill Details\nThis skill contains dynamic content.\nInvocation Name: married people", "privacy_policy_href": ""}, "Tinytracks": {"review-count": "2", "description": "Description\nAsk Alexa to log your child's diapers, bottle feedings, or to start and stop nursing. Know more details about your child's day by asking when the last diaper was or how many in the current day.\n\nBefore being able to use this skill, a Tinytracks account with a child profile must be created via the Tinytracks iOS or Android app (https://www.tinytracksapp.com/#download).\n\nUSAGE:\n---------\n\nNursing:\n----------\nAlexa, ask tiny tracks to:\n- start nursing on left\n- start nursing on right\n- stop nursing\n- switch sides\n\nAlexa, ask tiny tracks:\n- what side I last nursed on\n- what side did I last nurse on\n\nBottle:\n--------\n- start a formula bottle feeding\n- start a breastmilk bottle feeding\n- start a bottle feeding\n- stop bottle feeding\n- log a breastmilk bottle feeding of 30 milliliters\n- log a formula bottle feeding of 5 ounces\n- log a bottle feeding\n\n(coming soon: automatically deduct from stash)\n\nPumping:\n-----------\n- start pumping\n- stop pumping\n- log a pumping 2.5 ounces left and 3 ounces right\n- log a pumping 30 milliliters right\n\n(coming soon: automatically add to stash)\n\nDiaper:\n---------\nAlexa, ask tiny tracks to:\n- log a wet diaper\n- log a dirty diaper\n- log a mixed diaper\n- log a diaper\n\nThe above commands can also be said using the word \"add\" in place of \"log\".\n\nHow many diapers today:\nAlexa, ask tiny tracks:\n- how many wet diapers today\n- how many dirty diapers today\n- how many mixed diapers today\n- how many diapers today\n\nWhen was the last diaper:\nAlexa, ask tiny tracks:\n- when was the last wet diaper\n- when was the last dirty diaper\n- when was the last mixed diaper\n- when was the last diaper\n\nMultiple Children:\n---------------------\n\nThis skill works for multiple children too. If you have multiple children, you can suffix these commands with \"for ChildName\". For example:\n\n- Alexa, ask tiny tracks to log a wet diaper for Miranda\n- Alexa, ask tiny tracks to start nursing for Miranda\n- Alexa, ask tiny tracks when was the last dirty diaper for Charlie", "details": "Skill Details\nRated: Guidance Suggested.\nThis skill contains dynamic content.\nInvocation Name: tiny tracks\nDeveloper Privacy Policy\nDeveloper Terms of Use", "privacy_policy_href": "https://www.tinytracksapp.com/privacy-policy"}, "The River Walk": {"review-count": "0", "description": "Description\nthe latest and greatest podcasts of BRBC", "details": "Skill Details\nThis skill contains dynamic content.\nInvocation Name: the river walk", "privacy_policy_href": ""}, "Success Tip": {"review-count": "0", "description": "Description\nJoin us each day to get a new tip or trick to apply to your life. Creating successful habits and building a better you.", "details": "Skill Details\nFlash Briefing Skill\nRated: Guidance Suggested.\nThis skill contains dynamic content.", "privacy_policy_href": ""}, "Mental Health Day Manager": {"review-count": "0", "description": "Description\nThis skill is intended for people who decide in the morning that they will be taking a mental health day for their depression. Once the skill is activated, it will guide users through their morning, reminding them to accomplish regular, daily tasks, as well as complete other tasks that are intended to boost their mood. By the end of the task, the user will be left with some activities to be completed later on in the day for the purpose of not having a completely unplanned day. The goal of this skill is for the user to be feeling better by the end of the day so that they can resume normal responsibilities by the following morning. By creating the voice of a Mental Health Manager that balances a somewhat authoritative tone with comedic relief, the user will be prompted with a morning schedule while being occasionally met with unexpected humor. This voice reminds users that taking a mental health day can be very useful and, even at times, fun. This skill is not intended by any means to cure depression, and is also not a guarantee to help users feel better or less depressed. This skill was also not created by licensed psychotherapists, psychiatrists, or doctors of any kind. If at any point while using the skill the user starts to feel suicidal, 911 should be called immediately and this cannot be done through this Alexa skill.\n\nThis skill was built with love by VoiceApps.com. Visit us to create your own skill in minutes!", "details": "Skill Details\nThis skill contains dynamic content.\nInvocation Name: mental health day manager", "privacy_policy_href": ""}, "Daily Proverbs": {"review-count": "2", "description": "Description\nTe recita un proverbio nuevo cada d\u00eda. Esta skill contiene m\u00e1s de 8000 frases y cada d\u00eda es una nueva. Simplemente tienes que invocarla diciendo: proverbios diarios.\n\nNada m\u00e1s abrirla te recitar\u00e1 el proverbio diario pero luego puedes pedir el proverbio de otros d\u00edas simplemente diciendo:\n- \"dime el proverbio del d\u00eda 14 de febrero\" para escuchar el proverbio de aquel d\u00eda.\n- \"Para\" para salir.", "details": "Skill Details\nThis skill contains dynamic content.\nInvocation Name: proverbios diarios", "privacy_policy_href": ""}, "Fanta Mini World": {"review-count": "0", "description": "Description\nLet Alexa provide a soundtrack for Fanta's Tiny World", "details": "Skill Details\nThis skill contains dynamic content.\nInvocation Name: fanta mini world", "privacy_policy_href": ""}, "Sprite Mini World": {"review-count": "0", "description": "Description\nLet Alexa provide a soundtrack for Sprite's Tiny World.", "details": "Skill Details\nThis skill contains dynamic content.\nInvocation Name: sprite mini world\nDeveloper Privacy Policy\nDeveloper Terms of Use", "privacy_policy_href": "https://us.coca-cola.com/privacy-policy/"}, "Lynn's Ruling Conclusion": {"review-count": "0", "description": "Description\nPlay an interactive adventure-themed story with sound effects and prompts. Get ready for laughs and giggles as players fill in the blanks.\nThis skill was created using a Skill Blueprint. Your requests to this skill are not shared with the skill developer.", "details": "Skill Details\nThis skill contains dynamic content.\nInvocation Name: lynn's ruling conclusion", "privacy_policy_href": ""}, "UCFS Healthcare": {"review-count": "0", "description": "Description\nUCFS Healthcare is on a mission to improve the health of our community and to redefine well-being. Through comprehensive, quality healthcare services at locations throughout eastern Connecticut, we meet the needs of clients at every stage of life. Dedicated to making healthcare more convenient, we have developed this app to instantly answer common questions about our services, locations, policies, and resources. You can ask your smart speaker a full range of questions about our providers, the insurance we accept and what to expect on your first appointment. This app consistently evolves to address any gaps in information delivery not initially considered at launch. For further information please visit ucfshealthcare.org.", "details": "Skill Details\nThis skill contains dynamic content.\nInvocation Name: u. c. f. s. healthcare\nDeveloper Privacy Policy", "privacy_policy_href": "https://www.voxion.us/alexaPrivacyPolicy.html"}, "Seasonal Fruits": {"review-count": "2", "description": "Description\nEsta skill es muy \u00fatil para saber que fruta comprar en cada mes del a\u00f1o, por ejemplo, si le preguntas las frutas de temporada en Enero, la skill te dar\u00e1 una lista como aguacate, d\u00e1til, kiwi, lim\u00f3n, mandarina, mango, manzana, naranja, papaya, pera, pi\u00f1a, pl\u00e1tano, pomelo, tamarillo, tomate raf.", "details": "Skill Details\nThis skill contains dynamic content.\nInvocation Name: frutas de temporada\nDeveloper Privacy Policy (Spanish, ES)\nDeveloper Privacy Policy (Spanish, US)", "privacy_policy_href": "https://myskyllfruits.s3-eu-west-1.amazonaws.com/politicadeprivacidad.html"}, "She Rocks The World": {"review-count": "1", "description": "Description\nShe Rocks The World inspires teenage girls to fearlessly use their own voices to live bigger lives. If girls can create a habit of stepping up and speaking up, that habit will soon become routine and when it becomes routine we WILL change the world.\n\nWhen girls share their fears, failures, successes, ideas and opinions with other girls through stories they create connections. It\u2019s through those connections that we inspire other girls to share their own stories. We envision a global network of girl thought leaders, supporting each other, by fearlessly using their own voices to positively impact our world.\n\nJoin us and fearlessly use your voice by submitting your story to info@SheRocksTheWorld.org\n\nStart your day with, \"Alexa, open She Rocks The World\"", "details": "Skill Details\nThis skill contains dynamic content.\nInvocation Name: she rocks the world\nDeveloper Privacy Policy\nDeveloper Terms of Use", "privacy_policy_href": "https://www.decibelapps.com/privacy-policy/"}, "Fireplace Ambiance": {"review-count": "9", "description": "Description\nListen to three different ambiance sounds of a crackling fire to help you relax, fall to sleep or play in the background if you have a led electric fire.\n\nBe sure to leave a 5-star review!", "details": "Skill Details\nThis skill contains dynamic content.\nInvocation Name: fireplace ambiance\nDeveloper Privacy Policy\nDeveloper Terms of Use", "privacy_policy_href": "https://creator.getvoiceflow.com/creator/privacy_policy?name=Gary%20Hatchman&skill=fireplace"}, "Fifty Success Quotes": {"review-count": "0", "description": "Description\nStart your day with an inspirational list of success quotes. When using the skill, you can say \"Alexa, next\" to move to the next quote. At any point, you can say \"Alexa, stop\" to exit the skill.\nThis skill is amazing it consists of amazing 50 success quotes which will boost from inside.", "details": "Skill Details\nThis skill contains dynamic content.\nInvocation Name: fifty success quotes", "privacy_policy_href": ""}, "Bhagavad Gita by Shemaroo": {"review-count": "1", "description": "Description\nThe Bhagavad Gita is a Hindu sacred text originally written in Sanskrit that forms part of a larger epic, the \"Mahabharata.\" Yoga is presented in the Bhagavad Gita as the process by which a person can connect with the Absolute or Divine.\nThe Bhagavad Gita is a narrative that is told through a dialogue between Arjuna, a warrior, and his charioteer, Lord Krishna. Arjuna doubts whether he should go into battle and Krishna explains that he must fulfill his dharma, or duty, as a warrior. In his explanation, Krishna discusses various types of yoga, including Jnana, Bhakti, Karma and Raja.\nSome consider the battle described in the Bhagavad Gita to be an allegory for human life.\nThis Bhagavad Gita consist of 19 episodes with tentative duration of 25 mins to 30 mins.", "details": "Skill Details\nThis skill contains dynamic content.\nInvocation Name: bhagavad gita\nDeveloper Privacy Policy\nDeveloper Terms of Use", "privacy_policy_href": "https://shemaroo.com/Alexa/privacy-policy.html"}, "Supraja Hospital": {"review-count": "0", "description": "Description\nVoicebot provides information about Supraja Hospital, Hyderabad, India. Users can ask questions related to appointment, admission, services, etc.\n\nHow can I book an appointment?\nDo you have an emergency service?\nDo you have an ambulance?\nwhat services are available?\nDo you have MRI Scanning?\n\nHospital information voicebot is developed and published by vobo.ai. For any further details please visit http://www.vobo.ai", "details": "Skill Details\nThis skill contains dynamic content.\nInvocation Name: supraja hospital\nDeveloper Privacy Policy\nDeveloper Terms of Use", "privacy_policy_href": "https://www.vobo.ai/privacy-policy.html"}, "Black Business Inspiration": {"review-count": "0", "description": "Description\nBlack Business Inspiration provides inspiring quotes about life and business from some of the most prominent black business leaders.\n\nBe reminded that the journey is long but the rewards are worth it. Remember that we are an exceptional people and we are able to overcome any adversity with victory.\n\nOur list of quotes come from leaders that include but are not limited to:\nOprah Winfrey\nRobert F. Smith\nUrsula Burns\nRosalind Brewer\nAngela Benton\nSpike Lee\nMagic Johnson\nand more...\n\nWhen using the skill, you can say \"Alexa, next\" to move to the next quote. At any point, you can say \"Alexa, stop\" to exit the skill.\n\nWe hope you will feel inspired and encouraged to take that next step in whatever venture you want to start or have started.\n\nWe hope that you will give us a 5-star rating and if you feel that it deserves less than 5 stars, please email us at ryan@ambahllc.com.\n\nWe would love to hear from you! If you have questions, comments, suggestions or feedback of any kind, please email us at ryan@ambahll.com.", "details": "Skill Details\nThis skill contains dynamic content.\nInvocation Name: black business inspiration", "privacy_policy_href": ""}, "Jobaids Pizza": {"review-count": "6", "description": "Description\nStart with \"Open Jobaids Pizza\".\n\nThis skill is to be primarily used by a set of staff to assist with recalling ingredients or procedures. As such, there are 2 main case uses of this skill; to get an \"amount\" of a topping that has to go on a sandwich or pizza or, to show a recipe aid. Asking for an amount on a sandwich/pizza item will also display its respective recipe aid/image.\n\nThe user must input a \"topping type\", a \"size\" and a \"portion\" and will be given an amount.\nFor example \"How much pepperoni on a large 2 topping\" indicates that the user would like to know how much of the pepperoni topping needs to be put on a pizza. This pizza is of size \"large\" and it is layered with two sets of the same topping.\nGiven that the response, the amount of this \"pepperoni\" topping is measured in ounces, or an amount specific to the chefs, it will respond with something like \"40\" or \"5 ounces\".\n\nIf the device the user is using for this skill supports a display, they will also be able to see an accompanying graphic.\nIf the user would like, they could also ask directly for an aid, such as \"Show job aid for buffalo chicken.\" This will prompt the skill to show the corresponding aid that houses a pizza type called \"buffalo chicken'. This section is only available in display on rectangular screens, henceforth the small round hub will only display the device's logo.\n\nTo see what options are available (toppings, sizes and portions), assuming that the device has a rectangular display, the user may use touch navigation to navigate though the different aid buttons to get sense as to what they can ask for.", "details": "Skill Details\nThis skill contains dynamic content.\nInvocation Name: jobaids pizza", "privacy_policy_href": ""}, "Thirty Success Inspirations": {"review-count": "0", "description": "Description\nStart your day with an inspirational list of success quotes. When using the skill, you can say \"Alexa, next\" to move to the next quote. At any point, you can say \"Alexa, stop\" to exit the skill.", "details": "Skill Details\nThis skill contains dynamic content.\nInvocation Name: thirty success inspirations", "privacy_policy_href": ""}, "Brian Track": {"review-count": "4", "description": "Description\nFigure out how many miles Brian has run", "details": "Skill Details\nThis skill contains dynamic content.\nInvocation Name: brian track", "privacy_policy_href": ""}, "David Essel's Motivational Minute": {"review-count": "3", "description": "Description\nDAVID ESSEL\u2019S MISSION IS TO INSPIRE 2 MILLION PEOPLE OR MORE EVERYDAY, REGARDLESS OF THEIR CURRENT CIRCUMSTANCES, PROBLEMS OR MASSIVE GOALS!\n\nAre you struggling with weight loss?\nAre you struggling with your financial situation?\nAre you in an unhealthy relationship?\nAre you struggling with any addiction?\nDo you struggle with depression or anxiety?\nIs there a different topic or challenge that you really need help with?\n\nCONTACT US AT wwwDavidEssel.com for a FREE 20 minute phone consultation from anywhere in the world!", "details": "Skill Details\nFlash Briefing Skill\nRated: Guidance Suggested.\nThis skill contains dynamic content.", "privacy_policy_href": ""}, "Boxing Workout": {"review-count": "1", "description": "Description\nBoxing Workout is a fun, realistic, and practical boxing workout program designed by Beyond Boxing, a well-established boxing club in Vancouver, BC, Canada. Our workout is boxing gym-tested and scientifically-proven to improve your fitness level, promote fat loss, increase lean body mass, and much more.\n\nTo get started, you simply need to say \"Open Boxing Workout\" and you will be guided through our entire workout program. New exercises, routines, and updates will be regularly added to our Alexa Skill, so please check back often!", "details": "Skill Details\nThis skill contains dynamic content.\nInvocation Name: boxing workout\nDeveloper Privacy Policy\nDeveloper Terms of Use", "privacy_policy_href": "https://drive.google.com/open?id=17z99A5joQk5CdMc1Kxrul8DJGdGPBhQldrTFtK8CHVs"}, "Mindful Ninja Moves by Serve Conscious": {"review-count": "1", "description": "Description\nBroadcasts from a mindful life tempered by work in chaotic environments. These one-minute field reports are meant to distill the insights and techniques that help you be the person I want to be...especially when life gives you every reason not to be. They\u2019re clean, penetrating and strategic. Like all ninja moves should be.\n\nI'm a hospitality professional of 13+ years turned meditation teacher...turned hospitality professional reborn. I realized that everything I need to learn about mindfulness is tested and revealed in the grit and grime of restaurant work (and any other unromantic avenue of life). Revelation and self-mastery isn't just cultivated sitting on a cushion in a quiet room. Wisdom arrives when we're challenged. When we throw ourselves into furnace of frustration, boredom, resentment, depletion and service to the needs of others.\n\nI started the Serve Conscious education platform to provide these tools and perspectives drawn from Vedic meditation, Cha Dao (the Zen Way of Tea), mindful communication, Karma Yoga, advanced mindful service principles and anything else that can elevate our life and work to our own personal monastery.\n\nBecause here's the thing: to perform any act of service you need to be fully present. And to be fully present is to be inspired to serve the needs of the moment. How you serve anything in your work and personal life is how you serve everything. It's all your crucible for self-mastery. And that \"always in service mindset\" is what the briefing project hopes to give you a doorway into.", "details": "Skill Details\nFlash Briefing Skill\nThis skill contains dynamic content.\nDeveloper Privacy Policy\nDeveloper Terms of Use", "privacy_policy_href": "https://serveconscious.com/mindful-ninja-moves-alexa-skill-privacy-policy/"}, "Vine Times Wine Briefing": {"review-count": "0", "description": "Description\nA daily briefing from the world of wine including wine news, tips, recommendations.", "details": "Skill Details\nFlash Briefing Skill\nRated: Mature.\nThis skill contains dynamic content.\nDeveloper Privacy Policy\nDeveloper Terms of Use", "privacy_policy_href": "https://www.thevinetimes.com/about-us/terms-and-conditions/"}, "First Impressions Orthodontics": {"review-count": "0", "description": "Description\nListen to the latest blogs posts from First Impressions Orthodontics. You can pause and play by saying \"Alexa, pause\" and \"Alexa, resume.\" Just say \"Alexa, stop\" when you're done for the day. You can say \"Alexa, shuffle\" to shuffle the playing order, or \"Alexa, loop\" to loop the current episode. You can also ask for previous and next episodes by saying \"Alexa, previous\" and \"Alexa, next\".\n\nThe information in this skill is provided for informational and educational purposes only. It is not a substitute for professional medical advice, treatment or diagnosis. Call your doctor to receive medical advice. If you think you may have a medical emergency, please dial your local emergency response phone number", "details": "Skill Details\nRated: Guidance Suggested.\nThis skill contains dynamic content.\nInvocation Name: first impressions orthodontics", "privacy_policy_href": ""}, "Bhagavad Gita - As It Is": {"review-count": "1", "description": "Description\nBhagavad Gita is an sacred ancient holy scripture that consists of solution to all our real life problems. Its a conversation that happened between Lord Krishna and his devotte Arjun in middle of a battle called Mahabharat in the holy land of Kurukshetra.\n\nThis skills is a audio class of entire 18 chapters of Bhagavad Gita explained by prominent Swamiji's of the ISKCON Foundation.\n\nCurrently its supported in following languages\n\nIndian Languages: Sanskrit, Hindi, Marathi, Gujarati, Tamil, Bengali\n\nForeign Languages: Arabic, English, French, Spanish\n\nAt any given point you can switch the languages by saying \"Alexa, launch bhagavad gita and switch to English\"", "details": "Skill Details\nThis skill contains dynamic content.\nInvocation Name: bhagwat gita\nDeveloper Privacy Policy\nDeveloper Terms of Use", "privacy_policy_href": "https://iskcondesiretree.com/"}, "Moon Calendar": {"review-count": "3", "description": "Description\nMoon Calendar can provide you with up to date information on moon phase changes. Just ask about moon phases during a general time period, like a week, month or year. You can also ask about moon phases during on a particular date.", "details": "Skill Details\nThis skill contains dynamic content.\nInvocation Name: moon calendar", "privacy_policy_href": ""}, "Lynn's Ruling": {"review-count": "0", "description": "Description\nPlay an interactive adventure-themed story with sound effects and prompts. Get ready for laughs and giggles as players fill in the blanks.\nThis skill was created using a Skill Blueprint. Your requests to this skill are not shared with the skill developer.", "details": "Skill Details\nThis skill contains dynamic content.\nInvocation Name: lynn's ruling", "privacy_policy_href": ""}, "My Personal Trainer": {"review-count": "0", "description": "Description\nWork out with Alexa throughout the week. Once you open the skill, just ask Alexa to start the workout. You can also ask Alexa for your progress.\nThis skill was created using a Skill Blueprint. Your requests to this skill are not shared with the skill developer.", "details": "Skill Details\nThis skill contains dynamic content.\nInvocation Name: my personal trainer", "privacy_policy_href": ""}, "Myles Bot, by Racery Virtual Races": {"review-count": "2", "description": "Description\nLog your miles, human striver, so I can tally them and give you some warm applause with my robot hands.\n\nEvery time you log miles, I calculate for you a new mileage total, and commend your robust achievements like longest run or longest streak.\n\nNo competition, just group fun and lots of motivation!", "details": "Skill Details\nRated: Guidance Suggested.\nThis skill contains dynamic content.\nInvocation Name: myles bot\nDeveloper Privacy Policy\nDeveloper Terms of Use", "privacy_policy_href": "https://racery.com/privacy/"}, "Lovely Quotes": {"review-count": "0", "description": "Description\nGet to know lovely quotation that make your day beautiful", "details": "Skill Details\nThis skill contains dynamic content.\nInvocation Name: lovely quotes", "privacy_policy_href": ""}, "Daddy Saturday": {"review-count": "24", "description": "Description\nAll of us want to be better dads, we just don\u2019t know how. After interviewing hundreds of dads, the number one challenge is, \u201c I want to engage my kids, I just don\u2019t know what to do.\u201d The Daddy Saturday Alexa Skill brings epic activities to a dad\u2019s fingertips so he can engage his kids in an intentional way. All a dad needs to do is \u201cAsk Daddy Saturday\u201d and the Skill will look at the weather in your area and recommend an inside or an outside activity, provide the instructions in an the Alexa App and email and place any items needed to complete the activity in your Amazon Shopping List for PRIME shipping. The activities included are fun for kids 2-18 and can be scaled up or down\n\nThe average child has just over 900 weeks in the home before they grow up. The time a dad has with his children is his most valuable asset. After inputting some simple details, Ask Daddy Saturday, \u201cHow many Daddy Saturdays left with [CHILD'S NICKNAME]?\u201d The Daddy Saturday Alexa Skill will calculate the number of weeks your child has left in the home and create an audible reminder using VOICE to show the limited time a dad has with his kids in the home.\n\nFor more information about how to be a better dad, visit DaddySaturday.com", "details": "Skill Details\nRated: Guidance Suggested.\nThis skill contains dynamic content.\nInvocation Name: daddy saturday\nDeveloper Privacy Policy", "privacy_policy_href": "https://docs.google.com/document/d/1X8UJdmvvuEVJnLIog0z_Kx2RXrkSi_QxBod6FHHxID0/edit?usp=sharing"}, "Mylo's Daily Dose of Awesomeness": {"review-count": "0", "description": "Description\nListen to daily updates from your favorite source. You can just say \"Alexa, what's my flash briefing\". You can say \"Alexa, stop\" to exit anytime.\n\nThis skill was created using a Skill Blueprint. Your requests to this skill are not shared with the skill developer.", "details": "Skill Details\nFlash Briefing Skill\nThis skill contains dynamic content.", "privacy_policy_href": ""}, "Dads of Zeds": {"review-count": "0", "description": "Description\nListen to daily updates from your favorite source. You can just say \"Alexa, what's my flash briefing\". You can say \"Alexa, stop\" to exit anytime.\n\nThis skill was created using a Skill Blueprint. Your requests to this skill are not shared with the skill developer.", "details": "Skill Details\nFlash Briefing Skill\nThis skill contains dynamic content.", "privacy_policy_href": ""}, "The Podgecast": {"review-count": "0", "description": "Description\nTwo seemingly meaningless people talking about very meaningful things. A hodgepodge of Christian topics from what we've been learning as Christians or spouses or parents or well just about anything. We're a pastor and his wife and we just want to glorify God in any avenue we can. We hope this podgecast of topics will grow you in your love of the Lord.", "details": "Skill Details\nRated: Guidance Suggested.\nThis skill contains dynamic content.\nInvocation Name: the podge cast", "privacy_policy_href": ""}, "Jim's Story": {"review-count": "0", "description": "Description\nListen to a personalized story that's all about dad and narrated by Alexa.", "details": "Skill Details\nThis skill contains dynamic content.\nInvocation Name: jim's story", "privacy_policy_href": ""}, "Byron Easterling Flash Briefing": {"review-count": "0", "description": "Description\nGet the latest insights from Byron Easterling within your Alexa flash briefing.", "details": "Skill Details\nFlash Briefing Skill\nThis skill contains dynamic content.", "privacy_policy_href": ""}, "roast book": {"review-count": "1", "description": "Description\nI literally made this skill to get my phone back but the roasts are kinda fun and fresh so i really think you should download it. lets get this bread eazyy dubs\nalso if you download this you will get mega roasted so have fun and yeah thats it. ok bye love you\nThis skill was created using a Skill Blueprint. Your requests to this skill are not shared with the skill developer.", "details": "Skill Details\nThis skill contains dynamic content.\nInvocation Name: roast book", "privacy_policy_href": ""}, "Papa Paul": {"review-count": "3", "description": "Description\nJust download the skill Paul, stop asking so many questions.", "details": "Skill Details\nRated: Guidance Suggested.\nThis skill contains dynamic content.\nInvocation Name: papa paul", "privacy_policy_href": ""}, "Fathers day": {"review-count": "0", "description": "Description\nPlay a Father's Day greeting card for a special Dad in your life. This skill was created using a Skill Blueprint. Your requests to this skill are not shared with the skill developer.", "details": "Skill Details\nThis skill contains dynamic content.\nInvocation Name: blue print father", "privacy_policy_href": ""}, "Compliment Giver": {"review-count": "0", "description": "Description\nWe all have bad days. Sometimes you need just need a reminder of how awesome you are. When your best friend, boss, or significant other just can't come up with a satisfying enough compliment, ask Alexa. The Compliment Giver will give you the genuine and heartfelt encouragement you need to make it through your day!", "details": "Skill Details\nThis skill contains dynamic content.\nInvocation Name: compliment giver", "privacy_policy_href": ""}, "Nashville Voice Conference": {"review-count": "1", "description": "Description\nThis Skill, by Data Driven Design, LLC, helps attendees, featured facilitators, staff and media attending the Nashville Voice Conference get pertinent event information.\n\nBe sure to leave a 5-star review!", "details": "Skill Details\nThis skill contains dynamic content.\nInvocation Name: nashville voice conference\nDeveloper Privacy Policy\nDeveloper Terms of Use", "privacy_policy_href": "https://datadriven.design/privacy-policy/"}, "MahaYogi Tales: Siddhartha": {"review-count": "0", "description": "Description\nMahaYogi, is a story sequence by Mutter Gottlich to illustrate like the parables, stories of spirituality, packaged in a sugar pill for mass consumption. In this era of consumerism and entertainment, spirituality has to be adopted towards technology, work theology and the faster pace of life. MahaYogi was created as the medium, a mascot for Mutter Gottlich and these stories describe dialogues between science and religion and timeless spirituality tailored to post modernism.\n\nUse Alexa Open Flash Briefing to listen to this tale, by adding MahaYogi Tales to your flash briefing.", "details": "Skill Details\nFlash Briefing Skill\nThis skill contains dynamic content.", "privacy_policy_href": ""}, "Preston Pratt": {"review-count": "1", "description": "Description\nListen to daily updates from your favorite source. You can just say \"Alexa, what's my flash briefing\". You can say \"Alexa, stop\" to exit anytime.\n\nThis skill was created using a Skill Blueprint. Your requests to this skill are not shared with the skill developer.", "details": "Skill Details\nFlash Briefing Skill\nThis skill contains dynamic content.", "privacy_policy_href": ""}, "the artist experience": {"review-count": "1", "description": "Description\nCelebrate special occasions with your loved ones. When you open the skill, Alexa will play a slideshow with rich images and audio. You can say \"Alexa, stop\" to exit anytime.", "details": "Skill Details\nThis skill contains dynamic content.\nInvocation Name: the artist experience", "privacy_policy_href": ""}, "Pakistani Food Picker": {"review-count": "1", "description": "Description\nNext time you're trying to make a difficult decision on what to cook for dinner or lunch, just ask Alexa for help. At any point, you can say \"Alexa, stop\" to exit the skill.", "details": "Skill Details\nThis skill contains dynamic content.\nInvocation Name: pakistani food picker", "privacy_policy_href": ""}, "My Dad's Story": {"review-count": "1", "description": "Description\nListen to a personalized story that's all about dad and narrated by Alexa.", "details": "Skill Details\nRated: Guidance Suggested.\nThis skill contains dynamic content.\nInvocation Name: morocco story", "privacy_policy_href": ""}, "papa feliz": {"review-count": "1", "description": "Description\nPlay a Father's Day greeting card for a special Dad in your life. This skill was created using a Skill Blueprint. Your requests to this skill are not shared with the skill developer.", "details": "Skill Details\nThis skill contains dynamic content.\nInvocation Name: papa feliz", "privacy_policy_href": ""}, "Brad's Story": {"review-count": "1", "description": "Description\nListen to a personalized story that's all about dad and narrated by Alexa.", "details": "Skill Details\nThis skill contains dynamic content.\nInvocation Name: brad's story", "privacy_policy_href": ""}}