{"Seattle Jamaat": {"review-count": "2", "description": "Description\nWelcome to Seattle Jamaat skill on Alexa.\nThis skill helps you get details about FMB menu items or upcoming miqaat details.\nYou can ask things like \"todays menu\", \"next tuesdays menu\", \"next miqaat\", \"miqaat on monday\" etc..\nTo use this skill, first say \"Alexa, open seattle jamaat\" and then you ask one of the above phrases.\n\nImportant: You need an active Seattle Jamaat account to use this skill. You need to link your Seattle Jamaat account when you enable this skill in your Alexa app.", "details": "Skill Details\nRated: Guidance Suggested.\nThis skill contains dynamic content.\nInvocation Name: seattle jamaat\nDeveloper Privacy Policy", "privacy_policy_href": "https://www.seattlejamaat.org/privacy/"}, "Sticky Notes: Better productivity": {"review-count": "1", "description": "Description\nSticky Notes allows you to create multiple notes that will be saved for you or other users.\n\nExample Commands:\n-Read note\n-Read all notes\n-Add note\n-Delete note", "details": "Skill Details\nThis skill contains dynamic content.\nInvocation Name: sticky notes", "privacy_policy_href": ""}, "Make your Cocktail": {"review-count": "0", "description": "Description\nAsk Make your Cocktail how to make your favourite cocktail. You will know the ingredients and instructions to make it.", "details": "Skill Details\nRated: Mature.\nThis skill contains dynamic content.\nInvocation Name: make your cocktail", "privacy_policy_href": ""}, "Blood donation helper": {"review-count": "0", "description": "Description\nThis skill helps the blood donor to choose the people who have the correct blood group to receive. A blood type (also called a blood group) is a classification of blood, based on the presence and absence of antibodies and inherited antigenic substances on the surface of red blood cells (RBCs).", "details": "Skill Details\nThis skill contains dynamic content.\nInvocation Name: blood donation helper\nDeveloper Privacy Policy", "privacy_policy_href": "https://sites.google.com/view/actionprivacy/home"}, "Idea box": {"review-count": "0", "description": "Description\nIdea illuminates your life with new ideas upon request. Just ask for a new fresh idea anytime you wish.", "details": "Skill Details\nThis skill contains dynamic content.\nInvocation Name: idea box", "privacy_policy_href": ""}, "Darien, CT Real Estate": {"review-count": "0", "description": "Description\nDarien, CT Real Estate - What you Really Need to Know - is the insider's guide to Darien real estate for buyers and sellers providing information on new listings, open houses, sales, rentals and more!\n\nBrought to you by Kelly Scallon and Halstead RE. With affiliate offices nationwide, we're here to help you buy or relocate. Kelly Scallon and Halstead - An unbeatable combination.", "details": "Skill Details\nFlash Briefing Skill\nRated: Guidance Suggested.\nThis skill contains dynamic content.", "privacy_policy_href": ""}, "SunArc PetMatch": {"review-count": "0", "description": "Description\nuser: alexa open sunarc pet match\n\nalexa: Welcome to pet match. I can help you find the best dog for you. What are two things you are looking for in a dog?\n\nuser: i want a big/small/large/tiny dog\n\nalexa: Are you looking for more of a family dog or a guard dog?\n\nuser: family dog/guard dog\n\nalexa: Do you prefer high energy or low energy dogs?\n\nuser: high energy / low energy\n\nNow alexa will suggest a suitable dog for you.", "details": "Skill Details\nThis skill contains dynamic content.\nInvocation Name: sunarc pet match\nDeveloper Privacy Policy\nDeveloper Terms of Use", "privacy_policy_href": "https://suncart.sunarctechnologies.com/privacy-policy"}, "Church Juice": {"review-count": "0", "description": "Description\nThis weekly podcast talks through church communication, marketing, and leadership issues facing the local church today. Join hosts Bryan Haley, Church Juice producer, and Josh Rickard, worship leader at Redemption City Church, as they discuss tips, strategies, and tools that church administrators, pastors, and anyone in church communication can use to enhance their church marketing and communication.", "details": "Skill Details\nThis skill contains dynamic content.\nInvocation Name: the church juice podcast\nDeveloper Privacy Policy\nDeveloper Terms of Use", "privacy_policy_href": "https://reframemedia.com/privacy-policy"}, "Italian Name": {"review-count": "3", "description": "Description\nItalian name skill gives you an italian name everyday. Ask alexa to learn today's italian name.", "details": "Skill Details\nThis skill contains dynamic content.\nInvocation Name: italian name", "privacy_policy_href": ""}, "Infusion Squad": {"review-count": "3", "description": "Description\nThis skill is designed to help inform and educate the Hemophilia community and their caregivers about their existing condition, the overall infusion process and important safety information. This information is delivered in an entertaining and conversational manner, with no medical recommendations or advice.\n\nThis tool does not provide medical advice, but is for informational and educational purposes only, specifically for those within the Hemophilia community that infuse or caregivers who administer the infusion. It is not a substitute for professional medical advice, treatment or diagnosis. Call your doctor to receive medical advice. If you think you may have a medical emergency, please dial your local emergency response phone number.\n\nFIX-US-6136 V6 03/19", "details": "Skill Details\nRated: Guidance Suggested.\nThis skill contains dynamic content.\nInvocation Name: infusion squad\nDeveloper Privacy Policy\nDeveloper Terms of Use", "privacy_policy_href": "https://www.sanofigenzyme.com/en/privacy-policy"}, "Guru Gaur Gopal Das Discourses by Shemaroo": {"review-count": "0", "description": "Description\nAbout Guru Gaur Gopal\n\nGuru Gaur Gopal is an Indian spiritual leader, motivational speaker, and lifestyle coach. Since 1996, he has been serving as a monk and a member of the International Society for Krishna Consciousness (ISKCON). A former electrical engineer, he had worked at Hewlett-Packard (HP) for a while. However, the job did not give him any satisfaction. Thus, he decided to give up his worldly desires and choose the path of spirituality and self-realization. A disciple of Radhanath Swami, Guru Gaur Gopal is one of the rarest inspirational speakers from the country to have given lectures in the British parliament and Google\u2019s head office. Over the years, he has travelled all around the globe to give motivational speeches and lectures on spirituality. A role model and an icon for millions of people, Guru Gaur Gopal has inspired many young minds through his quotations, which include \u2018Feed your faith and all your doubts shall starve to death\u2019. He has also written several novels and books till date, such as \u2018Checkmate,\u2019 \u2018Conquest,\u2019 and \u2018Revival,\u2019 to name a few.\n\nAbout ISKON:\n\nThe International Society for Krishna Consciousness (ISKCON), otherwise known as the Hare Krishna movement, includes five hundred major centers, temples and rural communities, nearly one hundred affiliated vegetarian restaurants, thousands of namahattas or local meeting groups, a wide variety of community projects, and millions of congregational members worldwide. Although less than fifty years on the global stage, ISKCON has expanded widely since its founding by His Divine Grace A. C. Bhaktivedanta Swami Prabhup\u0101da in New York City in 1966.\n\nISKCON\u2019s founder, Srila Prabhupada, has drawn appreciation from scholars and religious leaders alike for his remarkable achievement in presenting India\u2019s Vaishnava spiritual culture in a relevant manner to contemporary Western and worldwide audiences.\n\nMembers of ISKCON practice bhakti-yoga in their homes and also worship in temples. They also promote bhakti-yoga, or Krishna Consciousness, through festivals, the performing arts, yoga seminars, public chanting, and the distribution of the society\u2019s literatures. ISKCON members have also opened hospitals, schools, colleges, eco-villages, free food distribution projects, and other institutions as a practical application of the path of devotional yoga.\n\nDiscourses Episodes:\n\n1. Spiritual Wellness\n\n2. How Your Choices Shape Your Life\n\n3. Expectations\n\n4. Letting Go Off Ego\n\n5. Finding Strength To Overcome Problems\n\n6. Patience\n\n7. Knowledge\n\n8. Try To Improve Your Life\n\n9. Spiritual Purpose In Life\n\n10. How To Respond And Not React In Life\n\n11. The Power Of Attitude\n\n12. Learning The Art Of Giving\n\n13. Three Aspects Of Gratitude\n\n14. How To Have Balance In Life\n\n15. Foundation Of Life\n\n16. Keep Moving On\n\n17. Three Essential Principles Of Gratitude\n\n18. Meaning Of Gratitude", "details": "Skill Details\nThis skill contains dynamic content.\nInvocation Name: guru gaur gopal\nDeveloper Privacy Policy\nDeveloper Terms of Use", "privacy_policy_href": "https://shemaroo.com/Alexa/privacy-policy.html"}, "Doctor Kishore": {"review-count": "0", "description": "Description\nDr. Kishore is a psychiatrist based in Albany NY, who provides treatment for emotional and psychiatric problems. This skill will help you learn about Dr. Kishore's office address, directions, office hours and the list of Insurances that he accepts. To get started with the skill, search for \"doctor kishore\" in the Alexa skill store and then \"enable\" the skill. Say Alexa Launch or Open Doctor Kishore to get started. You can also get info at http://drkishore.com.", "details": "Skill Details\nThis skill contains dynamic content.\nInvocation Name: doctor kishore", "privacy_policy_href": ""}, "Rockwell Nutrition": {"review-count": "0", "description": "Description\nWith the Rockwell Nutrition skill for Amazon Alexa, you can track orders, order & reorder anything you previously purchased from Rockwell Nutrition, and conversationally search the entire product catalog of over 20,000 nutritional vitamin products on www.rockwellnutrition.com.\n\nWe updated the skill to sync with your Rockwell Nutrition account for a more convenient experience. Once your account is linked, Simply say, \u201cAlexa, ask Rockwell Nutrition, where is my order from last week\u201d or \u201cAlexa, ask Rockwell Nutrition to reorder the vitamin D supplement I bought last month\u201d.\n\nIf you do not have a Rockwell Nutrition account, visit https://www.rockwellnutrition.com/account/register to get started\u2014it\u2019s a free and easy way to shop premium vitamins and supplements from brands like Metagenics, Genestra, Unda, & Thorne Research.\n\nPlease note that this skill uses Amazon Pay to process your payments. To help protect against unwanted ordering, you can enable a four-digit voice code under Settings in the Alexa app.", "details": "Skill Details\nRated: Guidance Suggested.\nThis skill contains dynamic content.\nInvocation Name: rockwell nutrition\nDeveloper Privacy Policy\nDeveloper Terms of Use", "privacy_policy_href": "https://www.rockwellnutrition.com/pages/privacy-policy"}, "Think Christian": {"review-count": "0", "description": "Description\nHow might your pop culture fandom resonate with your faith? Host Josh Larsen, editor of Think Christian, talks with TC writers about the latest in TV, movies, music, and more, exploring the ways popular culture and God\u2019s story intersect.", "details": "Skill Details\nThis skill contains dynamic content.\nInvocation Name: the think christian podcast\nDeveloper Privacy Policy\nDeveloper Terms of Use", "privacy_policy_href": "https://thinkchristian.reframemedia.com/about/privacy-policy-conditions-of-use"}, "powerful cognitions": {"review-count": "0", "description": "Description\nIntention of this skill is to provide daily powerful cognitions to Swamiji\u2019s devotees, disciple to help cognize greater truths essential for manifest powers and achieving living enlightenment, taken from Satsangs, webinars.\n\nBhagawan Sri Paramhamsa Nithyananda is revered, regarded, respected and worshipped as The Avatar (living incarnation as per Hinduism). He is the most watched spiritual teacher online with over 1 Billion views and the author of more than 500 books published in over 27 languages.", "details": "Skill Details\nThis skill contains dynamic content.\nInvocation Name: powerful cognitions", "privacy_policy_href": ""}, "Des Moines Real Estate Agent": {"review-count": "1", "description": "Description\nContact info for a Des Moines Real Estate Agent", "details": "Skill Details\nThis skill contains dynamic content.\nInvocation Name: des moines real estate\nDeveloper Privacy Policy\nDeveloper Terms of Use", "privacy_policy_href": "https://www.kw.com/kw/privacypolicy.html"}, "Budget DIY Home Tips": {"review-count": "1", "description": "Description\nGet inspired with our 2-minute budget DIY and decorating tips if you want a pretty home without breaking the bank! Home improvement doesn't have to cost a fortune. After 7 years and 470 articles later, at Snazzy Little Things, we have a few tricks up our sleeve on how to get a high-end look in your home...for less.\n\nWhat we talk about:\n\n* 6 Tips: How to Prioritize Your Home Improvement Projects\n* 12 ways to make your kitchen luxe for less\n* Which home projects have paid off during resale\n* When to hire it out\n* Room flip challenges\n* My favorite places to shop\n* How to painting furniture & cabinets\n* Favorite products (paint, types of paint, tools, flooring)\n* Easy ways to do (________)\n* Our $95 kitchen remodel\n* Many, many more...\n\nDownload our skill to help you think the same way and identify low-cost, high impact projects to beautify your home and improve resale value.\n\nThe blog: SnazzyLittleThings.com\nInstagram: SnazzyLittleThings\nFacebook: SnazzyLittleThings\nPinterest SnazzyThings\n& Twitter: SnazzyThings\nEmail: Jeanette@snazzylittlethings.com", "details": "Skill Details\nFlash Briefing Skill\nRated: Guidance Suggested.\nThis skill contains dynamic content.\nDeveloper Privacy Policy\nDeveloper Terms of Use", "privacy_policy_href": "https://www.snazzylittlethings.com/privacy-policy/"}, "The Mortgage Secrets Real Estate Flash": {"review-count": "2", "description": "Description\nAre you thinking about buying a home? This Flash Briefing will be perfect for you! Get a real time read on buyer sentiment while understanding how the global markets affect your mortgage rates. As the author of the Mortgage Secrets Podcast, I will also give you some basic knowledge which will help you get the best rate and loan structure when you buy your new home!", "details": "Skill Details\nFlash Briefing Skill\nThis skill contains dynamic content.\nDeveloper Privacy Policy", "privacy_policy_href": "https://mvbmortgage.com/privacy/"}, "HER - Healthy Empowered Relationships": {"review-count": "1", "description": "Description\nShort daily tip for women to have healthy, empowered relationships", "details": "Skill Details\nFlash Briefing Skill\nThis skill contains dynamic content.\nDeveloper Privacy Policy", "privacy_policy_href": "http://barrypaulprice.com/privacy-policy/"}, "Vaccines of the Community of Madrid": {"review-count": "0", "description": "Description\nCon esta skill puedes conocer si a tu hijo o hija le toca una vacuna dependiendo del mes de vida que tenga. Actualizado con el cuadro de 2018 de la Comunidad de Madrid.\n\nEsta herramienta no proporciona asesoramiento m\u00e9dico, y tiene \u00fanicamente fines informativos y educativos, y no sustituye al asesoramiento, tratamiento o diagn\u00f3stico m\u00e9dico profesional. Llame a su m\u00e9dico para recibir asesoramiento m\u00e9dico. Si cree que puede tener una emergencia m\u00e9dica, marque el n\u00famero de tel\u00e9fono local de respuesta a emergencias", "details": "Skill Details\nThis skill contains dynamic content.\nInvocation Name: vacunas de la comunidad de madrid", "privacy_policy_href": ""}, "Wellness for you": {"review-count": "0", "description": "Description\nAs First Responders you deal with stress on a daily basis. I have created tips and I'm giving you tools to use daily to help you relieve stress and feel better.", "details": "Skill Details\nFlash Briefing Skill\nThis skill contains dynamic content.\nDeveloper Privacy Policy\nDeveloper Terms of Use", "privacy_policy_href": "https://itsmetoni.com/wp-admin/privacy.php"}, "Health Acronyms": {"review-count": "3", "description": "Description\nWhether you\u2019re a health tech newbie or the most seasoned expert, it can be burdensome to memorize all the acronyms used in medical tech and IT.\n\nGet the meanings of a dizzying array of health tech acronyms easily and quickly using our voice search app. Long gone are the days of wracking your brain to recall terms like HIMSS and QCDR.\n\nJust say, \"Talk to Health Acronyms,\" \"Ask Health Acronyms what (ACRONYM) means,\" or \"Open Health Acronyms\"!\n\nWe consistently make updates to ensure a comprehensive list.\n\nPowered by Voxion.", "details": "Skill Details\nRated: Guidance Suggested.\nThis skill contains dynamic content.\nInvocation Name: health acronyms\nDeveloper Privacy Policy", "privacy_policy_href": "https://voxion.us/alexaPrivacyPolicy.html"}, "Augumented persona": {"review-count": "0", "description": "Description\nTake this personality test with five questions randomly chosen from a set of 50 questions and get some suggestions to improve yourself. Based on the International Personality Item Pool.", "details": "Skill Details\nThis skill contains dynamic content.\nInvocation Name: augumented persona\nDeveloper Privacy Policy\nDeveloper Terms of Use", "privacy_policy_href": "https://sites.google.com/view/persona-aumentata/augumented-personality-english"}, "Finding God Community": {"review-count": "0", "description": "Description\nAre you looking for a community of authors to inspire and encourage you to Find God in your struggles?\n\nWe would love to offer a safe place for one to experience God in their pain. Have you been abused as a child? You are welcome here! Is your marriage broken? Mine too! Disabled? Your children have disabilities? Yup, got that in our stories. Live on a fixed income? Oh, ya we know what that is! We are sure whatever your struggle is, God will use our words to touch your heart. Consider opening your heart to Him and seeing where He can take you.", "details": "Skill Details\nFlash Briefing Skill\nThis skill contains dynamic content.\nDeveloper Privacy Policy\nDeveloper Terms of Use", "privacy_policy_href": "https://findinggod.site/privacy-policy-2/"}, "wopet feeder": {"review-count": "58", "description": "Description\nfor example, your wopet feeder's name is 'jack', if you want to feeed 1 pack to your pet immediately, say jack feed 1.\nor you want to feed 10 packs food to your pet at 21:00, you can say \"jack feed 10 at 9 pm\".\nof you want to play with your pet, you can say \"jack shoot\" or \"jack fire\".", "details": "Skill Details\nRated: Guidance Suggested.\nThis skill contains dynamic content.\nInvocation Name: wopet feeder\nDeveloper Privacy Policy", "privacy_policy_href": "https://www.wo-pet.com/Privacy/pracy-en.html"}, "Coffee Maker": {"review-count": "23", "description": "Description\nThis skill can help you with making coffee. It speaks out the recipes for making a latte, a mocha, or a cappuccino. Also, it can provide you with information about different sizes. Right now, the skill is uni-directional. In the next version, the skill will be more conversational, with pauses and a more back-and-forth dialog.", "details": "Skill Details\nThis skill contains dynamic content.\nInvocation Name: coffee maker", "privacy_policy_href": ""}, "ACIM Daily Inspiration with Anthony Gold": {"review-count": "5", "description": "Description\nAnthony Gold shares inspirational quotes from A Course in Miracles along with some brief commentary on what it means and how we can practice the teachings of the Course. You can see all inspirational posts and essays on Anthony's site, Live Beyond the Illusion: www.LiveBeyondTheIllusion.com", "details": "Skill Details\nFlash Briefing Skill\nRated: Guidance Suggested.\nThis skill contains dynamic content.\nDeveloper Privacy Policy\nDeveloper Terms of Use", "privacy_policy_href": "https://www.livebeyondtheillusion.com/privacy-policy/"}, "baps-swamianrayan": {"review-count": "2", "description": "Description\nBAPS swamianrayan Music, which includes Dhun.", "details": "Skill Details\nThis skill contains dynamic content.\nInvocation Name: baps swamianrayan", "privacy_policy_href": ""}, "Daily Bible Quote": {"review-count": "0", "description": "Description\nDaily bible Quote helps you by providing bible quotes on each time one uses this. The quotes are randomly selected and displayed.", "details": "Skill Details\nThis skill contains dynamic content.\nInvocation Name: daily bible quotes", "privacy_policy_href": ""}, "My health tips": {"review-count": "0", "description": "Description\nWhen you ask alexa, 'Alexa ask my health tips to a tip' it will tell you a interesting health tip. It will help you to track and increase your health.\nDisclaimer : \"The information in this skill is provided for informational and educational purposes only. \"", "details": "Skill Details\nRated: Guidance Suggested.\nThis skill contains dynamic content.\nInvocation Name: my health tips", "privacy_policy_href": ""}, "Dad Revelations": {"review-count": "1", "description": "Description\nFrom Day 1 as a parent, I suddenly realized this indescribable feeling of being a dad: an unconditional love I never experienced before. A \"Dad Revelation\", if you will. That was over a decade ago and since then we've had another child, fostered more than 8 other kids and I have a few things to say about it all. Hope you're encouraged and maybe even learn a little as we stumble through parenthood together.", "details": "Skill Details\nFlash Briefing Skill\nThis skill contains dynamic content.", "privacy_policy_href": ""}, "Sabarimala Facts": {"review-count": "0", "description": "Description\nSabarimala Temple is a temple complex located at Sabarimala inside Periyar Tiger Reserve in Pathanamthitta District, Kerala, India. It is the largest annual pilgrimage in the world with an estimate of between 17 million and 50 million devotees visiting every year. The temple is dedicated to the Hindu celibate deity Ayyappan also known as Dharma Sastha, who according to belief is the son of Shiva and feminine incarnation of Vishnu.\n\nWith this Alexa skill, you can hear all the facts about lord Ayyappa and Sabarimala temple.", "details": "Skill Details\nRated: Guidance Suggested.\nThis skill contains dynamic content.\nInvocation Name: sabarimala facts", "privacy_policy_href": ""}, "Twinrinks Youth Hokey": {"review-count": "1", "description": "Description\nProvides scheduling information about Twin Rinks Youth Hockey Events", "details": "Skill Details\nThis skill contains dynamic content.\nInvocation Name: twin rinks", "privacy_policy_href": ""}, "Pune Facts": {"review-count": "0", "description": "Description\nThis skill tells a fact about Pune (a well-known city in India).\n\nThis skill was built with love by VoiceApps.com. Visit us to create your own skill in minutes!", "details": "Skill Details\nThis skill contains dynamic content.\nInvocation Name: pune facts", "privacy_policy_href": ""}, "Salvation Prayer": {"review-count": "1", "description": "Description\nThis skill will lead you through a prayer inviting Jesus Christ to come into your life.", "details": "Skill Details\nThis skill contains dynamic content.\nInvocation Name: salvation prayer", "privacy_policy_href": ""}, "The Accidental Entrepreneur": {"review-count": "0", "description": "Description\nAre you an Accidental Entrepreneur? If you have a passion, a unique skill, or a dream, but no business training or experience, you can become an Accidental entrepreneur - it's a lot easier than you might think. Here are three things you can do today to get your journey started.", "details": "Skill Details\nFlash Briefing Skill\nThis skill contains dynamic content.", "privacy_policy_href": ""}, "Strike Force Energy": {"review-count": "5", "description": "Description\nOur skills allow you to ask Alexa for different drink combinations that pair nicely with Strike Force Energy. Supporting Veteran Owned & American Made just got easier, Simply say \"Hey Alexa, ask Strike Force what pairs with Original Strike Force Energy.\"", "details": "Skill Details\nThis skill contains dynamic content.\nInvocation Name: strike force", "privacy_policy_href": ""}, "Team Goals": {"review-count": "0", "description": "Description\nSet goals for your team, spend less time trying to remember and track. spend more time being present with your team.", "details": "Skill Details\nRated: Guidance Suggested.\nThis skill contains dynamic content.\nInvocation Name: team goals\nDeveloper Privacy Policy", "privacy_policy_href": "https://voicefirsttech.com/assets/pdf/Privacy-Policy-Team-Goals.pdf"}, "Medication information": {"review-count": "2", "description": "Description\nAccede a la informaci\u00f3n de todos los medicamentos comercializados en Espa\u00f1a y escucha el prospecto completo del medicamento. Para facilitar la navegaci\u00f3n, el prospecto est\u00e1 dividido en sus secciones.\n\nPuedes buscar por nombre del medicamento, o por nombre del medicamento m\u00e1s nombre del laboratorio (cuando la skill detecta que hay varios medicamentos con nombres parecidos).\n\nLos datos son obtenidos en tiempo real de la Agencia Espa\u00f1ola de Medicamentos y Productos Sanitarios.\n\nAdvertencia: esta skill no da consejos m\u00e9dicos, es solo para fines informativos y educativos, y no debe usarse nunca como sustituto de un m\u00e9dico, consejo m\u00e9dico, tratamiento, diagn\u00f3stico m\u00e9dico ni del prospecto en papel que acompa\u00f1a a cada medicamento. Llama a tu m\u00e9dico para recibir asesoramiento m\u00e9dico. Si t\u00fa crees que tienes una emergencia m\u00e9dica, por favor llama al n\u00famero de tel\u00e9fono de emergencias local.", "details": "Skill Details\nRated: Guidance Suggested.\nThis skill contains dynamic content.\nInvocation Name: informaci\u00f3n medicamentos", "privacy_policy_href": ""}, "Ultimate Joke": {"review-count": "0", "description": "Description\nThis skill will enlighten you about the various aspects of life that you should be aware of to set the right expectations about life. Ensures that you have a happy life.", "details": "Skill Details\nRated: Guidance Suggested.\nThis skill contains dynamic content.\nInvocation Name: ultimate joke\nDeveloper Privacy Policy\nDeveloper Terms of Use", "privacy_policy_href": "https://cdn.voiceitright.io/vir-media/contents/terms-of-use-v1.html"}, "Motivate Me Pro": {"review-count": "0", "description": "Description\nNeed to finish the assignment, have an exam next week ,have to submit your report by tomorrow or just need to get some work done but are not really motivated to do it. Then consider this,\n\nAlexa is not just your digital assistant ,if need be then it can be more motivating then people around you.This skill contain more than 301 motivational quotes to help you out.Quotes given by many great leaders ,successful entrepreneurs ,old sayings, and some really great quotes by unknown people.", "details": "Skill Details\nThis skill contains dynamic content.\nInvocation Name: motivate me", "privacy_policy_href": ""}, "Berks County Family Fun": {"review-count": "0", "description": "Description\nMacaroni Kid Reading is a free weekly e-newsletter and website that highlights fun things for families to do in and around Berks County, Pennsylvania. We have made it even easier to stay current on local family fun with this Alexa Briefing that you can check each week to find fun things for your family to do in our community.", "details": "Skill Details\nFlash Briefing Skill\nThis skill contains dynamic content.", "privacy_policy_href": ""}, "Health Fact or Myth": {"review-count": "4", "description": "Description\nWant to learn about health topics that affect many families, caregivers, and individuals? Health Fact or Myth allows you to improve your health knowledge in a fun way! Just tell Alexa you want to \u201cPlay Health Fact or Myth\u201d and she will present you with a health-related statement. Then tell Alexa if it's a \"fact\" or a \"myth\". Alexa will tell you if you got it right or wrong and explain the correct answer.\n\nPlay today to start increasing your knowledge on a variety of topics:\n\u2022 Chronic Diseases (like Diabetes, Depression and Addiction)\n\u2022 Common Conditions (everyday illnesses such as back pain and migraines)\n\u2022 Well-Being (the things that keep you healthy like exercise, sleep, and oral health)\n\u2022 Cancers\n\u2022 Navigating Healthcare (how to purchase health insurance, find the right doctor, or be best caregiver you can be)\n\nWe hope you\u2019ll love Health Fact or Myth and give us a 5-star rating. We welcome and encourage feedback and suggestions, too! If you feel that Health Fact or Myth deserves less than a 5-star rating, please let us know at feedback@edlogics.com and we'll do everything in our power to make it better.\n\nOur content is for educational use only. It should not be used as a substitute for professional medical advice, diagnosis, or treatment.", "details": "Skill Details\nRated: Guidance Suggested.\nThis skill contains dynamic content.\nInvocation Name: health fact or myth", "privacy_policy_href": ""}, "Push-Up Challenge": {"review-count": "3", "description": "Description\nTake part in this fitness challenge and train until you can do 100 push-ups!\nBased on how many sit-ups you can currently do, the skill calculates your sit-up level so that everyone can start right away!\n\nThe skill does not instruct you how to do a correct push-up. Check out this on how to do it: https://www.wikihow.com/Do-a-Push-Up\n\nThe following commands are supported:\n\nstart pushup challenge to launch the skill\nstart a challenge to start the daily challenge\nreset [Number of push-ups you were able to do] to calibrate the app to your current level (this has to be done at first before you can start)\n\nReport whether you succeeded in doing the instructed push-ups by re-launching the skill and simply saying \"success\" or \"fail\"!\n\nDon't worry if you fail sometimes, sticking to it is the key to successful training!", "details": "Skill Details\nThis skill contains dynamic content.\nInvocation Name: pushup challenge", "privacy_policy_href": ""}, "Chaos Newport Beach": {"review-count": "1", "description": "Description\nChaos Newport Beach is a specific soundtrack for Newport Beach, CA, although it could be played in homes anywhere. You turn on the soundtrack when you leave your home. While you're gone, it plays police radio chatter. If someone comes into your home, the first thing they will think is that they have triggered an alarm and the police are en route. A very high percentage of home break-ins happen during the day when you\u2019re not home. As long as a burglar feels they are in control of the situation, they\u2019ll move in and out quickly and make your life very unstable. Assuming you\u2019re not home, a burglar fears two things - territorial dogs that bite and police. Your home is not worth it if they think they\u2019re going to get caught. Chaos Newport Beach will create fear for the intruder and they are more likely to leave immediately.", "details": "Skill Details\nThis skill contains dynamic content.\nInvocation Name: chaos newport beach", "privacy_policy_href": ""}, "NUNYO COMPANY": {"review-count": "0", "description": "Description\nBiographical conversations, and a touch of comedy, with renowned or influential figures. Nunyo Demasio \u2014 an award-winning journalist, New York Times bestselling author and budding comedy writer \u2014 engages his distinguished guests about their careers, indispensable life lessons and topical subjects. One staple of the show is that each figure offers a joke, grades a few by the host and reveals a favorite comedian. Articles based on each episode will appear on Apple News.\n\nHere are a few quick tips when navigating our skill. The First thing to note, when opening the skill you\u2019ll be playing the latest episode, but if that\u2019s not what you\u2019re looking for, you can always find something more specific. This skill allows you to play next or previous episode. In addition, you can ask the skill to play the newest or oldest episodes or if you want to get specific, play a specific episode by saying the episode number. Try some of these commands:\n\n**Search Via Episode**\n\u2014 [While Episode Is Playing] = \u201cAlexa, ask NUNYO COMPANY to play episode \"xyz\"\u201d\n\n**Next/Previous Episode**\n\u2014 [While Episode Is Playing] = \u201cAlexa, next\u201d\n\u2014 [While Episode Is Playing] = \u201cAlexa, previous\u201d\n\n**Select Latest Episode**\n\u2014 \u201cAlexa, ask NUNYO COMPANY to play latest episode\u201d\n\n**Select First Episode**\n\u2014 \u201cAlexa, ask NUNYO COMPANY to start from first episode\u201d", "details": "Skill Details\nRated: Guidance Suggested.\nThis skill contains dynamic content.\nInvocation Name: nunyo company\nDeveloper Privacy Policy\nDeveloper Terms of Use", "privacy_policy_href": "https://www.govocal.ai/privacypolicy.html"}, "Sit-Up Challenge": {"review-count": "17", "description": "Description\nTake part in this fitness challenge and train until you can do 200 sit-ups!\nBased on how many sit-ups you can currently do, the skill calculates your sit-up level so that everyone can start right away!\n\nThe skill does not instruct you how to do a correct sit-up. Check out this on how to do it: https://www.wikihow.com/Do-a-Basic-Sit-Up\n\nThe following commands are supported:\n\nstart situp challenge to launch the skill\nstart a challenge to start the daily challenge\nreset [Number of Situps you were able to do] to calibrate the app to your current level (this has to be done at first before you can start)\n\nReport whether you succeeded in doing the instructed situps by re-launching the skill and simply saying \"success\" or \"fail\"!\n\nDon't worry if you fail sometimes, sticking to it is the key to successful training!", "details": "Skill Details\nThis skill contains dynamic content.\nInvocation Name: situp challenge", "privacy_policy_href": ""}, "Laura MacDonald's Podcast": {"review-count": "0", "description": "Description\nLaura MacDonald's podcast will be discussing all things Real Estate Related. From tips for buying your first home, flying through the home selling process, catching up on the real estate market stats or even checking in to see what upcoming trends you can expect in home decor, this is the podcast to follow. Based out of Springfield, MO, you can also expect to hear great things about our community and it's development.", "details": "Skill Details\nFlash Briefing Skill\nRated: Guidance Suggested.\nThis skill contains dynamic content.", "privacy_policy_href": ""}, "SunArc Horoscope": {"review-count": "0", "description": "Description\nSunArc Horoscope application can tell you about your daily horoscope by zodiac sign. In case you don't know the zodiac sign then simply say \"I don't know\". Alexa will ask you your birth day and month. You can reply to alexa like \"17 January\" and on the basic of that it will provide you your zodiac sign and today's horoscope.\nYou can test alexa application by following below steps:\n1.alexa, open sunarc horoscope\n( Alexa will greet you.)\n2.tell my horoscope or tell my today's horoscope\nalexa will ask you 'what's you zodiac sign'. You can reply like 'Leo' or 'Gemini' or 'My zodiac sign is Leo' or whatever your zodiac sign is.\n3.tell my horoscope by birthday. (or you can say 'I don't know' or 'I don't know my zodiac sign').\nalexa will ask you to tell the birthday and month. You can say like 5 March.\nIt will provide you your zodiac sign as well as today's horoscope.\n4.Stop", "details": "Skill Details\nThis skill contains dynamic content.\nInvocation Name: sunarc horoscope\nDeveloper Privacy Policy\nDeveloper Terms of Use", "privacy_policy_href": "http://sunarctechnologies.com/privacy"}, "Business Acumen": {"review-count": "0", "description": "Description\nThis app will let you know the interesting facts and importance of attaining Business Acumen Skills and how it will impact in professional life.", "details": "Skill Details\nThis skill contains dynamic content.\nInvocation Name: business acumen", "privacy_policy_href": ""}, "Borrowed Things": {"review-count": "0", "description": "Description\n\u00bfTe ha pasado que no recuerdas a qui\u00e9n le has prestado tu libro favorito?\n\nPuedes apuntar a qui\u00e9n le has prestado qu\u00e9.\n\nSolo tienes que decir \"Apunta que le he prestado las tijeras de podar a Lucas\" y cuando vuelvas a abrir la skill te dir\u00e1 que cosas le has prestado a cada uno.\n\nSi Lucas te devuelve las tijeras solo debes decirle \"Lucas me ha devuelto las tijeras de podar\" para quitarlo de la lista.\n\nY si quieres saber qu\u00e9 le has prestado a Lucas en particular, puedes preguntarle \"\u00bfQue le he prestado a Lucas?\"\n\nO puedes querer saber \"\u00bfa qui\u00e9n le he prestado las tijeras de podar?\" o \"\u00bfQue tengo prestado?\"\n\n\nEl reconocimiento de palabras lo realiza Alexa, esta skill utiliza la palabra que Alexa a entendido. Puede que en ocasiones la comprensi\u00f3n no sea correcta, ten paciencia y simplemente repite lo que quer\u00edas hacer.", "details": "Skill Details\nThis skill contains dynamic content.\nInvocation Name: cosas prestadas\nDeveloper Privacy Policy (Spanish, ES)\nDeveloper Privacy Policy (Spanish, US)\nDeveloper Privacy Policy (Spanish, MX)", "privacy_policy_href": "http://mindgeist.com/PRIVACIDAD.html"}, "Laconia Daily Sun Calendar": {"review-count": "0", "description": "Description\nInteractive access to all of the local event listings in the Lakes Region and beyond from The Laconia Daily Sun based on your location, radius, day, or time.\n\nTo get started, all you have to say is, \u201cAlexa, ask Laconia Calendar what\u2019s happening\u201d or \u201cAlexa, ask Laconia Calendar what\u2019s going on.\u201d\n\nYou can also specify a location, radius and day or time. Some example phrases are below:\nAlexa, ask Laconia Calendar what\u2019s going on tonight.\nAlexa, ask Laconia Calendar what\u2019s happening tomorrow afternoon.\nAlexa, ask Laconia Calendar what\u2019s happening this weekend.\nAlexa, ask Laconia Calendar what\u2019s going on next weekend in Austin, Texas.\nAlexa, ask Laconia Calendar what\u2019s going on in Boulder, Colorado on Saturday morning.\nAlexa, ask Laconia Calendar what\u2019s happening in Madison, Wisconsin on March 28.\nAlexa, ask Laconia Calendar what\u2019s happening within five miles of Santa Rosa, California.\nAlexa, ask Laconia Calendar what\u2019s going on tomorrow within ten miles of Provo, Utah.\n\nPermissions:\n*Device Address. Your device address will be used to provide responses with events local to your area.\n\nTips:\n*If not otherwise specified, you will get today\u2019s events.\n*Allowing access to your device location allows that to be your default location, when no location is specified.\n*To help Alexa understand what you say, it can be helpful to slightly pause after some words such as \u201cask\u201d, and your city name.\n*To help Alexa identify your specified city, be sure to include the state as well.\n*To refine your results, you may specify time ranges such as morning, afternoon, or evening.\n*To refine your results you may include a date or date range such as December 9, tomorrow, this weekend, next Friday, or next weekend.\n\nFind more event details, create an account, or submit an event at https://www.laconiadailysun.com/site/calendar.html/", "details": "Skill Details\nRated: Guidance Suggested.\nThis skill contains dynamic content.\nInvocation Name: laconia calendar\nDeveloper Privacy Policy\nDeveloper Terms of Use", "privacy_policy_href": "https://www.cityspark.com/privacy-policy/"}, "Personality Test": {"review-count": "0", "description": "Description\nInspired from MBTI personality test, we propose simple questions to classify personality type according:\n- Extrovert/Introvert\n- Intuition/Sensation\n- Thinking/ Feeling\n- Judgment/ Perceiving\n\nNot that test accuracy is only 60% as it uses a limited set of questions for a simpler user interaction", "details": "Skill Details\nRated: Guidance Suggested.\nThis skill contains dynamic content.\nInvocation Name: personality test\nDeveloper Privacy Policy", "privacy_policy_href": "https://www.16personalities.com/terms"}, "Portland Phoenix Calendar": {"review-count": "0", "description": "Description\nInteractive access to all of the local event listings in the Greater Portland area and beyond from The Portland Phoenix based on your location, radius, day, or time.\n\nTo get started, all you have to say is, \u201cAlexa, ask Portland Phoenix what\u2019s happening\u201d or \u201cAlexa, ask Portland Phoenix what\u2019s going on.\u201d\n\nYou can also specify a location, radius and day or time. Some example phrases are below:\nAlexa, ask Portland Phoenix what\u2019s going on tonight.\nAlexa, ask Portland Phoenix what\u2019s happening tomorrow afternoon.\nAlexa, ask Portland Phoenix what\u2019s happening this weekend.\nAlexa, ask Portland Phoenix what\u2019s going on next weekend in Austin, Texas.\nAlexa, ask Portland Phoenix what\u2019s going on in Boulder, Colorado on Saturday morning.\nAlexa, ask Portland Phoenix what\u2019s happening in Madison, Wisconsin on March 28.\nAlexa, ask Portland Phoenix what\u2019s happening within five miles of Santa Rosa, California.\nAlexa, ask Portland Phoenix what\u2019s going on tomorrow within ten miles of Provo, Utah.\n\nPermissions:\n*Device Address. Your device address will be used to provide responses with events local to your area.\n\nTips:\n*If not otherwise specified, you will get today\u2019s events.\n*Allowing access to your device location allows that to be your default location, when no location is specified.\n*To help Alexa understand what you say, it can be helpful to slightly pause after some words such as \u201cask\u201d, and your city name.\n*To help Alexa identify your specified city, be sure to include the state as well.\n*To refine your results, you may specify time ranges such as morning, afternoon, or evening.\n*To refine your results you may include a date or date range such as December 9, tomorrow, this weekend, next Friday, or next weekend.\n\nFind more event details, create an account, or submit an event at https://www.portlandphoenix.me/event_calendar/", "details": "Skill Details\nRated: Guidance Suggested.\nThis skill contains dynamic content.\nInvocation Name: portland phoenix\nDeveloper Privacy Policy\nDeveloper Terms of Use", "privacy_policy_href": "https://www.cityspark.com/privacy-policy/"}, "make a drink": {"review-count": "1", "description": "Description\nDid you ever have some friends over and wonder what drink you can make? Just ask Alexa. She will give you a randomly selected drink and show you how to make it.", "details": "Skill Details\nRated: Mature.\nThis skill contains dynamic content.\nInvocation Name: make a drink\nDeveloper Privacy Policy\nDeveloper Terms of Use", "privacy_policy_href": "http://dabblelab.com/privacy"}, "Monticello Real Estate": {"review-count": "1", "description": "Description\nMonticello is a boutique real estate firm offering highly specialized services for buyers and sellers in the Capital Region. The Albany Business Review ranked Monticello as the 2018 & 2017 fastest growing residential real estate brokerage in the Capital Region. In 2018 Business Review ranked Monticello the seventh fastest growing company in the entire region. The firm sold over 200 homes in 2018, with a total sales volume of more than $46,000,000.", "details": "Skill Details\nFlash Briefing Skill\nThis skill contains dynamic content.\nDeveloper Privacy Policy\nDeveloper Terms of Use", "privacy_policy_href": "http://www.monticellonys.com/"}, "My ADDA": {"review-count": "0", "description": "Description\nLiving in an Apartment or Condo?\n\nWant to know which visitors are expected to your home today? Or do you quickly want to check on the dues to your Association?\n\nIs it some emergency, where you want to raise an alarm with your Security or Front Desk, so that someone can rush to your Apartment / Condo?\n\nSimply ask My ADDA through your Alexa device!\n\nADDA is the ONE software which caters to all requirements of Apartment Owners/Residents around their home & community.\n\nADDA is a private social network, it\u2019s a payment App for making payments to Association, it\u2019s a tool for raising complaints and queries. It can be used by Owners and Tenants for facility booking, managing visitors, for viewing and posting classifieds, and so much more.\n\nCheck out more about ADDA here: https://adda.io/", "details": "Skill Details\nRated: Guidance Suggested.\nThis skill contains dynamic content.\nInvocation Name: my adda\nDeveloper Privacy Policy\nDeveloper Terms of Use", "privacy_policy_href": "https://adda.io/terms-of-service.php"}, "Salem Real Estate Update": {"review-count": "1", "description": "Description\nIs it hot or cold? Is is the right time to sell or should you buy? Rates up or down. Alexa knows real estate too! Salem, the Willamette Valley and Oregon is home to great values in real estate. Trevor Elliott - Broker Licensed in the State of Oregon", "details": "Skill Details\nFlash Briefing Skill\nRated: Guidance Suggested.\nThis skill contains dynamic content.", "privacy_policy_href": ""}, "Laconia Daily Sun Calendar Briefing": {"review-count": "0", "description": "Description\nGet today's local event listings in the Lakes Region from the Laconia Daily Sun.\n\nThis flash briefing will update you with the most relevant events in the area happening each day. The Laconia Daily Sun partners with CitySpark to provide the most complete collection of local events anywhere, allowing you to find out about everything happening in your town or neighborhood.\n\nFind more event details, create an account, or submit an event at https://www.laconiadailysun.com/site/calendar.html/", "details": "Skill Details\nFlash Briefing Skill\nRated: Guidance Suggested.\nThis skill contains dynamic content.\nDeveloper Privacy Policy\nDeveloper Terms of Use", "privacy_policy_href": "https://www.cityspark.com/privacy-policy/"}, "The Daily Growler UA": {"review-count": "1", "description": "Description\nSearch beers on tap from The Daily Growler in Upper Arlington, Ohio. Can search by style, brewery or newest on tap.", "details": "Skill Details\nRated: Mature.\nThis skill contains dynamic content.\nInvocation Name: daily growler u. a.", "privacy_policy_href": ""}, "WalkWise": {"review-count": "0", "description": "Description\nIf you (or a loved one) has a WalkWise walker attachment, use this skill! Simply add your WalkWise username and password to your Amazon Alexa app, and then ask Alexa simple questions about walker movement.", "details": "Skill Details\nRated: Guidance Suggested.\nThis skill contains dynamic content.\nInvocation Name: walk wise\nDeveloper Privacy Policy\nDeveloper Terms of Use", "privacy_policy_href": "https://www.walkwise.com/terms"}, "Drug Shortages": {"review-count": "0", "description": "Description\nThis flash briefing contains the latest drug shortage information as posted by ASHP (American Society of Health-System Pharmacists). This skill has no affiliation with ASHP.", "details": "Skill Details\nFlash Briefing Skill\nRated: Guidance Suggested.\nThis skill contains dynamic content.", "privacy_policy_href": ""}, "BrainWaves A Neurology Podcast": {"review-count": "0", "description": "Description\nBrainWaves is an academic audio podcast whose mission is to educate medical providers through clinical cases and topical reviews in neurology and medicine. Follow us on Twitter @brainwavesaudio, or just tune in every Thursday for the latest shows! **NOT FOR CLINICAL DECISION MAKING**\n\nHere are a few quick tips when navigating our skill. The First thing to note, when opening the skill you\u2019ll be playing the latest episode, but if that\u2019s not what you\u2019re looking for, you can always find something more specific. This skill allows you to play next or previous episode. In addition, you can ask the skill to play the newest or oldest episodes or if you want to get specific, play a specific episode by saying the episode number. Try some of these commands:\n\n**Next/Previous Episode**\n\u2014 [While Episode Is Playing] = \u201cAlexa, next\u201d\n\u2014 [While Episode Is Playing] = \u201cAlexa, previous\u201d\n\n**Select Latest Episode**\n\u2014 \u201cAlexa, ask Brain Waves A Neurology Podcast to play latest episode\u201d\n\n**Select First Episode**\n\u2014 \u201cAlexa, ask Brain Waves A Neurology Podcast to start from first episode\u201d", "details": "Skill Details\nThis skill contains dynamic content.\nInvocation Name: brain waves a neurology podcast\nDeveloper Privacy Policy\nDeveloper Terms of Use", "privacy_policy_href": "https://www.govocal.ai/privacypolicy.html"}, "A New Thing": {"review-count": "0", "description": "Description\nA New Thing is a podcast about new faith communities. It's about those that have the courage to start new communities. It's about the how and why and for whom in regards to new expressions of the Church.", "details": "Skill Details\nFlash Briefing Skill\nThis skill contains dynamic content.", "privacy_policy_href": ""}, "new year resolution": {"review-count": "0", "description": "Description\nAs New Year is coming which is very important in our's life. Each one of us do resolution that we will start doing this from today onward. So its a very large asking skill is every one will like that \"What is your New Year Resolution \" and i hope that most people get appropriate answer from my this developed skill.", "details": "Skill Details\nRated: Guidance Suggested.\nThis skill contains dynamic content.\nInvocation Name: new year resolution", "privacy_policy_href": ""}, "Central Church of Christ": {"review-count": "0", "description": "Description\nGet information about Central Church of Christ in Bryan, TX.\ni.e. Service Times, Location, Phone Number and more.\n\nThis Alexa Skill was built compliments of InfoByVoice.com\n\nContact us at Skills@InfoByVoice.com and we can build an Alexa Skill for your church, business or personal needs.\n\nThis skill was built with love by VoiceApps.com. Visit us to create your own skill in minutes!", "details": "Skill Details\nThis skill contains dynamic content.\nInvocation Name: central church of christ", "privacy_policy_href": ""}, "The Church at Canyon Creek": {"review-count": "0", "description": "Description\nGet information about The Church at Canyon Creek in Austin, TX.\ni.e. Service Times, Location, Phone Number and more.\n\nThis Alexa Skill was built compliments of InfoByVoice.com\n\nContact us at Skills@InfoByVoice.com and we can build an Alexa Skill for your church, business or personal needs.\n\n\nThis skill was built with love by VoiceApps.com. Visit us to create your own skill in minutes!", "details": "Skill Details\nThis skill contains dynamic content.\nInvocation Name: the church at canyon creek", "privacy_policy_href": ""}, "Echo Christian Fellowship": {"review-count": "0", "description": "Description\nGet information about Echo Christian Fellowship in Lake Orion, MI.\ni.e. Service Times, Location, Phone Number and more.\n\nThis Alexa Skill was built compliments of InfoByVoice.com\n\nContact us at Skills@InfoByVoice.com and we can build an Alexa Skill for your church, business or personal needs.\n\n\nThis skill was built with love by VoiceApps.com. Visit us to create your own skill in minutes!", "details": "Skill Details\nThis skill contains dynamic content.\nInvocation Name: christian fellowship", "privacy_policy_href": ""}, "Immanuel Assembly of God": {"review-count": "0", "description": "Description\nGet information about Immanuel Assembly of God in Durham, NC.\ni.e. Service Times, Location, Phone Number and more.\n\nThis Alexa Skill was built compliments of InfoByVoice.com\n\nContact us at Skills@InfoByVoice.com and we can build an Alexa Skill for your church, business or personal needs.\n\n\nThis skill was built with love by VoiceApps.com. Visit us to create your own skill in minutes!", "details": "Skill Details\nThis skill contains dynamic content.\nInvocation Name: immanuel assembly of god", "privacy_policy_href": ""}, "Question your habits": {"review-count": "0", "description": "Description\nRosie Mendoza, a self-taught photographer, secondhand advocate and pro-environmental mind behind Question your Habits.\nShe offers daily, easy to apply tips on how to live a more sustainable and healthy life.\nDisclaimer: The information in this skill is provided for informational and educational purposes only.", "details": "Skill Details\nFlash Briefing Skill\nThis skill contains dynamic content.", "privacy_policy_href": ""}, "Rosey Bell - Pasadena Real Estate": {"review-count": "0", "description": "Description\nThis is your local Flash Briefing to help you sell, buy, and rent Pasadena real estate with your Pasadena real estate agent Rosey Bell.\n\n\n\nThis flash briefing is provided by My Home Agent. Find out more about voice real estate marketing at http://www.FindMyHomeAgent.com.", "details": "Skill Details\nFlash Briefing Skill\nRated: Guidance Suggested.\nThis skill contains dynamic content.", "privacy_policy_href": ""}, "skymee feeding": {"review-count": "4", "description": "Description\nfor example, your skymee feeder's name is 'jack', if you want to feeed 1 pack to your pet immediately, say jack feed 1.\nor you want to feed 10 packs food to your pet at 21:00, you can say \"jack feed 10 at 9 pm\".\nor you want to play with your pet, you can say \"jack shoot\" or \"jack fire\".\nor you want to ask your feeder to go forward or go back with 2 steps, you can say \"jack go forward for 2\" or \"jack go back for 2\".\nor you wan to ask your feeder to turn left or right for 30 degrees, you can say \"jack turn 30 to left\" or \"jack turn 30 to right\".", "details": "Skill Details\nRated: Guidance Suggested.\nThis skill contains dynamic content.\nInvocation Name: skymee feeder\nDeveloper Privacy Policy", "privacy_policy_href": "https://www.skymeesound.com/Privacy/pracy-en.html"}, "Daily Good Morning": {"review-count": "0", "description": "Description\nAsk daily greeting to say hello!", "details": "Skill Details\nThis skill contains dynamic content.\nInvocation Name: daily greeting", "privacy_policy_href": ""}, "I DECIDED": {"review-count": "0", "description": "Description\n400 trillion to 1, the odds of becoming a human being.\nYou already won the impossible gift of becoming a human being on earth, now it's time to DECIDE how you want to live the one life you've been given. There are way too many people out here living like we get to do this life thing twice.\n\nInspiring you to take control of your life through radical accountability.\n\nListen to Connor Miller the CO-Founder of ArdentX a 50-million-dollar logistics company, and the I DECIDED movement talk about the conscious decisions we make in our lives to manifest the things we want to accomplish. Hustle, Self-Awareness, Perspective, Gratitude, Patience, Service, Overcoming Drug Addiction, the transition from collegiate level athlete into \"real life\", Self-Love, Self-Discipline, and much more of the Decisions we must make in order to achieve our dreams.\n\nDue to the nature of the I DECIDED movement's content, this Flash Briefing skill may contain profanity. That said, if you're not listening because of that, it's best that you ask yourself this question: \"Am I discounting the actual context of what\u2019s being said simply due to the way it\u2019s delivered?\"\n\nIf so, you're literally stopping at floor one instead of actually getting on the elevator ;)", "details": "Skill Details\nFlash Briefing Skill\nRated: Mature.\nThis skill contains dynamic content.", "privacy_policy_href": ""}, "Daily Affirmations with Teddey Hicks, C.Ht.": {"review-count": "2", "description": "Description\nThe Law of Attraction states that like energies are attracted to each other, so improving the energy you generate on a daily basis is the key to creating your perfect life. Start every day off with a thoughtful affirmation that will help you focus your energy so you can achieve everything you desire as easily and quickly as possible.\n\nThese affirmations will help you improve many areas of your life including finances, relationships, career, and body image. You'll be encouraged to put your attention on what you want, release negative, limiting thinking, and generate positive energy that will attract exactly what you want.", "details": "Skill Details\nFlash Briefing Skill\nThis skill contains dynamic content.\nDeveloper Privacy Policy\nDeveloper Terms of Use", "privacy_policy_href": "https://www.teddeyhicks.com/contact/"}, "Roseville Insider Briefing": {"review-count": "0", "description": "Description\nGet to Know Roseville, California from the Insider's perspective. Find out about events, activities, best restaurants, new development, Local News, Real Estate trends, prominent community members, Roseville growth, as well as opportunities for recreation and learning. Plus, so much more of the inside scoop about the best of Roseville. More can be found at GetToKnowRoseville.com", "details": "Skill Details\nFlash Briefing Skill\nRated: Guidance Suggested.\nThis skill contains dynamic content.", "privacy_policy_href": ""}, "Camp Coniston": {"review-count": "0", "description": "Description\nUsers of this skill can \"ask Camp Coniston\" for lots of information: when camping sessions begin, what time check-in and check-out starts, and even ask for a \"fun fact\" about camp! YMCA Camp Coniston is located in the Dartmouth / Lake Sunapee region of New Hampshire and runs 5 residential camping sessions and 7 Adventure camp trips each summer. With this Alexa skill, you can find out when each session or trip starts, when to check-in, how to send mail or packages, and other useful information. You can also \"ask Camp Coniston\" to \"play a sound from camp\" and relive the summer vibe all year long!", "details": "Skill Details\nThis skill contains dynamic content.\nInvocation Name: camp coniston\nDeveloper Privacy Policy\nDeveloper Terms of Use", "privacy_policy_href": "http://www.coniston.org/"}, "Job Search Sandwich": {"review-count": "1", "description": "Description\nJoin my Alexa Flash Briefings to get the scoop on the sandwich of your job search: mindset, tools and process where we'll look into topics to make your job search run smarter, like: career, careers, career guide, job search, job search humor, job search candidate, The First 90 Days, New Employee, Indeed.com, Monster.com, LinkedIn Jobs, job board, LinkedIn Profile, Linkedin Optimization, LinkedIn Networking.\n\nWhy? Well...\n\nI wouldn\u2019t say I am an expert in Executive & Corporate Recruitment + LinkedIn for job search and careers but the 1000's of Candidates I've worked with, 1000's of Job Searches I have run, and 13k+ connections I have would no doubt tell a different story.\n\nAlong the way, I've cracked the code on how to go from struggling to land a job interview to getting interviews that turn into offers to the job that makes Monday feel like a great day.\n\nNow, I'm super proud of what I do. I get to help people beat the struggle to land interviews and get better jobs after they have spent countless hours, days, weeks, months and even in some cases years looking for that right-fit job feeling.\n\nBut this wasn\u2019t always me.\n\nBefore all of this, I was an Executive Search, Corporate Recruitment and Certified LinkedIn Recruitment Expert.\n\nI was on the dark side (queue music... and \"dudududududuududuud ud dudu duduud ud dududuudududu nanananannananannanaanna ....\").\n\nNow that I've joined the resistance, I'm taking my 15+ years of experience and a ton of blood, sweat, and tears (some of them were even mine, JK) to hack the entire job search, interview, and career success process. All to help you cut the confusion, chaos, and clutter of finding the job that makes your Monday feel just as good as a Friday.\n\nSo, that is why they call me an expert...and I\u2019m incredibly proud of it, and of the people, I've helped along the way with many, many more to come.", "details": "Skill Details\nFlash Briefing Skill\nThis skill contains dynamic content.", "privacy_policy_href": ""}, "Patty Vaithiyam": {"review-count": "0", "description": "Description\nAsk for Patty Vaithiyam, and learn about what really matters, to keep informational. The information in this skill is provided for informational and educational purposes only.\n\nPatty Vaithiyam helps to provide the whole family guaranteed tips to be stronger.\n\nTo start, just say \"Alexa, launch Patty Vaithiyam\" or \"Alexa, open Patty Vaithiyam\".\n\nAt any time, you can stop by saying \"Alexa, stop\"", "details": "Skill Details\nThis skill contains dynamic content.\nInvocation Name: patty vaithiyam", "privacy_policy_href": ""}, "ball python facts": {"review-count": "0", "description": "Description\n\"Alexa, show me a ball python fact\"\n\nThis skills shows multiple random facts about reptiles of \"Ball Python\" category.\nBall python are popularly known for their household adoptions.\nThis skills helps in creating awareness and share facts about this cool pythons.", "details": "Skill Details\nThis skill contains dynamic content.\nInvocation Name: ball python fact", "privacy_policy_href": ""}, "MyHospital": {"review-count": "0", "description": "Description\nThis feature will work by providing the location/place where user want to find the hospital and the doctors specialty for which user is looking.\nOnce user provided both the details then he will be listed with hospital names and once user selects the hospital name then he can choose hospital card.", "details": "Skill Details\nThis skill contains dynamic content.\nInvocation Name: my hospital", "privacy_policy_href": ""}, "Grace Tabernacle Apostolic Church: Into a New Day": {"review-count": "0", "description": "Description\nEnable this skill to hear Into a New Day Tamil Daily Devotion everyday!\n\nABOUT INTO A NEW DAY:\n\u25cf Hear the Tamil Daily Devotion every day\n\u25cf Daily devotion is also available in the InnerMan magazine (https://gtachurch.ca/im)\n\u25cf And is completely free.\n\nDevotions can also be read online at https://gtachurch.ca/daily\n\nNEED HELP?\nContact us at https://gtachurch.ca/contact", "details": "Skill Details\nFlash Briefing Skill\nThis skill contains dynamic content.", "privacy_policy_href": ""}, "Platinum Agent": {"review-count": "1", "description": "Description\nPlatinum Agent is a skill to help you buy or sell a home in the Sarasota Gulf Coast area.\n\nRE/MAX Platinum Realty of Florida wants to help people to buy or sell a home in the Sarasota Gulf Coast area. This skill gives home buyers and sellers information on how best to navigate a home selling transaction. It also identifies Platinum Agents - brokers and agents who have demonstrated a high level of accomplishment in meeting buyer and seller needs. The tips here are from long years of real estate sales experience in this area. Just enable the skill and say \"Open Platinum Agent\" and contact us if we can help you further at 941 929 9090 or www.platinumrealtyflorida.com\n\nYou can say:\n\n\"Alexa, open Platinum Agent\"\n\"Alexa, start Platinum Agent\"\n\"Alexa, launch Platinum Agent\"\n\nPlease leave a 5-star review if you love this skill, or contact us if we can help you further at 941 929 9090 or www.platinumrealtyflorida.com. Your 5-star reviews encourage us to keep making more great skills, thanks!", "details": "Skill Details\nThis skill contains dynamic content.\nInvocation Name: platinum agent", "privacy_policy_href": ""}, "Southern California Edison": {"review-count": "2", "description": "Description\nYou can ask Southern California Edison general \"frequently asked questions\", like where best to find information such as billing & payment information, or who to contact if a tree is touching a wire.\nCurrently, this skill can answer questions about the following categories:\n- My Account\n- Payment & Billing\n- Contact Us/Support\n- Rates\n- Electric Vehicles (EV\u2019s)\n- Tips\n\nMore categories, questions, and features will be added periodically.\n\nPlease note that this skill cannot access information about outages or your SCE account.", "details": "Skill Details\nThis skill contains dynamic content.\nInvocation Name: southern california edison", "privacy_policy_href": ""}, "Wine Helper": {"review-count": "0", "description": "Description\nThe purpose of \"Wine Helper\" Alexa Skill is to help the user choose wine based on their requirement. If you are not sure which wine to choose, you can just ask wine helper to suggest some wine names that fit your needs.\n\nHow does it work?\nFor example, when the user says: Alexa, ask wine helper to suggest me some red wine made from blueberry. Machine Learning model sitting behind the scenes takes the input, does all the hard work for you and predict the most suitable top 3 wines based on the users choice.\n\nThe following are the list of helpful utterances that user can choose from but not limited to:\n\nAlexa, ask wine helper to suggest me some red wine\nAlexa, ask wine helper to suggest me some red wine which has the long lasting taste\nAlexa, ask wine helper to suggest me some red wine which has a smoky aroma\nAlexa, ask wine helper to suggest me some red wine which is mild\nAlexa, ask wine helper to suggest me some red wine made from blueberry\nAlexa, ask wine helper to suggest me all wines that have a dry taste\nAlexa, ask wine helper to suggest me some raspberry flavored wine\nAlexa, ask wine helper to suggest me some high alcohol wine\nAlexa, ask wine helper to suggest me a red wine which has the bitter taste", "details": "Skill Details\nRated: Mature.\nThis skill contains dynamic content.\nInvocation Name: wine helper", "privacy_policy_href": ""}, "Judahs Roar Church": {"review-count": "0", "description": "Description\nGet information about Judahs Roar Church in Gloucester, MA.\ni.e. Service Times, Location, Phone Number and more.\n\nThis Alexa Skill was built compliments of InfoByVoice.com\n\nContact us at Skills@InfoByVoice.com and we can build an Alexa Skill for your church, business or personal needs.\n\n\nThis skill was built with love by VoiceApps.com. Visit us to create your own skill in minutes!", "details": "Skill Details\nThis skill contains dynamic content.\nInvocation Name: judahs roar church", "privacy_policy_href": ""}, "Hillcrest Church of Christ": {"review-count": "0", "description": "Description\nGet information about Hillcrest Church of Christ in Utica, OH.\ni.e. Service Times, Location, Phone Number and more.\n\nThis Alexa Skill was built compliments of InfoByVoice.com\n\nContact us at Skills@InfoByVoice.com and we can build an Alexa Skill for your church, business or personal needs.\n\n\nThis skill was built with love by VoiceApps.com. Visit us to create your own skill in minutes!", "details": "Skill Details\nThis skill contains dynamic content.\nInvocation Name: hillcrest church of christ", "privacy_policy_href": ""}, "West End Baptist Church": {"review-count": "0", "description": "Description\nGet information about West End Baptist Church in Rock Hill, SC.\ni.e. Service Times, Location, Phone Number and more.\n\nThis Alexa Skill was built compliments of InfoByVoice.com\n\nContact us at Skills@InfoByVoice.com and we can build an Alexa Skill for your church, business or personal needs.\n\nThis skill was built with love by VoiceApps.com. Visit us to create your own skill in minutes!", "details": "Skill Details\nThis skill contains dynamic content.\nInvocation Name: west end baptist church", "privacy_policy_href": ""}, "Broadman Baptist Church": {"review-count": "0", "description": "Description\nGet information about Broadman Baptist Church in Cuyahoga Falls, OH.\ni.e. Service Times, Location, Phone Number and more.\n\nThis Alexa Skill was built compliments of InfoByVoice.com\n\nContact us at Skills@InfoByVoice.com and we can build an Alexa Skill for your church, business or personal needs.\n\nThis skill was built with love by VoiceApps.com. Visit us to create your own skill in minutes!", "details": "Skill Details\nThis skill contains dynamic content.\nInvocation Name: broadman baptist church", "privacy_policy_href": ""}, "Spindle City Vineyard": {"review-count": "0", "description": "Description\nGet information about Spindle City Vineyard in Cohoes, NY.\ni.e. Service Times, Location, Phone Number and more.\n\nThis Alexa Skill was built compliments of InfoByVoice.com\n\nContact us at Skills@InfoByVoice.com and we can build an Alexa Skill for your church, business or personal needs.\n\n\nThis skill was built with love by VoiceApps.com. Visit us to create your own skill in minutes!", "details": "Skill Details\nThis skill contains dynamic content.\nInvocation Name: spindle city vineyard", "privacy_policy_href": ""}, "R. O. C. Ministries": {"review-count": "0", "description": "Description\nGet information about ROC Ministries in Saint Louis, MO.\ni.e. Service Times, Location, Phone Number and more.\n\nThis Alexa Skill was built compliments of InfoByVoice.com\n\nContact us at Skills@InfoByVoice.com and we can build an Alexa Skill for your church, business or personal needs.\n\nThis skill was built with love by VoiceApps.com. Visit us to create your own skill in minutes!", "details": "Skill Details\nThis skill contains dynamic content.\nInvocation Name: r. o. c. ministries", "privacy_policy_href": ""}, "Grace Community Church Sturbridge": {"review-count": "0", "description": "Description\nGet information about Grace Community Church Sturbridge in Sturbridge, MA.\ni.e. Service Times, Location, Phone Number and more.\n\nThis Alexa Skill was built compliments of InfoByVoice.com\n\nContact us at Skills@InfoByVoice.com and we can build an Alexa Skill for your church, business or personal needs.\n\n\nThis skill was built with love by VoiceApps.com. Visit us to create your own skill in minutes!", "details": "Skill Details\nThis skill contains dynamic content.\nInvocation Name: grace community church sturbridge", "privacy_policy_href": ""}, "Glad Tidings Community Church": {"review-count": "0", "description": "Description\nGet information about Glad Tidings Community Church in Chepachet, RI.\ni.e. Service Times, Location, Phone Number and more.\n\nThis Alexa Skill was built compliments of InfoByVoice.com\n\nContact us at Skills@InfoByVoice.com and we can build an Alexa Skill for your church, business or personal needs.\n\n\nThis skill was built with love by VoiceApps.com. Visit us to create your own skill in minutes!", "details": "Skill Details\nThis skill contains dynamic content.\nInvocation Name: glad tidings community church", "privacy_policy_href": ""}, "Grace Chapel Foxboro": {"review-count": "0", "description": "Description\nGet information about Grace Chapel Foxboro in Lexington, MA.\ni.e. Service Times, Location, Phone Number and more.\n\nThis Alexa Skill was built compliments of InfoByVoice.com\n\nContact us at Skills@InfoByVoice.com and we can build an Alexa Skill for your church, business or personal needs.\n\n\nThis skill was built with love by VoiceApps.com. Visit us to create your own skill in minutes!", "details": "Skill Details\nThis skill contains dynamic content.\nInvocation Name: grace chapel foxboro", "privacy_policy_href": ""}, "Shalom Assembly of God": {"review-count": "0", "description": "Description\nGet information about Shalom Assembly of God in Willow Grove, PA.\ni.e. Service Times, Location, Phone Number and more.\n\nThis Alexa Skill was built compliments of InfoByVoice.com\n\nContact us at Skills@InfoByVoice.com and we can build an Alexa Skill for your church, business or personal needs.\n\n\nThis skill was built with love by VoiceApps.com. Visit us to create your own skill in minutes!", "details": "Skill Details\nThis skill contains dynamic content.\nInvocation Name: shalom assembly of god", "privacy_policy_href": ""}, "Maye River Baptist Church": {"review-count": "0", "description": "Description\nGet information about Maye River Baptist Church in Bluffton, SC.\ni.e. Service Times, Location, Phone Number and more.\n\nThis Alexa Skill was built compliments of InfoByVoice.com\n\nContact us at Skills@InfoByVoice.com and we can build an Alexa Skill for your church, business or personal needs.\n\n\nThis skill was built with love by VoiceApps.com. Visit us to create your own skill in minutes!", "details": "Skill Details\nThis skill contains dynamic content.\nInvocation Name: maye river baptist church", "privacy_policy_href": ""}, "MiddleTree Church": {"review-count": "0", "description": "Description\nGet information about MiddleTree Church in Saint Louis, MO.\ni.e. Service Times, Location, Phone Number and more.\n\nThis Alexa Skill was built compliments of InfoByVoice.com\n\nContact us at Skills@InfoByVoice.com and we can build an Alexa Skill for your church, business or personal needs.\n\n\nThis skill was built with love by VoiceApps.com. Visit us to create your own skill in minutes!", "details": "Skill Details\nThis skill contains dynamic content.\nInvocation Name: middletree church", "privacy_policy_href": ""}, "Mount Airy Christian Church": {"review-count": "0", "description": "Description\nGet information about Mount Airy Christian Church in Mount Airy, NC.\ni.e. Service Times, Location, Phone Number and more.\n\nThis Alexa Skill was built compliments of InfoByVoice.com\n\nContact us at Skills@InfoByVoice.com and we can build an Alexa Skill for your church, business or personal needs.\n\n\nThis skill was built with love by VoiceApps.com. Visit us to create your own skill in minutes!", "details": "Skill Details\nThis skill contains dynamic content.\nInvocation Name: mount airy christian church", "privacy_policy_href": ""}, "Alma Vineyard Church": {"review-count": "0", "description": "Description\nGet information about Alma Vineyard Church in Alma, Michigan.\ni.e. Service Times, Location, Phone Number and more.\n\nThis Alexa Skill was built compliments of InfoByVoice.com\n\nContact us at Skills@InfoByVoice.com and we can build an Alexa Skill for your church, business or personal needs.\n\n\nThis skill was built with love by VoiceApps.com. Visit us to create your own skill in minutes!", "details": "Skill Details\nThis skill contains dynamic content.\nInvocation Name: alma vineyard church", "privacy_policy_href": ""}, "First Baptist Church": {"review-count": "0", "description": "Description\nGet information about First Baptist Church in Zachary, LA.\ni.e. Service Times, Location, Phone Number and more.\n\nThis Alexa Skill was built compliments of InfoByVoice.com\n\nContact us at Skills@InfoByVoice.com and we can build an Alexa Skill for your church, business or personal needs.\n\n\nThis skill was built with love by VoiceApps.com. Visit us to create your own skill in minutes!", "details": "Skill Details\nThis skill contains dynamic content.\nInvocation Name: first baptist church", "privacy_policy_href": ""}}