{"Prestige Capital Group 13": {"review-count": "0", "description": "Description\nTune into Prestige Capital Group 13, the hottest radio station and enjoy.", "details": "Skill Details\nRated: Guidance Suggested.\nThis skill contains dynamic content.\nInvocation Name: citadel f. m. prestige capital group thirteen", "privacy_policy_href": ""}, "Citadel FM Prestige Capital Group 375": {"review-count": "0", "description": "Description\nTune into Citadel FM Prestige Capital Group 375, the hottest radio station and enjoy.", "details": "Skill Details\nRated: Guidance Suggested.\nThis skill contains dynamic content.\nInvocation Name: prestige capital group three seventy five", "privacy_policy_href": ""}, "Citadel FM Prestige Capital Group 925": {"review-count": "0", "description": "Description\nTune into Citadel FM Prestige Capital Group 925, the hottest radio station and enjoy.", "details": "Skill Details\nRated: Guidance Suggested.\nThis skill contains dynamic content.\nInvocation Name: prestige capital group nine twenty five", "privacy_policy_href": ""}, "Citadel FM Prestige Capital Group 5175": {"review-count": "0", "description": "Description\nTune into Citadel FM Prestige Capital Group 5175, the hottest radio station and enjoy.", "details": "Skill Details\nRated: Guidance Suggested.\nThis skill contains dynamic content.\nInvocation Name: prestige capital group fifty one seventy five", "privacy_policy_href": ""}, "Citadel FM Prestige Capital Group 472": {"review-count": "0", "description": "Description\nTune into Citadel FM Prestige Capital Group 472, the hottest radio station and enjoy.", "details": "Skill Details\nRated: Guidance Suggested.\nThis skill contains dynamic content.\nInvocation Name: prestige capital group four seventy two", "privacy_policy_href": ""}, "Prestige Capital Group 11": {"review-count": "0", "description": "Description\nTune into Prestige Capital Group 11, the hottest radio station and enjoy.", "details": "Skill Details\nRated: Guidance Suggested.\nThis skill contains dynamic content.\nInvocation Name: citadel f. m. prestige capital group eleven", "privacy_policy_href": ""}, "Citadel FM Prestige Capital Group 1201": {"review-count": "0", "description": "Description\nTune into Citadel FM Prestige Capital Group 1201, the hottest radio station and enjoy.", "details": "Skill Details\nRated: Guidance Suggested.\nThis skill contains dynamic content.\nInvocation Name: prestige capital group twelve zero one", "privacy_policy_href": ""}, "Citadel FM Prestige Capital Group 899": {"review-count": "0", "description": "Description\nTune into Citadel FM Prestige Capital Group 899, the hottest radio station and enjoy.", "details": "Skill Details\nRated: Guidance Suggested.\nThis skill contains dynamic content.\nInvocation Name: prestige capital group eighty ninety nine", "privacy_policy_href": ""}, "Citadel FM Prestige Capital Group 245": {"review-count": "0", "description": "Description\nTune into Citadel FM Prestige Capital Group 245, the hottest radio station and enjoy.", "details": "Skill Details\nRated: Guidance Suggested.\nThis skill contains dynamic content.\nInvocation Name: prestige capital group two forty five", "privacy_policy_href": ""}, "Citadel FM Prestige Capital Group 1580": {"review-count": "0", "description": "Description\nTune into Citadel FM Prestige Capital Group 1580, the hottest radio station and enjoy.", "details": "Skill Details\nRated: Guidance Suggested.\nThis skill contains dynamic content.\nInvocation Name: prestige capital group fifteen eighty", "privacy_policy_href": ""}, "Frog Music": {"review-count": "0", "description": "Description\nFrog Music lets you hear white noise that can help you stay focused, relax and cover up annoying noises.\n\nHOW TO USE:\nTo Get Started: Say \"Alexa open Frog Music\"\nTo Get Next Sound: Say \"Alexa Next\"", "details": "Skill Details\nThis skill contains dynamic content.\nInvocation Name: frog music\nDeveloper Privacy Policy\nDeveloper Terms of Use", "privacy_policy_href": "https://creator.voiceflow.com/creator/terms?name=Nicola&skill=Random%20Sleep%20Sounds&children=false"}, "Citadel FM Venture Hospitality LLC 245": {"review-count": "0", "description": "Description\nTune into Citadel FM Venture Hospitality LLC 245, the hottest radio station and enjoy.", "details": "Skill Details\nRated: Guidance Suggested.\nThis skill contains dynamic content.\nInvocation Name: venture hospitality l. l. c. two forty five", "privacy_policy_href": ""}, "Village Music": {"review-count": "0", "description": "Description\nVillage Music lets you hear white noise that can help you stay focused, relax and cover up annoying noises.\n\nHOW TO USE:\nTo Get Started: Say \"Alexa open Village Music\"\nTo Get Next Sound: Say \"Alexa Next\"", "details": "Skill Details\nThis skill contains dynamic content.\nInvocation Name: village music\nDeveloper Privacy Policy\nDeveloper Terms of Use", "privacy_policy_href": "https://creator.voiceflow.com/creator/terms?name=Nicola&skill=Random%20Sleep%20Sounds&children=false"}, "Beach Music": {"review-count": "0", "description": "Description\nBeach Music lets you hear white noise that can help you stay focused, relax and cover up annoying noises.\n\nHOW TO USE:\nTo Get Started: Say \"Alexa open Beach Music\"\nTo Get Next Sound: Say \"Alexa Next\"", "details": "Skill Details\nThis skill contains dynamic content.\nInvocation Name: beach music\nDeveloper Privacy Policy\nDeveloper Terms of Use", "privacy_policy_href": "https://creator.voiceflow.com/creator/terms?name=Nicola&skill=Random%20Sleep%20Sounds&children=false"}, "Spring Music": {"review-count": "0", "description": "Description\nSpring Music lets you hear white noise that can help you stay focused, relax and cover up annoying noises.\n\nHOW TO USE:\nTo Get Started: Say \"Alexa open Spring Music\"\nTo Get Next Sound: Say \"Alexa Next\"", "details": "Skill Details\nThis skill contains dynamic content.\nInvocation Name: spring music\nDeveloper Privacy Policy\nDeveloper Terms of Use", "privacy_policy_href": "https://creator.voiceflow.com/creator/terms?name=Nicola&skill=Random%20Sleep%20Sounds&children=false"}, "Autumn Music": {"review-count": "0", "description": "Description\nAutumn Music lets you hear white noise that can help you stay focused, relax and cover up annoying noises.\n\nHOW TO USE:\nTo Get Started: Say \"Alexa open Autumn Music\nTo Get Next Sound: Say \"Alexa Next\"", "details": "Skill Details\nThis skill contains dynamic content.\nInvocation Name: autumn music\nDeveloper Privacy Policy\nDeveloper Terms of Use", "privacy_policy_href": "https://creator.voiceflow.com/creator/terms?name=Nicola&skill=Random%20Sleep%20Sounds&children=false"}, "Lake Music": {"review-count": "0", "description": "Description\nLake Music lets you hear white noise that can help you stay focused, relax and cover up annoying noises.\n\nHOW TO USE:\nTo Get Started: Say \"Alexa open Lake Music\"\nTo Get Next Sound: Say \"Alexa Next\"", "details": "Skill Details\nThis skill contains dynamic content.\nInvocation Name: lake music\nDeveloper Privacy Policy\nDeveloper Terms of Use", "privacy_policy_href": "https://creator.voiceflow.com/creator/terms?name=Nicola&skill=Random%20Sleep%20Sounds&children=false"}, "River Music": {"review-count": "0", "description": "Description\nRiver Music lets you hear white noise that can help you stay focused, relax and cover up annoying noises.\n\nHOW TO USE:\nTo Get Started: Say \"Alexa open River Music\"\nTo Get Next Sound: Say \"Alexa Next\"", "details": "Skill Details\nThis skill contains dynamic content.\nInvocation Name: river music\nDeveloper Privacy Policy\nDeveloper Terms of Use", "privacy_policy_href": "https://creator.voiceflow.com/creator/terms?name=Nicola&skill=Random%20Sleep%20Sounds&children=false"}, "Garden Music": {"review-count": "0", "description": "Description\nGarden Music lets you hear white noise that can help you stay focused, relax and cover up annoying noises.\n\nHOW TO USE:\nTo Get Started: Say \"Alexa open Garden Music\"\nTo Get Next Sound: Say \"Alexa Next\"", "details": "Skill Details\nThis skill contains dynamic content.\nInvocation Name: garden music\nDeveloper Privacy Policy\nDeveloper Terms of Use", "privacy_policy_href": "https://creator.voiceflow.com/creator/terms?name=Nicola&skill=Random%20Sleep%20Sounds&children=false"}, "Summer Music": {"review-count": "0", "description": "Description\nSummer Music lets you hear white noise that can help you stay focused, relax and cover up annoying noises.\n\nHOW TO USE:\nTo Get Started: Say \"Alexa open Summer Music\"\nTo Get Next Sound: Say \"Alexa Next\"", "details": "Skill Details\nThis skill contains dynamic content.\nInvocation Name: summer music\nDeveloper Privacy Policy\nDeveloper Terms of Use", "privacy_policy_href": "https://creator.voiceflow.com/creator/terms?name=Nicola&skill=Random%20Sleep%20Sounds&children=false"}, "Light Ocean": {"review-count": "0", "description": "Description\nLight Ocean lets you hear white noise that can help you stay focused, relax and cover up annoying noises.\n\nHOW TO USE:\nTo Get Started: Say \"Alexa open Light Ocean\"\nTo Get Next Sound: Say \"Alexa Next\"", "details": "Skill Details\nThis skill contains dynamic content.\nInvocation Name: light ocean\nDeveloper Privacy Policy\nDeveloper Terms of Use", "privacy_policy_href": "https://creator.voiceflow.com/creator/terms?name=Nicola&skill=Random%20Sleep%20Sounds&children=false"}, "J Tees Liquors Wines & Beer": {"review-count": "0", "description": "Description\nTune into J Tees Liquors Wines & Beer, the hottest radio station and enjoy.", "details": "Skill Details\nRated: Guidance Suggested.\nThis skill contains dynamic content.\nInvocation Name: citadel f. m. j. tees liquors wines beer", "privacy_policy_href": ""}, "Astro Photo": {"review-count": "0", "description": "Description\nEvery day NASA provides the public a fascinating astronomy photograph and an explanation. This skill brings that wonder and awe right to your Alexa device!\n\nI developed this skill because the feeling of awe is associated with increased happiness. So now, every day you can get a boost to happiness.\n\nThis skill is for use primarily with Alexa devices such as the Echo Show and Echo Spot that have screens. You can use it with audio-only devices, but it will only read the image description.\n\nThe main commands are\n\n\"Text Only\" to show only the picture's description.\n\"Picture Only\" to show only the photo.\n\"Start Over\" to begin the skill from the start with the photo & Alexa reading you the description.\n\nThis skill uses the NASA Astronomy Photo of the Day API, but the creators of this skill are not affiliated with NASA in any way, but we would like to thank them for their hard work bringing wonders to us!\n\nIf you have questions or feedback, please email support@LarryNocella.com. Thank you!", "details": "Skill Details\nRated: Guidance Suggested.\nThis skill contains dynamic content.\nInvocation Name: astro photo\nDeveloper Privacy Policy\nDeveloper Terms of Use", "privacy_policy_href": "https://larrynocella.com/privacyandsupport.html"}, "Best Park Sounds": {"review-count": "0", "description": "Description\nBest Park Sounds lets you hear white noise that can help you stay focused, relax and cover up annoying noises.\n\nHOW TO USE:\nTo Get Started: Say \"Alexa open Best Park Sounds\"\nTo Get Next Sound: Say \"Alexa Next\"", "details": "Skill Details\nThis skill contains dynamic content.\nInvocation Name: best park sounds\nDeveloper Privacy Policy\nDeveloper Terms of Use", "privacy_policy_href": "https://creator.voiceflow.com/creator/terms?name=Nicola&skill=Random%20Sleep%20Sounds&children=false"}, "Cicada Music": {"review-count": "0", "description": "Description\nCicada Music lets you hear white noise that can help you stay focused, relax and cover up annoying noises.\n\nHOW TO USE:\nTo Get Started: Say \"Alexa open Cicada Music\"\nTo Get Next Sound: Say \"Alexa Next\"", "details": "Skill Details\nThis skill contains dynamic content.\nInvocation Name: cicada music\nDeveloper Privacy Policy\nDeveloper Terms of Use", "privacy_policy_href": "https://creator.voiceflow.com/creator/terms?name=Nicola&skill=Random%20Sleep%20Sounds&children=false"}, "Heavy Sea": {"review-count": "0", "description": "Description\nHeavy Sea lets you hear white noise that can help you stay focused, relax and cover up annoying noises.\n\nHOW TO USE:\nTo Get Started: Say \"Alexa open Heavy Sea\"\nTo Get Next Sound: Say \"Alexa Next\"", "details": "Skill Details\nThis skill contains dynamic content.\nInvocation Name: heavy sea\nDeveloper Privacy Policy\nDeveloper Terms of Use", "privacy_policy_href": "https://creator.voiceflow.com/creator/terms?name=Nicola&skill=Random%20Sleep%20Sounds&children=false"}, "kayleebarking": {"review-count": "0", "description": "Description\nprivate skill for use with \"barking detected\". This skill is a one-shot that plays an audio clip of Kaylee's owner telling her to stop barking. This skill is called by Alexa dog barking detection to respond with a non-Alexa voice.", "details": "Skill Details\nThis skill contains dynamic content.\nInvocation Name: kaylee barking", "privacy_policy_href": ""}, "Citadel FM Krishna 2016 Inc 3046": {"review-count": "0", "description": "Description\nTune into Citadel FM Krishna 2016 Inc 3046, the hottest radio station and enjoy.", "details": "Skill Details\nRated: Guidance Suggested.\nThis skill contains dynamic content.\nInvocation Name: citadel f. m. krishna twenty sixteen", "privacy_policy_href": ""}, "Best Cat Sounds": {"review-count": "0", "description": "Description\nBest Cat Sounds lets you hear white noise that can help you stay focused, relax and cover up annoying noises.\n\nHOW TO USE:\nTo Get Started: Say \"Alexa open Best Cat Sounds\"\nTo Get Next Sound: Say \"Alexa Next\"", "details": "Skill Details\nThis skill contains dynamic content.\nInvocation Name: best cat sounds\nDeveloper Privacy Policy\nDeveloper Terms of Use", "privacy_policy_href": "https://creator.voiceflow.com/creator/terms?name=Nicola&skill=Random%20Sleep%20Sounds&children=false"}, "Light Cricket": {"review-count": "0", "description": "Description\nLight Cricket lets you hear white noise that can help you stay focused, relax and cover up annoying noises.\n\nHOW TO USE:\nTo Get Started: Say \"Alexa open Light Cricket\"\nTo Get Next Sound: Say \"Alexa Next\"", "details": "Skill Details\nThis skill contains dynamic content.\nInvocation Name: light cricket\nDeveloper Privacy Policy\nDeveloper Terms of Use", "privacy_policy_href": "https://creator.voiceflow.com/creator/terms?name=Nicola&skill=Random%20Sleep%20Sounds&children=false"}, "fubu radio": {"review-count": "0", "description": "Description\nFUBU RADIO was launched on December 24th, 2015 by Keith Perrin Jr, Co-owner and founder of FUBU and Demetrius L. Brown. The station format is Hip Hop and R&B hits of today and yesterday. FUBU RADIO is entertaining, empowering, and connecting generations with content, music, and voices of people whose mission is to help other people be successful. FUBU RADIO is not just another radio station, we are a movement. Download the FUBU RADIO APP and Tap INTO THE MOVEMENT TODAY.", "details": "Skill Details\nRated: Guidance Suggested.\nThis skill contains dynamic content.\nInvocation Name: fubu radio\nDeveloper Privacy Policy\nDeveloper Terms of Use", "privacy_policy_href": "https://radio.co/terms/alexa"}, "Forest Music": {"review-count": "0", "description": "Description\nForest Music lets you hear white noise that can help you stay focused, relax and cover up annoying noises.\n\nHOW TO USE:\nTo Get Started: Say \"Alexa open Forest Music\"\nTo Get Next Sound: Say \"Alexa Next\"", "details": "Skill Details\nThis skill contains dynamic content.\nInvocation Name: forest music\nDeveloper Privacy Policy\nDeveloper Terms of Use", "privacy_policy_href": "https://creator.voiceflow.com/creator/terms?name=Nicola&skill=Random%20Sleep%20Sounds&children=false"}, "Meadow Music": {"review-count": "0", "description": "Description\nMeadow Music lets you hear white noise that can help you stay focused, relax and cover up annoying noises.\n\nHOW TO USE:\nTo Get Started: Say \"Alexa open Meadow Music\"\nTo Get Next Sound: Say \"Alexa Next\"", "details": "Skill Details\nThis skill contains dynamic content.\nInvocation Name: meadow music\nDeveloper Privacy Policy\nDeveloper Terms of Use", "privacy_policy_href": "https://creator.voiceflow.com/creator/terms?name=Nicola&skill=Random%20Sleep%20Sounds&children=false"}, "Clearing Music": {"review-count": "0", "description": "Description\nClearing Music lets you hear white noise that can help you stay focused, relax and cover up annoying noises.\n\nHOW TO USE:\nTo Get Started: Say \"Alexa open Clearing Music\"\nTo Get Next Sound: Say \"Alexa Next\"", "details": "Skill Details\nThis skill contains dynamic content.\nInvocation Name: clearing music\nDeveloper Privacy Policy\nDeveloper Terms of Use", "privacy_policy_href": "https://creator.voiceflow.com/creator/terms?name=Nicola&skill=Random%20Sleep%20Sounds&children=false"}, "Best Tap Sounds": {"review-count": "0", "description": "Description\nBest Tap Sounds lets you hear white noise that can help you stay focused, relax and cover up annoying noises.\n\nHOW TO USE:\nTo Get Started: Say \"Alexa open Best Tap Sounds\"\nTo Get Next Sound: Say \"Alexa Next\"", "details": "Skill Details\nThis skill contains dynamic content.\nInvocation Name: best tap sounds\nDeveloper Privacy Policy\nDeveloper Terms of Use", "privacy_policy_href": "https://creator.voiceflow.com/creator/terms?name=Nicola&skill=Random%20Sleep%20Sounds&children=false"}, "My Sponsor Says": {"review-count": "0", "description": "Description\nOpen My Sponsor Says\n\nSpace Facts provides fun the 12 step community should enjoy\n\nTo start, just say \"Alexa, launch My Sponsor Says\" or \"Alexa, open My Sponsor Says\" to get a recovery saying\".\n\nAlso, by saying \"Alexa, ask my sponsor says about meetings in Long Beach\", the next In-Person meeting for today is spoken back for this city.\n\nAt anytime, you can stop by saying \"Alexa, stop\"", "details": "Skill Details\nRated: Mature.\nThis skill contains dynamic content.\nInvocation Name: my sponsor says", "privacy_policy_href": ""}, "Citadel FM Foots Creek Deli Mart 3175": {"review-count": "0", "description": "Description\nTune into Citadel FM Foots Creek Deli Mart 3175, the hottest radio station and enjoy.", "details": "Skill Details\nRated: Guidance Suggested.\nThis skill contains dynamic content.\nInvocation Name: foots creek deli mart thirty one seventy five", "privacy_policy_href": ""}, "Tobacco & Liquor King 816": {"review-count": "0", "description": "Description\nTune into Tobacco & Liquor King 816, the hottest radio station and enjoy.", "details": "Skill Details\nRated: Guidance Suggested.\nThis skill contains dynamic content.\nInvocation Name: citadel f. m. tobacco liquor king eight sixteen", "privacy_policy_href": ""}, "Big Daddys Liquors 2811": {"review-count": "0", "description": "Description\nTune into Big Daddys Liquors 2811, the hottest radio station and enjoy.", "details": "Skill Details\nRated: Guidance Suggested.\nThis skill contains dynamic content.\nInvocation Name: citadel f. m. big daddys liquors two eight eleven", "privacy_policy_href": ""}, "Central Market 750": {"review-count": "0", "description": "Description\nTune into Central Market 750, the hottest radio station and enjoy.", "details": "Skill Details\nRated: Guidance Suggested.\nThis skill contains dynamic content.\nInvocation Name: citadel f. m. central market seven fifty", "privacy_policy_href": ""}, "Roof Rain Music": {"review-count": "0", "description": "Description\nRoof Rain Music lets you hear white noise that can help you stay focused, relax and cover up annoying noises.\n\nHOW TO USE:\nTo Get Started: Say \"Alexa open Roof Rain Music\"\nTo Get Next Sound: Say \"Alexa Next\"", "details": "Skill Details\nThis skill contains dynamic content.\nInvocation Name: roof rain music\nDeveloper Privacy Policy\nDeveloper Terms of Use", "privacy_policy_href": "https://creator.voiceflow.com/creator/terms?name=Nicola&skill=Random%20Sleep%20Sounds&children=false"}, "Beachwalker Inn & Suites 501": {"review-count": "0", "description": "Description\nTune into Beachwalker Inn & Suites 501, the hottest radio station and enjoy.", "details": "Skill Details\nRated: Guidance Suggested.\nThis skill contains dynamic content.\nInvocation Name: citadel f. m. beachwalker inn suites five zero one", "privacy_policy_href": ""}, "Car Rain Music": {"review-count": "0", "description": "Description\nCar Rain Music lets you hear white noise that can help you stay focused, relax and cover up annoying noises.\n\nHOW TO USE:\nTo Get Started: Say \"Alexa open Car Rain Music\"\nTo Get Next Sound: Say \"Alexa Next\"", "details": "Skill Details\nThis skill contains dynamic content.\nInvocation Name: car rain music\nDeveloper Privacy Policy\nDeveloper Terms of Use", "privacy_policy_href": "https://creator.voiceflow.com/creator/terms?name=Nicola&skill=Random%20Sleep%20Sounds&children=false"}, "Forest Rain Music": {"review-count": "0", "description": "Description\nForest Rain Music lets you hear white noise that can help you stay focused, relax and cover up annoying noises.\n\nHOW TO USE:\nTo Get Started: Say \"Alexa open Forest Rain Music\"\nTo Get Next Sound: Say \"Alexa Next\"", "details": "Skill Details\nThis skill contains dynamic content.\nInvocation Name: forest rain music\nDeveloper Privacy Policy\nDeveloper Terms of Use", "privacy_policy_href": "https://creator.voiceflow.com/creator/terms?name=Nicola&skill=Random%20Sleep%20Sounds&children=false"}, "Mundelein Liquors 626": {"review-count": "0", "description": "Description\nTune into Mundelein Liquors 626, the hottest radio station and enjoy.", "details": "Skill Details\nRated: Guidance Suggested.\nThis skill contains dynamic content.\nInvocation Name: citadel f. m. mundelein liquors six twenty six", "privacy_policy_href": ""}, "Window Rain Music": {"review-count": "0", "description": "Description\nWindow Rain Music lets you hear white noise that can help you stay focused, relax and cover up annoying noises.\n\nHOW TO USE:\nTo Get Started: Say \"Alexa open Window Rain Music\"\nTo Get Next Sound: Say \"Alexa Next\"", "details": "Skill Details\nThis skill contains dynamic content.\nInvocation Name: window rain music\nDeveloper Privacy Policy\nDeveloper Terms of Use", "privacy_policy_href": "https://creator.voiceflow.com/creator/terms?name=Nicola&skill=Random%20Sleep%20Sounds&children=false"}, "Best Fountain Sounds": {"review-count": "0", "description": "Description\nBest Fountain Sounds lets you hear white noise that can help you stay focused, relax and cover up annoying noises.\n\nHOW TO USE:\nTo Get Started: Say \"Alexa open Best Ocean Sounds\"\nTo Get Next Sound: Say \"Alexa Next\"", "details": "Skill Details\nThis skill contains dynamic content.\nInvocation Name: best fountain sounds\nDeveloper Privacy Policy\nDeveloper Terms of Use", "privacy_policy_href": "https://creator.voiceflow.com/creator/terms?name=Nicola&skill=Random%20Sleep%20Sounds&children=false"}, "Cricket Music": {"review-count": "0", "description": "Description\nCricket Music lets you hear white noise that can help you stay focused, relax and cover up annoying noises.\n\nHOW TO USE:\nTo Get Started: Say \"Alexa open Cricket Music\"\nTo Get Next Sound: Say \"Alexa Next\"", "details": "Skill Details\nThis skill contains dynamic content.\nInvocation Name: cricket music\nDeveloper Privacy Policy\nDeveloper Terms of Use", "privacy_policy_href": "https://creator.voiceflow.com/creator/terms?name=Nicola&skill=Random%20Sleep%20Sounds&children=false"}, "Riverside Inn 1030": {"review-count": "0", "description": "Description\nTune into Riverside Inn 1030, the hottest radio station and enjoy.", "details": "Skill Details\nRated: Guidance Suggested.\nThis skill contains dynamic content.\nInvocation Name: citadel f. m. riverside inn ten thirty", "privacy_policy_href": ""}, "Best Drop Sounds": {"review-count": "0", "description": "Description\nBest Drop Sounds lets you hear white noise that can help you stay focused, relax and cover up annoying noises.\n\nHOW TO USE:\nTo Get Started: Say \"Alexa open Best Drop Sounds\"\nTo Get Next Sound: Say \"Alexa Next\"", "details": "Skill Details\nThis skill contains dynamic content.\nInvocation Name: best drop sounds\nDeveloper Privacy Policy\nDeveloper Terms of Use", "privacy_policy_href": "https://creator.voiceflow.com/creator/terms?name=Nicola&skill=Random%20Sleep%20Sounds&children=false"}, "Liberty Street Liquors 419": {"review-count": "0", "description": "Description\nTune into Liberty Street Liquors 419 the hottest radio station and enjoy.", "details": "Skill Details\nRated: Guidance Suggested.\nThis skill contains dynamic content.\nInvocation Name: citadel f. m. liberty street liquors four nineteen", "privacy_policy_href": ""}, "Sleep Ocean": {"review-count": "0", "description": "Description\nSleep Ocean lets you hear white noise that can help you stay focused, relax and cover up annoying noises.\n\nHOW TO USE:\nTo Get Started: Say \"Alexa open Sleep Ocean\"\nTo Get Next Sound: Say \"Alexa Next\"", "details": "Skill Details\nThis skill contains dynamic content.\nInvocation Name: sleep ocean\nDeveloper Privacy Policy\nDeveloper Terms of Use", "privacy_policy_href": "https://creator.voiceflow.com/creator/terms?name=Nicola&skill=Random%20Sleep%20Sounds&children=false"}, "Kwick Shop Liquor 112": {"review-count": "0", "description": "Description\nTune into Kwick Shop Liquor 112, the hottest radio station and enjoy.", "details": "Skill Details\nRated: Guidance Suggested.\nThis skill contains dynamic content.\nInvocation Name: citadel f. m. kwick shop liquor one twelve", "privacy_policy_href": ""}, "Tobacco Plus Cigar 529": {"review-count": "0", "description": "Description\nTune into Tobacco Plus Cigar 529, the hottest radio station and enjoy.", "details": "Skill Details\nRated: Guidance Suggested.\nThis skill contains dynamic content.\nInvocation Name: citadel f. m. tobacco plus cigar five twenty nine", "privacy_policy_href": ""}, "Citadel FM Wine Basket & Spirit 1441": {"review-count": "0", "description": "Description\nTune into Citadel FM Wine Basket & Spirit 1441, the hottest radio station and enjoy.", "details": "Skill Details\nRated: Guidance Suggested.\nThis skill contains dynamic content.\nInvocation Name: wine basket spirit fourteen forty one", "privacy_policy_href": ""}, "Drop Music": {"review-count": "0", "description": "Description\nDrop Music lets you hear white noise that can help you stay focused, relax and cover up annoying noises.\n\nHOW TO USE:\nTo Get Started: Say \"Alexa open Drop Music\"\nTo Get Next Sound: Say \"Alexa Next\"", "details": "Skill Details\nThis skill contains dynamic content.\nInvocation Name: drop music\nDeveloper Privacy Policy\nDeveloper Terms of Use", "privacy_policy_href": "https://creator.voiceflow.com/creator/terms?name=Nicola&skill=Random%20Sleep%20Sounds&children=false"}, "Best Ocean Sounds": {"review-count": "0", "description": "Description\nBest Ocean Sounds lets you hear white noise that can help you stay focused, relax and cover up annoying noises.\n\nHOW TO USE:\nTo Get Started: Say \"Alexa open Best Ocean Sounds\"\nTo Get Next Sound: Say \"Alexa Next\"", "details": "Skill Details\nThis skill contains dynamic content.\nInvocation Name: best ocean sounds\nDeveloper Privacy Policy\nDeveloper Terms of Use", "privacy_policy_href": "https://creator.voiceflow.com/creator/terms?name=Nicola&skill=Random%20Sleep%20Sounds&children=false"}, "Station News 573": {"review-count": "0", "description": "Description\nTune into Station News 573, the hottest radio station and enjoy.", "details": "Skill Details\nRated: Guidance Suggested.\nThis skill contains dynamic content.\nInvocation Name: citadel f. m. station news five seventy three", "privacy_policy_href": ""}, "Cardinal Wine and Spirit 980": {"review-count": "0", "description": "Description\nTune into Cardinal Wine and Spirit 980, the hottest radio station and enjoy.", "details": "Skill Details\nRated: Guidance Suggested.\nThis skill contains dynamic content.\nInvocation Name: citadel f. m. cardinal wine spirit nine eighty", "privacy_policy_href": ""}, "Thunderstorm Music": {"review-count": "0", "description": "Description\nThunderstorm Music lets you hear white noise that can help you stay focused, relax and cover up annoying noises.\n\nHOW TO USE:\nTo Get Started: Say \"Alexa open Thunderstorm Music\"\nTo Get Next Sound: Say \"Alexa Next\"", "details": "Skill Details\nThis skill contains dynamic content.\nInvocation Name: thunderstorm music\nDeveloper Privacy Policy\nDeveloper Terms of Use", "privacy_policy_href": "https://creator.voiceflow.com/creator/terms?name=Nicola&skill=Random%20Sleep%20Sounds&children=false"}, "Sids Smoke Shop 1120": {"review-count": "0", "description": "Description\nTune into Sids Smoke Shop 1120, the hottest radio station and enjoy.", "details": "Skill Details\nRated: Guidance Suggested.\nThis skill contains dynamic content.\nInvocation Name: citadel f. m. sids smoke shop eleven twenty", "privacy_policy_href": ""}, "Jamies Verity 113": {"review-count": "0", "description": "Description\nTune into Jamies Verity 113, the hottest radio station and enjoy.", "details": "Skill Details\nRated: Guidance Suggested.\nThis skill contains dynamic content.\nInvocation Name: citadel f. m. jamies verity one thirteen", "privacy_policy_href": ""}, "BP With Subway 550": {"review-count": "0", "description": "Description\nTune into BP With Subway 550, the hottest radio station and enjoy.", "details": "Skill Details\nRated: Guidance Suggested.\nThis skill contains dynamic content.\nInvocation Name: citadel f. m. b. p. subway five fifty", "privacy_policy_href": ""}, "Pigeon Music": {"review-count": "0", "description": "Description\nPigeon Music lets you hear white noise that can help you stay focused, relax and cover up annoying noises.\n\nHOW TO USE:\nTo Get Started: Say \"Alexa open Pigeon Music\"\nTo Get Next Sound: Say \"Alexa Next\"", "details": "Skill Details\nThis skill contains dynamic content.\nInvocation Name: pigeon music\nDeveloper Privacy Policy\nDeveloper Terms of Use", "privacy_policy_href": "https://creator.voiceflow.com/creator/terms?name=Nicola&skill=Random%20Sleep%20Sounds&children=false"}, "Storm Music": {"review-count": "0", "description": "Description\nStorm Music lets you hear white noise that can help you stay focused, relax and cover up annoying noises.\n\nHOW TO USE:\nTo Get Started: Say \"Alexa open Storm Music\"\nTo Get Next Sound: Say \"Alexa Next\"", "details": "Skill Details\nThis skill contains dynamic content.\nInvocation Name: storm music\nDeveloper Privacy Policy\nDeveloper Terms of Use", "privacy_policy_href": "https://creator.voiceflow.com/creator/terms?name=Nicola&skill=Random%20Sleep%20Sounds&children=false"}, "Citadel FM BP with Checkers 1137": {"review-count": "0", "description": "Description\nTune into Citadel FM BP with Checkers 1137, the hottest radio station and enjoy.", "details": "Skill Details\nRated: Guidance Suggested.\nThis skill contains dynamic content.\nInvocation Name: citadel f. m. b. p. checkers eleven thirty seven", "privacy_policy_href": ""}, "Pig Music": {"review-count": "0", "description": "Description\nPig Music lets you hear white noise that can help you stay focused, relax and cover up annoying noises.\n\nHOW TO USE:\nTo Get Started: Say \"Alexa open Pig Music\"\nTo Get Next Sound: Say \"Alexa Next\"", "details": "Skill Details\nThis skill contains dynamic content.\nInvocation Name: pig music\nDeveloper Privacy Policy\nDeveloper Terms of Use", "privacy_policy_href": "https://creator.voiceflow.com/creator/terms?name=Nicola&skill=Random%20Sleep%20Sounds&children=false"}, "Light Cicada": {"review-count": "0", "description": "Description\nLight Cicada lets you hear white noise that can help you stay focused, relax and cover up annoying noises.\n\nHOW TO USE:\nTo Get Started: Say \"Alexa open Light Cicada\"\nTo Get Next Sound: Say \"Alexa Next\"", "details": "Skill Details\nThis skill contains dynamic content.\nInvocation Name: light cicada\nDeveloper Privacy Policy\nDeveloper Terms of Use", "privacy_policy_href": "https://creator.voiceflow.com/creator/terms?name=Nicola&skill=Random%20Sleep%20Sounds&children=false"}, "Best Bubbles Sounds": {"review-count": "0", "description": "Description\nBest Bubbles Sounds lets you hear white noise that can help you stay focused, relax and cover up annoying noises.\n\nHOW TO USE:\nTo Get Started: Say \"Alexa open Best Bubbles Sounds\"\nTo Get Next Sound: Say \"Alexa Next\"", "details": "Skill Details\nThis skill contains dynamic content.\nInvocation Name: best bubbles sounds\nDeveloper Privacy Policy\nDeveloper Terms of Use", "privacy_policy_href": "https://creator.voiceflow.com/creator/terms?name=Nicola&skill=Random%20Sleep%20Sounds&children=false"}, "Best Sparrow Sounds": {"review-count": "0", "description": "Description\nBest Sparrow Sounds lets you hear white noise that can help you stay focused, relax and cover up annoying noises.\n\nHOW TO USE:\nTo Get Started: Say \"Alexa open Best Sparrow Sounds\"\nTo Get Next Sound: Say \"Alexa Next\"", "details": "Skill Details\nThis skill contains dynamic content.\nInvocation Name: best sparrow sounds\nDeveloper Privacy Policy\nDeveloper Terms of Use", "privacy_policy_href": "https://creator.voiceflow.com/creator/terms?name=Nicola&skill=Random%20Sleep%20Sounds&children=false"}, "Heavy Cicada": {"review-count": "0", "description": "Description\nHeavy Cicada lets you hear white noise that can help you stay focused, relax and cover up annoying noises.\n\nHOW TO USE:\nTo Get Started: Say \"Alexa open Heavy Cicada\"\nTo Get Next Sound: Say \"Alexa Next\"", "details": "Skill Details\nThis skill contains dynamic content.\nInvocation Name: heavy cicada\nDeveloper Privacy Policy\nDeveloper Terms of Use", "privacy_policy_href": "https://creator.voiceflow.com/creator/terms?name=Nicola&skill=Random%20Sleep%20Sounds&children=false"}, "Sleep Music": {"review-count": "0", "description": "Description\nSleep Music lets you hear white noise that can help you stay focused, relax and cover up annoying noises.\n\nHOW TO USE:\nTo Get Started: Say \"Alexa open Sleep Music\"\nTo Get Next Sound: Say \"Alexa Next\"", "details": "Skill Details\nThis skill contains dynamic content.\nInvocation Name: sleep music\nDeveloper Privacy Policy\nDeveloper Terms of Use", "privacy_policy_href": "https://creator.voiceflow.com/creator/terms?name=Nicola&skill=Random%20Sleep%20Sounds&children=false"}, "Sea Music": {"review-count": "0", "description": "Description\nSea Music lets you hear white noise that can help you stay focused, relax and cover up annoying noises.\n\nHOW TO USE:\nTo Get Started: Say \"Alexa open Sea Music\"\nTo Get Next Sound: Say \"Alexa Next\"", "details": "Skill Details\nThis skill contains dynamic content.\nInvocation Name: sea music\nDeveloper Privacy Policy\nDeveloper Terms of Use", "privacy_policy_href": "https://creator.voiceflow.com/creator/terms?name=Nicola&skill=Random%20Sleep%20Sounds&children=false"}, "Ocean Music": {"review-count": "0", "description": "Description\nOcean Music lets you hear white noise that can help you stay focused, relax and cover up annoying noises.\n\nHOW TO USE:\nTo Get Started: Say \"Alexa open Ocean Music\"\nTo Get Next Sound: Say \"Alexa Next\"", "details": "Skill Details\nThis skill contains dynamic content.\nInvocation Name: ocean music\nDeveloper Privacy Policy\nDeveloper Terms of Use", "privacy_policy_href": "https://creator.voiceflow.com/creator/terms?name=Nicola&skill=Random%20Sleep%20Sounds&children=false"}, "Best Waterfall Sounds": {"review-count": "0", "description": "Description\nBest Waterfall Sounds lets you hear white noise that can help you stay focused, relax and cover up annoying noises.\n\nHOW TO USE:\nTo Get Started: Say \"Alexa open Best Waterfall Sounds\"\nTo Get Next Sound: Say \"Alexa Next\"", "details": "Skill Details\nThis skill contains dynamic content.\nInvocation Name: best waterfall sounds\nDeveloper Privacy Policy\nDeveloper Terms of Use", "privacy_policy_href": "https://creator.voiceflow.com/creator/terms?name=Nicola&skill=Random%20Sleep%20Sounds&children=false"}, "Light Thunder": {"review-count": "0", "description": "Description\nLight Thunder lets you hear white noise that can help you stay focused, relax and cover up annoying noises.\n\nHOW TO USE:\nTo Get Started: Say \"Alexa open Light Thunder\"\nTo Get Next Sound: Say \"Alexa Next\"", "details": "Skill Details\nThis skill contains dynamic content.\nInvocation Name: light thunder\nDeveloper Privacy Policy\nDeveloper Terms of Use", "privacy_policy_href": "https://creator.voiceflow.com/creator/terms?name=Nicola&skill=Random%20Sleep%20Sounds&children=false"}, "City Rain Music": {"review-count": "0", "description": "Description\nCity Rain Music lets you hear white noise that can help you stay focused, relax and cover up annoying noises.\n\nHOW TO USE:\nTo Get Started: Say \"Alexa open City Rain Music\nTo Get Next Sound: Say \"Alexa Next\"", "details": "Skill Details\nThis skill contains dynamic content.\nInvocation Name: city rain music\nDeveloper Privacy Policy\nDeveloper Terms of Use", "privacy_policy_href": "https://creator.voiceflow.com/creator/terms?name=Nicola&skill=Random%20Sleep%20Sounds&children=false"}, "Gregorian Chant": {"review-count": "0", "description": "Description\nGregorian Chant lets you hear white noise that can help you stay focused, relax and cover up annoying noises.\n\nHOW TO USE:\nTo Get Started: Say \"Alexa open Gregorian Chant\"\nTo Get Next Sound: Say \"Alexa Next\"", "details": "Skill Details\nThis skill contains dynamic content.\nInvocation Name: gregorian chant\nDeveloper Privacy Policy\nDeveloper Terms of Use", "privacy_policy_href": "https://creator.voiceflow.com/creator/terms?name=Nicola&skill=Random%20Sleep%20Sounds&children=false"}, "Heavy Fan": {"review-count": "0", "description": "Description\nHeavy Fan lets you hear white noise that can help you stay focused, relax and cover up annoying noises.\n\nHOW TO USE:\nTo Get Started: Say \"Alexa open Heavy Fan\"\nTo Get Next Sound: Say \"Alexa Next\"", "details": "Skill Details\nThis skill contains dynamic content.\nInvocation Name: heavy fan\nDeveloper Privacy Policy\nDeveloper Terms of Use", "privacy_policy_href": "https://creator.voiceflow.com/creator/terms?name=Nicola&skill=Random%20Sleep%20Sounds&children=false"}, "Heavy Thunder": {"review-count": "0", "description": "Description\nHeavy Thunder lets you hear white noise that can help you stay focused, relax and cover up annoying noises.\n\nHOW TO USE:\nTo Get Started: Say \"Alexa open Heavy Thunder\"\nTo Get Next Sound: Say \"Alexa Next\"", "details": "Skill Details\nThis skill contains dynamic content.\nInvocation Name: heavy thunder\nDeveloper Privacy Policy\nDeveloper Terms of Use", "privacy_policy_href": "https://creator.voiceflow.com/creator/terms?name=Nicola&skill=Random%20Sleep%20Sounds&children=false"}, "Best Seaside Sounds": {"review-count": "0", "description": "Description\nBest Seaside Sounds lets you hear white noise that can help you stay focused, relax and cover up annoying noises.\n\nHOW TO USE:\nTo Get Started: Say \"Alexa open Best Seaside Sounds\"\nTo Get Next Sound: Say \"Alexa Next\"", "details": "Skill Details\nThis skill contains dynamic content.\nInvocation Name: best seaside sounds\nDeveloper Privacy Policy\nDeveloper Terms of Use", "privacy_policy_href": "https://creator.voiceflow.com/creator/terms?name=Nicola&skill=Random%20Sleep%20Sounds&children=false"}, "Afternoon Sound": {"review-count": "0", "description": "Description\nAfternoon Sound lets you hear white noise that can help you stay focused, relax and cover up annoying noises.\n\nHOW TO USE:\nTo Get Started: Say \"Alexa open Afternoon Sound\"\nTo Get Next Sound: Say \"Alexa Next\"", "details": "Skill Details\nThis skill contains dynamic content.\nInvocation Name: afternoon sound\nDeveloper Privacy Policy\nDeveloper Terms of Use", "privacy_policy_href": "https://creator.voiceflow.com/creator/terms?name=Nicola&skill=Random%20Sleep%20Sounds&children=false"}, "Japanese Flute": {"review-count": "0", "description": "Description\nJapanese Flute lets you hear white noise that can help you stay focused, relax and cover up annoying noises.\n\nHOW TO USE:\nTo Get Started: Say \"Alexa open Japanese Flute\"\nTo Get Next Sound: Say \"Alexa Next\"", "details": "Skill Details\nThis skill contains dynamic content.\nInvocation Name: japanese flute\nDeveloper Privacy Policy\nDeveloper Terms of Use", "privacy_policy_href": "https://creator.voiceflow.com/creator/terms?name=Nicola&skill=Random%20Sleep%20Sounds&children=false"}, "Light Birds": {"review-count": "0", "description": "Description\nLight Birds lets you hear white noise that can help you stay focused, relax and cover up annoying noises.\n\nHOW TO USE:\nTo Get Started: Say \"Alexa open Light Birds\"\nTo Get Next Sound: Say \"Alexa Next\"", "details": "Skill Details\nThis skill contains dynamic content.\nInvocation Name: light birds\nDeveloper Privacy Policy\nDeveloper Terms of Use", "privacy_policy_href": "https://creator.voiceflow.com/creator/terms?name=Nicola&skill=Random%20Sleep%20Sounds&children=false"}, "Light Frog": {"review-count": "0", "description": "Description\nLight Frog lets you hear white noise that can help you stay focused, relax and cover up annoying noises.\n\nHOW TO USE:\nTo Get Started: Say \"Alexa open Light Frog\"\nTo Get Next Sound: Say \"Alexa Next\"", "details": "Skill Details\nThis skill contains dynamic content.\nInvocation Name: light frog\nDeveloper Privacy Policy\nDeveloper Terms of Use", "privacy_policy_href": "https://creator.voiceflow.com/creator/terms?name=Nicola&skill=Random%20Sleep%20Sounds&children=false"}, "Facts Test": {"review-count": "0", "description": "Description\nAsk Alexa for an interesting list of facts about your topic of choice. When using the skill, you can say \"Alexa, next\" to move to the next fact. At any point, you can say \"Alexa, stop\" to exit the skill.\nThis skill was created using a Skill Blueprint. Your requests to this skill are not shared with the skill developer.", "details": "Skill Details\nThis skill contains dynamic content.\nInvocation Name: facts test", "privacy_policy_href": ""}, "Light Fan": {"review-count": "0", "description": "Description\nLight Fan lets you hear white noise that can help you stay focused, relax and cover up annoying noises.\n\nHOW TO USE:\nTo Get Started: Say \"Alexa open Light Fan\"\nTo Get Next Sound: Say \"Alexa Next\"", "details": "Skill Details\nThis skill contains dynamic content.\nInvocation Name: light fan\nDeveloper Privacy Policy\nDeveloper Terms of Use", "privacy_policy_href": "https://creator.voiceflow.com/creator/terms?name=Nicola&skill=Random%20Sleep%20Sounds&children=false"}, "Best Birds Sounds": {"review-count": "0", "description": "Description\nBest Birds Sounds lets you hear white noise that can help you stay focused, relax and cover up annoying noises.\n\nHOW TO USE:\nTo Get Started: Say \"Alexa open Best Bird Sounds\"\nTo Get Next Sound: Say \"Alexa Next\"", "details": "Skill Details\nThis skill contains dynamic content.\nInvocation Name: best birds sounds\nDeveloper Privacy Policy\nDeveloper Terms of Use", "privacy_policy_href": "https://creator.voiceflow.com/creator/terms?name=Nicola&skill=Random%20Sleep%20Sounds&children=false"}, "Heavy Drop": {"review-count": "0", "description": "Description\nHeavy Drop lets you hear white noise that can help you stay focused, relax and cover up annoying noises.\n\nHOW TO USE:\nTo Get Started: Say \"Alexa open Heavy Drop\"\nTo Get Next Sound: Say \"Alexa Next\"", "details": "Skill Details\nThis skill contains dynamic content.\nInvocation Name: heavy drop\nDeveloper Privacy Policy\nDeveloper Terms of Use", "privacy_policy_href": "https://creator.voiceflow.com/creator/terms?name=Nicola&skill=Random%20Sleep%20Sounds&children=false"}, "Heavy Ocean": {"review-count": "0", "description": "Description\nHeavy Ocean lets you hear white noise that can help you stay focused, relax and cover up annoying noises.\n\nHOW TO USE:\nTo Get Started: Say \"Alexa open Heavy Ocean\"\nTo Get Next Sound: Say \"Alexa Next\"", "details": "Skill Details\nThis skill contains dynamic content.\nInvocation Name: heavy ocean\nDeveloper Privacy Policy\nDeveloper Terms of Use", "privacy_policy_href": "https://creator.voiceflow.com/creator/terms?name=Nicola&skill=Random%20Sleep%20Sounds&children=false"}, "West Coast Facts": {"review-count": "0", "description": "Description\nAsk Alexa for an interesting list of facts about the West Coast of the United States of America.", "details": "Skill Details\nThis skill contains dynamic content.\nInvocation Name: west coast facts", "privacy_policy_href": ""}, "Best Hen Sounds": {"review-count": "0", "description": "Description\nBest Hen Sounds lets you hear white noise that can help you stay focused, relax and cover up annoying noises.\n\nHOW TO USE:\nTo Get Started: Say \"Alexa open Best Hen Sounds\"\nTo Get Next Sound: Say \"Alexa Next\"", "details": "Skill Details\nThis skill contains dynamic content.\nInvocation Name: best hen sounds\nDeveloper Privacy Policy\nDeveloper Terms of Use", "privacy_policy_href": "https://creator.voiceflow.com/creator/terms?name=Nicola&skill=Random%20Sleep%20Sounds&children=false"}, "Citadel FM Liquor and Tobacco Mart 6176": {"review-count": "0", "description": "Description\nTune into Citadel FM Liquor and Tobacco Mart 6176, the hottest radio station and enjoy.", "details": "Skill Details\nRated: Guidance Suggested.\nThis skill contains dynamic content.\nInvocation Name: liquor tobacco mart sixty one seventy six", "privacy_policy_href": ""}, "Heavy Fountain": {"review-count": "0", "description": "Description\nHeavy Fountain lets you hear white noise that can help you stay focused, relax and cover up annoying noises.\n\nHOW TO USE:\nTo Get Started: Say \"Alexa open Heavy Fountain\"\nTo Get Next Sound: Say \"Alexa Next\"", "details": "Skill Details\nThis skill contains dynamic content.\nInvocation Name: heavy fountain\nDeveloper Privacy Policy\nDeveloper Terms of Use", "privacy_policy_href": "https://creator.voiceflow.com/creator/terms?name=Nicola&skill=Random%20Sleep%20Sounds&children=false"}, "Southie Smoke Shop 559": {"review-count": "0", "description": "Description\nTune into Southie Smoke Shop 559, the hottest radio station and enjoy.", "details": "Skill Details\nRated: Guidance Suggested.\nThis skill contains dynamic content.\nInvocation Name: citadel f. m. southie smoke shop five fifty nine", "privacy_policy_href": ""}, "Boston Smoke Shop 334": {"review-count": "0", "description": "Description\nTune into Boston Smoke Shop 334, the hottest radio station and enjoy.", "details": "Skill Details\nRated: Guidance Suggested.\nThis skill contains dynamic content.\nInvocation Name: citadel f. m. boston smoke shop three thirty four", "privacy_policy_href": ""}, "Best Pig Sounds": {"review-count": "0", "description": "Description\nBest Pig Sounds lets you hear white noise that can help you stay focused, relax and cover up annoying noises.\n\nHOW TO USE:\nTo Get Started: Say \"Alexa open Best Pig Sounds\"\nTo Get Next Sound: Say \"Alexa Next\"", "details": "Skill Details\nThis skill contains dynamic content.\nInvocation Name: best pig sounds\nDeveloper Privacy Policy\nDeveloper Terms of Use", "privacy_policy_href": "https://creator.voiceflow.com/creator/terms?name=Nicola&skill=Random%20Sleep%20Sounds&children=false"}, "Light Shower": {"review-count": "0", "description": "Description\nLight Shower lets you hear white noise that can help you stay focused, relax and cover up annoying noises.\n\nHOW TO USE:\nTo Get Started: Say \"Alexa open Light Shower\"\nTo Get Next Sound: Say \"Alexa Next\"", "details": "Skill Details\nThis skill contains dynamic content.\nInvocation Name: light shower\nDeveloper Privacy Policy\nDeveloper Terms of Use", "privacy_policy_href": "https://creator.voiceflow.com/creator/terms?name=Nicola&skill=Random%20Sleep%20Sounds&children=false"}, "Benton Food Mart 5015": {"review-count": "0", "description": "Description\nTune into Benton Food Mart 5015, the hottest radio station and enjoy.", "details": "Skill Details\nRated: Guidance Suggested.\nThis skill contains dynamic content.\nInvocation Name: citadel f. m. benton food mart fifty fifteen", "privacy_policy_href": ""}, "Citadel FM Tobacco and Beverage mart 2330": {"review-count": "0", "description": "Description\nTune into Citadel FM Tobacco and Beverage mart 2330 the hottest radio station and enjoy.", "details": "Skill Details\nRated: Guidance Suggested.\nThis skill contains dynamic content.\nInvocation Name: tobacco beverage mart twenty three thirty", "privacy_policy_href": ""}}