{"Key 103": {"review-count": "0", "description": "Description\nKEY103 plays The Most Music for Frederick County. All of today\u2019s Big Hits from P!NK, Shawn Mendes, The Jonas Brothers, Ed Sheeran, and the Best of yesterday from Lady Gaga, Bruno Mars, Adele, and Rihanna are on 103.1 KEY103.", "details": "Skill Details\nRated: Guidance Suggested.\nThis skill contains dynamic content.\nInvocation Name: key one oh three\nDeveloper Privacy Policy", "privacy_policy_href": "https://www.key103radio.com/privacy-policy/"}, "106.9 The Eagle": {"review-count": "0", "description": "Description\n106.9 The Eagle Fargo-Moorhead's Greatest Hits.", "details": "Skill Details\nRated: Guidance Suggested.\nThis skill contains dynamic content.\nInvocation Name: one oh six nine the eagle\nDeveloper Privacy Policy\nDeveloper Terms of Use", "privacy_policy_href": "https://cir.st/privacy-policy"}, "WSKG Classical": {"review-count": "0", "description": "Description\nServing fans of the finer arts with music and more curated by WSKG Classical.", "details": "Skill Details\nRated: Guidance Suggested.\nThis skill contains dynamic content.\nInvocation Name: w. s. k. g. classical\nDeveloper Privacy Policy", "privacy_policy_href": "https://wskg.org/about-us/privacy-policy/"}, "BN4IA Radio - Las Vegas": {"review-count": "1", "description": "Description\nThe BN4IA features all of the best independent Rock, Dance and Pop artists from around the world, streaming 24/7!", "details": "Skill Details\nRated: Guidance Suggested.\nThis skill contains dynamic content.\nInvocation Name: b. n. four i. a. radio\nDeveloper Privacy Policy\nDeveloper Terms of Use", "privacy_policy_href": "https://radio.co/terms/alexa"}, "Roslagen Live Rock": {"review-count": "0", "description": "Description\nRoslagen Live Rock. Roslagen Live Rock is a rock station from the gang behind Roslagen Live", "details": "Skill Details\nRated: Guidance Suggested.\nThis skill contains dynamic content.\nInvocation Name: roslagen live rock\nDeveloper Privacy Policy\nDeveloper Terms of Use", "privacy_policy_href": "https://www.autopo.st/privacy-policy-2"}, "Baymont Hotel": {"review-count": "0", "description": "Description\nTune into Baymont Hotel, the hottest radio station around here.", "details": "Skill Details\nRated: Guidance Suggested.\nThis skill contains dynamic content.\nInvocation Name: citadel f. m. baymont one", "privacy_policy_href": ""}, "Fair Oaks 1": {"review-count": "0", "description": "Description\nTune into Fair Oaks 1, the hottest radio station and enjoy.", "details": "Skill Details\nRated: Guidance Suggested.\nThis skill contains dynamic content.\nInvocation Name: citadel f. m. fair oaks one", "privacy_policy_href": ""}, "Reading Music": {"review-count": "0", "description": "Description\nReading Music lets you hear white noise that can help you stay focused, relax and cover up annoying noises.\n\n\nStay updated on Smart Skills also on Instagram!\nhttps://www.instagram.com/smartskills.it", "details": "Skill Details\nRated: Guidance Suggested.\nThis skill contains dynamic content.\nInvocation Name: reading music\nDeveloper Privacy Policy\nDeveloper Terms of Use", "privacy_policy_href": "https://creator.voiceflow.com/creator/terms?name=Nicola%20Erbacci,%20&skill=Reading%20Music&children=false"}, "Wonder Wash 1": {"review-count": "0", "description": "Description\nTune into Wonder Wash 1, the hottest radio station right now.", "details": "Skill Details\nRated: Guidance Suggested.\nThis skill contains dynamic content.\nInvocation Name: citadel f. m. wonder wash one", "privacy_policy_href": ""}, "Satisfying Sounds": {"review-count": "0", "description": "Description\nSatisfying Sounds lets you hear white noise that can help you stay focused, relax and cover up annoying noises.\n\nStay updated on Smart Skills also on Instagram!\nhttps://www.instagram.com/smartskills.it", "details": "Skill Details\nRated: Guidance Suggested.\nThis skill contains dynamic content.\nInvocation Name: satisfying sounds\nDeveloper Privacy Policy\nDeveloper Terms of Use", "privacy_policy_href": "https://creator.voiceflow.com/creator/terms?name=Nicola%20Erbacci,%20&skill=Satisfying%20Sounds&children=false"}, "Rain Noise on the Forest": {"review-count": "0", "description": "Description\nRain Noise on the Forest lets you hear white noise that can help you stay focused, relax and cover up annoying noises.\n\nStay updated on Smart Skills also on Instagram!\nhttps://www.instagram.com/smartskills.it", "details": "Skill Details\nRated: Guidance Suggested.\nThis skill contains dynamic content.\nInvocation Name: rain noise on the forest\nDeveloper Privacy Policy\nDeveloper Terms of Use", "privacy_policy_href": "https://creator.voiceflow.com/creator/terms?name=Nicola%20Erbacci&skill=Rain%20Noise%20on%20the%20Forest&children=false"}, "LBJ 1": {"review-count": "0", "description": "Description\nTune into LBJ 1, the hottest radio station and enjoy.", "details": "Skill Details\nRated: Guidance Suggested.\nThis skill contains dynamic content.\nInvocation Name: citadel f. m. l. b. j. one", "privacy_policy_href": ""}, "Ferguson 1": {"review-count": "0", "description": "Description\nTune into Ferguson 1, the hottest radio station and enjoy.", "details": "Skill Details\nRated: Guidance Suggested.\nThis skill contains dynamic content.\nInvocation Name: citadel f. m. ferguson one", "privacy_policy_href": ""}, "Forest Noise": {"review-count": "0", "description": "Description\nForest Noise lets you hear white noise that can help you stay focused, relax and cover up annoying noises.\n\nStay updated on Smart Skills also on Instagram!\nhttps://www.instagram.com/smartskills.it", "details": "Skill Details\nRated: Guidance Suggested.\nThis skill contains dynamic content.\nInvocation Name: forest noise\nDeveloper Privacy Policy\nDeveloper Terms of Use", "privacy_policy_href": "https://creator.voiceflow.com/creator/terms?name=Nicola%20Erbacci&skill=Forest%20Noise&children=false"}, "Garden Noise": {"review-count": "0", "description": "Description\nGarden Noise lets you hear white noise that can help you stay focused, relax and cover up annoying noises.\n\nStay updated on Smart Skills also on Instagram!\nhttps://www.instagram.com/smartskills.it", "details": "Skill Details\nRated: Guidance Suggested.\nThis skill contains dynamic content.\nInvocation Name: garden noise\nDeveloper Privacy Policy\nDeveloper Terms of Use", "privacy_policy_href": "https://creator.voiceflow.com/creator/terms?name=Nicola%20Erbacci&skill=Garden%20Noise&children=false"}, "Romantic Sounds": {"review-count": "0", "description": "Description\nRomantic Sounds lets you hear white noise that can help you stay focused, relax and cover up annoying noises.\n\nStay updated on Smart Skills also on Instagram!\nhttps://www.instagram.com/smartskills.it", "details": "Skill Details\nRated: Guidance Suggested.\nThis skill contains dynamic content.\nInvocation Name: romantic sounds\nDeveloper Privacy Policy\nDeveloper Terms of Use", "privacy_policy_href": "https://creator.voiceflow.com/creator/terms?name=Nicola%20Erbacci,%20&skill=Romantic%20Sounds&children=false"}, "Spring Valley 1": {"review-count": "0", "description": "Description\nTune into Spring Valley 1, the hottest radio station right now.", "details": "Skill Details\nRated: Guidance Suggested.\nThis skill contains dynamic content.\nInvocation Name: citadel f. m. spring valley one", "privacy_policy_href": ""}, "Fiestar 1": {"review-count": "0", "description": "Description\nTune into Fiestar 1, the hottest radio station and enjoy.", "details": "Skill Details\nThis skill contains dynamic content.\nInvocation Name: citadel f. m. fiestar one", "privacy_policy_href": ""}, "Radio ENA": {"review-count": "0", "description": "Description\nRadio ENA. Adelaide and Australia's Premier Greek Radio Station.", "details": "Skill Details\nRated: Guidance Suggested.\nThis skill contains dynamic content.\nInvocation Name: radio ena\nDeveloper Privacy Policy\nDeveloper Terms of Use", "privacy_policy_href": "https://www.autopo.st/privacy-policy-2"}, "NLR SCOTLAND": {"review-count": "0", "description": "Description\nNLR SCOTLAND. BEST IN ONLINE MUSIC", "details": "Skill Details\nRated: Guidance Suggested.\nThis skill contains dynamic content.\nInvocation Name: n. l. r. scotland\nDeveloper Privacy Policy\nDeveloper Terms of Use", "privacy_policy_href": "https://www.autopo.st/privacy-policy-2"}, "106.7 WZZL": {"review-count": "0", "description": "Description\n106.7 WZZL is everything that rocks Paducah! Listen to Free Beer & Hot Wings and everything rock on 106.7 FM, WZZL.com, smart speakers, and WZZL app!", "details": "Skill Details\nRated: Guidance Suggested.\nThis skill contains dynamic content.\nInvocation Name: w. z. z. l.", "privacy_policy_href": ""}, "Comfort My Dogs": {"review-count": "1", "description": "Description\nCofort My Dogs lets you hear white noise that can help to stay focused, relax and cover up annoying noises.\n\nStay updated on Smart Skills also on Instagram!\nhttps://www.instagram.com/smartskills.it", "details": "Skill Details\nRated: Guidance Suggested.\nThis skill contains dynamic content.\nInvocation Name: comfort my dog\nDeveloper Privacy Policy\nDeveloper Terms of Use", "privacy_policy_href": "https://creator.voiceflow.com/creator/terms?name=Nicola%20Erbacci,%20&skill=Comfort%20My%20Dogs&children=false"}, "Park Noise": {"review-count": "0", "description": "Description\nPark Noise lets you hear white noise that can help you stay focused, relax and cover up annoying noises.\n\nStay updated on Smart Skills also on Instagram!\nhttps://www.instagram.com/smartskills.it", "details": "Skill Details\nRated: Guidance Suggested.\nThis skill contains dynamic content.\nInvocation Name: park noise\nDeveloper Privacy Policy\nDeveloper Terms of Use", "privacy_policy_href": "https://creator.voiceflow.com/creator/terms?name=Nicola%20Erbacci&skill=Park%20Noise&children=false"}, "Autumn Noise": {"review-count": "0", "description": "Description\nAutumn Noise lets you hear white noise that can help you stay focused, relax and cover up annoying noises.\n\nStay updated on Smart Skills also on Instagram!\nhttps://www.instagram.com/smartskills.it", "details": "Skill Details\nRated: Guidance Suggested.\nThis skill contains dynamic content.\nInvocation Name: autumn noise\nDeveloper Privacy Policy\nDeveloper Terms of Use", "privacy_policy_href": "https://creator.voiceflow.com/creator/terms?name=Nicola%20Erbacci&skill=Autumn%20Noise&children=false"}, "The Pulse of NH": {"review-count": "0", "description": "Description\nThis is The Pulse of NH - News Talk on the seacoast and Southern Maine on 98.1 WTSN, in central New Hampshire on 107.7 WTPL, and in the Lakes Region on 107.3 WEMJ. Home of the Morning Information Center with Mike Pomp and Pat Kelly, Good Morning NH with Jack Heath, and the Howie Carr show.", "details": "Skill Details\nRated: Guidance Suggested.\nThis skill contains dynamic content.\nInvocation Name: the pulse of new hampshire\nDeveloper Privacy Policy\nDeveloper Terms of Use", "privacy_policy_href": "https://cir.st/privacy-policy"}, "TeenBuzz Radio": {"review-count": "0", "description": "Description\nListen to radio from TeenBuzz Radio\n\nTo listen, just say 'Alexa, play teen buzz radio'", "details": "Skill Details\nRated: Guidance Suggested.\nThis skill contains dynamic content.\nInvocation Name: teen buzz radio", "privacy_policy_href": ""}, "Spring Noise": {"review-count": "0", "description": "Description\nSpring Noise lets you hear white noise that can help you stay focused, relax and cover up annoying noises.\n\nStay updated on Smart Skills also on Instagram!\nhttps://www.instagram.com/smartskills.it", "details": "Skill Details\nRated: Guidance Suggested.\nThis skill contains dynamic content.\nInvocation Name: spring noise\nDeveloper Privacy Policy\nDeveloper Terms of Use", "privacy_policy_href": "https://creator.voiceflow.com/creator/terms?name=Nicola%20Erbacci&skill=Spring%20Noise&children=false"}, "Baby Sleep": {"review-count": "0", "description": "Description\nBaby sleep lets you hear white noise that can help you stay focused, relax and cover up annoying noises.\n\nStay updated on Smart Skills also on Instagram!\nhttps://www.instagram.com/smartskills.it", "details": "Skill Details\nRated: Guidance Suggested.\nThis skill contains dynamic content.\nInvocation Name: baby sleep\nDeveloper Privacy Policy\nDeveloper Terms of Use", "privacy_policy_href": "https://creator.voiceflow.com/creator/terms?name=Nicola%20Erbacci,%20&skill=Baby%20Sleep&children=false"}, "Summer Noise": {"review-count": "0", "description": "Description\nSummer Noise lets you hear white noise that can help you stay focused, relax and cover up annoying noises.\n\nStay updated on Smart Skills also on Instagram!\nhttps://www.instagram.com/smartskills.it", "details": "Skill Details\nRated: Guidance Suggested.\nThis skill contains dynamic content.\nInvocation Name: summer noise\nDeveloper Privacy Policy\nDeveloper Terms of Use", "privacy_policy_href": "https://creator.voiceflow.com/creator/terms?name=Nicola%20Erbacci&skill=Summer%20Noise&children=false"}, "Risky Business Podcast": {"review-count": "0", "description": "Description\nPublished weekly, the Risky Business podcast features news and in-depth commentary from security industry luminaries. Hosted by award-winning journalist Patrick Gray, Risky Business has become a must-listen digest for information security professionals.", "details": "Skill Details\nFlash Briefing Skill\nRated: Guidance Suggested.\nThis skill contains dynamic content.", "privacy_policy_href": ""}, "Shortys FM": {"review-count": "0", "description": "Description\nonline Radio", "details": "Skill Details\nRated: Guidance Suggested.\nThis skill contains dynamic content.\nInvocation Name: shorty's f. m.", "privacy_policy_href": ""}, "Bethesada Discount Market 1": {"review-count": "0", "description": "Description\nTune into Bethesada Discount Market 1 to listen to the hottest radio station.", "details": "Skill Details\nThis skill contains dynamic content.\nInvocation Name: citadel f. m. bethesada discount market one", "privacy_policy_href": ""}, "Random Radio": {"review-count": "0", "description": "Description\nExpect everything you don't. The random radio station plays different kinds of music or genres.", "details": "Skill Details\nRated: Guidance Suggested.\nThis skill contains dynamic content.\nInvocation Name: random radio", "privacy_policy_href": ""}, "Heart FM": {"review-count": "0", "description": "Description\nHeart FM is Woodstock, Ingersoll & Oxford County\u2019s favourite Radio Station. We play the World\u2019s Best Music from artists like Taylor Swift, Justin Bieber, The Weekend and tons more. We also have one of the areas most followed news teams with a focus on local news. Stay connected with 104.7 Heart FM.", "details": "Skill Details\nRated: Guidance Suggested.\nThis skill contains dynamic content.\nInvocation Name: heart f. m.", "privacy_policy_href": ""}, "More FM": {"review-count": "0", "description": "Description\n101.1 More FM plays the Best of the 70\u2019s, 80\u2019s and 90\u2019s for Niagara and Western New York from artists like The Rolling Stones, U2, Aerosmith, The Cars, Queen, Elton John, David Bowie, and The Eagles.", "details": "Skill Details\nRated: Guidance Suggested.\nThis skill contains dynamic content.\nInvocation Name: more f. m.", "privacy_policy_href": ""}, "WDMD RADIO": {"review-count": "0", "description": "Description\nWorld-wide radio podcasts. Updated frequently to provide information, analysis, entertainment and views from a fresh perspective. WDMD RADIO highlights and exposes what the mainstream media might have missed in their own coverage.\nCombining lively discussion, entertainment and thought provoking spins on various subjects, WDMD RADIO is unlike any other format out there!\nHOME OF THE DIAMOND BLACKOUT SHOW", "details": "Skill Details\nFlash Briefing Skill\nRated: Guidance Suggested.\nThis skill contains dynamic content.\nDeveloper Privacy Policy\nDeveloper Terms of Use", "privacy_policy_href": "https://anchor.fm/privacy"}, "DFW Radio": {"review-count": "0", "description": "Description\nListen to the best tracks of the 80's on the station that does yesterday like there's no tomorrow...", "details": "Skill Details\nRated: Guidance Suggested.\nThis skill contains dynamic content.\nInvocation Name: retro radio", "privacy_policy_href": ""}, "Mix 107.5": {"review-count": "0", "description": "Description\nWhen enabled, this Alexa skill will allow you to interact directly with Mix 107.5, the High Plains most listened to radio station. You can listen to the live stream and interact with your favorite radio personalities while jamming to your favorite music from your favorite artists: Katy Perry, Bruno Mars, Lizzo, Ariana Grande, The Weekend, and more!", "details": "Skill Details\nRated: Guidance Suggested.\nThis skill contains dynamic content.\nInvocation Name: mix one oh seven point five", "privacy_policy_href": ""}, "Frog Noise": {"review-count": "1", "description": "Description\nFrog Noise lets you hear white noise that can help you stay focused, relax and cover up annoying noises.\n\nStay updated on Smart Skills also on Instagram!\nhttps://www.instagram.com/smartskills.it", "details": "Skill Details\nRated: Guidance Suggested.\nThis skill contains dynamic content.\nInvocation Name: frog noise\nDeveloper Privacy Policy\nDeveloper Terms of Use", "privacy_policy_href": "https://creator.voiceflow.com/creator/terms?name=Nicola%20Erbacci&skill=Frog%20Noise&children=false"}, "Valentine Radio": {"review-count": "0", "description": "Description\nLocal Radio for Van Horn, Fort Davis, Marfa, and Valentine. Valentine Radio provides News and Information to the community along with Adult Top 40 music and Oldies. Valentine Radio provides various other programming including UnderCurrents and other Native Voice One programs. Also featured is the Jeff Rense program.", "details": "Skill Details\nRated: Guidance Suggested.\nThis skill contains dynamic content.\nInvocation Name: valentine radio\nDeveloper Privacy Policy", "privacy_policy_href": "http://valentineradio.net/?Privacy_Policy"}, "Song Recommender": {"review-count": "0", "description": "Description\nYou can discover new music related to what you like.", "details": "Skill Details\nRated: Guidance Suggested.\nThis skill contains dynamic content.\nInvocation Name: song recommender\nDeveloper Privacy Policy", "privacy_policy_href": "https://recommender-spotify.herokuapp.com/privacy-policy"}, "AM 1450 Cow Country": {"review-count": "0", "description": "Description\nWhen enabled, this Alexa skill will allow you to interact directly with AM 1450 Cow Country, the High Plains radio home for Classic Country music. You can listen to the live stream while kickin\u2019 back with your favorite music from your favorite country stars: Garth Brooks, Dolly Parton, Alabama, Hank Williams, Merle Haggard, George Strait, Tammy Wynette, Reba, and more!", "details": "Skill Details\nRated: Guidance Suggested.\nThis skill contains dynamic content.\nInvocation Name: cow country", "privacy_policy_href": ""}, "The Channel Company Podcast": {"review-count": "0", "description": "Description\nThe Channel Company Podcasts aims to further CRN's mission of helping solve solution provider challenges and make the right choices for their customers.", "details": "Skill Details\nThis skill contains dynamic content.\nInvocation Name: the channel company podcast\nDeveloper Privacy Policy\nDeveloper Terms of Use", "privacy_policy_href": "https://creator.voiceflow.com/creator/terms?name=Olti%20Asllanaj&skill=The%20Channel%20Company%20Podcast&children=false"}, "Club One Nation Radio": {"review-count": "1", "description": "Description\nSpinning the latest and greatest hits!", "details": "Skill Details\nRated: Guidance Suggested.\nThis skill contains dynamic content.\nInvocation Name: club one nation radio\nDeveloper Privacy Policy\nDeveloper Terms of Use", "privacy_policy_href": "https://radio.co/terms/alexa"}, "Big 1015": {"review-count": "0", "description": "Description\nWhen enabled, this Alexa skill will allow you to interact directly with Big 1015, the High Plains only classic rock radio station. You can listen to the live stream and interact with your favorite radio personalities while rocking out to your favorite music from your favorite bands: Queen, Journey, Van Halen, Rolling Stones, Lynyrd Skynyrd, Metallica, Nirvana, and more!", "details": "Skill Details\nRated: Guidance Suggested.\nThis skill contains dynamic content.\nInvocation Name: big one oh one five", "privacy_policy_href": ""}, "1Voice Radio": {"review-count": "0", "description": "Description\n1Voice Radio is excited to be able to bring the listener not only musical entertainment, but also empowerment programs that will enhance the quality of life in a fun and productive way!", "details": "Skill Details\nRated: Guidance Suggested.\nThis skill contains dynamic content.\nInvocation Name: one voice radio\nDeveloper Privacy Policy\nDeveloper Terms of Use", "privacy_policy_href": "https://radio.co/terms/alexa"}, "Bird Noise": {"review-count": "0", "description": "Description\nBird Noise lets you hear white noise that can help you stay focused, relax and cover up annoying noises.\n\nStay updated on Smart Skills also on Instagram!\nhttps://www.instagram.com/smartskills.it", "details": "Skill Details\nRated: Guidance Suggested.\nThis skill contains dynamic content.\nInvocation Name: bird noise\nDeveloper Privacy Policy\nDeveloper Terms of Use", "privacy_policy_href": "https://creator.voiceflow.com/creator/terms?name=Nicola%20Erbacci&skill=Bird%20Noise&children=false"}, "Kalyan Hospitality 1": {"review-count": "0", "description": "Description\nTune into Kalyan Hospitality 1 to listen to the hottest radio station.", "details": "Skill Details\nRated: Guidance Suggested.\nThis skill contains dynamic content.\nInvocation Name: citadel f. m. kalyan hospitality one", "privacy_policy_href": ""}, "Light Rain Noise": {"review-count": "0", "description": "Description\nLight Rain Noise lets you hear white noise that can help you stay focused, relax and cover up annoying noises.\n\nStay updated on Smart Skills also on Instagram!\nhttps://www.instagram.com/smartskills.it", "details": "Skill Details\nRated: Guidance Suggested.\nThis skill contains dynamic content.\nInvocation Name: light rain noise\nDeveloper Privacy Policy\nDeveloper Terms of Use", "privacy_policy_href": "https://creator.voiceflow.com/creator/terms?name=Nicola%20Erbacci&skill=Light%20Rain%20Noise&children=false"}, "Seagull Noise": {"review-count": "0", "description": "Description\nSeagull Noise lets you hear white noise that can help you stay focused, relax and cover up annoying noises.\n\nStay updated on Smart Skills also on Instagram!\nhttps://www.instagram.com/smartskills.it", "details": "Skill Details\nRated: Guidance Suggested.\nThis skill contains dynamic content.\nInvocation Name: seagull noise\nDeveloper Privacy Policy\nDeveloper Terms of Use", "privacy_policy_href": "https://creator.voiceflow.com/creator/terms?name=Nicola%20Erbacci&skill=Seagull%20Noise&children=false"}, "beat drop radio": {"review-count": "0", "description": "Description\nbeat drop radio audio streaming skill.", "details": "Skill Details\nRated: Guidance Suggested.\nThis skill contains dynamic content.\nInvocation Name: beat drop radio\nDeveloper Privacy Policy\nDeveloper Terms of Use", "privacy_policy_href": "http://dabblelab.com/privacy"}, "GITA Radio": {"review-count": "0", "description": "Description\n24 Hours a Day Radio Station", "details": "Skill Details\nThis skill contains dynamic content.\nInvocation Name: g. i. t. a. radio", "privacy_policy_href": ""}, "Canton Wine & Spirits": {"review-count": "0", "description": "Description\nTune into Canton Wine & Spirits to listen to the hottest radio station.", "details": "Skill Details\nRated: Guidance Suggested.\nThis skill contains dynamic content.\nInvocation Name: citadel f. m. canton wine", "privacy_policy_href": ""}, "Cleaners Max 1": {"review-count": "0", "description": "Description\nTune into Cleaners Max 1 to listen to the hottest radio station.", "details": "Skill Details\nRated: Guidance Suggested.\nThis skill contains dynamic content.\nInvocation Name: citadel f. m. cleaners max one", "privacy_policy_href": ""}, "Cat Noise": {"review-count": "0", "description": "Description\nCat Noise lets you hear white noise that can help you stay focused, relax and cover up annoying noises.\n\nStay updated on Smart Skills also on Instagram!\nhttps://www.instagram.com/smartskills.it", "details": "Skill Details\nRated: Guidance Suggested.\nThis skill contains dynamic content.\nInvocation Name: cat noise\nDeveloper Privacy Policy\nDeveloper Terms of Use", "privacy_policy_href": "https://creator.voiceflow.com/creator/terms?name=Nicola%20Erbacci&skill=Cat%20Noise&children=false"}, "Sparrow Noise": {"review-count": "0", "description": "Description\nSparrow Noise lets you hear white noise that can help you stay focused, relax and cover up annoying noises.\n\nStay updated on Smart Skills also on Instagram!\nhttps://www.instagram.com/smartskills.it", "details": "Skill Details\nRated: Guidance Suggested.\nThis skill contains dynamic content.\nInvocation Name: sparrow noise\nDeveloper Privacy Policy\nDeveloper Terms of Use", "privacy_policy_href": "https://creator.voiceflow.com/creator/terms?name=Nicola%20Erbacci&skill=Sparrow%20Noise&children=false"}, "Guinea Pig Noise": {"review-count": "0", "description": "Description\nGuinea Pig Noise lets you hear white noise that can help you stay focused, relax and cover up annoying noises.\n\nStay updated on Smart Skills also on Instagram!\nhttps://www.instagram.com/smartskills.it", "details": "Skill Details\nRated: Guidance Suggested.\nThis skill contains dynamic content.\nInvocation Name: guinea pig noise\nDeveloper Privacy Policy\nDeveloper Terms of Use", "privacy_policy_href": "https://creator.voiceflow.com/creator/terms?name=Nicola%20Erbacci&skill=Guinea%20Pig%20Noise&children=false"}, "Muzique Magazine": {"review-count": "0", "description": "Description\nMuzique Magazine is a Miami based media and news platform that covers all music genres, indie artist, fashion, culture, and the entertainment industry.", "details": "Skill Details\nFlash Briefing Skill\nRated: Guidance Suggested.\nThis skill contains dynamic content.\nDeveloper Privacy Policy\nDeveloper Terms of Use", "privacy_policy_href": "https://muziquemagazine.com/privacy-policy/"}, "McMinnville Inn": {"review-count": "0", "description": "Description\nTune into McMinnville Inn to listen to the hottest radio station.", "details": "Skill Details\nRated: Guidance Suggested.\nThis skill contains dynamic content.\nInvocation Name: citadel f. m. mcminnville inn", "privacy_policy_href": ""}, "Ricks Cleaners 12": {"review-count": "0", "description": "Description\nTune into Ricks Cleaners 12 to listen to the hottest radio station.", "details": "Skill Details\nRated: Guidance Suggested.\nThis skill contains dynamic content.\nInvocation Name: citadel f. m. ricks cleaners twelve", "privacy_policy_href": ""}, "Ricks Cleaners 9": {"review-count": "0", "description": "Description\nTune into Ricks Cleaners 9 to listen to the hottest radio station.", "details": "Skill Details\nRated: Guidance Suggested.\nThis skill contains dynamic content.\nInvocation Name: citadel f. m. ricks cleaners nine", "privacy_policy_href": ""}, "Ricks Cleaners 10": {"review-count": "0", "description": "Description\nTune into Ricks Cleaners 10 to listen to the hottest radio station.", "details": "Skill Details\nRated: Guidance Suggested.\nThis skill contains dynamic content.\nInvocation Name: citadel f. m. ricks cleaners ten", "privacy_policy_href": ""}, "Radio Targovishte": {"review-count": "0", "description": "Description\nRadio Targovishte skill for Amazon Alexa", "details": "Skill Details\nRated: Guidance Suggested.\nThis skill contains dynamic content.\nInvocation Name: radio targovishte\nDeveloper Privacy Policy\nDeveloper Terms of Use", "privacy_policy_href": "http://dabblelab.com/privacy"}, "Ricks Cleaners 14": {"review-count": "0", "description": "Description\nTune into Ricks Cleaners 14 to listen to the hottest radio station.", "details": "Skill Details\nRated: Guidance Suggested.\nThis skill contains dynamic content.\nInvocation Name: citadel f. m. ricks cleaners fourteen", "privacy_policy_href": ""}, "STAR COUNTRY": {"review-count": "0", "description": "Description\nStreaming Audio of WVNW 96.7 FM in Lewistown PA.", "details": "Skill Details\nRated: Guidance Suggested.\nThis skill contains dynamic content.\nInvocation Name: star country", "privacy_policy_href": ""}, "Ricks Cleaners 8": {"review-count": "0", "description": "Description\nTune into Ricks Cleaners 8 to listen to the hottest radio station.", "details": "Skill Details\nRated: Guidance Suggested.\nThis skill contains dynamic content.\nInvocation Name: citadel f. m. ricks cleaners eight", "privacy_policy_href": ""}, "Ricks Cleaners 15": {"review-count": "0", "description": "Description\nTune into Ricks Cleaners 15 to listen to the hottest radio station.", "details": "Skill Details\nRated: Guidance Suggested.\nThis skill contains dynamic content.\nInvocation Name: citadel f. m. ricks cleaners fifteen", "privacy_policy_href": ""}, "Ricks Cleaners 11": {"review-count": "0", "description": "Description\nTune into Ricks Cleaners 11 to listen to the hottest radio station.", "details": "Skill Details\nRated: Guidance Suggested.\nThis skill contains dynamic content.\nInvocation Name: citadel f. m. ricks cleaners eleven", "privacy_policy_href": ""}, "Ricks Cleaners 13": {"review-count": "0", "description": "Description\nTune into Ricks Cleaners 13 to listen to the hottest radio station.", "details": "Skill Details\nRated: Guidance Suggested.\nThis skill contains dynamic content.\nInvocation Name: citadel f. m. ricks cleaners thirteen", "privacy_policy_href": ""}, "Unique Vibez": {"review-count": "0", "description": "Description\nPlaying the best in RnB, Soul, Slow Jams, Jazz, Reggae, Roots, Afrobeats, Dancehall and much more.", "details": "Skill Details\nRated: Guidance Suggested.\nThis skill contains dynamic content.\nInvocation Name: unique vibez\nDeveloper Privacy Policy\nDeveloper Terms of Use", "privacy_policy_href": "https://www.uniquevibez.com/privacy-policy/"}, "Ricks Cleaners 2": {"review-count": "0", "description": "Description\nTune into Ricks Cleaners 2 to listen to the hottest radio station.", "details": "Skill Details\nRated: Guidance Suggested.\nThis skill contains dynamic content.\nInvocation Name: citadel f. m. ricks cleaners two", "privacy_policy_href": ""}, "Cricket Noise": {"review-count": "2", "description": "Description\nCricket Noise lets you hear white noise that can help you stay focused, relax and cover up annoying noises.\n\nStay updated on Smart Skills also on Instagram!\nhttps://www.instagram.com/smartskills.it", "details": "Skill Details\nRated: Guidance Suggested.\nThis skill contains dynamic content.\nInvocation Name: cricket noise\nDeveloper Privacy Policy\nDeveloper Terms of Use", "privacy_policy_href": "https://creator.voiceflow.com/creator/terms?name=Nicola%20Erbacci&skill=Cricket%20Noise&children=false"}, "WIOW - 102.3 WOW! Radio - Owosso, MI": {"review-count": "0", "description": "Description\nAt 102.3 WOW! Radio we play the best mix of your favorites from the 70's all the way up to today's hottest new music, plus new and emerging Independent Artists. If we don't play it...you probably don't want to hear it!\n\nVisit us at www.1023wowradio.com for show schedules.\n\nTo get the music started you can say:\n\nAlexa, play W-I-O-W\nor\nAlexa, open W-I-O-W", "details": "Skill Details\nRated: Guidance Suggested.\nThis skill contains dynamic content.\nInvocation Name: w. i. o. w.", "privacy_policy_href": ""}, "Tap Noise": {"review-count": "0", "description": "Description\nTap Noise lets you hear white noise that can help you stay focused, relax and cover up annoying noises.\n\nStay updated on Smart Skills also on Instagram!\nhttps://www.instagram.com/smartskills.it", "details": "Skill Details\nRated: Guidance Suggested.\nThis skill contains dynamic content.\nInvocation Name: tap noise\nDeveloper Privacy Policy\nDeveloper Terms of Use", "privacy_policy_href": "https://creator.voiceflow.com/creator/terms?name=Nicola%20Erbacci&skill=Tap%20Noise&children=false"}, "Z105.9": {"review-count": "0", "description": "Description\nZ-105.9 \u2013 Hot Tracks and Throwbacks (Urban AC) Southwest Louisiana\u2019s leading Adult Urban Station! Z105.9 features the best R&B hits from today and yesterday, including local Swingout and Zydeco artists.\n\nListen to Z-105.9 on your Amazon device(s)!\n\nOnce you've enabled the skill, saying \"Alexa, play z one oh five nine\" gets you right in.\n\nFind out what else you can do by saying \"Alexa, ask z one oh five nine for help\"", "details": "Skill Details\nRated: Guidance Suggested.\nThis skill contains dynamic content.\nInvocation Name: z. one oh five nine\nDeveloper Privacy Policy", "privacy_policy_href": "http://www.vipology.com/privacy-policy/"}, "Ricks Cleaners 3": {"review-count": "0", "description": "Description\nTune into Ricks Cleaners 3 to listen to the hottest radio station.", "details": "Skill Details\nRated: Guidance Suggested.\nThis skill contains dynamic content.\nInvocation Name: citadel f. m. ricks cleaners three", "privacy_policy_href": ""}, "Ricks Cleaners 5": {"review-count": "0", "description": "Description\nTune into Ricks Cleaners 5 to listen to the hottest radio station.", "details": "Skill Details\nThis skill contains dynamic content.\nInvocation Name: citadel f. m. ricks cleaners five", "privacy_policy_href": ""}, "Water Drop Noise": {"review-count": "0", "description": "Description\nWater Drop Noise lets you hear white noise that can help you stay focused, relax and cover up annoying noises.\n\nStay updated on Smart Skills also on Instagram!\nhttps://www.instagram.com/smartskills.it", "details": "Skill Details\nRated: Guidance Suggested.\nThis skill contains dynamic content.\nInvocation Name: water drop noise\nDeveloper Privacy Policy\nDeveloper Terms of Use", "privacy_policy_href": "https://creator.voiceflow.com/creator/terms?name=Nicola%20Erbacci&skill=Water%20Drop%20Noise&children=false"}, "Pigeon Noise": {"review-count": "0", "description": "Description\nPigeon Noise lets you hear white noise that can help you stay focused, relax and cover up annoying noises.\n\nStay updated on Smart Skills also on Instagram!\nhttps://www.instagram.com/smartskills.it", "details": "Skill Details\nRated: Guidance Suggested.\nThis skill contains dynamic content.\nInvocation Name: pigeon noise\nDeveloper Privacy Policy\nDeveloper Terms of Use", "privacy_policy_href": "https://creator.voiceflow.com/creator/terms?name=Nicola%20Erbacci&skill=Pigeon%20Noise&children=false"}, "Ricks Cleaners 7": {"review-count": "0", "description": "Description\nTune into Ricks Cleaners 7 to listen to the hottest radio station.", "details": "Skill Details\nRated: Guidance Suggested.\nThis skill contains dynamic content.\nInvocation Name: citadel f. m. ricks cleaners seven", "privacy_policy_href": ""}, "Ricks Cleaners 6": {"review-count": "0", "description": "Description\nTune into Ricks Cleaners 6 to listen to the hottest radio station.", "details": "Skill Details\nRated: Guidance Suggested.\nThis skill contains dynamic content.\nInvocation Name: citadel f. m. ricks cleaners six", "privacy_policy_href": ""}, "Ricks Cleaners 4": {"review-count": "0", "description": "Description\nTune into Ricks Cleaners 4 to listen to the hottest radio station.", "details": "Skill Details\nRated: Guidance Suggested.\nThis skill contains dynamic content.\nInvocation Name: citadel f. m. ricks cleaners four", "privacy_policy_href": ""}, "River Radio Live": {"review-count": "0", "description": "Description\nRiver Radio is a local digital radio station streaming 24/7 across the Thames Valley.\n\nRiver Radio flows throughout the day starting at breakfast, before gently taking you downstream with a broad variety of shows covering local topics, eventually reaching drivetime and finally meandering into our evening shows.\n\nDive into River Radio, to hear topics, such as health & fitness, sex & relationships, council politics, business & technology, food & wine, local sports, environmental & green issues, comedy, gardening, pets and so much more, there's always something for you to listen too.\n\nSchedule:\n7am: Wake up to Breakfast\n9am: Good Morning Gemma\n11am: Mid-Morning Matters\n- Monday: Health & Fitness\n- Tuesday: Gardening\n- Wednesday: Wellbeing\n- Thursday: Film, Arts & Theatre\n- Friday: Best of Berkshire\n12pm: Mid-Morning Music\n1pm: Thames Talks\n- Monday: Business & Technology\n- Tuesday: Vegan & Green Issues\n- Wednesday: Food & Wine\n- Thursday: Pets & Vets\n- Friday: Local Politics\n2 pm: Afternoon Delight\n4 pm: Drive Time\n6 pm: Adult Hour\n- Monday: Local Sports & Events\n- Tuesday: Weird and Whacky\n- Wednesday: Soul Show?\n- Thursday: Sex & Relationships\n- Friday: Comedy\n7pm: Through The Night", "details": "Skill Details\nRated: Guidance Suggested.\nThis skill contains dynamic content.\nInvocation Name: river radio live", "privacy_policy_href": ""}, "Delaware's Hot 403.5 FM": {"review-count": "1", "description": "Description\nHip Hop radio station", "details": "Skill Details\nRated: Guidance Suggested.\nThis skill contains dynamic content.\nInvocation Name: delaware's hot f. m.\nDeveloper Privacy Policy\nDeveloper Terms of Use", "privacy_policy_href": "https://radio.co/terms/alexa"}, "daily music mantra": {"review-count": "0", "description": "Description\nSwipe your way through different types of music. This is a fun skill which provides options to select the type of music you want to listen. This is great fun skill which will instantly revive you.", "details": "Skill Details\nThis skill contains dynamic content.\nInvocation Name: daily music mantra", "privacy_policy_href": ""}, "Choral A2Z": {"review-count": "0", "description": "Description\nTaken from the WSKG Music Library, our classical service offers hundreds of unique choral selections that can be heard on the WSKG APP and your ALEXA device.", "details": "Skill Details\nRated: Guidance Suggested.\nThis skill contains dynamic content.\nInvocation Name: choral a. two z.\nDeveloper Privacy Policy", "privacy_policy_href": "https://wskg.org/about-us/privacy-policy/"}, "106.3 Radio Lafayette": {"review-count": "0", "description": "Description\n106Three features Alternative artists from around the world and local Independent artists from South Louisiana. 106Three Radio Lafayette features a blend of new music and retro alternative tracks from the 80\u2019s and 90\u2019s. There is not another radio station like it in Lafayette. College Radio meets Indy Rock. 106.3 Radio Lafayette Acadiana's Alternative\n\nListen to 106Three on your Amazon device(s)!\n\nOnce you've enabled the skill, saying \"Alexa, play one oh six three radio lafayette\" gets you right in.\n\nFind out what else you can do by saying \"Alexa, ask one oh six three radio lafayette for help\"", "details": "Skill Details\nRated: Guidance Suggested.\nThis skill contains dynamic content.\nInvocation Name: one oh six three radio lafayette\nDeveloper Privacy Policy", "privacy_policy_href": "http://www.vipology.com/privacy-policy/"}, "Philipsburg's Classic Hits": {"review-count": "1", "description": "Description\nPhilipsburg's Classic hits phb 1260", "details": "Skill Details\nRated: Guidance Suggested.\nThis skill contains dynamic content.\nInvocation Name: twelve sixty p. h. b.\nDeveloper Privacy Policy\nDeveloper Terms of Use", "privacy_policy_href": "http://1260phb.com/"}, "Sea Noise": {"review-count": "0", "description": "Description\nSea Noise lets you hear white noise that can help you stay focused, relax and cover up annoying noises.\n\nStay updated on Smart Skills also on Instagram!\nhttps://www.instagram.com/smartskills.it", "details": "Skill Details\nRated: Guidance Suggested.\nThis skill contains dynamic content.\nInvocation Name: sea noise\nDeveloper Privacy Policy\nDeveloper Terms of Use", "privacy_policy_href": "https://creator.voiceflow.com/creator/terms?name=Nicola%20Erbacci&skill=Sea%20Noise&children=false"}, "Ricks Cleaners 1": {"review-count": "0", "description": "Description\nTune into Ricks Cleaners 1 to listen to the hottest radio station.", "details": "Skill Details\nRated: Guidance Suggested.\nThis skill contains dynamic content.\nInvocation Name: citadel f. m. ricks cleaners one", "privacy_policy_href": ""}, "La Fontana Springs 1": {"review-count": "0", "description": "Description\nTune into La Fontana Springs 1 to listen to the hottest radio station.", "details": "Skill Details\nThis skill contains dynamic content.\nInvocation Name: citadel f. m. la fontana springs one", "privacy_policy_href": ""}, "103.7 The Game": {"review-count": "0", "description": "Description\nListen to 103.7 The Game \u2013 Acadiana\u2019s Only FM Sports-Talk Station featuring more live and local sports talk than any other station, covering local, state and national sports stories on your Amazon device(s)!\n\nOnce you've enabled the skill, saying \"Alexa, play one oh three seven the game\" gets you right in.\n\nFind out what else you can do by saying \"Alexa, ask one oh three seven the game for help\"", "details": "Skill Details\nRated: Guidance Suggested.\nThis skill contains dynamic content.\nInvocation Name: one oh three seven the game\nDeveloper Privacy Policy", "privacy_policy_href": "http://www.vipology.com/privacy-policy/"}, "99.9 The Family": {"review-count": "0", "description": "Description\nChristian music for the whole family! Listen to The Family for Christian Contemporary Music and Programming that is safe for the whole family! The Family Radio Network broadcasts the hope of Jesus Christ to encourage and strengthen listeners everywhere! Are you in need of hope, strength & encouragement? Tune in today! For additional information about The Family, go to: https://www.thefamily.net", "details": "Skill Details\nRated: Guidance Suggested.\nThis skill contains dynamic content.\nInvocation Name: ninety nine point nine the family", "privacy_policy_href": ""}, "chalisa tamil": {"review-count": "0", "description": "Description\nanjaneya chalisa in tamil language", "details": "Skill Details\nThis skill contains dynamic content.\nInvocation Name: chalisa tamil", "privacy_policy_href": ""}, "WEE Nation Radio": {"review-count": "0", "description": "Description\nWEE Nation Radio. WEENationRadio - Family-Friendly Global Beats for Little Feet!", "details": "Skill Details\nThis skill contains dynamic content.\nInvocation Name: wee nation radio\nDeveloper Privacy Policy\nDeveloper Terms of Use", "privacy_policy_href": "https://www.autopo.st/privacy-policy-2"}, "Fountain Noise": {"review-count": "1", "description": "Description\nFountain Noise lets you hear white noise that can help you stay focused, relax and cover up annoying noises.\n\nStay updated on Smart Skills also on Instagram!\nhttps://www.instagram.com/smartskills.it", "details": "Skill Details\nRated: Guidance Suggested.\nThis skill contains dynamic content.\nInvocation Name: fountain noise\nDeveloper Privacy Policy\nDeveloper Terms of Use", "privacy_policy_href": "https://creator.voiceflow.com/creator/terms?name=Nicola%20Erbacci&skill=Fountain%20Noise&children=false"}, "Speed coin laundry 2": {"review-count": "0", "description": "Description\nTune into Speed coin laundry 2 to listen to the hottest radio station.", "details": "Skill Details\nRated: Guidance Suggested.\nThis skill contains dynamic content.\nInvocation Name: citadel f. m. speed coin laundry two", "privacy_policy_href": ""}, "Cicada Noise": {"review-count": "0", "description": "Description\nCicada Noise lets you hear white noise that can help you stay focused, relax and cover up annoying noises.\n\nStay updated on Smart Skills also on Instagram!\nhttps://www.instagram.com/smartskills.it", "details": "Skill Details\nRated: Guidance Suggested.\nThis skill contains dynamic content.\nInvocation Name: cicada noise\nDeveloper Privacy Policy\nDeveloper Terms of Use", "privacy_policy_href": "https://creator.voiceflow.com/creator/terms?name=Nicola%20Erbacci&skill=Cicada%20Noise&children=false"}, "Speed coin laundry 1": {"review-count": "0", "description": "Description\nTune into Speed coin laundry 1 to listen to the hottest radio station.", "details": "Skill Details\nThis skill contains dynamic content.\nInvocation Name: citadel f. m. speed coin laundry one", "privacy_policy_href": ""}, "Relaxing sounds": {"review-count": "0", "description": "Description\nSounds for Sleep and Relaxation lets you hear white noise that can help you stay focused, relax and cover up annoying noises.\n\nStay updated on Smart Skills also on Instagram!\nhttps://www.instagram.com/smartskills.it", "details": "Skill Details\nRated: Guidance Suggested.\nThis skill contains dynamic content.\nInvocation Name: relaxing sounds\nDeveloper Privacy Policy\nDeveloper Terms of Use", "privacy_policy_href": "https://creator.voiceflow.com/creator/terms?name=Nicola%20Erbacci&skill=Relaxing%20sounds&children=false"}}