{"Delta Waves Sleep\u00ae": {"review-count": "0", "description": "Description\nThis skill plays an audio track to help you fall into a deep, restful sleep. You can control it with the usual voice commands like \"pause\", \"resume\", and \"start over\".", "details": "Skill Details\nThis skill contains dynamic content.\nInvocation Name: delta waves sleep", "privacy_policy_href": ""}, "Cricket sound": {"review-count": "5", "description": "Description\nCricket sound lets you hear white noise that can help you stay focused, relax and cover up annoying noises.\n\nStay updated on Smart Skills also on Instagram!\nhttps://www.instagram.com/smartskills.it", "details": "Skill Details\nRated: Guidance Suggested.\nThis skill contains dynamic content.\nInvocation Name: cricket sound\nDeveloper Privacy Policy\nDeveloper Terms of Use", "privacy_policy_href": "https://creator.voiceflow.com/creator/terms?name=Nicola&skill=Cricket%20sound&children=false"}, "Trivial Pursuit Tap": {"review-count": "1,378", "description": "Description\nTrivial Pursuit Tap by Hasbro pits players against each other in a fast-paced trivia race to the finish line.\n\nCompete with friends to answer questions from one of six different categories. A correct answer allows you to try to answer an additional bonus question. Win the game by correctly answering one question each from all six categories and a final challenge question!\n\nSay 'Alexa, help' if you ever get lost.\n\nIf you'd like to start over, you can say 'Alexa, start over.'\n\nIf you didn't catch something, you can say 'Alexa, repeat.'\n\nLove Trivial Pursuit? Check out the board game on Amazon.com.", "details": "Skill Details\nRated: Guidance Suggested.\nThis skill contains dynamic content.\nInvocation Name: trivial pursuit tap\nDeveloper Privacy Policy", "privacy_policy_href": "https://www.amazon.com/gp/help/customer/display.html?nodeId=468496"}, "unofficalDNDRace": {"review-count": "0", "description": "Description\nUnofficial DnD 5th edition decision tree to help choose the race for your character. Only uses core races.", "details": "Skill Details\nThis skill contains dynamic content.\nInvocation Name: unofficial d. n. d. chooser", "privacy_policy_href": ""}, "Better Call Saul": {"review-count": "0", "description": "Description\nBetter Call Saul, Season 4 premiere airs on AMC, August 6, 2018. Get this hilarious compilation of one-liners from the hit show. Slippin' Jimmy tell's it like it is as his character, Saul Goodman.\n\nSaul Goodman \"Lawyered up\" but still found time for his video production project. Check out, http://www.saulgoodmanproduction.com for some more laughs.\n\nCheck out some of our other cool skills:\n\n1. \"I'm Just A Bill\"\n2. \"Real Tech News\"\n3. \"Conjunction Junction\"\n4. \"Amazing Fun Facts\"\n5. \"ABC's\"\n6. \"Where The Money Goes\"\n7. \"Daily Duff\"\n8. \"Shot Heard Round\"\n9. \"Charlotte County FL News\"\n10. Sriracha Mania\n\nThis skill was built with love by Duff. Enjoy!", "details": "Skill Details\nRated: Guidance Suggested.\nThis skill contains dynamic content.\nInvocation Name: lawyer up", "privacy_policy_href": ""}, "Sleep Sounds": {"review-count": "4", "description": "Description\nSleep Sounds by TMSOFT plays relaxing sounds to help you relax during the day and sleep better at night. Sounds are played from our popular TMSOFT's White Noise Sleep Sounds podcast. Sleep soounds can play specific categories of sound including noise, fan, waves, rain, water, fire, wind, and storm. New sounds are added every week for you to enjoy and play continious for an entire hour. As an example, say \"Alexa open Sleep Sounds and play rain.\" The audio will play our latest rain sound for 1 hour without interruption. For a list of all sound categories ask Sleep Sounds for help.\n\nCheck out our White Noise skill if you want to play for longer durations.\n\nTMSOFT has been building White Noise apps for over 10 years. Visit our website at https://www.tmsoft.com/white-noise/ for more information.", "details": "Skill Details\nRated: Guidance Suggested.\nThis skill contains dynamic content.\nInvocation Name: sleep sounds\nDeveloper Privacy Policy\nDeveloper Terms of Use", "privacy_policy_href": "https://www.tmsoft.com/about/privacy/"}, "Original Tales": {"review-count": "15", "description": "Description\nEsta skill cuenta con diferentes colecciones de cuentos animados, desde cl\u00e1sicos, hasta cuentos orginales, donde toda la familia podr\u00e1 pasar horas de entretenimiento. Lo \u00fanico que debes hacer es decir: \"Alexa, abre cuentos originales\" para ver el men\u00fa de cuentos.", "details": "Skill Details\nThis skill contains dynamic content.\nInvocation Name: cuentos originales", "privacy_policy_href": ""}, "Ghost Sounds: Spooky Sounds": {"review-count": "20", "description": "Description\nSpooky Sounds is a skill to make horror atmosphere around you.\n\nYou can say:\n\n\"Alexa, open Spooky Sounds\"\n\"Alexa, start Spooky Sounds\"\n\"Alexa, launch Spooky Sounds\"\n\nPlease leave a 5-star review if you love this skill. Your 5-star reviews encourage us to keep making more great skills, thanks!", "details": "Skill Details\nRated: Guidance Suggested.\nThis skill contains dynamic content.\nInvocation Name: spooky sounds", "privacy_policy_href": ""}, "Escape Room in a Box": {"review-count": "67", "description": "Description\nThis skill is a companion to the board game series Escape Room in a Box by Mattel Games. Invite Alexa to enhance your Escape Room in a Box experience to set the mood with thematic music, keep time, and provide hints. This skill is compatible with Escape Room in a Box: The Werewolf Experiment and Escape Room in a Box: Flashback.\n\nInstructions:\n-Start the skill by saying: Alexa, Start Escape Room.\n-Once the skill has started, you can get instructions or start a game.\n-After you have started the game, a 60 minute soundtrack will begin streaming that will enhance the play of the game (90 minutes if you are playing Flashback).\n-At any time while the soundtrack is playing, you can ask Alexa for hints by saying \"Alexa, ask Escape Room for a hint\".\n-At any time while the soundtrack is playing you can ask Alexa for the elapsed time of the game by saying \"Alexa, ask Escape Room to get time\"\n-Once you have completed the bonus puzzle, you can say \"Alexa, tell Escape Room to add bonus time\". You will be prompted for the answer to the bonus question. If you answer, you will be awarded a 30 minute extension to the game time. (Werewolf Experiment only).\n-At any time, you can say \"Alexa, cancel\".\n-If you have finished the game, you can say \"Alexa, tell Escape Room we won the game\" to get your final time.", "details": "Skill Details\nThis skill contains dynamic content.\nInvocation Name: escape room\nDeveloper Privacy Policy", "privacy_policy_href": "https://www.mattel.com/en-us/privacy-statement"}, "Fifty States Challenge": {"review-count": "1", "description": "Description\nPlay this game and test how much you know about the 50 States and Capitals . Challenge your own knowledge or play against friends. Alexa will keep score and keep playing until all the questions are answered or one player wins.", "details": "Skill Details\nThis skill contains dynamic content.\nInvocation Name: fifty state challenge", "privacy_policy_href": ""}, "Answers at questions": {"review-count": "0", "description": "Description\nAsk Alexa any of the questions that are included in the skill and she'll provide the corresponding answer. This skill was created using a Skill Blueprint. Your requests to this skill are not shared with the skill developer.", "details": "Skill Details\nThis skill contains dynamic content.\nInvocation Name: answers at questions", "privacy_policy_href": ""}, "Last Light in the Dark": {"review-count": "4", "description": "Description\nA choose-your-own-adventure game about an unexplained phenomenon in space known as the expansion. You are a soldier called upon to save the galaxy from this new threat, though saving yourself might be just as difficult...\n\nWho is this game for? Anyone who loves Dungeons & Dragons, Diablo, Warhammer, Pendragon, Gurps, or other pen & paper roleplaying games!\n\nContained within this interactive novel are hundreds of branching paths that will change the journey. Decisions will have real consequences: from missing out on important items to gain new allies and friends. More chapters will be released on a regular basis.\n\nCompetitive and multiplayer Game Types Available:\n\n1) Invasions - Break into another player's ship to steal their loot, or find rare items in the world to boost your own castle to keep pesky adventurers out.\n2) Battle Waves - How long can you go until the waves overwhelm you?\n\n\nAVAILABLE CHAPTERS:\n\n1) The Expansion\n2) Mission Preparation\n3) Into the Void\n4) First Contact\n5) Into the Dark\n\nMore coming soon!\n\n------------------------------------------------------------\n\nPLAYING THE GAME:\n\nYou make choices that associate with options one through four in the branching Choose Your Own Adventure story. You will also enter combat, select powerful abilities, and make decisions that change the very fabric of the world.\n\nAs you level, you will select...\n\n- Classes - What is your basic class (now there are prestige classes, too!)\n- Stats - Specialized talents you focus on.\n- Skills - Train to overcome obstacles.\n- Powers - Learn deadly moves to destroy your foes or customize your character.\n- Companions - Find NPCs you trust to travel with who will fight alongside you.\n\nAs you travel, you will discover...\n\n- Weapons - Find rare and powerful weapons to strike down your foes. Pair them with powers for devastating attacks.\n- Armor - Gird yourself in the finest suits of armor the world has to offer. Gain resistance against special attacks or create chaotic havoc on your enemies with rare sets.\n- Trinkets - Magical cloaks, rings, pendants, hats, and more will help round out your attire and further customize your character.\n- Items - Potions for long-term benefits or instance effects.\n\nAs you explore you will encounter...\n\n- Enemies - hundreds of monsters with special powers like fire-breathing dragons, wizards with powerful spells, and so much more.\n- Traps & challenges - Climb dangerous paths, lie or negotiate with NPCs, pick locks, disable traps, and so much more with skill checks!\n\nFor a full explanation of stats, skills, classes, powers, companions, and the leaderboard, check out: https://llitd.com/leaderboard\n\nTo discuss the game, report bugs, and more go to: forum.llitd.com\n\n----------------------------------------------------------------------------\n\nREPLAYABILITY:\n\nSome game types are designed to be replayable with branching paths to level up your characters, and with the various difficulty levels, you'll always be able to find a challenge. The choices you make will affect your journey. Add reminders to come back to your game when your special tokens reset each day!\n\n----------------------------------------------------------------------------\n\nOPTIMIZED FOR SCREENS:\n\nYou get a lot more information if you have a large display device. At a glance, you can see your inventory, hit points, experience, level, tappable options, and much more!\n\nSo, the question is: are you brave enough to face the challenges that await? Say \"Alexa, open Last Light\" to find out!", "details": "Skill Details\nRated: Guidance Suggested.\nThis skill contains dynamic content.\nInvocation Name: last light\nDeveloper Privacy Policy\nDeveloper Terms of Use", "privacy_policy_href": "https://blog.llitd.com/privacy-policy/"}, "Baby Rattle": {"review-count": "0", "description": "Description\nPlays Baby Rattle sound while your hands are full. Simply say, \"Alexa, open baby rattle\" to calm your baby. Sounds are recorded by my kindergartner daughter for her brother, so please excuse the sound quality at this time.", "details": "Skill Details\nThis skill contains dynamic content.\nInvocation Name: baby rattle", "privacy_policy_href": ""}, "Unofficial Animal Crossing Price Guide": {"review-count": "38", "description": "Description\nThe free Unofficial Price Guide for Animal Crossing New Horizons.\n\n* Just caught a fish, bug or sea creature and curious about its selling price?\n* Don't know what's worth setting aside for CJ and Flick?\n* Run out of pocket space and not sure what to swap out?\n\nNow you can look up the Nook's Cranny prices, all without lifting a finger off the controllers!\n\n**************\nGET STARTED\n* Open the 'Nook Price Guide' and ask, \"Bells for sea bass? Bells for tarantula?\"\n* Ask directly, \"Alexa, ask Nook Price Guide bells for scallop?\"\n* More than just bugs, fish and sea creatures... ask, \"Bells for blue roses? Bells for summer shell?\"", "details": "Skill Details\nThis skill contains dynamic content.\nInvocation Name: nook price guide", "privacy_policy_href": ""}, "2 Train Trivia": {"review-count": "1", "description": "Description\nA game for every 2 Train rider. Test your knowledge of NYC's 2 Train stations. Train stations start from Bronx and end in Brooklyn. If you think you know the right answer, just say the option number. Have fun!", "details": "Skill Details\nThis skill contains dynamic content.\nInvocation Name: two train trivia", "privacy_policy_href": ""}, "Premium Dollar Facts": {"review-count": "0", "description": "Description\nPremium Dollar Facts", "details": "Skill Details\nThis skill contains dynamic content.\nInvocation Name: change me", "privacy_policy_href": ""}, "Kids Quiz!": {"review-count": "3,666", "description": "Description\nFrom the creators of Question of the Day, Kids Quiz poses fun new questions everyday for children ages 5-12, from animals and science to brainteasers and fun facts. Kids Quiz is a great way for children to reinforce their learning and discover new things about the world. Parents: visit our Facebook page at www.facebook.com/AlexaKidsQuiz to read FAQs, interact with other users, and provide feedback.", "details": "Skill Details\nThis skill contains dynamic content.\nInvocation Name: kids quiz\nDeveloper Privacy Policy", "privacy_policy_href": "http://matchbox.io/privacy-policy/"}, "Star Trek-Borg Phaser, Beam and Transporter Sound": {"review-count": "0", "description": "Description\nThis is one of the exciting star trek borg phaser beam sound. Say loop on to hear it all over again and loop off to stop the loop. Enjoy", "details": "Skill Details\nThis skill contains dynamic content.\nInvocation Name: borg phaser sound\nDeveloper Privacy Policy\nDeveloper Terms of Use", "privacy_policy_href": "https://creator.voiceflow.com/creator/terms?name=Kayode%20Steve&skill=Star%20Trek-Borg%20Phaser,%20Beam%20and%20Transporter%20Sound&children=false"}, "Star Trek - Discovery Phaser Battle Sound": {"review-count": "1", "description": "Description\nThis is one of the exciting star trek discovery phaser battle sound.Say loop on to hear it all over again and loop off to stop the loop. Enjoy", "details": "Skill Details\nThis skill contains dynamic content.\nInvocation Name: discovery phaser battle sound\nDeveloper Privacy Policy\nDeveloper Terms of Use", "privacy_policy_href": "https://creator.voiceflow.com/creator/terms?name=Kayode%20Steve&skill=Star%20Trek-Discovery%20Phaser%20Battle%20Sound&children=false"}, "NFL Trivia": {"review-count": "380", "description": "Description\nCan you name the winner of Super Bowl XXXV? How about which team has won the most consecutive road games? Put your knowledge to the test with the NFL Trivia skill.\n\nAll you have to do is say \"Alexa, open NFL Trivia\" to get five new questions every single day until December 12th.\n\nMake sure to study up, and don't forget to tune into each week's Thursday night matchup.\n\nFind out where to watch every TNF game here: http://www.nfl.com/schedules/2019/TNF", "details": "Skill Details\nRated: Guidance Suggested.\nThis skill contains dynamic content.\nInvocation Name: nfl trivia\nDeveloper Privacy Policy\nDeveloper Terms of Use", "privacy_policy_href": "https://www.amazon.com/gp/help/customer/display.html?nodeId=468496"}, "Challenge Accepted Facts": {"review-count": "0", "description": "Description\nAsk Alexa for an interesting list of facts about the Twitch Team, Challenge Accepted. When using the skill, you can say \"Alexa, next\" to move to the next fact. At any point, you can say \"Alexa, stop\" to exit the skill.", "details": "Skill Details\nRated: Guidance Suggested.\nThis skill contains dynamic content.\nInvocation Name: challenge accepted facts", "privacy_policy_href": ""}, "Spanish Trivia": {"review-count": "154", "description": "Description\nMore than 6000 questions divided in 6 categories:\n- Culture\n- Sports\n- Geography\n- History\n- Literature\n- Science\n\nGain points per every answered question. The quicker you answer the most points you get. Be the first in the world's rank!\n\nNow you can see the leaderboard in real-time here: https://trivialmaster.me/\n\nTo play the Trivia is as easy as to invoke it with the following voice command:\n- Alexa, play Spanish Trivia\n\nThe skill will ask you questions in Spanish. Answer with the number of the answer in English and not the answer itself. The answer can be said in these ways:\n- two\n- the answer is two\n- the number two\n- the solution is two\n\nIf you didn't understand the question or you want to listen to it again say:\n- repeat\n- repeat the question\n- again\n\nIf you don't know the answer you can skip it by saying:\n- I don't know\n- next question\n- no idea\n\nAfter 5 questions Alexa will ask you if you want to keep playing. Spanish Trivia will tell you the number of questions you have guessed.\n\nNow you can change the difficulty by saying:\n- Alexa, select level\n\nYou can also change the question's category by saying:\n- Alexa, change category\n\nYou can stop the game at any time by saying:\n- cancel\n- exit\n\nEnjoy the game.\n\nIf you have feedback you can contact the support by emailing at trivial.master.alexa@gmail.com", "details": "Skill Details\nRated: Guidance Suggested.\nThis skill contains dynamic content.\nInvocation Name: spanish trivia\nDeveloper Privacy Policy", "privacy_policy_href": "https://trivialmaster.me/privacy/privacy-policy"}, "Dungeon Assistant": {"review-count": "125", "description": "Description\nDungeon Master Assistant for 5e D&D. Ask Alexa to roll any number of any sided dice, like 3 die 6. Alexa can also look up spells from the Player's Handbook. Look up information by a specific spell, such as Magic Missile. List spells by level or by class or by both. For example, \"List Bard Spells\" will return all the Bard spells in alphabetical order. Or you can ask to \"List Bard Level 1 Spells\" and get just the level 1 spells.", "details": "Skill Details\nRated: Guidance Suggested.\nThis skill contains dynamic content.\nInvocation Name: dungeon assistant", "privacy_policy_href": ""}, "Escape Room: Rob a bank": {"review-count": "4", "description": "Description\nYou are about to rob a bank. You and your companions managed to sneak inside the main vault through the ventilation ducts. In front of you there is a locked stainless steel door. You tried to crack open its lock it but it doesn't give in. Look in the room around you to find some useful items that might help you open the door.\n\nTO PLAY\na) use following commands: look up, look down, look left, look right, look behind, look in front.\nb) at any time you can ask for a hint.\n\nIf you like this skill, be sure to leave a review if you like this skill!\nIcon made by Smashicons from Flaticon", "details": "Skill Details\nThis skill contains dynamic content.\nInvocation Name: escape room\nDeveloper Privacy Policy", "privacy_policy_href": "https://alsummersmedia.com/legal"}, "My Game Show": {"review-count": "0", "description": "Description\nRequires2-4 Echo Buttons\nPlayers2-4\nBuzz in with Echo Buttons in this fun trivia game show. This game requires at least 2 Echo Buttons. Echo Buttons offer a new way to play game skills through your compatible Echo device. To learn more just ask \"Alexa, what are Echo Buttons?\"\n\nGet two to four contestants together to star in this game show! In each round, Alexa will ask a question. Players will buzz in with their Echo Buttons to answer. As you play, Alexa will let you know if you're right or wrong and track your score. The contestant with the most correct answers wins!\n\nWhile playing, you can say \"Alexa, repeat that\" to hear Alexa read the question again. You can also say, \"Alexa, what are the scores?\" to hear a score report. You can say, \"Alexa, help!\" to hear about what you can do next. You can say, \"Alexa, start over\" if you want to abandon the current game and pick up from the beginning. At any time you can say, \"Alexa, stop\" to halt the current game. If you had already started a game, Alexa will remember where you stopped and pick back up from the last question asked, when you next launch the skill.\n\nThis skill was created using a Skill Blueprint. Your requests to this skill are not shared with the skill developer.", "details": "Skill Details\nRated: Guidance Suggested.\nThis skill contains dynamic content.\nInvocation Name: my game show", "privacy_policy_href": ""}, "Truth or Challenge - The Bottle Game": {"review-count": "6", "description": "Description\nJuega a verdad o reto al juego de la botella con tres modos diferentes (verdad o reto, solo retos o solo verdad) y conoce la cara real de tus amigos. \u00a1La botella es un juego para disfrutar las mejores fiestas o quedadas entre colegas! Para empezar, simplemente di Alexa, abre verdad o reto. En cualquier momento, puede parar diciendo Alexa, detente.\n\nPara empezar el juego o obtenir el siguiente reto, puedes decir \"Alexa, abre verdad o reto\".\nPara cambiar de categor\u00eda, puedes decir \"Alexa, cambia de categor\u00eda\".\nPara cambiar de modo de juego, puedes decir \"Alexa, cambia de juego\".\nPara crear una partida nueva, puedes decir \"Alexa, crea una partida nueva\".\nSi tienes que escuchar la verdad o el reto de nuevo, puedes decir \"Alexa, repite\".\n\nSi te gusta la Skill o tuviste problemas, nos gustar\u00eda si te pudieras t\u00f3mate un momento para dejar una rese\u00f1a.\nSugerencias a: newtimestube@gmail.com", "details": "Skill Details\nRated: Guidance Suggested.\nThis skill contains dynamic content.\nInvocation Name: verdad o reto", "privacy_policy_href": ""}, "Mystery Box": {"review-count": "2", "description": "Description\nOpen mystery boxes easily, at no cost to you!\n\nIncludes cosmetics ranging from amazing to complete garbage", "details": "Skill Details\nThis skill contains dynamic content.\nInvocation Name: a mystery box", "privacy_policy_href": ""}, "Racing Tips at Belmont": {"review-count": "0", "description": "Description\nAsk Alexa to Open HorseRanker. Then, Tell her WHICH RACE - by saying Race One or whichever Race you are interested in. The Answers will provide Rankings based upon Artificial Intelligence and the opinions of Expert Handicappers at HorseRanker.com. You will hear comments and opinions about the Top Three horses in each Race. These Rankings are for Entertainment Purposes only, so that you can compare your choices with the Analysis provided by Computers and Expert Handicappers. These Rankings are NOT intended to be used as wagering advice or inducements to make Real Money Wagers.", "details": "Skill Details\nRated: Guidance Suggested.\nThis skill contains dynamic content.\nInvocation Name: horse ranker\nDeveloper Privacy Policy\nDeveloper Terms of Use", "privacy_policy_href": "https://skilexa.com/doneforyou/privacy/"}, "Baby Age": {"review-count": "2", "description": "Description\nThis skill will calculate your baby's age based on their birthday. It will also give funny facts for each age range. We hope you enjoy it!", "details": "Skill Details\nThis skill contains dynamic content.\nInvocation Name: baby age\nDeveloper Privacy Policy", "privacy_policy_href": "https://sites.google.com/view/babyage/home"}, "Okurrr with Cardi B": {"review-count": "6", "description": "Description\nYou know her as the Bronx born artist, but you haven't heard her inspirational side.", "details": "Skill Details\nFlash Briefing Skill\nThis skill contains dynamic content.", "privacy_policy_href": ""}, "Penguin Facts": {"review-count": "0", "description": "Description\nPenguins are a group of aquatic, flightless birds. They live almost exclusively in the Southern Hemisphere, with only one species, the Galapagos penguin, found north of the equator.\n\nThis skill provides some of the most interesting facts about penguins all over the world.\n\nThese facts regarding the penguins are specially compiled for learning purpose on the Alexa device.", "details": "Skill Details\nThis skill contains dynamic content.\nInvocation Name: penguin facts", "privacy_policy_href": ""}, "Santa is coming": {"review-count": "0", "description": "Description\nOpen the skill and Alexa will automatically tell you how many days remain until all your upcoming events. Alexa can also remind you about the exact date for a specific events.\nThis skill was created using a Skill Blueprint. Your requests to this skill are not shared with the skill developer.", "details": "Skill Details\nThis skill contains dynamic content.\nInvocation Name: santa is coming", "privacy_policy_href": ""}, "Hide and Seek": {"review-count": "20", "description": "Description\nThis is a fun skill for kids to help with playing hide and seek. Alexa will help your children count as the others hide. Once Alexa gets to your desired count, the person who is seeking the hidden players will be able to start searching!", "details": "Skill Details\nThis skill contains dynamic content.\nInvocation Name: hide n. seek", "privacy_policy_href": ""}, "My Pet Rock": {"review-count": "2,963", "description": "Description\nTake care of your own pet rock! Take your new pet on walks, play games with it, and feed it regularly, so that it grows big and strong! Your pet will grow up over time to learn more skills and tricks. You can also teach it premium tricks like telling jokes. Compare your rock with others to see how it stacks up!\n\nHOW TO PLAY:\nYou start the game by picking up a shiny new rock. You can choose its color and give your rock its own name. Your rock needs to be fed regularly so that it doesn't go hungry. You can tell it to 'eat something' and it will do just as you say. In addition to needing to eat, your rock also needs exercise. Make sure it plays games daily, otherwise it will get too hyper. Your rock gets full after eating too much and gets tired of playing, but it always is willing to do tricks or go for a walk.\n\nEven though rocks are simple creatures, they make great pets! Take care of your rock over time and it will grow up big and strong.\n\nTIPS:\n* You can change your rocks name or color anytime.\n* Ask your rock for an update to see its stats and how it compares to others.\n* Not all activities tire out your rock. There are some thing it can do all day long!\n* Ask your rock what tricks it knows to see what it can do. The more it grows, the more tricks it will learn!\n\nUPDATES:\n* Premium tricks are here! 10 exciting, new tricks have been added, each with entertaining sound effects. Premium tricks must be purchased before use.\n* Doing tricks should be a little easier. You no longer have to preface with, \"Do the trick\", when trying to do a trick.\n* Support for users in Australia has been added.\n* Small improvements have been made to recognition for all actions.\n* Rocks for customers in India now have local food to eat!\n\nFEEDBACK:\nIf you love this skill, please leave a 5-star review! If for any reason you don't think it deserves 5 stars, please email us your feedback alex@gotalex.com. I am also open to new ideas to make the experience better!", "details": "Skill Details\nRated: Guidance Suggested.\nThis skill contains dynamic content.\nInvocation Name: my pet rock\nDeveloper Privacy Policy", "privacy_policy_href": "https://apsking.github.io/#privacy"}, "Memory Match": {"review-count": "25", "description": "Description\nMemory Match is a game where you try to match pairs of cards together in as few moves as possible. The twist is, you can't see the cards, so you have to keep it all in your head (or cheat with a piece of paper).\nYou start with 12 cards face down, laid out in 4 rows of 3 columns. Each turn you first guess one card by saying \"row 1, column 2\" and you'll be told what's on the card, for example \"red square\". Next, you'll choose a second card, \"row 4, column 1\". If the second card matches the first they make a pair. Once you've figured out all 6 pairs, you win.\n\nNote: If you've turned on the 'start of request' tone in the settings for your Alexa device, you may experience problems with it recognizing your responses. You can switch it off by going to the Alexa app then Settings -> [your device name] -> Sound & Notifications and ensuring the switch for 'Start of Request' is in the off position (left, with the switch colored white).", "details": "Skill Details\nThis skill contains dynamic content.\nInvocation Name: memory match", "privacy_policy_href": ""}, "Amazon Music Artist Spotlight": {"review-count": "0", "description": "Description\nConnect with your fans using Alexa, by providing your listeners with scheduled commentary, updates, and news, followed by any song, album, or playlist you choose from Amazon Music\u2019s rich catalog.", "details": "Skill Details\nThis skill contains dynamic content.\nInvocation Name: zero zero zero zero austere", "privacy_policy_href": ""}, "1 Train Trivia": {"review-count": "0", "description": "Description\nA game for every 1 Train rider. Test your knowledge of NYC's 1 Train stations. Train stations start from Bronx and end in Manhattan. If you think you know the right answer, just say the option number. Have fun!", "details": "Skill Details\nThis skill contains dynamic content.\nInvocation Name: one train trivia", "privacy_policy_href": ""}, "White noise": {"review-count": "6", "description": "Description\nWhite sound lets you hear white noise that can help you stay focused, relax and cover up annoying noises.\n\nStay updated on Smart Skills also on Instagram!\nhttps://www.instagram.com/smartskills.it", "details": "Skill Details\nRated: Guidance Suggested.\nThis skill contains dynamic content.\nInvocation Name: white sound\nDeveloper Privacy Policy\nDeveloper Terms of Use", "privacy_policy_href": "https://creator.voiceflow.com/creator/terms?name=Nicola&skill=white%20noise&children=false"}, "Ask the DM": {"review-count": "227", "description": "Description\nQuickly get info on items, spells, feats, and conditions! Roll game dice with advantage! Find a page in the handbook using your voice!\n\nAsk the DM is a quick reference tool for use with Dungeons and Dragons 5th edition. Designed for use around the table during sessions, Ask the DM aims to reduce the amount of time spent looking up information.\n\nThere's two ways you can use this skill:\n1) Fast mode answers a single question. Example: 'Alexa, Ask the DM what is the range of fireball?'\n2) Interactive mode starts a session where you can ask as many questions as you like (say quit to exit). Example: 'Alexa, open Ask the DM,' listen to the prompt, then 'What is fireball?'\n\nYou can ask things like 'what is fireball' to get a summary description (Warning! Some descriptions are LONG).\n\nTo speed things up, you can ask things like 'how much does a backpack cost?' or 'what is level 3 of exhaustion?' and get a quick answer. To get answers for specific information, include the name of the spell, item, feat, or condition; as well as an attribute such as range, spell type, description, level, prerequisite, etc. For an exhaustive list of what you can ask about, please see the features list below or say 'help'.\n\nQuick note on functionality - Alexa understands you better in interactive mode. This is due to how Amazon figures out what you're saying. If you're having trouble getting info on a spell or item, try interactive mode first!\n\nFor requests or feedback, please leave a review or hit me up on Twitter at @AsktheDMskill\n\nFeature List:\n- Available on all US and UK English-enabled devices\n-- Metric units\n\n- Spells\n-- 5e Player's Handbook, the Elemental Evil handbook, and Sword Coast Adventurer's guide\n-- casting time, duration, range, components, slot level, school type, short and long descriptions, damage/healing amounts by level\n-- say: 'what is the range of fireball,' 'how do I cast locate creature,' 'how much damage does thunderwave do at level 7'\n\n- Items\n-- category, cost, weight, properties, damage, strength, armor class, item type, speed, capacity\n-- say: 'how much does a book cost,' 'what's the armor class of studded leather armor,' 'how much does a maul weigh'\n\n- Page lookup\n-- quickly get the page number in the 5e Player's Handbook of nearly every subject\n-- say: 'where in the handbook are giant eagles,' 'where can I find more info on dwarf names,' 'whats the page for dragonborns'\n\n- Dice Roller\n-- 2,4,6,8,10,12,20, and 100 sided dice\n-- 20-sided die can be rolled with advantage or disadvantage\n-- say: 'roll a d20 with advantage,' 'roll two d6 plus 8'\n\n- Feats\n-- description, benefits, and prerequisites\n-- note: the description is flavor text, the benefits describe the mechanics\n-- say: 'what are the benefits of actor,' 'what does blinded affect,' 'how does healer work'\n\n- Conditions\n-- descriptions\n-- exhaustion by level\n-- say: 'tell me about charm,' 'get the effects of poison,' 'lookup level 3 exhaustion'\n\nVersion 2.2 changes:\n- Added expected mispronunciations of spell and item names\n- Reconfigured utterances for items and spells\n- Fixed a nasty bug in spell healing and damage intents that was causing the program to exit unexpectedly\n- Added welcome and help cards\n- Cleaned up items - removed punctuation, separated combined names", "details": "Skill Details\nRated: Guidance Suggested.\nThis skill contains dynamic content.\nInvocation Name: d. m.\nDeveloper Terms of Use", "privacy_policy_href": ""}, "The magic fairy! Adventures for the whole family.": {"review-count": "2", "description": "Description\nThe magic fairy enchants you and your parents into exciting things like pirates, police cars or elephants. With great music and sound effects, you will experience funny adventures. To make the spells work you first need a magic place. This can be any object near you. For example, you can use a carpet or couch as a magic place. When we cast a spell, you must be at the magic place. Once you're enchanted you must leave the magic place and move or dance properly depending on the spell. But be careful. When the music is off and the warning signal sounds, you must quickly return to the magic place.\n\nA fun movement game for the whole family and especially great for kids parties!", "details": "Skill Details\nThis skill contains dynamic content.\nInvocation Name: magic fairy", "privacy_policy_href": ""}, "Piggy Gaming's Trivia": {"review-count": "0", "description": "Description\nAlexa quizzes you on trivia topics. Provide the answer and try to achieve a high score.", "details": "Skill Details\nRated: Mature.\nThis skill contains dynamic content.\nInvocation Name: piggy gaming's trivia", "privacy_policy_href": ""}, "Customer Service": {"review-count": "3", "description": "Description\n***Warning: Not For The Feint Of Ear. Proceed with caution.***\n\nHave you ever been frustrated calling your local bank, cable company, (enter corporate conglomerate here)? Well, we've heard your concerns and created a game out of it. Customer Service parodies the typical customer service experience by phone. So expect frustration, long waits, surly reps, and much much MUCH worse.\n\nReasons you should be playing Customer Service right this second:\n- Smooth gameplay (like....peanut butter smooth)\n- New Content added constantly\n\nNeed more? No problem:\n- Perfect your pointless arguing skills\n- Practice waiting on the phone for hours\n- Make your mama proud\n\nAbout Gameplay:\nCustomer Service's gameplay is simply navigational. For each piece of audio you are given numbered options (i.e. 1...2....3). You simply need to pick a number to choose an option.\n\nYou can say:\n\n\"Alexa, open Customer Service\"\n\"Alexa, start Customer Service\"\n\"Alexa, launch Customer Service\"\n\nPlease leave a 5-star review if you love this skill, or send us an email with your suggestions at jmore2290@hotmail.com . Your 5-star reviews encourage us to keep making more great skills, thanks!", "details": "Skill Details\nRated: Guidance Suggested.\nThis skill contains dynamic content.\nInvocation Name: customer service\nDeveloper Privacy Policy", "privacy_policy_href": "https://getstoryline.com/public/privacy.html"}, "Funny Jokes of the day": {"review-count": "0", "description": "Description\nHave a hilarious and LOL moment with this funny jokes of the day app. It sure makes your day a fun filled one. Enjoy this!", "details": "Skill Details\nRated: Guidance Suggested.\nThis skill contains dynamic content.\nInvocation Name: funny jokes of the day\nDeveloper Privacy Policy\nDeveloper Terms of Use", "privacy_policy_href": "https://creator.voiceflow.com/creator/terms?name=Kayode%20Steve&skill=%20Funny%20Jokes%20of%20the%20day&children=false"}, "Sound of rain on the window": {"review-count": "3", "description": "Description\nSound of rain on the window lets you hear white noise that can help you stay focused, relax and cover up annoying noises.\n\nStay updated on Smart Skills also on Instagram!\nhttps://www.instagram.com/smartskills.it", "details": "Skill Details\nRated: Guidance Suggested.\nThis skill contains dynamic content.\nInvocation Name: sound of rain on the window\nDeveloper Privacy Policy\nDeveloper Terms of Use", "privacy_policy_href": "https://creator.voiceflow.com/creator/terms?name=Nicola&skill=Sound%20of%20rain%20on%20the%20window&children=false"}, "Countdown": {"review-count": "1,265", "description": "Description\nMake counting down a part of your life with the Countdown skill! Alexa will expertly count down to zero from lots of different numbers, just ask!\n\nCountdowns are perfect for many games and occasions, including:\n* Starting races\n* Jumping into pools\n* Rocket launches\n* Surprise parties\n* New Year's Eve\n* Defusing bombs\n* Parenting", "details": "Skill Details\nThis skill contains dynamic content.\nInvocation Name: count down", "privacy_policy_href": ""}, "Found a Baby": {"review-count": "1", "description": "Description\nPlay an interactive adventure-themed story with sound effects and prompts. Get ready for laughs and giggles as players fill in the blanks.\nThis skill was created using a Skill Blueprint. Your requests to this skill are not shared with the skill developer.", "details": "Skill Details\nThis skill contains dynamic content.\nInvocation Name: found a baby", "privacy_policy_href": ""}, "Ultimate Fortune Teller": {"review-count": "0", "description": "Description\nAsk Alexa for your fortune any time, and she'll read a randomly-selected response. You can ask for your fortune as often as you want. This skill was created using a Skill Blueprint. Your requests to this skill are not shared with the skill developer.", "details": "Skill Details\nThis skill contains dynamic content.\nInvocation Name: ultimate fortune teller", "privacy_policy_href": ""}, "Cursed Painting": {"review-count": "287", "description": "Description\nExplore ancient ruins in order to uncover the secret of the Cursed Painting, and stop the undead curse plaguing the kingdom in this Interactive Fantasy Adventure Game, inspired by classic tabletop roleplaying games.\nChoose between three different backgrounds - a thief, an adventurer or a noble - in this immersive experience and get ready for a grand adventure!\n\nExpansion 1 - The Price of Knowledge\nStrange lights have been seen coming from the old monastery beyond the forest, and rumors have it an ancient tome has been stolen from this forgotten place of worship.\n\nExpansion 2 - Echoes of the Past\nShed some light on the origin of the curse which haunts the village through the tall tales told by a traveling minstrel as he whisks you away in a state of Trance.\n\nExpansion 3 - A Peasant Scorned\nThe new mayor has his hands tied, a murder has been committed but the city guards can't spare the men to investigate further.\nSearch for clues, question witnesses and pass your judgement!\nExpansion 4 - The Dark Heart of the Forest\nThe Gallows Tree rises! Join ranks with other adventurers to fight the monstrosity!\nMysterious Soul Shards have begun appearing in the forest. What is their purpose?\n\nExpansion 5 - Stairway to Ascension\nLit fires can be seen from a mountaintop in the distance.\nScaling the mountain is only for the bravest, or most foolhardy of wanderers.\n\nLatest Content Update - 5.1\nThe Headless Horseman rides, searching for his head!\nBand together and fight the menace, or else yours might be the next head he takes...\n\nFeatures;\n- Character progression through equipment, perks, gold and levels.\n- Over 3 hours of unique sound effects!\n- Dynamic combat system.\n- Skill checks using your character statistics.\n- Descriptive artwork for screen enabled Alexa devices.\n- Combining single player adventuring with multiplayer components.\n- And best of all, Totally free to play!\n\nHelpful commands;\n- to open inventory, say, 'open inventory'.\n- to drink a potion, say, 'drink potion'.\n- to hear stats, say, 'check stats'.\n- to hear the combat tutorial, say, 'tutorial', while in combat.\n- to leave the dungeon, say, 'leave the dungeon'.\n- to replay the skill with a new character, say, 'restart'.\n\nFor more information, visit:\nhttps://cursedpainting.com/\n\nTrailer:\nhttps://youtu.be/nQSsvGsBiVA", "details": "Skill Details\nRated: Guidance Suggested.\nThis skill contains dynamic content.\nInvocation Name: cursed painting\nDeveloper Privacy Policy", "privacy_policy_href": "https://www.wanderword.net/privacy-policy"}, "Harry Potter Quiz": {"review-count": "0", "description": "Description\nAlexa quizzes you on the world famous Harry Potter series. Provide the answer and try to achieve a high score.", "details": "Skill Details\nRated: Guidance Suggested.\nThis skill contains dynamic content.\nInvocation Name: harry potter quiz", "privacy_policy_href": ""}, "unofficial Quiz About Youtube": {"review-count": "7", "description": "Description\nHow much do you know about Youtube?\n\nCan you recognize all these popular Youtubers?\n\nTest yourself with this skill, and unleash your knowledge upon the world!\n\n**Unofficial Quiz About Youtube**", "details": "Skill Details\nThis skill contains dynamic content.\nInvocation Name: unofficial youtube quiz", "privacy_policy_href": ""}, "Kentucky Lottery": {"review-count": "15", "description": "Description\nThe Kentucky Lottery Skill provides jackpot amounts and winning numbers for your favorite Kentucky Lottery games. You can ask for information on the draw times and dates, winning numbers and information on your nearest Kentucky Lottery Retail location. You can also use this skill for resources on how to play games like Powerball, Mega Millions, Pick 3, Fast Play and more!", "details": "Skill Details\nRated: Mature.\nThis skill contains dynamic content.\nInvocation Name: kentucky lottery\nDeveloper Privacy Policy\nDeveloper Terms of Use", "privacy_policy_href": "https://www.kylottery.com/apps/funclub/privacy-policy.html"}, "Bible Memory": {"review-count": "34", "description": "Description\nBible Memory\n\nCategories\nDaily Promise\nMemorize a Verse\nPromises Challenge\nTopic Study\nTopic Challenge\nRead a Verse\n\nDaily Promise\nThe Daily Promise will grab a random bible promise, read it two times, and ask you a series of questions on the verse.\n1. What is the first word in the text?\n2. What is/are the missing blank/blanks?\na. 1 word missing over 5 characters.\nb. 2 words missing.\nc. 3 words missing.\n3. Where is it found? Also if you answer book chapter and verse it will end right away.\na. book\nb. book and chapter\nc. book, chapter and verse\n\nMemorize a Verse\nThis challenge will prompt you for a bible verse that you would like to memorize. It will then read it to you two times and ask you a series of questions on that verse.\n1. What is the first word in the text?\n2. What is/are the missing blank/blanks?\na. 1 word missing over 5 characters.\nb. 2 words missing.\nc. 3 words missing.\n3. Where is it found? Also if you answer book chapter and verse it will end right away.\na. book\nb. book and chapter\nc. book, chapter and verse\n\nPromises Challenge\nThe Promises Challenge will randomly grab 5 different bible promises. It will then read them one by one and ask you where each one is found. It will continue to ask a verse until you have answered where each one of them is correctly. Each attempt will count as 1 point. The perfect score is 5. When doing this challenge it is important to say the word verse between the chapter and verse.\n1. Where is this verse found?\na. Looking for book, chapter and verse.\n\nTopic Study\nTopic Study will help you memorize verses and bible locations of different topics in the bible and will help you study to do the Topic Challenge. This will read you one verse at a time for each of the verses in the topic. You can say Yes, No, or Repeat.\n1. What topic would you like to study today?\n\nTopic Challenge\nTopic Challenge will prompt you for a specific topic. The app will then ask you if you would like to take on all of the questions for the topic. If you would like to do less that 15 you can say no and choose how many questions you would like. If you choose yes and the topic has more than 15 questions it will only grab 15 random texts withint that topic and quiz you on those. The app will ask on the location of each verse in that topic. It will start you off with a difficulty of easy and if you get 100% it will give you the option to up the next difficulty. This is the series of questions.\n1. What topic would you like to memorize today?\n2. Would you like to answer all the questions?\na. Yes\nb. No = How many questions would you like?\n3. Ask Questions\na. Easy difficulty\nA. What is the book? You can actually say all of them as well. It will give you credit as long as you get the book right.\nb. Medium difficulty\nA. What is the book and chapter? You can actually say all of them as well. It will give you credit as long as you get the book and chapter right.\nc. Hard difficulty\nA. What is the book, chapter and verse? You must get all three correct.\n4. 100% = The next level of difficulty will be ... Would you like to try it now? Please say yes or no.\n< 100% = Would you like to try this bible memory challenge again?\n\nRead a Verse\nRead a verse is a simple bible reader. It will prompt you to choose a bible verse that you would like Alexa to read.\n1. What verse would you like me to read?\n2. Would you like to read this verse again?", "details": "Skill Details\nRated: Guidance Suggested.\nThis skill contains dynamic content.\nInvocation Name: bible memory", "privacy_policy_href": ""}, "Top Minecraft Servers (unofficial)": {"review-count": "0", "description": "Description\nThis skill will tell you the current top 15 minecraft servers.\n\nExamples:\nAlexa, top m. c. servers get server {1-15}-to get information about the ranked server\n\nThis skill is not sponsored or endorsed by Minecraft.", "details": "Skill Details\nThis skill contains dynamic content.\nInvocation Name: top m. c. servers", "privacy_policy_href": ""}, "Witty Celebrity Trivia": {"review-count": "0", "description": "Description\nUsing professional voice actors, this entertaining skill recites trivia (spoken by celebrity impersonators) and more...\n\n* Shakespeare\n* Mark Twain\n* Proverbs\n* Fables\n* Animal Sounds\n* Painters\n* Composers\n\nTo access these additional features, just say, \"Help\" and then ask for one of the above.", "details": "Skill Details\nThis skill contains dynamic content.\nInvocation Name: witty celebrity trivia\nDeveloper Privacy Policy\nDeveloper Terms of Use", "privacy_policy_href": "http://www.witlingo.com/privacy-policy/"}, "Guess the animal": {"review-count": "0", "description": "Description\nQuiz questions on animals for kids. Helps kids by giving hints if required. uses animal sounds to make the skill funny", "details": "Skill Details\nThis skill contains dynamic content.\nInvocation Name: kids animal quiz", "privacy_policy_href": ""}, "Memory Game": {"review-count": "0", "description": "Description\nWith this skill you can play at the most famous memory game.\n\nThe game consists of finding pairs of identical images. To discover the images, the user must pronounce the corresponding number following the instructions given by alexa.\nIf the images are identical then a pair will have been found. The level will end when all pairs of the identical images have been found.\n\nPlay with the new skill alone or with friends to allow them to get a super memory.\n\nInvocation Example:\nAlexa, open Memory Game\n\n- The skill only supports devices that have the display.", "details": "Skill Details\nThis skill contains dynamic content.\nInvocation Name: memory game\nDeveloper Privacy Policy\nDeveloper Terms of Use", "privacy_policy_href": "https://creator.voiceflow.com/creator/terms?name=Marco%20Ciullo&skill=Memory%20Game&children=false"}, "Death Note Quotes": {"review-count": "1", "description": "Description\nthis skill gives random quotes from death note", "details": "Skill Details\nRated: Guidance Suggested.\nThis skill contains dynamic content.\nInvocation Name: d. n. q.", "privacy_policy_href": ""}, "Letter Chase": {"review-count": "1", "description": "Description\nLetter Chase is a fun matching game where you pick a category and go back and forth with Alexa, matching the starting letter in your word to any of the letters in Alexa's answer.\n\nYou can play Never Ending or Scored games where play Alexa to a target score. To even things out, you can gain more points by matching 5 in a row and even more points by matching on 5 last letters in a row.\n\nYou can pick from the following categories:\n\n\u2022 Foods\n\u2022 Animals\n\u2022 Cities (U.S.)\n\u2022 Actors\n\u2022 Movies\n\u2022 Sports Teams\n\nCrowdsourced improvements: Extensive work has been put to make each category's answer list is complete as possible. But on top of that, answers from users that are not found are logged and regularly reviewed to be added in order to continuously improve the answer datastore for each category.\n\nMatching Examples:\n\nFoods\nThe foods category matches the first letter of the first word in your food, to any of the letters in Alexa's word(s). If Alexa says eggs, the starting letter of your word can start from any of the letters in the word eggs (E, G, or S). So you could pick either English muffin, or grapes, or soup, as your answer.\n\nAnimals\nThe animals category matches the first letter of the first word in your animal, to any of the letters in my answer. So if Alexa says centipede and you say emperor penguin, the E in emperor penguin is the only letter that would be attempted to be used to match, which in this case would match one of the E letters in the word centipede.\n\nCities (U.S.)\nThe cities category matches the first letter of your city to any letters in either the city, full state name, or state abbreviation in Alexa's answer. So if Alexa says Eden Valley, MN you can say Tucson, AZ to match the T in Minnesota, or, Evergreen, CO to match an E, in Eden Valley. When saying your city you need to follow it with the state. If you leave out the state, then Alexa will give you a chance to guess which is the correct state from three choices.\n\nActors\nThe actors category matches the first letter of any of the names in your answer, to any of the letters in my answer. So if Alexa says Tom Hanks, you could say Harrison Ford to match H in Harrison to Hanks. And if Alexa says Michael J. Fox, you would also be able to use Harrison Ford since the F in Ford mathces to Fox (and the H in Harrison matches to the H in Michael).\n\nMovies\nThe movies category matches the first letter of the first word in your movie title, to any of the letters in Alexa's answer. If the movie you say starts with the article, The, it will match with either the T in The, or the first letter of the next word in the movie title. So if you said the movie, The Princess Bride, it would match to either one of the Ts in Back to the Future, or, to the P in Jurassic Park.\n\nSports Teams\nThe sports teams category matches the first letter of the first word in your sports team, to any of the letters in Alexa's answer. You can say the full team name that includes the city or region with the team name, so for example you can say New England Patriots which means you would be matching on the starting letter of N. Or you can say just the team name, such as Patriots and have the match based on the letter P. For example, the N in New England Patriots would match San Francisco Giants, but if you just said Patriots, there would be no match because there is no P in San Francisco Giants.", "details": "Skill Details\nRated: Guidance Suggested.\nThis skill contains dynamic content.\nInvocation Name: letter chase", "privacy_policy_href": ""}, "River sound": {"review-count": "2", "description": "Description\nRiver sound lets you hear white noise that can help you stay focused, relax and cover up annoying noises.\n\nStay updated on Smart Skills also on Instagram!\nhttps://www.instagram.com/smartskills.it", "details": "Skill Details\nRated: Guidance Suggested.\nThis skill contains dynamic content.\nInvocation Name: river sound\nDeveloper Privacy Policy\nDeveloper Terms of Use", "privacy_policy_href": "https://creator.voiceflow.com/creator/terms?name=Nicola&skill=River%20sound&children=false"}, "LG Seocho Campus Guide": {"review-count": "0", "description": "Description\nThis is a guide skill which explains the way to go the Seocho campus of LG Electronics. You can ask the location, the way to go there and the image of campus. In order to ask location you can ask 'Alexa, ask lg seocho campus where is it'. Also you can ask 'Alexa, ask lg seocho campus how to go there' and you can tell either 'Sun-bawi' or 'Yang-jae'. And furthermore you can ask the image of campus and get the image as a response of a standard card.", "details": "Skill Details\nThis skill contains dynamic content.\nInvocation Name: l. g. seocho campus", "privacy_policy_href": ""}, "Spell Star": {"review-count": "0", "description": "Description\nSpell Star enables you to crack competitions like Spell Bee.\nIt has a wide range of words for all levels ranging from 1 to 7 covering grades from 1 to 12.\nIt mimics exactly the same way like competitions, where user can ask for a word, it's origin, usage, definition and part of speech.", "details": "Skill Details\nThis skill contains dynamic content.\nInvocation Name: spell star", "privacy_policy_href": ""}, "Warzone Dropper": {"review-count": "6", "description": "Description\nLooking for a challenge and a random place to drop? This skill will give you a location and coordinates as well as some info about the area.\n\nPlease like and leave feedback in a detailed review and I will respond ASAP!\nDisclaimer: Unofficial & unaffiliated skill", "details": "Skill Details\nRated: Guidance Suggested.\nThis skill contains dynamic content.\nInvocation Name: war zone\nDeveloper Privacy Policy\nDeveloper Terms of Use", "privacy_policy_href": "http://antmounds.com/privacy"}, "Virginia Lottery": {"review-count": "20", "description": "Description\nThe skill returns essential Virginia Lottery draw-game information including last and next drawing dates and times, winning numbers and jackpot amounts. Information on games including Pick 3, Pick 4, Cash 5, Mega Millions and Powerball can be accessed easily and efficiently.", "details": "Skill Details\nRated: Mature.\nThis skill contains dynamic content.\nInvocation Name: virginia lottery\nDeveloper Privacy Policy", "privacy_policy_href": "https://www.valottery.com/vaprivacystatement.aspx"}, "Color Blaster": {"review-count": "2", "description": "Description\nRequires1-4 Echo Buttons\nPlayers1\nColor Blaster is a game of speed and reaction time, played over 10 increasingly difficult levels.\nEach level last 30 seconds.\n\nAlexa will give you a color at the beginning of each level and then you must press any buttons that light that color.\nIf you miss one, or press a button at the wrong time, you will lose one of your three lives.\nLose all your lives and it will be game over.\n\nColor Blaster can be played with one, two, three or four buttons.", "details": "Skill Details\nThis skill contains dynamic content.\nInvocation Name: color blaster", "privacy_policy_href": ""}, "A Dog's Way Home": {"review-count": "201", "description": "Description\nUh-oh! There are lost dogs out there that need your help.\n\nBased on the best-selling book and movie of the same name, A Dog\u2019s Way Home chronicles the heartwarming adventure of Bella, a dog who embarks on an epic 400-mile journey home after she is separated from her beloved human. Journey with Bella across mountains, deserts, forests, and more. Along the way, you'll need to help Bella figure out what dangerous or friendly situations she encounters.\n\nHelp Bella find her way home to find more lost dogs that need your help. You can go to the Dog Club to visit the dogs you've helped and go on even more adventures.\n\nHave a Paw-some time!", "details": "Skill Details\nThis skill contains dynamic content.\nInvocation Name: a dog's way home\nDeveloper Privacy Policy\nDeveloper Terms of Use", "privacy_policy_href": "https://www.sonypictures.com/corp/childrensprivacy.html"}, "The Nat Geo Kids Challenge": {"review-count": "0", "description": "Description\nGet weird, get wild, and get wacky with the Nat Geo Kids Challenge! Play one of three fun-filled mini games including: \"Name That Animal\", \"This or That?\", or \"Weird But True\u2026or False!\".\n\nIn \"Name That Animal\", you\u2019ll gain knowledge of common and unique animals as you try to identify creatures based on five fascinating clues. In \"Weird But True.. or False!\", you\u2019ll sort fact from fiction as you hear questionable facts and decide if they are true or false. And in \"This or That?\", you might reveal something new about yourself as you take on silly scenarios and choose \"This\" or \"That\".\n\nThe Nat Geo Kids Challenge includes two quizzes for \"This or That?\", five mystery animals in \"Name That Animal\", and fifteen rounds of \"Weird but True \u2026or False!\"\n\n*** More rounds, animals, quizzes, and more are available in The Nat Geo Kids Challenge through Amazon Kids+ subscriptions. ***\n\n\n\n\nCopyright \u00a9 2021 National Geographic\n\nPrivacy Policy:\nhttps://privacy.thewaltdisneycompany.com/en/\n\nChildren\u2019s Online Privacy Policy: https://privacy.thewaltdisneycompany.com/en/for-parents/childrens-online-privacy-policy/\n\nDo Not Sell My Info: https://privacy.thewaltdisneycompany.com/en/dnsmi/\n\nTerms of Use:\nhttps://disneytermsofuse.com/english/", "details": "Skill Details\nThis skill contains dynamic content.\nInvocation Name: the nat geo kids challenge\nDeveloper Privacy Policy\nDeveloper Terms of Use", "privacy_policy_href": "https://privacy.thewaltdisneycompany.com/en/"}, "Spooky Scary Halloween": {"review-count": "6", "description": "Description\nThis is a small \"Spooky Scary Halloween\" story. It is an interactive Speech-Adventure with a Halloween theme.\nJust say \"Alexa, start Spooky Scary Halloween.\" to get started. We put a lot of effort into the design and the decision making of the game. For example, we used different voices for different characters and we also used some sounds out of the sound library. The game should be funny and entertaining and if you want also a bit spooky ;) We hope you will enjoy playing our little story and it would be really cool if you would leave us some feedback so we can make this game even better in the future. ^^", "details": "Skill Details\nRated: Guidance Suggested.\nThis skill contains dynamic content.\nInvocation Name: spooky scary halloween", "privacy_policy_href": ""}, "Best Car Sounds": {"review-count": "4", "description": "Description\nBreathtaking car sounds\n\nWith over 120 impressive car sounds, our Alexa Skill \"Best Car Sounds\" offers one of the best collections of car sounds on the net. We have integrated all known vehicles. Like the sound of an Aston Martin DBS, the sound of a BMW M4 or the sound of a Ferrari Enzo.\nWe have spared no effort to put together the best and most varied car sounds for you.\n\nAnd this is how \"Best Car Sounds\" works\n\nThe best car sounds were divided into two categories:\n\n1.) Car sounds from starting the engine\n2.) Car sounds from accelerate\n\n--------------------------------------------------------------------------------------------------------------------------\n\nExample #1:\n\nFor example, if you want to listen to the start-up sound of an Aston Martin DBS, just say:\n\n\"Alexa, open best car sounds and start a Aston Martin DBS.\"\n\n... and our Alexa Skill will play the sound of a engine start from an Aston Martin DBS!\n\n--------------------------------------------------------------------------------------------------------------------------\n\nExample #2:\n\nHowever, if you want to know what an Aston Martin DBS sounds like when accelerating, just say:\n\n\"Alexa, open best car sounds and play the sound of an Aston Martin DBS.\"\n\n... and now the impressive sound of an Aston Martin DBS is played.\n\n--------------------------------------------------------------------------------------------------------------------------\n\nExample #3:\n\nPlay a random car sound\n\nOf course you can also play a random car sound in our Alexa skill \"Best Car Sounds\" and let it surprise you.\n\nJust say so:\n\n\"Alexa, open best car sounds and play me a random car sound.\"\n\n... and a first class car sound is played, which will amaze you.\n\n--------------------------------------------------------------------------------------------------------------------------\n\nHere is a list of car sounds that we have integrated:\n\nAlfa Romeo 4C\n\nAston Martin DB11\nAston Martin Vanquish\nAston Martin Virage\n\nAudi R8\nAudi RS3\nAudi RS7\nAudi TT\n\nBMW M4\nBMW M5\nBMW M6\n\nBugatti Chiron\nBugatti Veyron\n\nChevrolet Camaro\nChevrolet Corvette Z06\nChevrolet Corvette ZR1\n\nDodge Challenger\nDodge Challenger SRT Hellcat\nDodge Charger\nDodge Viper\n\nFerrari 458\nFerrari Enzo\nFerrari F12\nFerrari F40\nFerrari F430\nFord Focus RS\nFord GT\nFord Mustang GT\n\nJaguar F-Pace S\nJaguar F-Type R\nJaguar XJR\n\nLamborghini Aventador\nLamborghini Gallardo\nLamborghini Hurac\u00e1n\nLamborghini Murci\u00e9lago\nLamborghini Urus\n\nMaserati GranTurismo\nMaserati Quattroporte\n\nMazda MX-5\nMazda RX-8\n\nMcLaren 720S\nMcLaren MP4-12C\nMcLaren P1\n\nMercedes-AMG A 45\nMercedes-AMG C 63\nMercedes-AMG E 63\nMercedes-AMG G 63\nMercedes-AMG GT S\nMercedes-AMG SLS\n\nNissan 350Z\nNissan GT-R\nNissan Skyline GT-R\n\nPorsche 911 GT3\nPorsche 918 Spyder\nPorsche Carrera GT\nPorsche Cayenne Turbo S\nPorsche Panamera\n\nVolkswagen Golf GTI\nVolkswagen Scirocco R\nVolkswagen Golf R\n\n... and many more !\n\n\nHAVE A LOT OF FUN :-)", "details": "Skill Details\nThis skill contains dynamic content.\nInvocation Name: best car sounds", "privacy_policy_href": ""}, "Potter Letters": {"review-count": "9", "description": "Description\nYou and Alexa take turns guessing Potter related names or phrases beginning with a selected letter of the alphabet.\n\nThere are lots of sound effects and surprises.\n\nAlexa will tell you when it's your turn. If you don't answer, Alexa will prompt you to respond for a second time. If you still fail to answer then the game will time out.\n\nIf you can't think of an answer you can say \"Don't know\". If that happens Alexa will win the game but she will also suggest answers you could have given so you can learn for future games.\n\nYou can select which letter to play by saying \u201cAlexa, Play Letter\" (then your chosen letter). For example \u201cAlexa, Play Letter F\u201d or \u201cAlexa, Play Letter W\u201d.\n\nPotter Letters doesn\u2019t support the letters: X, Y and Z, as there are so few answers starting with those letters.\n\nEnjoy!\n\nPotter Letters Grading System:\n--------------------------------------\n\u2022 3 answers in a row - Merely Muggle\n\u2022 5 answers in a row - Pitifully Pettigrew\n\u2022 10 answers in a row - Dutifully Dobby\n\u2022 15 answers in a row - Fantastically Fred\n\u2022 20 answers in a row - Seriously Snape\n\u2022 25 answers in a row - Exceeds Expectations\n\u2022 30 answers in a row - Outstanding\n\u2022 35 answers in a row \u2013 Order of Merlin\n\u2022 40 answers in a row \u2013 Order of the Phoenix\n\u2022 45 answers in a row \u2013 JK Rowling\n\nRules:\n---------\n1. A \u201cthe\u201d in a title is treated as invisible. So \u201cThe Leaky Cauldron\u201d is a correct answer for the letter \u201cL\u201d, not the letter \u201cT\u201d.\n\n2. An \u201cA\u201d or an \u201cAn\u201d in a title are NOT invisible. So \u201cA Beginners Guide to Transfiguration\u201d is a correct answer for the letter \u201cA\u201d, not the letter \u201cB\u201d.\n\n3. If you say the full name then the first name takes precedence. So \u201cFleur Delacour\u201d is a correct answer for the letter \u201cF\u201d, not the letter \u201cD\u201d.\n\n4. First names and surnames ARE allowed as separate answers. For surnames please use the surname at the time of the books \u2013 so it\u2019s Ginny Weasley and not Ginny Potter, etc.\n\n5. If you say just the FIRST name then the answer is taken as the FULL name - so \u201cFlorean\u201d is taken as \u201cFlorean Fortescue\u201d. Thus you can\u2019t give \u201cFlorean\u201d AND \u201cFlorean Fortescue\u201d as 2 separate answers - they are treated as the SAME answer.\n\nLeader Board Frequently Asked Questions.\n--------------------------------------------------\nQ \u2013 Do the scores and ranks on the Leader Board include every Potter Letters player in the world?\nA \u2013 Yes. The Leader Board is a Global Leader Board, covering ALL Potter Letters players, wherever they are in the world.\n\nQ \u2013 Is the Leader Board real time?\nA \u2013 Yes. The Leader Board is updated continuously, in real time, so you always get the latest information.\n\nQ - Even though I won a game, my rank stayed the same, or went down! How is that even possible?\nA \u2013 This can happen if players above you break away from sharing their score with other players. For example, let\u2019s say 2 players above you on the Leader Board share the same score. They will be in joint place. However, if one of them increases their score then they will no longer share a score and instead of there being just one joint place above you there will be 2 separate places above you, and so you\u2019ll be pushed down the rankings.\n\nMissing answers?\n--------------------\nI am certain that not every possible answer is included in Potter Letters.\nSo please accept my apologies if your guess is not present.\nBut I hope you\u2019ll still enjoy the game!\n\nFeedback\n-------------\nI hope you\u2019ll love Potter Letters. If you have any issues, please let me know on the Potter Letters Facebook page, by e-mail at animal.letters@gmail.com, or by sending a message via owl post.\n\nMore games?\n------------------\nWhy not try:\n\u201cAlexa open the Daily Question\u201d\n\u201cAlexa open Feel the Pressure\u201d\n\u201cAlexa open Stinky Pinky\u201d\n\u201cAlexa open Animal Letters\u201d\n\u201cAlexa open Name Letters\u201d\n\u201cAlexa open Yes Majesty\u201d", "details": "Skill Details\nRated: Guidance Suggested.\nThis skill contains dynamic content.\nInvocation Name: potter letters", "privacy_policy_href": ""}, "Find My Third Digit": {"review-count": "0", "description": "Description\nAs an initiative I'm launching this crazy fun game, where Alexa will tell you the third number you missed out. Easy to play. Follow the guidelines\n\nFor instance:\nUser: Alexa, launch find my third digit\nAlexa: Take a 3 digit number, sum it and subtract it with the output and provide me any two digit from the result.\nUser: XX\nAlexa: Your 3rd digit is \"x\".\n\nCalculation Example:\nStep 1: 111\nstep 2: sum of 3 digit is 3\nStep 3: 111-3 is 108\nStep 4: Say any two values to get the third digit from Alexa.\n\nTry out and post your comments or Feedback.", "details": "Skill Details\nThis skill contains dynamic content.\nInvocation Name: find my third digit\nDeveloper Privacy Policy", "privacy_policy_href": "https://docs.google.com/document/d/1zDdJwXWquO7prB1yPmL13W3V-RVtpCebOEQlmCGKQqs/edit#heading=h.yfwyxatdxo0"}, "Airhockey News": {"review-count": "0", "description": "Description\nWant to know more about airhockey! Add this skill to your Alexa today and make it part of your news stream! Updated Weekly :)", "details": "Skill Details\nFlash Briefing Skill\nThis skill contains dynamic content.\nDeveloper Privacy Policy\nDeveloper Terms of Use", "privacy_policy_href": "http://ahl360.com/?page_id=291"}, "Hey Arthur": {"review-count": "61", "description": "Description\nHey! It\u2019s me, Arthur! It\u2019s a wonderful kind of day to learn something new! When you open Hey Arthur, you\u2019ll be transported to Elwood City to chat with some familiar friends. Play some trivia or ask Buster to tell you a silly joke! Ask Muffy, and she\u2019ll give you some great tips about going green, staying healthy, and helping out your friends, family, and community! And I have some fun exercises to help you get moving and grooving. The information in this skill is provided for informational and educational purposes only.", "details": "Skill Details\nThis skill contains dynamic content.\nInvocation Name: hey arthur", "privacy_policy_href": ""}, "Animal Crossing: Pocket Camp Unofficial Guide": {"review-count": "3", "description": "Description\nCurrently, this guide can help with breeding flowers, which villagers give which materials, and what time of day fish can be caught. More to come! If you have any feature suggestions or find any issues, please comment here.\n\nThis is an unofficial guide - I do not represent Nintendo or Animal Crossing. I do not own any of the Intellectual Property discussed in this guide.", "details": "Skill Details\nThis skill contains dynamic content.\nInvocation Name: pocket camp", "privacy_policy_href": ""}, "daycare game": {"review-count": "1", "description": "Description\nThe Daycare game. Race to the end of the day as your baby gains and loses happiness. The happiest baby when the first person reaches the end, wins. You can have up to four players. You can ask for the score at any time. Say things like roll the die or quit.", "details": "Skill Details\nThis skill contains dynamic content.\nInvocation Name: daycare game", "privacy_policy_href": ""}, "Snowball Fight": {"review-count": "1", "description": "Description\nOptional1-2 Echo Buttons\nPlayers1-2\nUse your Echo buttons or your voice to play a fun winter game throwing snowballs. Play in \"Solo Mode\" with a single player, or if you have buttons go \"Head to Head\" with two player mode.\n\nListen carefully to each scenario, and see if you should throw a snowball. For example, if someone else is playing outside, you can throw at them, but don't go after the mailman or your mother with hot chocolate! Act quickly as you don't have much time and other players are throwing at you, so be quick with your selection.\n\nIf you have buttons, try the \"Head to head\" mode. The first player to hit the target scores a point, and Alexa tracks the score. Don't be too quick with your buttons, else you might end up getting knocked out of the game.", "details": "Skill Details\nThis skill contains dynamic content.\nInvocation Name: snowball fight", "privacy_policy_href": ""}, "Blink": {"review-count": "0", "description": "Description\nIn 1965 Jeremiah Denton blinked the letters t-o-r-t-u-r-e while forced to participate in a propaganda piece by his captors as a prisoner of war. I sincerely hope you never find yourself in a similar situation.\n\nHowever, knowing the alphabet in morse code could come in handy.\n\nPerhaps you work at a fast food restaurant where your tyrant boss is also running for political office; If trotted out in front of the local news cameras as an example of his oh so happy employees, it might serve you well to know that \"B\" is 'dah-di-di-dit' and \"S\" is 'dah-dah-dah' in morse code.\n\nOr....\n\nMaybe you brought your roomie, who girls at college describe as 'hawt', to a family BBQ where your precocious cousin told him that she was 18 right in front of you but you know for a fact that she's only 15. Knowing how to spell out with blinks the word \"n-o-p-e\" (and your roomie knowing how to recognize it) could avoid a lot of awkwardness!\n\nWhatever your reason, I hope you have fun learning your ABCs in morse code with this skill :)", "details": "Skill Details\nRated: Guidance Suggested.\nThis skill contains dynamic content.\nInvocation Name: blink blink", "privacy_policy_href": ""}, "Car Safety Checker": {"review-count": "0", "description": "Description\nEasily check the safety ratings on thousands of cars. This skill will tell you the overall rating as well as the front crash rating and the side crash rating. It pulls this data from NHTSA, a government run website.", "details": "Skill Details\nThis skill contains dynamic content.\nInvocation Name: car safety", "privacy_policy_href": ""}, "Thunderstorm Sounds": {"review-count": "10", "description": "Description\nA great sleep is the secret to a great day. With this skill you're going to sleep better and wake up feeling truly refreshed, we have included some of the most inspiring quotes from around the world for you, for free, forever. We know that using this app you will feel great and ready to tackle all of the life\u2019s exciting challenges!\n\nYou can either pick from a mindful and incredible list of inspiring quotes or our amazing sound selection to get you through your day with a little more relaxation!\nPick from a gorgeous selection of professionally recorded nature sounds\n\nYou can say:\n\n\"Alexa, open Thunderstorm Sounds\"\n\"Alexa, start Thunderstorm Sounds\"\n\"Alexa, start Thunderstorm Sounds\"\n\nPlease leave a 5-star review if you love this skill, or send us an email with your suggestions at bseticket@gmail.com. Your 5-star reviews encourage us to keep making more great skills, thanks!", "details": "Skill Details\nRated: Guidance Suggested.\nThis skill contains dynamic content.\nInvocation Name: thunderstorm sounds\nDeveloper Privacy Policy", "privacy_policy_href": "http://bseapps.com/alexa/PrivacyPolicy.html"}, "Rock 'Em Sock 'Em Robots": {"review-count": "1", "description": "Description\nWelcome to the World of Robot Boxing! Play each day to train, upgrade, and personalize your Robot to create your perfect Battling-Bot. Fight your way up the ranks to claim the ultimate title of the Mega Weight Champion.\n\nBased on the classic Mattel Toy, Rock \u2018Em Sock \u2018Em Robots offers a new voice game made for screen-based devices. Give your Robot Boxer commands and watch your champion throw Quick Jabs, Mega Punches, and Block-Knockin\u2019 Super Moves!\n\nJoin the Robot Boxing League today! To start training your own Robot Boxer, just say, \u201cAlexa open Rock \u2018Em Sock \u2018Em Robots\u201d.\n\n---------------------------------------------------------------------------------------------------------\n\nThis skill requires Alexa\u2019s parental consent by an adult in the household (if not already granted). Visit https://www.amazon.com/myh/vpc/intro?clientId=Alexa_rw_vpc to give consent through your Amazon account.\n\nVoice purchase settings are available in your Alexa App.\n\nNOTE: Disabling the skill will cause you to lose your game progress.\n\n\u00a9 2020 MATTEL. ALL RIGHTS RESERVED.", "details": "Skill Details\nThis skill contains dynamic content.\nInvocation Name: rock em sock em robots\nDeveloper Privacy Policy\nDeveloper Terms of Use", "privacy_policy_href": "https://www.sonypictures.com/corp/childrensprivacy.html"}, "Cloudy with a Chance of Meatballs: Foodimals": {"review-count": "2", "description": "Description\nWelcome to the world of Sony Pictures Animation's Cloudy with a Chance of Meatballs! Inventor Flint Lockwood\u2019s food-generating machine has gone haywire creating new animals made of food!\n\nThese new \u201cFoodimal\u201d pets need your help and support. Check in each day to feed your pet, teach it tricks, and play activities.\n\nAdopt a Foodimal today! To start your adoption process just say, \u201cAlexa open Foodimals.\u201d\n\nThe Cloudy with A Chance of Meatballs: Foodimals game is for kids and fans aged 6+.\n\n---------------------------------------------------------------------------------------------------------\n\nThis skill requires Alexa\u2019s parental consent by an adult in the household (if not already granted). Visit https://www.amazon.com/myh/vpc/intro?clientId=Alexa_rw_vpc to give consent through your Amazon account.\n\nVoice purchase settings are available in your Alexa App.\n\nNOTE: Disabling the skill will cause you to lose your game progress.\n\nTM & \u00a9 2020 SONY PICTURES ANIMATION. ALL RIGHTS RESERVED.", "details": "Skill Details\nThis skill contains dynamic content.\nInvocation Name: foodimals\nDeveloper Privacy Policy\nDeveloper Terms of Use", "privacy_policy_href": "https://www.sonypictures.com/corp/childrensprivacy.html"}, "Pink Noise Sleep Sounds": {"review-count": "0", "description": "Description\nSo real pink noise sounds in HD, you can practically feel calm, relax and sleep! Get yourself to relax and be calm; with our soothing pink noise your are sure to drift off to sleep in peace.", "details": "Skill Details\nThis skill contains dynamic content.\nInvocation Name: pink noise sleep sounds\nDeveloper Privacy Policy\nDeveloper Terms of Use", "privacy_policy_href": "https://creator.voiceflow.com/creator/terms?name=samuel%20eleyinte&skill=Pink%20Noise%20Sleep%20Sounds&children=false"}, "Ocean Waves Crashing - Relaxing Sounds": {"review-count": "4", "description": "Description\nOcean Waves Crashing - Relaxing Sounds - Calming Relaxation Music For Sleeping\n\nSleep, study or read to our hours long ocean wave ambience video. The calming white noise of nature, the beach. HQ. HD. Fall asleep to it for 10 hours.\n\nListen to these wonderful relaxing sounds of ocean waves crashing, whether it be for 10 minutes, 15 minutes, 20 minutes, 30 minutes, 1 hour, 2 hours, 3 hours, 4 hours, 5 hours, 6 hours, 7 hours, 8 hours, 9 hours, 10 hours, 11 hours or even 12 hours or 24 hours!", "details": "Skill Details\nThis skill contains dynamic content.\nInvocation Name: ocean waves crashing\nDeveloper Privacy Policy\nDeveloper Terms of Use", "privacy_policy_href": "https://creator.voiceflow.com/creator/terms?name=samuel%20eleyinte&skill=Ocean%20Waves%20Crashing%20-%20Relaxing%20Sounds&children=false"}, "Racing Tips at Keeneland": {"review-count": "0", "description": "Description\nSay Alexa, ask Horse Ranker what they like at Keeneland today? and she will tell you the top ranked horses in each race on todays card at Keeneland Race Track. Horses are ranked by a combination of Artificial Intelligence and Expert Opinions provided courtesy of the Handicappers at HorseRanker.com. You can tell Alexa which race you are interested in after she welcomes you. Once you are finished, you can ask Alexa for more information by simply saying the name of another race, such as Race TWO....until you have all of the information that you want. These Tips are given for Educational and Entertainment Purposes - and they are not offered as inducements or advice for the purposes of Real Money Wagering. To get daily information about Horse Racing, Handicapping and to win Prizes for playing in Handicapping Contests please send an email to support@horseranker.com", "details": "Skill Details\nRated: Guidance Suggested.\nThis skill contains dynamic content.\nInvocation Name: horse ranker\nDeveloper Privacy Policy\nDeveloper Terms of Use", "privacy_policy_href": "https://skilexa.com/doneforyou/privacy/"}, "Monkey Sounds": {"review-count": "52", "description": "Description\nListen to the sound of monkeys. Fun for friends and families!", "details": "Skill Details\nThis skill contains dynamic content.\nInvocation Name: monkey sounds\nDeveloper Privacy Policy\nDeveloper Terms of Use", "privacy_policy_href": "https://nickazzarello.com/privacy-policy"}, "Lord of the Ring Facts": {"review-count": "1", "description": "Description\nThese facts will provide information about the three fantasy adventure films directed by Peter Jackson. They are based on the novel The Lord of the Rings by J. R. R. Tolkien. The great fan of lord of the ring movie should know these facts.", "details": "Skill Details\nThis skill contains dynamic content.\nInvocation Name: lord of the ring facts", "privacy_policy_href": ""}, "Jewelry Metal Facts": {"review-count": "0", "description": "Description\nWelcome to Jewelry Metals. Metal is being part of our lifestyle and few metals are precious and expensive in the world which we use it for making ornaments. We are going to see some interesting facts on those metals in this skill. Just say 'Alexa, open jewelry metals' to launch this skill. You can say 'stop' anytime to stop this skill.\n\nIf you love this skill, please let us know by giving us a 5-star rating!\n\nWe'd love to hear from you! If you have questions, comments, or feedback, please e-mail us at encoreideas08@gmail.com", "details": "Skill Details\nThis skill contains dynamic content.\nInvocation Name: jewelry metals", "privacy_policy_href": ""}, "Animal Match": {"review-count": "0", "description": "Description\nNEW AND EXCLUSIVE TO ECHO SHOW DEVICES!\n\nSharpen your short-term memory with this classic matching game!\n\nFEATURES\n\u2022 Good for all ages with ten levels to play, each more challenging than the last\n\u2022 Unlimited access to five levels for free. Unlock five more with Animal Match Pro.\n\u2022 Touch-based interactions to flip cards over\n\u2022 Automatically keeps track of progress\n\nHOW TO PLAY\n\u2022 Tap a level to play it\n\u2022 Find matches by tapping cards to flip them over\n\u2022 The fewer misses you make, the more stars you'll earn\n\u2022 Each level you complete, unlocks the next one\n\u2022 Clearing the levels only resets your stars. You will not lose access to any levels you've unlocked or purchased.\n\u2022 Shoot for the stars! And earn all 30 of them by mastering each level.\n\nCOMPATIBILITY\nAnimal Match is a visual game and requires a compatible device with a screen. Currently, Animal Match is only supported on the Echo Show 15, 10, 8 and 5.\n\nFEEDBACK\nIdeas? Issues? Questions? If you'd like to leave feedback or get in touch, please leave us an e-mail at whoa.labs.for.alexa@gmail.com. We love to hear from you!", "details": "Skill Details\nRated: Guidance Suggested.\nThis skill contains dynamic content.\nInvocation Name: animal match", "privacy_policy_href": ""}, "Horse Race": {"review-count": "9", "description": "Description\nHorse Race is a game where you pick the horse you think will win the race. Everyday, you get 3 races to play on your own or with others. In a single-player game, if you win all 3 races in a day, you get a bonus race for that day.\n\n*NEW*\nRace commentary can be heard during your races\nBecome the highest-ranked player by getting the most wins in a single-player game.\n\n-----------------\nSingle Player\n-----------------\nKeep track of how many wins you've made by saying what are my results.\nBecome the highest-ranked player against other Alexa players by getting the most wins in a single-player game\n-----------------\nMultiplayer\n-----------------\nCompete against each other to see who can get the lowest points overall by ranking in the highest positions.\n\n1st place = 1 point\n2nd place = 2 points\n3rd place = 3 points\n4th place = 4 points\n5th place = 5 points\n6th place = 6 points\n\nYou can pick the same horse as another player but careful, you don't want to be seen as a copycat.\n\n\nIf you like the game please leave a review as more updates and features can be added.\n\n\n-----------------------------------------------\nPREMIUM FEATURES\n\nWant more races? You can get the Unlimited Subscription with more horses to race with.\n\n-----------------------------------------------\n\nOther skills you can try out from Adassa Innovations are:\n\nRiddle Time\nFast Food Memory Game\nMusic Bop Adventures (for kids)\nOpposite Game\nRhyme It\nHigher Lower Game\n\nFor any questions, support or feedback contact: contact@adassainnovations.com", "details": "Skill Details\nRated: Guidance Suggested.\nThis skill contains dynamic content.\nInvocation Name: horse race\nDeveloper Privacy Policy", "privacy_policy_href": "https://adassainnovations.com/privacy_policy.html"}, "Halloween Costume picker": {"review-count": "0", "description": "Description\nStill confused what to wear? Well, Halloween costume picker has come to rescue and save your time by picking the most \"creative\" and \"freaky\" costume of all times. This Halloween Party leave it all to halloween costumer picker and let it brainstorm the ideas for costumes.", "details": "Skill Details\nThis skill contains dynamic content.\nInvocation Name: halloween costume picker", "privacy_policy_href": ""}, "Vintage Phone Ring": {"review-count": "1", "description": "Description\nVintage Phone Ring is a skill to help you enjoy the sounds of a Vintage phone ring.\n\nYou can say:\n\n\"Alexa, open Vintage Phone Ring\"\n\"Alexa, start Vintage Phone Ring\"\n\"Alexa, launch Vintage Phone Ring\"\n\nPlease leave a 5-star review if you love this skill, or send us an email with your suggestions at dougslates@gmail.com_ Your 5-star reviews encourage us to keep making more great skills, thanks!", "details": "Skill Details\nRated: Guidance Suggested.\nThis skill contains dynamic content.\nInvocation Name: vintage phone ring\nDeveloper Privacy Policy", "privacy_policy_href": "https://getstoryline.com/public/privacy.html"}, "Sleep Sounds Car Ride Idle": {"review-count": "0", "description": "Description\nSo real car ride idle sounds in HD, you can practically feel calm, relax and sleep! Get yourself to relax and be calm; with our soothing car ride idle sounds your are sure to drift off to sleep in peace.", "details": "Skill Details\nThis skill contains dynamic content.\nInvocation Name: sleep sounds car ride\nDeveloper Privacy Policy\nDeveloper Terms of Use", "privacy_policy_href": "https://creator.voiceflow.com/creator/terms?name=samuel%20eleyinte&skill=Sleep%20Sounds%20Car%20Ride%20Idle&children=false"}, "lord of the rings facts": {"review-count": "0", "description": "Description\nThis skill will help you know some cool facts about the Lord of The Rings movies. Go on and ask one from your device today! Please note that I am a Lord of The Rings fan and am publishing this skill as an individual, and am no way related to Lord of The Rings film production studios.", "details": "Skill Details\nRated: Guidance Suggested.\nThis skill contains dynamic content.\nInvocation Name: lord of the rings facts", "privacy_policy_href": ""}, "The Lord of the Rings Trivia Game": {"review-count": "75", "description": "Description\nThe Lord of the Rings Trivia Game for The Lord of the Rings and other works by J.R.R. Tolkien.\n\nThe trivia knowledge bank ranges from \"I've watched the movies\" to \"I name my pets after the High Elves.\" The trivia covers both the movies and the books, but is true to the books.\n\nGameplay:\n\nTo get started, simply say, \"Alexa, play The Lord of the Rings Trivia Game.\"\n\nListen carefully for the most correct answer!\n\nTo give an answer to a question, respond with the number of the answer. For example, say one, two, three, or four.\n\nTo repeat the last question, say, \"Repeat.\"\n\nIf you don't know the answer, you can also respond with, \"I don't know.\"\n\nTo start a new game at any time, say, \"Start a new game.\"\n\nMore trivia questions added regularly!", "details": "Skill Details\nRated: Guidance Suggested.\nThis skill contains dynamic content.\nInvocation Name: the lord of the rings trivia game", "privacy_policy_href": ""}, "Unofficial Sorting Hat for Harry Potter Fans": {"review-count": "159", "description": "Description\nBased on the Sorting Hat from the Harry Potter series, this skill helps you and your friends find out which of the four Hogwarts houses you belong in. This is a fan-made skill and does not claim ownership to any of the content referring to Harry Potter.\n\nIcon made by Freepik from www.flaticon.com", "details": "Skill Details\nThis skill contains dynamic content.\nInvocation Name: house sorter", "privacy_policy_href": ""}, "Lord Of The Rings Quiz": {"review-count": "48", "description": "Description\nYou will be quizzed about Lord of the Rings movie trivia, try to get them all right!", "details": "Skill Details\nThis skill contains dynamic content.\nInvocation Name: lord of the rings quiz", "privacy_policy_href": ""}, "Celebrity Quote of the Day Briefing": {"review-count": "0", "description": "Description\nYou never know what's going to come out of the mouths of our favorite celebrities! Tune in to YourDictionary's Celebrity Quote of the Day every day for a new quote from your favorite actors, musicians and other celebrities like Brad Pitt, Madonna, Jennifer Lawrence & more! Some days it'll be funny, some days it will be thought provoking, and every day it will be entertaining.", "details": "Skill Details\nFlash Briefing Skill\nThis skill contains dynamic content.\nDeveloper Privacy Policy\nDeveloper Terms of Use", "privacy_policy_href": "http://www.yourdictionary.com/about/privacy.html"}, "Gemstone Facts": {"review-count": "50", "description": "Description\nThis skill provides interesting facts about gemstones: what color are they? How were they used throughout history? What are their purported magical powers?", "details": "Skill Details\nThis skill contains dynamic content.\nInvocation Name: gemstone facts", "privacy_policy_href": ""}, "Ohio Lottery": {"review-count": "33", "description": "Description\nWant to know the latest Ohio Lottery Classic Lotto numbers? Trying to find an Ohio retailer location near you that sells tickets? What time is the next drawing? Get the answers to your Ohio Lottery questions with the Ohio Lottery Alexa Skill. It's everything you need to stay up-to-date on the latest drawings, upcoming jackpot drawings and more. Enable the skill today and say, 'Alexa, Ask Ohio Lottery...' or 'Alexa, Open Ohio Lottery,' followed by your question.", "details": "Skill Details\nRated: Mature.\nThis skill contains dynamic content.\nInvocation Name: ohio lottery\nDeveloper Privacy Policy\nDeveloper Terms of Use", "privacy_policy_href": "https://www.ohiolottery.com/About/Legal/Privacy-Policy/"}, "Harry Potter Spells": {"review-count": "21", "description": "Description\nHarry Potter Spells is a wonderful Alexa Skill. It gives you info about various Hogwarts magic spells, charms, enchantments, etc.\nAll you have to do is just invoke the skill by saying \"Start Harry Potter Spells\", then say any spell name!!\nThanks!!\nFeel free to give any feedback at abhi.jjainn@gmail.com", "details": "Skill Details\nThis skill contains dynamic content.\nInvocation Name: harry potter spells", "privacy_policy_href": ""}, "My Loft": {"review-count": "27", "description": "Description\nNEW AND EXCLUSIVE TO ECHO SHOW AND LATEST FIRE TV 4K DEVICES! Become the manager of a curious, out of the way bed and breakfast in My Loft \u2013 a voice-first, casual game exclusive to Alexa smart displays.\n\nMy Loft plays out entirely in real-time. Every day you play, you\u2019ll experience a new quirky guest, playful events, and new ways to upgrade and customize your loft.\nAs your loft improves, you\u2019ll attract more influential and demanding guests. From the charming farmer next door to the world\u2019s greatest rock star, you\u2019ll enjoy chatting with them, laughing with them, and learning their dreams and fears.\n\nFeatures:\n\u2022 Voice-first game design lets you talk to your guests, befriend them, learn their secrets, and help them achieve their goals.\n\u2022 Real-time gameplay lets friends and family get involved in your loft. Guests arrive in the morning and leave the next day. The more everybody interacts with them, the happier they\u2019ll be when they leave.\n\u2022 Over 30 playful guests to entertain, ranging from championship dog breeders and novelists to famous influencers and celebrity chefs. Each guest features hundreds of lines of dialogue, voiced by professional actors.\n\u2022 Over 250 decorative objects to customize your loft with. Make your place more comfortable with deluxe beds and chairs, cooler with guitars and posters, or weirder with donut statues and rhino-shaped couches.\n\u2022 High fidelity 3D graphics and animation bring the characters and world of My Loft to life.\n\u2022 For customers with the new Echo Show 10, My Loft includes gameplay that follows you as you play and also delightful, motion choreographed screen animation.\n\nMy Loft is free-to-play. You may purchase additional, themed decoration packs to supplement the decorating experience.\nNote that My Loft is Guidance Suggested due to mild, crude humor and occasional guest rudeness.\n\nMy Loft is supported on the Echo Show 5, 8, 10, Fire TV Cube 4K 2019 and Fire TV Stick 4K. If you are experiencing issues, please update your device from Settings / Device Options / Software Updates and try again in a few hours. Updates may take up to 24 hours to complete.\n\nHOW TO PLAY\n\u2022 Once you\u2019ve checked a guest into your loft, chat with them often to keep them happy: Try, \u201cAlexa, talk to my guest\u201d\n\u2022 Guests check out the next day. The more stars you\u2019ve earned, the more they\u2019ll pay you. You can spend your hard-earned coins in the store to buy new decorations, props, and wallpapers: Try, \u201cAlexa, what\u2019s for sale?\u201d\n\u2022 All items in the game rated for Comfort, Coolness, and Weirdness. The higher each of these ratings get, the more new guests you\u2019ll unlock. At any point, you can check your Guest List to see who\u2019s in town, and invite back your favorite people: Try, \u201cAlexa, open my guest list\u201d\n\u2022 You can tap on an item to move it, sell it, or transfer it into Storage, where you can access it later. You can rearrange the furniture in your loft at any time: Try, \u201cAlexa, design mode\u201d\n\u2022 To move through your loft, you can try, \u201cAlexa, go to the living room,\u201d \u201cAlexa, go to the bedroom,\u201d or, if you\u2019ve unlocked it, \u201cAlexa, go to the library\u201d\n\nHINTS & TIPS\n\u2022 If you get a guest\u2019s happiness to 5 stars, you\u2019ll get a special, unique gift. Try to collect them all!\n\u2022 To access your storage, try, \u201cAlexa, open my storage\u201d\n\u2022 If you\u2019ve purchased in-skill purchases, they\u2019ll always be available from storage. Try, \u201cAlexa, open my storage\u201d\n\u2022 Didn\u2019t hear what a guest said? Try, \u201crepeat that?\u201d\n\u2022 Items in the store refresh every hour or so \u2013 check back often for those rare items!\n\u2022 Sometimes guests get tired of chatting. Give them an hour or so to rest up, and they\u2019ll be ready to talk again soon.\n\u2022 Tired of an annoying guest? Try, \u201cAlexa, kick out my guest\u201d\n\u2022 Everybody likes to dance. Try, \u201cAlexa, ask my guest to dance\u201d\n\nFEEDBACK\nIf you\u2019d like to send us feedback, email us at myloft-feedback@amazon.com. While we don\u2019t respond to every email, we read them all. Your feedback and suggestions matter to us a lot.", "details": "Skill Details\nRated: Guidance Suggested.\nThis skill contains dynamic content.\nInvocation Name: my loft\nDeveloper Privacy Policy", "privacy_policy_href": "https://www.amazon.com/gp/help/customer/display.html?nodeId=468496"}}