{"NewsRadio WJPF": {"review-count": "0", "description": "Description\nNewsRadio WJPF is Southern Illinois #1 Newstalk station. Providing both local and regional news with the Morning Newswatch every weekday from 6am to 9am. On WJPF you can enjoy popular programs like Rush Limbaugh, Mark Levin, and Sean Hannity, and many more. WJPF is home to the award winning Sportsvoice every Saturday at 8am. Download our mobile app to listen to us anywhere!", "details": "Skill Details\nRated: Guidance Suggested.\nThis skill contains dynamic content.\nInvocation Name: j. p. f.\nDeveloper Privacy Policy\nDeveloper Terms of Use", "privacy_policy_href": "https://cir.st/privacy-policy"}, "Todd-N-Tyler": {"review-count": "9", "description": "Description\nThe Todd-N-Tyler Radio Empire!\n\nSay \"Alexa, open todd and tyler\" to begin listening.", "details": "Skill Details\nRated: Mature.\nThis skill contains dynamic content.\nInvocation Name: todd and tyler", "privacy_policy_href": ""}, "Thunder 981": {"review-count": "1", "description": "Description\nSierra Vista's Rock Station\n\nSay \"Alexa, open thunder ninety eight one\" to begin listening.", "details": "Skill Details\nRated: Guidance Suggested.\nThis skill contains dynamic content.\nInvocation Name: thunder ninety eight one", "privacy_policy_href": ""}, "Classic Christian Rock Radio": {"review-count": "0", "description": "Description\nClassic Christian Rock Radio plays some of the greatest Christian rock ever made. From the 1970's to the 1990's, you'll hear a great variety of Christian rock and metal. At Classic Christian Rock Radio, we're keeping the music alive.\n\nClick the \"Enable\" button or say \"Alexa, open Classic Christian Rock Radio\" to open the skill.\n\nEnjoy live shows during the week from Mr. Bill and Geoff Cooper. On Sundays we feature a full slate of special programs like Full Circle with Jerry Bryant, Rock and Religion, The Gospel Blues Show, and Time Machine.", "details": "Skill Details\nRated: Guidance Suggested.\nThis skill contains dynamic content.\nInvocation Name: classic christian rock radio", "privacy_policy_href": ""}, "voicedrop": {"review-count": "20", "description": "Description\nvoicedrop is the place to find news and information from artists, and we're working on a whole new way for artists and fans to interact through voice.\nPerhaps we don't have everyone that you're looking for - please bear with us, as we work to encourage more artists and creators to speak with their fans using voice technology.", "details": "Skill Details\nRated: Guidance Suggested.\nThis skill contains dynamic content.\nInvocation Name: voice drop\nDeveloper Privacy Policy\nDeveloper Terms of Use", "privacy_policy_href": "https://www.voxally.com/privacy"}, "Mike Jokes": {"review-count": "0", "description": "Description\nDaily jokes about work, parenthood, and geeky kinds of stuff.", "details": "Skill Details\nFlash Briefing Skill\nThis skill contains dynamic content.", "privacy_policy_href": ""}, "KISS FM Maine": {"review-count": "0", "description": "Description\nListen live to KISS FM Maine", "details": "Skill Details\nRated: Guidance Suggested.\nThis skill contains dynamic content.\nInvocation Name: kiss f. m. main", "privacy_policy_href": ""}, "The Writer's Almanac": {"review-count": "24", "description": "Description\nListen to daily poetry and historical interest pieces, usually of literary significance, hosted by Garrison Keillor. You can pause and play by saying \"Alexa, pause\" and \"Alexa, resume.\" Just say \"Alexa, stop\" when you're done for the day. When listening to podcasts you can say \"Alexa, shuffle\" to shuffle the playing order, or \"Alexa, loop\" to loop the current episode. You can also ask for previous and next episodes by saying \"Alexa, previous\" and \"Alexa, next\".", "details": "Skill Details\nThis skill contains dynamic content.\nInvocation Name: the writer's almanac", "privacy_policy_href": ""}, "Marqs Music is Passion": {"review-count": "0", "description": "Description\nMusic of Marqs DeSade\n\nBe sure to leave a 5-star review!", "details": "Skill Details\nThis skill contains dynamic content.\nInvocation Name: music is passion\nDeveloper Privacy Policy\nDeveloper Terms of Use", "privacy_policy_href": "https://docs.google.com/document/d/1Ke0PV2U9kLgKFvKen_GWpkMlGcSpOLj85vZay4PXvns/edit?usp=sharing"}, "RMRE": {"review-count": "0", "description": "Description\nExclusive updates and clips from RMRE.", "details": "Skill Details\nFlash Briefing Skill\nRated: Guidance Suggested.\nThis skill contains dynamic content.", "privacy_policy_href": ""}, "UNMarketing Blog": {"review-count": "0", "description": "Description\nListen to the latest blogs posts from the UNMarket Your Business Blog. You can pause and play by saying \"Alexa, pause\" and \"Alexa, resume.\" Just say \"Alexa, stop\" when you're done for the day. You can say \"Alexa, shuffle\" to shuffle the playing order, or \"Alexa, loop\" to loop the current episode. You can also ask for previous and next episodes by saying \"Alexa, previous\" and \"Alexa, next\". This skill was created using a Skill Blueprint. Your requests to this skill are not shared with the skill developer.", "details": "Skill Details\nThis skill contains dynamic content.\nInvocation Name: marketing blog", "privacy_policy_href": ""}, "The Valley Ledger": {"review-count": "0", "description": "Description\nListen to the latest information published on The Valley Ledger. You can pause and play by saying \"Alexa, pause\" and \"Alexa, resume.\" Just say \"Alexa, stop\" when you're done for the day. You can say \"Alexa, shuffle\" to shuffle the playing order, or \"Alexa, loop\" to loop the current episode. You can also ask for previous and next episodes by saying \"Alexa, previous\" and \"Alexa, next\". This skill was created using a Skill Blueprint. Your requests to this skill are not shared with the skill developer.", "details": "Skill Details\nThis skill contains dynamic content.\nInvocation Name: the valley ledger", "privacy_policy_href": ""}, "Every Other Wednesday": {"review-count": "0", "description": "Description\nEvery Other Wednesday is a participation award-winning talk show featuring the linguistic stylings of Dylan Bickers and Devan Navaratnam. We discuss politics, productivity, games, tech and a bunch of other random stuff. Hosted by Dylan Bickers and Devan Navaratnam.", "details": "Skill Details\nFlash Briefing Skill\nThis skill contains dynamic content.", "privacy_policy_href": ""}, "GTO 107": {"review-count": "0", "description": "Description\nGTO 107 plays the greatest hits in Ardmore, Ok", "details": "Skill Details\nRated: Guidance Suggested.\nThis skill contains dynamic content.\nInvocation Name: g. t. o. one oh seven", "privacy_policy_href": ""}, "WEJZ Jacksonville": {"review-count": "1", "description": "Description\nWEJZ Online Stream", "details": "Skill Details\nRated: Guidance Suggested.\nThis skill contains dynamic content.\nInvocation Name: w. e. j. z. jacksonville", "privacy_policy_href": ""}, "KCT Radio": {"review-count": "0", "description": "Description\nListen to your favorite Mexican hits from KCT Radio.", "details": "Skill Details\nRated: Guidance Suggested.\nThis skill contains dynamic content.\nInvocation Name: k. c. t. radio", "privacy_policy_href": ""}, "103.5 ESPN": {"review-count": "0", "description": "Description\n103.5 is home to all things sports! Catch your favorite sporting events live on 103.5 ESPN. Local or national, you\u2019ll find it here! Download our mobile app to listen to us anywhere!", "details": "Skill Details\nThis skill contains dynamic content.\nInvocation Name: one oh three five e. s. p. n.\nDeveloper Privacy Policy\nDeveloper Terms of Use", "privacy_policy_href": "https://cir.st/privacy-policy"}, "Legion of Love Podcast": {"review-count": "0", "description": "Description\nWelcome to the Legion Of Love Podcast where a small group of young, intelligent folks are putting their thoughts on love, life, relationships and the cultures we love on display.\nNOTE:\nAs soon as you open/launch the podcast, you will be playing the latest episode by default, but you can always find something more specific. Read HOW TO USE instructions below\n\nHOW TO USE:\nTo Get Started: Say \"Alexa, open \u2018love podcast\u2019\u201d.\n\nNext/Previous:\n\u2014 [While Episode Is Playing] = \u201cAlexa, next\u201d\n\u2014 [While Episode Is Playing] = \u201cAlexa, previous\u201d\n\nFast Forward:\nIf you want to skip ahead, you can say \"Alexa, ask \u2018love podcast\u2019 to fast forward 2 minutes\"\n\nRewind:\nif you want to go back, you can say \"Alexa, ask \u2018love podcast\u2019 to rewind 30 seconds\"\n\nSpecific Episode:\nYou can also use \u2018Episode No\u2019 to play specific episodes", "details": "Skill Details\nRated: Guidance Suggested.\nThis skill contains dynamic content.\nInvocation Name: love podcast\nDeveloper Privacy Policy\nDeveloper Terms of Use", "privacy_policy_href": "https://emitrr.com/privacy-policy"}, "MDS Flash Briefing": {"review-count": "1", "description": "Description\nMarqs shares clips from his music, does commentary on music related topics and shares his music calendar for the near future.", "details": "Skill Details\nFlash Briefing Skill\nThis skill contains dynamic content.\nDeveloper Privacy Policy\nDeveloper Terms of Use", "privacy_policy_href": "https://docs.google.com/document/d/1Ke0PV2U9kLgKFvKen_GWpkMlGcSpOLj85vZay4PXvns/edit?usp=sharing"}, "Legends 810": {"review-count": "1", "description": "Description\nLegends 810, KLVZ, is Denver's home for pop classics, the music you grew up with.", "details": "Skill Details\nThis skill contains dynamic content.\nInvocation Name: legends eight ten", "privacy_policy_href": ""}, "Emma McGann Backstage": {"review-count": "2", "description": "Description\nJoin Emma McGann Backstage for interactive games, daily songwriting tips and exclusive content around upcoming releases!", "details": "Skill Details\nRated: Guidance Suggested.\nThis skill contains dynamic content.\nInvocation Name: emma mcgann backstage\nDeveloper Privacy Policy\nDeveloper Terms of Use", "privacy_policy_href": "https://www.emmamcgann.com/alexa-privacy-policy"}, "The SANE Show": {"review-count": "0", "description": "Description\nCliff along with guests and friends discuss a variety of random topics that are fun, entertaining and thought provoking. The show features many people including artists, athletes, musicians, comedians and many more. No matter the topic, there's something for everyone.\nNOTE:\nAs soon as you open/launch the podcast, you will be playing the latest episode by default, but you can always find something more specific. Read HOW TO USE instructions below\n\nHOW TO USE:\nTo Get Started: Say \"Alexa, open \u2018sane show podcast\u2019\u201d.\n\nNext/Previous:\n\u2014 [While Episode Is Playing] = \u201cAlexa, next\u201d\n\u2014 [While Episode Is Playing] = \u201cAlexa, previous\u201d\n\nFast Forward:\nIf you want to skip ahead, you can say \"Alexa, ask \u2018sane show podcast\u2019 to fast forward 2 minutes\"\n\nRewind:\nif you want to go back, you can say \"Alexa, ask \u2018sane show podcast\u2019 to rewind 30 seconds\"\n\nSpecific Episode:\nYou can also use \u2018Episode No\u2019 to play specific episodes", "details": "Skill Details\nThis skill contains dynamic content.\nInvocation Name: sane show podcast\nDeveloper Privacy Policy\nDeveloper Terms of Use", "privacy_policy_href": "https://emitrr.com/privacy-policy"}, "Odd Lots": {"review-count": "0", "description": "Description\nBloomberg\u2019s Joe Weisenthal and Tracy Alloway take you on a not-so random weekly walk through hot topics in markets, finance and economics.\nNOTE:\nAs soon as you open/launch the podcast, you will be playing the latest episode by default, but you can always find something more specific. Read HOW TO USE instructions below\n\nHOW TO USE:\nTo Get Started: Say \"Alexa, open \u2018old lots podcast\u2019\u201d.\n\nNext/Previous:\n\u2014 [While Episode Is Playing] = \u201cAlexa, next\u201d\n\u2014 [While Episode Is Playing] = \u201cAlexa, previous\u201d\n\nFast Forward:\nIf you want to skip ahead, you can say \"Alexa, ask \u2018old lots podcast\u2019 to fast forward 2 minutes\"\n\nRewind:\nif you want to go back, you can say \"Alexa, ask \u2018old lots podcast\u2019 to rewind 30 seconds\"\n\nSpecific Episode:\nYou can also use \u2018Episode No\u2019 to play specific episodes", "details": "Skill Details\nRated: Guidance Suggested.\nThis skill contains dynamic content.\nInvocation Name: old lots podcast\nDeveloper Privacy Policy\nDeveloper Terms of Use", "privacy_policy_href": "https://emitrr.com/privacy-policy"}, "92.5 KJJY": {"review-count": "0", "description": "Description\nCountry\u2019s Best. Past & Present.\n\nSay \"Alexa, open ninety two five k. j. j. y.\" to begin listening.", "details": "Skill Details\nRated: Guidance Suggested.\nThis skill contains dynamic content.\nInvocation Name: ninety two five k. j. j. y.", "privacy_policy_href": ""}, "Jukeboxy": {"review-count": "0", "description": "Description\nJukeboxy provides licensed, curated and convenient business music to its customers by combining technology and human touch. As a business owner your hands are full, use your voice to control music at your business.", "details": "Skill Details\nRated: Guidance Suggested.\nThis skill contains dynamic content.\nInvocation Name: jukeboxy\nDeveloper Privacy Policy\nDeveloper Terms of Use", "privacy_policy_href": "https://www.jukeboxy.com/privacy.html"}, "Lite Rock - 96.9": {"review-count": "3", "description": "Description\nLite Rock plays everything from Madonna to Ed Sheeran, while maintaining a focus on all things South Jersey! From family fun events and community news to Health Updates with Robin Stoloff and solving Impossible Trivia with Eddie Davis, we\u2019ll keep you in the know with the latest trends.", "details": "Skill Details\nRated: Guidance Suggested.\nThis skill contains dynamic content.\nInvocation Name: lite rock ninety six point nine", "privacy_policy_href": ""}, "FWRP": {"review-count": "1", "description": "Description\nRhythm and Praise (FWRP) plays your favorite gospel music, anywhere, anytime! Tune in to hear live on-air personalities discuss social issues, trending topics, and provide fresh perspective and spiritual guidance. Check us out online at FWRP.org to find information and updates on Rhythm and Praise! Wherever you are on your faith journey, Rhythm and Praise will walk right alongside you to encourage and inspire you. To play Rhythm and Praise...You can say \"Alexa, open F. W. R. P.\"", "details": "Skill Details\nRated: Guidance Suggested.\nThis skill contains dynamic content.\nInvocation Name: f. w. r. p.\nDeveloper Privacy Policy\nDeveloper Terms of Use", "privacy_policy_href": "https://cir.st/privacy-policy"}, "The WordPress Photography Podcast": {"review-count": "1", "description": "Description\nThe podcast for photographers looking to learn and do more with their WordPress photography websites. Conversations tailored to making WordPress more than just a tool and more of a part of your photography business.", "details": "Skill Details\nFlash Briefing Skill\nThis skill contains dynamic content.", "privacy_policy_href": ""}, "Frank FM Radio": {"review-count": "0", "description": "Description\nFrank FM Radio is NH's #1 for Classic Hits. Once you've enabled the skill, you can say \"Alexa, open Frank F. M. Radio\"", "details": "Skill Details\nRated: Guidance Suggested.\nThis skill contains dynamic content.\nInvocation Name: frank f. m. radio", "privacy_policy_href": ""}, "Domestic Church Media": {"review-count": "1", "description": "Description\nNew Jersey and Pennsylvania's LOCAL Catholic Radio, as well as the best of EWTN!\n\nSay \"Alexa, open domestic church media\" to begin listening.", "details": "Skill Details\nThis skill contains dynamic content.\nInvocation Name: domestic church media", "privacy_policy_href": ""}, "KKPZ": {"review-count": "0", "description": "Description\nKKPZ 1330 AM, The Truth, bringing Portland the very best in Christian teaching and talk.", "details": "Skill Details\nRated: Guidance Suggested.\nThis skill contains dynamic content.\nInvocation Name: k. k. p. z.", "privacy_policy_href": ""}, "KLDC": {"review-count": "0", "description": "Description\nKLDC is Denver's God & Country source of Christian, conservative and business talk.", "details": "Skill Details\nThis skill contains dynamic content.\nInvocation Name: k. l. d. c.", "privacy_policy_href": ""}, "Cat Music - Songs that Cats Love": {"review-count": "0", "description": "Description\nAsk Alexa to play music that is designed just for cats! These are original songs which which your cat will enjoy and help relax.\n\n________________________________________\nCurrently Playing:\n\nSong 1: Watching the Sika Deer (relaxed, Irish-themed meditation).\n\nSong 2: Iberian Lynx Flamenco (poppin' Spanish-themed dance song).\n\nSong 3: Rosie Serendipity (Southern easy listening).\n\nSong 4: Bees Flowers Bears (Gentle easy listening).\n\nSong 5: Watching the Sika Deer - Extended Remix.\n\nSong 6: Rosie Serendipity - Extended Remix.\n\nSong 7: Skellig Michael (relaxed, Irish-themed meditation).\n\nSong 8: Space Force Cats (a ballad).\n________________________________________\n\nIf you make a video of your cat enjoying these songs, be sure to flag them in the comments below, include us in your tweet (@voices_app), or email us a link to your video to support@voices.app. We will add it to our gallery or retweet it!\n\n________________________________________\n\nYour review will help us continue to improve this skill. You may also contact us at support@voices.app if you need assistance, or for your suggestions and comments. Thank you.\n________________________________________\nCredits:\n\nDevelopment: https://voices.app\n\nLinguistics Consultant: LaLa Speights\n\nIcon Image: Freepik\n\nAll instrumental and vocal samples are commercially licensed via Apple, Inc.\n\nAll song compositions are original , created by voices.app, and are licensed under a Creative Commons Attribution 4.0 International License (CC BY 4.0).", "details": "Skill Details\nRated: Guidance Suggested.\nThis skill contains dynamic content.\nInvocation Name: cat music\nDeveloper Privacy Policy\nDeveloper Terms of Use", "privacy_policy_href": "https://voices.app/?page_id=25"}, "Techronym": {"review-count": "0", "description": "Description\nTechronym is a skill that helps you understand complicated tech terms in layman's terms. By the end of your daily techronym, you'll know more than just how to spell it.", "details": "Skill Details\nFlash Briefing Skill\nThis skill contains dynamic content.", "privacy_policy_href": ""}, "The Podcast Accelerator": {"review-count": "0", "description": "Description\nWelcome to The Podcast Accelerator, the thrice-weekly show that brings you podcast education, industry insights and straight-talking reactions to podcasting news.\n\nI\u2019m your host Mark Asquith, That British Podcast Guy and CEO and co-founder of Rebel Base Media, the podcast tech company that creates the Podcast Success Academy, Podcast Websites, Poductivity, Rebel Base Studios & Captivate.fm, the world\u2019s only growth-oriented podcast host where you can get your first month of podcast hosting for just one dollar and transfer an existing podcast in, completely free so go ahead and check it out now at Captivate.fm.\n\nRemember to tell your podcasting friends that the show is available to listen to for free in any app that supports podcasts and if you\u2019re wondering what the best next step to take for your own podcast is, whether you\u2019re a new or veteran podcaster, go and take our short, five minute survey where I\u2019ll help you to diagnose and SOLVE the main issue holding your show and your podcast growth back and give you access to our free, vibrant Podcast Rebellion community, weekly free group coaching from me, actionable and insider-only emails and even a free invitation to The Podcast Success Academy. Invest five minutes now to grow your podcast by heading to RebelBaseMedia.io/grow\n\nUntil next time, don\u2019t forget the more you expect from yourself, the more you WILL excel!", "details": "Skill Details\nFlash Briefing Skill\nRated: Guidance Suggested.\nThis skill contains dynamic content.\nDeveloper Privacy Policy\nDeveloper Terms of Use", "privacy_policy_href": "https://www.excellence-expected.com/privacy-policy/"}, "Unreal Web Blog": {"review-count": "0", "description": "Description\nListen to the latest blogs posts from your favorite blog. You can pause and play by saying \"Alexa, pause\" and \"Alexa, resume.\" Just say \"Alexa, stop\" when you're done for the day. You can say \"Alexa, shuffle\" to shuffle the playing order, or \"Alexa, loop\" to loop the current episode. You can also ask for previous and next episodes by saying \"Alexa, previous\" and \"Alexa, next\". This skill was created using a Skill Blueprint. Your requests to this skill are not shared with the skill developer.", "details": "Skill Details\nThis skill contains dynamic content.\nInvocation Name: unreal web blog", "privacy_policy_href": ""}, "The City @ 94.5": {"review-count": "0", "description": "Description\nThe City @ 94.5 Music First! Playing Fargo's most diverse playlist with the most music for your workday. Once you've enabled the skill, you can say \"Alexa, open the city at ninety four five\" to start listening.", "details": "Skill Details\nRated: Guidance Suggested.\nThis skill contains dynamic content.\nInvocation Name: the city at ninety four five\nDeveloper Privacy Policy\nDeveloper Terms of Use", "privacy_policy_href": "https://cir.st/privacy-policy"}, "The Rooster Cast": {"review-count": "1", "description": "Description\nThe Rooster Cast, from Rooster Strategic Solutions, discusses the latest in digital media, marketing and technology. It will focus on topics such as social media, programmatic advertising, voice assistants, AI, blockchain, chatbots and more. Primarily, the topics covered will be discussed in relation to how brands, publishers and agencies can best take advantage of the tools. Rooster Strategic Solutions is a consultancy firm serving companies in food and agriculture.\n\nThis skill was published using the Castlingo product by Witlingo. For more on Castlingo, go to www.castlingo.com", "details": "Skill Details\nThis skill contains dynamic content.\nInvocation Name: the rooster cast\nDeveloper Privacy Policy\nDeveloper Terms of Use", "privacy_policy_href": "http://www.witlingo.com/privacy-policy/"}, "Rock 104.1": {"review-count": "0", "description": "Description\nPlaying the best classic rock music for South Jersey with our 10 in a row classic rock blocks.", "details": "Skill Details\nRated: Guidance Suggested.\nThis skill contains dynamic content.\nInvocation Name: rock one oh four one", "privacy_policy_href": ""}, "Hwlradio.com": {"review-count": "1", "description": "Description\nFROM THE UNDERGROUND TO THE MAINSTREAM WE GOT THE BEST NEW ARTIST MUSIC HERE AND IF YOUR ONE THAT AINT ON HERE EMAIL YOUR MUSIC IF I LIKE IT YOUR ON", "details": "Skill Details\nRated: Guidance Suggested.\nThis skill contains dynamic content.\nInvocation Name: h. w. l. radio dot com\nDeveloper Privacy Policy\nDeveloper Terms of Use", "privacy_policy_href": "https://radio.co/terms/alexa"}, "the alternate": {"review-count": "1", "description": "Description\nChicago alternative radio DJ Marconi has created his own ALTERNAVERSE! Listen anytime. Streaming modern alternative and some throwbacks from the '90s, ALT2K, EMO and more. Literally multiple dimensions of alternative living in one universe.", "details": "Skill Details\nRated: Guidance Suggested.\nThis skill contains dynamic content.\nInvocation Name: the alternate radio\nDeveloper Privacy Policy\nDeveloper Terms of Use", "privacy_policy_href": "https://radio.co/terms/alexa"}, "WHRV FM": {"review-count": "2", "description": "Description\nListen to any of the WHRO Public media radio stations live or to any WHRV FM locally produced program on demand.", "details": "Skill Details\nRated: Guidance Suggested.\nThis skill contains dynamic content.\nInvocation Name: w. h. r. v. f. m.\nDeveloper Privacy Policy\nDeveloper Terms of Use", "privacy_policy_href": "https://corporate.whro.org/privacy-policy"}, "414 Music": {"review-count": "0", "description": "Description\nThrough music and stories created for a culturally open-minded community, 88Nine Radio Milwaukee is a catalyst for creating a better, more inclusive and engaged Milwaukee.\n\n\u2014 Mission Statement, 88Nine Radio Milwaukee\n\nWe love Milwaukee.\n\nOur city isn\u2019t perfect. What city is? But we believe in Milwaukee \u2013 as it is today, and in its potential to become even better.\n\nAnd that\u2019s why Radio Milwaukee exists. To be a catalyst for creating a better, more inclusive and engaged Milwaukee.\n\nWe champion Milwaukee \u2013 our music, arts and culture, neighborhoods and community organizations. We celebrate diversity and encourage community engagement. We aspire to be a force that breaks down barriers and brings people together.\n\nWe pursue our mission on the air, online and in the community.", "details": "Skill Details\nRated: Guidance Suggested.\nThis skill contains dynamic content.\nInvocation Name: four one four music", "privacy_policy_href": ""}, "Data Gurus": {"review-count": "0", "description": "Description\nWelcome to Data Gurus Podcast\u2026 our mission is to bring you a real life perspective on what\u2019s happening in the industry and how successful companies and individuals in this niche navigate through the sea of change.\nNOTE:\nAs soon as you open/launch the podcast, you will be playing the latest episode by default, but you can always find something more specific. Read HOW TO USE instructions below\n\nHOW TO USE:\nTo Get Started: Say \"Alexa, open \u2018data gurus\u2019\u201d.\n\nNext/Previous:\n\u2014 [While Episode Is Playing] = \u201cAlexa, next\u201d\n\u2014 [While Episode Is Playing] = \u201cAlexa, previous\u201d\n\nFast Forward:\nIf you want to skip ahead, you can say \"Alexa, ask \u2018data gurus\u2019 to fast forward 2 minutes\"\n\nRewind:\nif you want to go back, you can say \"Alexa, ask \u2018data gurus\u2019 to rewind 30 seconds\"\n\nSpecific Episode:\nYou can also use \u2018Episode No\u2019 to play specific episodes", "details": "Skill Details\nThis skill contains dynamic content.\nInvocation Name: data gurus\nDeveloper Privacy Policy\nDeveloper Terms of Use", "privacy_policy_href": "https://emitrr.com/privacy-policy"}, "93.9X Indy's Rock Station": {"review-count": "2", "description": "Description\nIndy's Rock Station\n\nSay \"Alexa, open ninety three nine x. rock\" to begin listening.", "details": "Skill Details\nRated: Guidance Suggested.\nThis skill contains dynamic content.\nInvocation Name: ninety three nine x. rock", "privacy_policy_href": ""}, "99% Invisible": {"review-count": "1", "description": "Description\nDesign is everywhere in our lives, perhaps most importantly in the places where we've just stopped noticing. 99% Invisible is a weekly exploration of the process and power of design and architecture. From award winning producer Roman Mars. Learn more at 99percentinvisible.org.\n\nA proud member of Radiotopia, from PRX. Learn more at radiotopia.fm.\nNOTE:\nAs soon as you open/launch the podcast, you will be playing the latest episode by default, but you can always find something more specific. Read HOW TO USE instructions below\n\nHOW TO USE:\nTo Get Started: Say \"Alexa, open \u2018podcast test\u2019\u201d.\n\nNext/Previous:\n\u2014 [While Episode Is Playing] = \u201cAlexa, next\u201d\n\u2014 [While Episode Is Playing] = \u201cAlexa, previous\u201d\n\nFast Forward:\nIf you want to skip ahead, you can say \"Alexa, ask \u2018podcast test\u2019 to fast forward 2 minutes\"\n\nRewind:\nif you want to go back, you can say \"Alexa, ask \u2018podcast test\u2019 to rewind 30 seconds\"\n\nSpecific Episode:\nYou can also use \u2018Episode No\u2019 to play specific episodes", "details": "Skill Details\nThis skill contains dynamic content.\nInvocation Name: podcast test\nDeveloper Privacy Policy\nDeveloper Terms of Use", "privacy_policy_href": "https://emitrr.com/privacy-policy"}, "Maine Vibe": {"review-count": "1", "description": "Description\nMaine Vibe is Vacationland's home for nonstop music and the best local podcasts! Turn on Maine Vibe for the best music all day long, and original podcasts and shows from Mainers each night. Listen with any Alexa enabled device or download the Maine Vibe app in your app store.", "details": "Skill Details\nThis skill contains dynamic content.\nInvocation Name: maine vibe", "privacy_policy_href": ""}, "WHBU": {"review-count": "0", "description": "Description\nWHBU is an Anderson, Indiana based radio station with an oldies and talk format, owned by Woof Boom Radio. Home of 'Mitch in the Morning', local talk shows, local high school football and basketball, the Indy 500, and more.", "details": "Skill Details\nRated: Guidance Suggested.\nThis skill contains dynamic content.\nInvocation Name: w. h. b. u.\nDeveloper Privacy Policy\nDeveloper Terms of Use", "privacy_policy_href": "https://cir.st/privacy-policy"}, "STREETZ 105.1": {"review-count": "1", "description": "Description\n\"Streetz 105.1 born in 2017 has been the premiere outlet for the hottest music and news in Hip Hip and R&B community! Streetz has become a nationally recognized brand spawning a number of Dj's and on air personalities. Along with celebrity Dj and founder \"Dj Tab\" Streetz has become famous for setting the standard for the millennial sound and delving into the community to make a positive impact on the culture while pushing it forward. Through its philanthropic contributions to different charities, support of local charitable events and insightful programing that addresses issues throughout St. Louis multicultural community. As entertainment, media and the music industry continue a transition into the digital age, Streetz 105.1 stays ahead.''", "details": "Skill Details\nRated: Guidance Suggested.\nThis skill contains dynamic content.\nInvocation Name: streetz one oh five one\nDeveloper Privacy Policy\nDeveloper Terms of Use", "privacy_policy_href": "https://radio.co/terms/alexa"}, "Daventry Radio": {"review-count": "0", "description": "Description\nDaventry Radio is a community-focused internet radio station based in the town and serving listeners across the county and surrounding area.\n\nWe are fierecly local, at the start of every hour after the news, we play a song from a local artist.\n\nWe like to think that we play the very best mix of the 80s through to the present day in our no-repeat daily play and adverts are kept to a minimum.\n\nDaventry Radio was only born in 2019 so to be legally broadcasting with a full schedule of shows is amazing, there is something for everyone!\n\nAs 2019 continues, we hope to add more live shows to the rosta. We look forward to you listening!", "details": "Skill Details\nRated: Guidance Suggested.\nThis skill contains dynamic content.\nInvocation Name: daventry radio", "privacy_policy_href": ""}, "The Sandy Show": {"review-count": "0", "description": "Description\nListen to daily updates from The Sandy Show. Subscribe to The Sandy Show Podcast, wherever you get your Podcasts. Add this to your \"Flash Briefing\" You can just say \"Alexa, what's my flash briefing\".", "details": "Skill Details\nFlash Briefing Skill\nThis skill contains dynamic content.", "privacy_policy_href": ""}, "Gaming Today with Flannel Fox": {"review-count": "0", "description": "Description\nGaming Today with Flannel Fox is a daily video game news show, covering top news stories in gaming every weekday, Monday through Friday.\n\nwatch the video version at www.YouTube.com/c/TheFlannelFox", "details": "Skill Details\nThis skill contains dynamic content.\nInvocation Name: gaming today", "privacy_policy_href": ""}, "LiteFavorites.com - The Variety Station": {"review-count": "2", "description": "Description\nSongs you know, by artists you love! Lite Favorites from Taylor Swift, Elton John, Maroon 5, Whitney Houston, Billy Joel, Adele, Fleetwood Mac, Bruno Mars, Pink, Kelly Clarkson and more. The best variety of yesterday and today, while you work! Make a request at LiteFavorites.com or call (508) 471-LITE.", "details": "Skill Details\nRated: Guidance Suggested.\nThis skill contains dynamic content.\nInvocation Name: light favorites dot com", "privacy_policy_href": ""}, "The Grueling Truth": {"review-count": "1", "description": "Description\nA wide-ranging sports platform that gives you news, analysis, and insight.", "details": "Skill Details\nFlash Briefing Skill\nRated: Guidance Suggested.\nThis skill contains dynamic content.", "privacy_policy_href": ""}, "Arangar FM": {"review-count": "0", "description": "Description\nHis highness Guru ArumugaArangar is the omnipotent power who has come to safeguard this world from evil spirits and give shelter to all living beings.\n\nAudio language: Tamil", "details": "Skill Details\nThis skill contains dynamic content.\nInvocation Name: arangar f. m.\nDeveloper Privacy Policy\nDeveloper Terms of Use", "privacy_policy_href": "https://radio.co/terms/alexa"}, "PanchTantra: 1000s of Indian stories": {"review-count": "3", "description": "Description\nMajor update to the Skill. Thanks for all of your reviews and support. We have updated the skill with a more smooth and fault-free experience. We are continuing the legacy of the previous skill with a more advanced and smooth voice experience. Now you can keep track of all the stories by the episode number. We have added 200+ stories in this skill. Additionally, the Alexa skill will keep track of the last session so that you can continue listening to the previous story.\n\n\nPanchatantra will take you on an adventurous ride by narrating stories. An example of mystic India, Panchatantra tales are the oldest surviving stories of mankind, surviving for centuries, from mouth to mouth, before they were documented. You will love the lucid pace of the stories, and they always make for great bedtime or storytelling sessions.\n\nSteps for using the skill:\n\nSession 1:\nUser: Alexa, open chiti aur kabutar\nAlexa: Starting World of Panchtantra - <audio> - You can say, play the stories, to begin.\nUser: Play / Begin the stories\nAlexa: This is Episode <number>\n<Alexa completes the story or user interruption>\nUser: Alexa, next\nUser: Alexa, stop\nUser: Alexa, shuffle\nUser: Alexa, next / previous\nUser: Alexa, resume\nUser: Alexa, start over\nUser: Yes/No\n\n\nSession 2:\nUser: Alexa, open chiti aur kabutar\nAlexa: <audio> You were listening to Episode <number>, Would you like to resume?\nUser: No\nAlexa: <Alexa starts over to the first episode and you can ask Alexa to step forward by saying Alexa, next> You are listening to the Panchtantra stories. You can say, Next or Previous to navigate through the playlist. At any time, you can say Pause to pause the audio and Resume to resume.\n\nSession 3:\nUser: Help\nAlexa: You are listening to the Panchtantra stories. You can say, Next or Previous to navigate through the playlist. At any time, you can say Pause to pause the audio and Resume to resume.\n\n\nStories are narrated in Hindi\n\nOnce invoked, Alexa will automatically start the conversation and play one story. Sit back, relax, and enjoy the Stories of PanchTantra: 100s of Indian stories. To start again on finishing one story, you can ask Alexa to open again.\n\nWe are continuously adding more and more handpicked stories which could bring more valuable to life education among people.\n\n------------------------------------------\nDisclaimer\n------------------------------------------\nThis \u201cPanchTantra: 100s of Indian stories \u201d Alexa skill is intended for fun and entertainment purposes only. It contains audios in Indian local language \u2018Hindi\u2019. Users of this skill are fully aware of the local language and accepted to play the stories with their own knowledge and experience.\n\nWhen you reach the bottom of the playlist, try saying, Alexa, start over or Alexa, shuffle\n\nAdvice: The skill contains some parts of violence and rash words in Hindi which makes it suitable for a larger age group of children. (13+)", "details": "Skill Details\nThis skill contains dynamic content.\nInvocation Name: chiti aur kabutar", "privacy_policy_href": ""}, "Vanguardia Radio": {"review-count": "0", "description": "Description\nthe besta radio in Spanish, where you can listen Mexican music.\njust say alexa, open vanguardia radio to listen the best music in spanish", "details": "Skill Details\nRated: Guidance Suggested.\nThis skill contains dynamic content.\nInvocation Name: vanguardia radio", "privacy_policy_href": ""}, "KMTS": {"review-count": "0", "description": "Description\nLocal news, sports, traffic and weather. Just ask Alexa.", "details": "Skill Details\nRated: Guidance Suggested.\nThis skill contains dynamic content.\nInvocation Name: k. m. t. s.\nDeveloper Privacy Policy\nDeveloper Terms of Use", "privacy_policy_href": "https://cir.st/privacy-policy"}, "Dakshin Radio": {"review-count": "0", "description": "Description\nDakshin Radio brings the scintillating sounds, rousing rhythms and bewitching beats of Southern India alive on the airwaves of Houston. Bringing the best of the four main languages of the southern Indian peninsula - Kannada, Malayalam, Tamil, Telegu (as well as Konkani and Tulu), to the vast diaspora in the Greater Houston area on one common platform for the very first time", "details": "Skill Details\nRated: Guidance Suggested.\nThis skill contains dynamic content.\nInvocation Name: dakshin radio\nDeveloper Privacy Policy\nDeveloper Terms of Use", "privacy_policy_href": "https://radio.co/terms/alexa"}, "Cave Water Drips: Relaxing Sound": {"review-count": "0", "description": "Description\nCave Water Drips is a relaxing sound. It is the perfect sound when you need a special atmosphere. It will help you focus, study, work, sleep or relax.\n\n\nHow to use \"Cave Water Drips: Relaxing Sound\"?\n\nYou can say:\n- \"Alexa, open Cave Water Drips\"\n- \"Alexa, start Cave Water Drips\"\n- \"Alexa, play Cave Water Drips\"\n\nIt will automatically play the sound indefinitely until you say \"Alexa, stop\".\n\n\nHow to set a timer?\n\nFirst, you need to play the sound using one of the above method. Then, you can limit the time the sound will play by saying \"Alexa, stop playing in 1 hour\" (or however long you want it to last). Once 1 hour has passed, the sound will stop playing.\n\n\nHow to support us?\n\nYour review is extremely important and it shows us your support. Please consider leaving a review if you love the skill. Your review encourages us to continue making more skills.\n\n\nListen to more relaxing sounds?\n\nYou can say \"Alexa, open Cave Water Drips and send me other relaxing sounds\" and the skill will send you an email containing other relaxing sounds you can try. It'll not only contain the name of the skill but also, contain direct link to the skill and you can enable it easily.\n\nOr, you can search in the Alexa Skill store the following skills:\n- Zen Spa\n- Forest Birdsong\n- Forest Birds\n- Study Music\n- Zen Meditation\n- Beautiful Piano\n- Forest Campfire\n- Stress Relief\n- Tropical Birds\n- Waves Sandy Beach\n- Morning Tweet Tweet\n- Focus Music\n- Cave Water Drips\n- Public Park\n- Tribal Festival", "details": "Skill Details\nRated: Guidance Suggested.\nThis skill contains dynamic content.\nInvocation Name: cave water drips\nDeveloper Privacy Policy", "privacy_policy_href": "https://sound.aimelyne.com/privacy/relaxing-sound/en.html"}, "WEI NOYZ ( NOISE) FM": {"review-count": "1", "description": "Description\n\"The Place Where Great Music Live's\"\n\nSay \"Alexa, open we noise f. m.\" to begin listening.", "details": "Skill Details\nRated: Guidance Suggested.\nThis skill contains dynamic content.\nInvocation Name: we noise f. m.", "privacy_policy_href": ""}, "Drag Queens Talking by Alyssa Lemay": {"review-count": "0", "description": "Description\nJoin host, Alyssa Lemay and her special guests as they discuss topics ranging from equality and daily happenings through funny stories and jokes. Nothing is off limits!", "details": "Skill Details\nFlash Briefing Skill\nRated: Mature.\nThis skill contains dynamic content.", "privacy_policy_href": ""}, "Love 105": {"review-count": "2", "description": "Description\nPlaying the music you LOVE\n\nSay \"Alexa, open love one oh five\" to begin listening.", "details": "Skill Details\nRated: Guidance Suggested.\nThis skill contains dynamic content.\nInvocation Name: love one oh five", "privacy_policy_href": ""}, "Pitch Player": {"review-count": "1", "description": "Description\nPitch player can play you any named pitch. The pitches are played on an oboe, since many orchestras tune to the oboe. You can use pitch player for tuning, ear training, or anything else you'd like.", "details": "Skill Details\nThis skill contains dynamic content.\nInvocation Name: pitch player", "privacy_policy_href": ""}, "Soft Love Criminal": {"review-count": "2", "description": "Description\nOpen the skill and Alexa will automatically tell you how many days remain until tour show Soft Love Criminal by Elena Temnikova.\n\nAlexa can also remind you about the exact date for a specific show. You will never miss unforgettable event.", "details": "Skill Details\nThis skill contains dynamic content.\nInvocation Name: soft love criminal", "privacy_policy_href": ""}, "The Buzz": {"review-count": "0", "description": "Description\nCINCINNATI'S STATIC FOR CLASSIC R&B AND MOTOWN. HOME OF THE TOM JOYNER MORNING SHOW.\n\nSay \"Alexa, open the buzz cincy\" to begin listening.", "details": "Skill Details\nRated: Guidance Suggested.\nThis skill contains dynamic content.\nInvocation Name: the buzz cincy", "privacy_policy_href": ""}, "MZ Radio London": {"review-count": "0", "description": "Description\nMZ Radio London. We provide the best gospel music all over the world.", "details": "Skill Details\nRated: Guidance Suggested.\nThis skill contains dynamic content.\nInvocation Name: m. z. radio london\nDeveloper Privacy Policy\nDeveloper Terms of Use", "privacy_policy_href": "https://www.autopo.st/privacy-policy-2"}, "Lang Lang's Musical Journey": {"review-count": "10", "description": "Description\nLang Lang is coming to your Alexa devices! Join him on an epic musical journey as he traverses through some of the most iconic and popular pieces written for the piano. Through this journey, Lang Lang will share with you his thoughts on the pieces, play you short clips, and more importantly, give you tips on how to play the pieces on the piano.\n\nThis skill will feature Lang Lang as he dives into the music from his albums, as well as his concertizing life. Each episode is different, and is focused on a piece \u2013 be it Fur Elise, or the 2nd movement of Mozart\u2019s 21st piano concerto.\n\nAre you ready to begin this journey? Just tell your device to \u201cStart Lang Lang\u2019s Musical Journey\u201d, and join Lang Lang as you explore classical music together.", "details": "Skill Details\nThis skill contains dynamic content.\nInvocation Name: lang lang's musical journey\nDeveloper Privacy Policy\nDeveloper Terms of Use", "privacy_policy_href": "https://www.universal-music.de/rechtliche-hinweise/privacy-policy"}, "Mixtape Radio With DJ Kizra": {"review-count": "0", "description": "Description\nAn Open Format DJ Mixshow Station With Host DJ Kizra Showcasing The Best In Remixes From All Genre's And DJ's & Producers. Music Open To Any DJ's That Would Like To Be Hosted On The Show", "details": "Skill Details\nRated: Guidance Suggested.\nThis skill contains dynamic content.\nInvocation Name: mixtape radio\nDeveloper Privacy Policy\nDeveloper Terms of Use", "privacy_policy_href": "https://radio.co/terms/alexa"}, "92.3 The Outlaw": {"review-count": "0", "description": "Description\nThe 92.3 The Outlaw skill gives Alexa the ability to start the 92.3 The Outlaw online stream. Broadcasting from Greenfield, Massachusetts, we're playing your favorite songs all day, everyday!", "details": "Skill Details\nRated: Guidance Suggested.\nThis skill contains dynamic content.\nInvocation Name: ninety two three the outlaw\nDeveloper Privacy Policy\nDeveloper Terms of Use", "privacy_policy_href": "http://outlaw923.com/privacy-policy/"}, "Konpaevents": {"review-count": "7", "description": "Description\nListen to your favorite Konpa Band and Artist on Konpaevents Radio. Konpaevents Radio play non stop music all day and everyday.\n\nPlaying a mix of audio in both English and French.", "details": "Skill Details\nRated: Guidance Suggested.\nThis skill contains dynamic content.\nInvocation Name: konpa events\nDeveloper Privacy Policy\nDeveloper Terms of Use", "privacy_policy_href": "https://radio.co/terms/alexa"}, "Sigma Philosophy": {"review-count": "0", "description": "Description\nThis is a basic skill that allows you to listen to the Sigma Philosophy Podcasts, You must have Amazon Alexa and Must have an Amazon account.\n\nhttps://www.spreaker.com/show/3517463/episodes/feed", "details": "Skill Details\nFlash Briefing Skill\nRated: Guidance Suggested.\nThis skill contains dynamic content.", "privacy_policy_href": ""}, "Our Savior Lutheran Church -- Milford, IL": {"review-count": "1", "description": "Description\nThis skill will enable listeners to listen to EVERY Service broadcast from Our Savior Lutheran Church (LCMS) in Milford, IL. Services are broadcast every Sunday morning beginning at 9:00 a.m. (CST). In addition, during the Advent & Lenten seasons, our Midweek Services are broadcast on Wednesday evenings at 7:00 p.m. The schedule for other special Services can be found on our website: www.OurSaviorMilford.com", "details": "Skill Details\nThis skill contains dynamic content.\nInvocation Name: our savior lutheran church", "privacy_policy_href": ""}, "The Laundry Machine Noise": {"review-count": "7", "description": "Description\nThe Laundry Machine Noise is the perfect white noise to help you sleep or relax. The sound is of a laundry dryer rather than the washer and it's always looping by default.\n\nIcon made by Freepik from www.flaticon.com", "details": "Skill Details\nThis skill contains dynamic content.\nInvocation Name: the laundry machine noise", "privacy_policy_href": ""}, "B Squared": {"review-count": "0", "description": "Description\nThe skill for B Squared: Your Weekly Weather Podcast", "details": "Skill Details\nFlash Briefing Skill\nThis skill contains dynamic content.", "privacy_policy_href": ""}, "Radio Lobo 98.7": {"review-count": "0", "description": "Description\nListen to RADIO LOBO 98.7FM on your Amazon device(s)!\n\nTo enable this skill, say \"Alexa, enable radio lobo merced skill\".\n\nOnce you've enabled the skill, saying \"Alexa, play radio lobo merced\" gets you right in.\n\nThis radio station is Spanish with a little English mixed int.", "details": "Skill Details\nRated: Guidance Suggested.\nThis skill contains dynamic content.\nInvocation Name: radio lobo merced\nDeveloper Privacy Policy", "privacy_policy_href": "http://www.vipology.com/privacy-policy/"}, "Holy Culture Radio": {"review-count": "3", "description": "Description\nHoly Culture Radio proclaims the gospel of Jesus Christ through the medium of Christian Hip Hop & Urban Gospel (R&P).\n\nVisit us online at www.holyculture.net", "details": "Skill Details\nRated: Guidance Suggested.\nThis skill contains dynamic content.\nInvocation Name: holy culture radio\nDeveloper Privacy Policy\nDeveloper Terms of Use", "privacy_policy_href": "https://radio.co/terms/alexa"}, "959 The Fox": {"review-count": "4", "description": "Description\nListen live to 959 The Fox", "details": "Skill Details\nRated: Guidance Suggested.\nThis skill contains dynamic content.\nInvocation Name: ninety five nine the fox", "privacy_policy_href": ""}, "KiiM-FM 99.5": {"review-count": "1", "description": "Description\nTucson's Country Favorites.\n\nOnce you've enabled the skill, you can say \"Alexa, open kim f. m. ninety nine point five\u201c to start listening.", "details": "Skill Details\nRated: Guidance Suggested.\nThis skill contains dynamic content.\nInvocation Name: kim f. m. ninety nine point five", "privacy_policy_href": ""}, "Fake News Update": {"review-count": "0", "description": "Description\nA lampooning of all things public radio, FNU: The Fake News Update is your daily 5-minute dose of fake headlines, fake forecasts, and fake adventures that will leave you saying \"Huhhh?!\"", "details": "Skill Details\nRated: Guidance Suggested.\nThis skill contains dynamic content.\nInvocation Name: fake news update", "privacy_policy_href": ""}, "Sound Of Spitfire": {"review-count": "0", "description": "Description\nPlaying a mix of music from the 60s-2000s plus great independent and unsigned artists", "details": "Skill Details\nRated: Guidance Suggested.\nThis skill contains dynamic content.\nInvocation Name: sound of spitfire\nDeveloper Privacy Policy\nDeveloper Terms of Use", "privacy_policy_href": "https://radio.co/terms/alexa"}, "Yan radio Australia": {"review-count": "0", "description": "Description\nYan radio Australia has the most complete Australian Chinese language radio stations in one.\n\nYan radio Australia is very easy to use. To use for the first time, just say 'Alexa, open yan radio'. Alternatively, you can also say 'Alexa, ask yan radio to play <station name>'. For example, 'Alexa, ask yan radio to play 3cw'.\n\nTo help find the right station you are after, You can ask for stations by frequency, eg 'Alexa, what are the stations' or 'Alexa, top stations' .\n\nYou can listen to stations such as: 3CW, 3CW Cantonese, 4EB, AM1620, SBS, SBS PopAsia, 1049 FM, 2AC, 2AC mandarin, SOH, SOH Cantonese, 2CR, ACR, VAC, ReJoice, Big B, Asia Hitz, Calm Radio and many more.", "details": "Skill Details\nRated: Guidance Suggested.\nThis skill contains dynamic content.\nInvocation Name: yan radio\nDeveloper Privacy Policy", "privacy_policy_href": "https://yanradio.com.au/privacy-policy-of-yanradio/"}, "Deep House Cat Show": {"review-count": "1", "description": "Description\nDeep House Cat Show brings you the finest of deep, soulful and tech house music. Weekly compiled and mixed by Alex B. Groove and guests.", "details": "Skill Details\nRated: Guidance Suggested.\nThis skill contains dynamic content.\nInvocation Name: deep house cat show", "privacy_policy_href": ""}, "Something For Nothing Weekly Briefing": {"review-count": "0", "description": "Description\nListen to daily updates from your favorite meme maker. You can just say \"Alexa, what's my flash briefing\". You can say \"Alexa, stop\" to exit anytime.\n\nThis skill was made by the Comedy Content Collective", "details": "Skill Details\nFlash Briefing Skill\nThis skill contains dynamic content.", "privacy_policy_href": ""}, "Bone Pool Radio": {"review-count": "3", "description": "Description\nMaplewood, NJ's Radio Station featuring Local Bands, Indie Rock and original programming inspired by the independent spirit that never dies...", "details": "Skill Details\nRated: Guidance Suggested.\nThis skill contains dynamic content.\nInvocation Name: bone pool radio\nDeveloper Privacy Policy\nDeveloper Terms of Use", "privacy_policy_href": "https://radio.co/terms/alexa"}, "Prime School Pitch": {"review-count": "3", "description": "Description\nThis Alexa skill can be used for Carnatic music practice. Shruthi or base pitches for all common scales are included - A, A#, B, C, C#, D, D#, E, F, F#, G, and G# with more features coming soon! The shruthi sound loops until you say \"Alexa, stop\", with the additional ability to pause and resume.", "details": "Skill Details\nThis skill contains dynamic content.\nInvocation Name: prime school pitch\nDeveloper Privacy Policy\nDeveloper Terms of Use", "privacy_policy_href": "https://creator.getvoiceflow.com/creator/privacy_policy?name=Shreyas%20Subramanian&skill=My%20First%20Project"}, "99.9 KTYD": {"review-count": "0", "description": "Description\nSince 1973, 99.9 KTYD has rocked the Santa Barbara coast! Pink Floyd, Tom Petty, Rolling Stones, Elton John, U2, Led Zeppelin, Aerosmith, Bob Marley, CSN, Beatles, Jimi Hendrix, Eagles \u2013 Quality Rock. Santa Barbara has grown-up with 99.9 KTYD and its part of their lives.", "details": "Skill Details\nRated: Guidance Suggested.\nThis skill contains dynamic content.\nInvocation Name: k. tide\nDeveloper Privacy Policy\nDeveloper Terms of Use", "privacy_policy_href": "https://cir.st/privacy-policy"}, "97Underground.com": {"review-count": "0", "description": "Description\n97Underground.com. 97 Underground - Baltimore's Pure Rock", "details": "Skill Details\nRated: Guidance Suggested.\nThis skill contains dynamic content.\nInvocation Name: ninety seven underground\nDeveloper Privacy Policy\nDeveloper Terms of Use", "privacy_policy_href": "https://www.autopo.st/privacy-policy-2"}, "Infinite Radio": {"review-count": "1", "description": "Description\nInfinite Radio is an internet 24/7 radio for good music lovers.Best hits of all times, new music from Russia, US , Latin America,Europe and more...", "details": "Skill Details\nRated: Guidance Suggested.\nThis skill contains dynamic content.\nInvocation Name: infinite radio\nDeveloper Privacy Policy\nDeveloper Terms of Use", "privacy_policy_href": "https://radio.co/terms/alexa"}, "KSUX 105.7": {"review-count": "0", "description": "Description\nListen live to KSUX 105.7", "details": "Skill Details\nRated: Guidance Suggested.\nThis skill contains dynamic content.\nInvocation Name: k. sue one oh five point seven", "privacy_policy_href": ""}, "Underwater Sounds by Sleep Jar\u00ae": {"review-count": "6", "description": "Description\nUnderwater Sounds by Sleep Jar\u00ae plays sleep sounds and ambient sounds to help you sleep, relax, meditate, relieve stress, or block out unwanted noise.\n\nUnderwater Sounds is part of the Sleep Jar\u00ae brand of Skills trusted by millions of Alexa customers.\n\nHOW TO USE:\n\nEnable Underwater Sounds by clicking the \"enable\" button above, then say \"Alexa, open Underwater Sounds\".\n\nBy default the sound will play for 1 hour. To loop the sound until you say \"Alexa, stop\", just say \"Alexa, ask Underwater Sounds to loop\". The Skill will remember your preferred looping setting for future uses so you don't have to say it again! To set a custom time limit, say \"Alexa, stop in 6 hours\" or any other duration of time while the Skill is playing and looping is turned on.\n\nPRO MEMBERSHIP FEATURES:\n\n+ 100% increase in audio quality\n+ Enhanced looping (no sound gaps for 10 hours instead of 1 hour)\n\nREVIEWS AND FEEDBACK:\n\nYour reviews and feedback are important to us! If you love Underwater Sounds please consider writing a review, or send us an email with your feedback at support@sleepjar.com.\n\nMORE SOUNDS:\n\nLooking for more sounds? Find these Skills by Sleep Jar\u00ae in the Alexa Skill Store...\n- Thunderstorm Sounds\n- Rain Sounds\n- Ocean Sounds\n- Babbling Brook\n- Fireplace Sounds\n- Airplane Sounds\n- Fan Sounds\n- Oscillating Fan Sounds\n- City Sounds\n- Rainforest Sounds\n- Train Sounds\n- Cricket Sounds\n- Frog Sounds\n- Bird Sounds\n- Clock Sounds\n- Cat Sounds\n- Vacuum Sounds\n- Pink Noise\n- Brown Noise\n- White Noise\n- Wind Sounds\n- Windy Leaves\n- Windy Trees\n- Rain on a Tin Roof\n- Rain on a Tent\n- Light Rain Sounds\n- Rain on a Window\n- Distant Thunderstorm\n- Shower Sounds\n- Space Deck\n- Hair Dryer Sounds\n- Clothes Dryer Sounds\n- Dishwasher Sounds\n- Wind Chimes\n- Whale Sounds\n- Windy Meadow\n- Heavy Rain Sounds\n- Dripping Water\n- Fountain Sounds\n- Waterfall Sounds\n- Forest Night\n- Washing Machine Sounds\n- Heartbeat Sounds\n- Caf\u00e9 Sounds\n- Dream Sounds\n- Blizzard Sounds\n- Owl Sounds\n- Air Conditioner Sounds\n- Cicada Sounds\n- Ice Machine Sounds\n- Lake Sounds\n- Office Sounds\n- Seagull Sounds\n- Womb Sounds\n- Crinkling Plastic Sounds\n- Boat Ride Sounds\n- Highway Sounds\n- Coqui Frog Sounds\n- Loon Sounds\n- Spa Sounds\n- Tibetan Bowl Sounds\n- Binaural Sounds\n- Distant Train Sounds\n- Snoring Sounds\n- Native American Flute\n- Indian Flute Sounds\n- Gregorian Chant Sounds\n- Keyboard Sounds\n- Car Ride Sounds\n- Creaking Ship Sounds\n- Row Boat Sounds\n- Wolf Sounds\n- Music Box Sounds\n- Lullaby Music\n- Electric Shaver Sounds\n- Bathtub Sounds\n- Draining Water Sounds\n- Buzzing Light Sounds\n- Peaceful Sounds\n- Piano Sounds\n- India Sounds\n- Sailing Sounds\n- Harp Sounds\n- Pipe Organ Sounds\n- Medieval Sounds\n- Guitar Sounds\n- Duduk Sounds\n- Wind Tunnel Sounds\n- Flute Sounds\n- Ukulele Sounds\n- Didgeridoo Sounds\n- Cavern Sounds\n- Farm Sounds\n- Truck Engine Sounds\n- Electric Heater Sounds\n- Radiator Sounds\n- Lawn Mower Sounds\n- Panting Dog Sounds\n- Summer Day Sounds\n- Thunder Sounds\n\nFor a full list of our ambient sounds for sleep and relaxation, including sound previews, visit our website at https://sleepjar.com.\n\n\nCopyright \u00a9 Invoked Apps LLC dba Sleep Jar", "details": "Skill Details\nRated: Guidance Suggested.\nThis skill contains dynamic content.\nInvocation Name: underwater sounds\nDeveloper Privacy Policy\nDeveloper Terms of Use", "privacy_policy_href": "https://sleepjar.com/privacy"}, "GoLoud": {"review-count": "0", "description": "Description\nGoLoud is the ultimate audio experience where you can listen to the best selection of Irish radio, the most popular podcasts from around the world and exclusive music playlists for every mood and occasion curated by music lovers, all in one place.\nFree to use, GoLoud makes discovering new shows, podcasts and music easy and enjoyable.\nWith GoLoud you can:\n\u2022 Listen live to award winning radio from Today FM, Newstalk, Off The Ball, 98FM, SPIN 1038 and SPIN South West.\n\u2022 Want to discover new music? Choose a ready-made playlist curated by music experts that suits your mood or occasion.\n\u2022 Easily discover the podcasts everyone\u2019s talking about.", "details": "Skill Details\nRated: Guidance Suggested.\nThis skill contains dynamic content.\nInvocation Name: go loud\nDeveloper Privacy Policy\nDeveloper Terms of Use", "privacy_policy_href": "https://www.communicorpmedia.com/contact/privacy-policy/"}, "SEE's Office Helper": {"review-count": "0", "description": "Description\nSuperior Educational Enterprises, LLC (SEE) is an educational consulting firm that offers educators, corporate trainers and facilitators coaching on ways to improve their speaking and time management skills as well as coaching on ways to increase their engagement and interaction levels. We assist them in developing effective facilitative strategies to meet the goals of their department(s). SEE also provides speakers for professional conferences and workshops.\n\nWe\u2019d like to help your company or school and offer a better solution called High Impact Instruction. With this, we\u2019ll be able to track data including employee/student interaction, employee/student achievement, idle time & learning structures.\n\nOur Instructional Coaches respectfully share teaching strategies that help facilitators and teachers meet the goals they set. We focus on effective training and teaching methods that improve learning.\n\nSEE\u2019s CEO, Akisha Holland, recognizes that every learning system is unique. In partnership with you, she will assess your needs and goals to tailor a consulting package that:\n\nOffers expertise, tools and pedagogies to support facilitators, teachers and students of all levels and subject areas\nEnhances your current learning structures\nProvides ongoing appraisals of progress\nCoaches you through adjustments\n\nList of Akisha Holland's Credentials\n\nUniversity Instructor\nSchool-wide Instructional Coach\nProfessional Speaker\nOver 10 years of experience in Education\nMaster of Fine Arts degree in Creative Writing\nBachelor of Arts degree in English\nMinor in Psychology\n\nCALL US AT 800.326.3140 OR VISIT SEE-AKISHAHOLLAND.COM\n\nSuperior Educational Enterprises, LLC (SEE) is currently seeking Sales, Marketing, Finance & Business interns. Submit your resumes and cover letters to: SuperiorEducational@gmail.com.", "details": "Skill Details\nRated: Guidance Suggested.\nThis skill contains dynamic content.\nInvocation Name: see's office helper\nDeveloper Terms of Use", "privacy_policy_href": ""}, "Beach Weather": {"review-count": "2", "description": "Description\nBeach Weather Sounds to help you relax!", "details": "Skill Details\nThis skill contains dynamic content.\nInvocation Name: beach weather\nDeveloper Privacy Policy\nDeveloper Terms of Use", "privacy_policy_href": "https://rednoirsoft.tumblr.com/post/81517998659/privacy-policy"}, "Sqweekey Radio": {"review-count": "1", "description": "Description\nSqweekey Radio (Detroit Made) #1 variety radio station's platform, for all independent artist; from live and custom radio to activity-based listening.", "details": "Skill Details\nRated: Guidance Suggested.\nThis skill contains dynamic content.\nInvocation Name: squeaky radio\nDeveloper Privacy Policy\nDeveloper Terms of Use", "privacy_policy_href": "https://www.reliastream.com/privacy-policy.php"}, "LIB.Radio": {"review-count": "0", "description": "Description\nLIB.Radio is a completely volunteer run non-profit organization that is supported directly by community donations (contributions). LIB.Radio aims to broadcast diverse of non commercial and royalty free music, relays and public interest programming, focusing on and giving priority to content which is related to the needs of russian-speaking immigrant community. We work on helping immigrants to get better understanding of american life and culture as well.", "details": "Skill Details\nRated: Guidance Suggested.\nThis skill contains dynamic content.\nInvocation Name: l. i. b. radio\nDeveloper Privacy Policy\nDeveloper Terms of Use", "privacy_policy_href": "https://radio.co/terms/alexa"}, "Rainy Weather": {"review-count": "9", "description": "Description\nThe best raining sounds to help you sleep or relax!\n\nIcon made by Freepik from flaticon.com", "details": "Skill Details\nThis skill contains dynamic content.\nInvocation Name: rainy weather\nDeveloper Privacy Policy\nDeveloper Terms of Use", "privacy_policy_href": "https://rednoirsoft.tumblr.com/post/81517998659/privacy-policy"}, "Radio 5": {"review-count": "1", "description": "Description\nEscucha en directo Radio 5 y accede a la programaci\u00f3n a la carta/podcast de todos los programas y a los boletines informativos de \u00faltima hora.", "details": "Skill Details\nRated: Guidance Suggested.\nThis skill contains dynamic content.\nInvocation Name: radio cinco\nDeveloper Privacy Policy (Spanish, ES)\nDeveloper Privacy Policy (Spanish, US)", "privacy_policy_href": "http://www.rtve.es/comunes/politica_privacidad.html"}, "The Z": {"review-count": "3", "description": "Description\nChristian Pop, Rock and Hip Hop\n\nSay \"Alexa, open the z. dot com\" to begin listening.", "details": "Skill Details\nRated: Guidance Suggested.\nThis skill contains dynamic content.\nInvocation Name: the z. dot com", "privacy_policy_href": ""}, "Tune My Guitar": {"review-count": "0", "description": "Description\nThis is a sample skill to have a kind of hands-on on the development of Alexa skill set. This skill will basically play a requested node with the correct pitch.\n\nTry saying the invocation name \"Tune my guitar\" and followed by requests like \"play a low d\", \"can I get a high e\", etc. It doesn't have any special hardware or software requirements and needs no display device since this is a voice-only skill.\n\nThe skill doesn't demand any personal information of the user and doesn't have any in-skill purchase. There are no privacy policies applied to this skill as such. The creation of this skill is a followup of the online tutorial by one of the Amazon Alexa expert Andrea Muttoni.", "details": "Skill Details\nThis skill contains dynamic content.\nInvocation Name: tune my guitar", "privacy_policy_href": ""}}