{"Jacksonville News": {"review-count": "1", "description": "Description\nJacksonville News deliveries personalized local news through your smart speaker. Update daily, Jacksonville News keeps you informed on local news, traffic, weather, emergency, and the latest developing stories from your neighborhood.\nThis skill features content from News Break, a top-ranking app that has been delivering quality and personalized content to millions of users since 2015. The Jacksonville News skill is your one-stop source for a comprehensive update about your area from credible news sources.", "details": "Skill Details\nFlash Briefing Skill\nRated: Guidance Suggested.\nThis skill contains dynamic content.\nDeveloper Privacy Policy\nDeveloper Terms of Use", "privacy_policy_href": "http://www.newsbreakapp.com/privacy"}, "Henry Chamber Briefing": {"review-count": "0", "description": "Description\nListen to daily updates from your favorite source. You can just say \"Alexa, what's my flash briefing\". You can say \"Alexa, stop\" to exit anytime.\n\nThis skill was created using a Skill Blueprint. Your requests to this skill are not shared with the skill developer.", "details": "Skill Details\nFlash Briefing Skill\nRated: Guidance Suggested.\nThis skill contains dynamic content.", "privacy_policy_href": ""}, "Rochester Real Estate": {"review-count": "0", "description": "Description\nListen to daily updates from your favorite source. You can just say \"Alexa, what's my flash briefing\". You can say \"Alexa, stop\" to exit anytime.\n\nThis skill was created using a Skill Blueprint. Your requests to this skill are not shared with the skill developer.", "details": "Skill Details\nFlash Briefing Skill\nThis skill contains dynamic content.", "privacy_policy_href": ""}, "news reader": {"review-count": "0", "description": "Description\nthis provides the users with the latest and most accurate and legit news. this covers all the news categories.", "details": "Skill Details\nFlash Briefing Skill\nRated: Guidance Suggested.\nThis skill contains dynamic content.", "privacy_policy_href": ""}, "Bangkok Post: Thailand News": {"review-count": "0", "description": "Description\nThis skill reads the updated Thailand news from the Bangkok Post daily newspaper.", "details": "Skill Details\nFlash Briefing Skill\nRated: Guidance Suggested.\nThis skill contains dynamic content.", "privacy_policy_href": ""}, "Rainbow Six Siege News": {"review-count": "0", "description": "Description\nAny time you want, just use our simple command to find out what\u2019s going on in rainbow six siege! We will have constant updates, and we will update every week what is going on inside of the game. If there are major updates, expect multiple posts!\n\nWe talk about:\n\u2022New operators\n\u2022Buffs/Nerfs\n\u2022Gameplay changes\n\u2022Map changes\n\u2022New mechanics\n\u2022Much, much more!\n\nPleas, if you enjoy our updates and you are feeling generous, please rate us and give us some feedback!! If there is anything you think we should do, please suggest it to us in the reviews! Thanks, and we hope you enjoy our service!!", "details": "Skill Details\nFlash Briefing Skill\nRated: Guidance Suggested.\nThis skill contains dynamic content.", "privacy_policy_href": ""}, "Anchorage News": {"review-count": "0", "description": "Description\nAnchorage News deliveries personalized local news through your smart speaker. Update daily, Anchorage News keeps you informed on local news, traffic, weather, emergency, and the latest developing stories from your neighborhood.\nThis skill features content from News Break, a top-ranking app that has been delivering quality and personalized content to millions of users since 2015. The Anchorage News skill is your one-stop source for a comprehensive update about your area from credible news sources.", "details": "Skill Details\nFlash Briefing Skill\nRated: Guidance Suggested.\nThis skill contains dynamic content.\nDeveloper Privacy Policy\nDeveloper Terms of Use", "privacy_policy_href": "http://www.newsbreakapp.com/privacy"}, "Bridgeport News": {"review-count": "0", "description": "Description\nBridgeport News deliveries personalized local news through your smart speaker. Update daily, Bridgeport News keeps you informed on local news, traffic, weather, emergency, and the latest developing stories from your neighborhood.\nThis skill features content from News Break, a top-ranking app that has been delivering quality and personalized content to millions of users since 2015. The Bridgeport News skill is your one-stop source for a comprehensive update about your area from credible news sources.", "details": "Skill Details\nFlash Briefing Skill\nRated: Guidance Suggested.\nThis skill contains dynamic content.\nDeveloper Privacy Policy\nDeveloper Terms of Use", "privacy_policy_href": "http://www.newsbreakapp.com/privacy"}, "Little Rock News": {"review-count": "0", "description": "Description\nLittle Rock News deliveries personalized local news through your smart speaker. Update daily, Little Rock News keeps you informed on local news, traffic, weather, emergency, and the latest developing stories from your neighborhood.\nThis skill features content from News Break, a top-ranking app that has been delivering quality and personalized content to millions of users since 2015. The Little Rock News skill is your one-stop source for a comprehensive update about your area from credible news sources.", "details": "Skill Details\nFlash Briefing Skill\nRated: Guidance Suggested.\nThis skill contains dynamic content.\nDeveloper Privacy Policy\nDeveloper Terms of Use", "privacy_policy_href": "http://www.newsbreakapp.com/privacy"}, "DC FEMS News": {"review-count": "0", "description": "Description\nListen to daily updates from your favorite source. You can just say \"Alexa, what's my flash briefing\". You can say \"Alexa, stop\" to exit anytime.\n\nThis skill was created using a Skill Blueprint. Your requests to this skill are not shared with the skill developer.", "details": "Skill Details\nFlash Briefing Skill\nThis skill contains dynamic content.", "privacy_policy_href": ""}, "Trump News Today": {"review-count": "0", "description": "Description\nThe Trump News Today Flash Briefing bring you fast, accurate, and actionable Donald Trump tweets and updates.\n\nAdd Trump News Today to your Flash Briefings and move it to the top of your news by doing to Settings in the Alexa app. You can manage your Flash Briefing under Account.\n\nAfter adding Trump News Today, you can say \"Alexa, what's my Flash Briefing?\" or \"Alexa, whats the news?\" to hear the latest.", "details": "Skill Details\nFlash Briefing Skill\nRated: Guidance Suggested.\nThis skill contains dynamic content.\nDeveloper Privacy Policy\nDeveloper Terms of Use", "privacy_policy_href": "https://www.dominiconorton.co.uk/"}, "Aspen Daily News": {"review-count": "0", "description": "Description\nAlexa users can add the Aspen Daily News skill to their Flash Briefing and get their local news updates daily", "details": "Skill Details\nFlash Briefing Skill\nRated: Guidance Suggested.\nThis skill contains dynamic content.", "privacy_policy_href": ""}, "Birmingham News": {"review-count": "0", "description": "Description\nBirmingham News deliveries personalized local news through your smart speaker. Update daily, Birmingham News keeps you informed on local news, traffic, weather, emergency, and the latest developing stories from your neighborhood.\nThis skill features content from News Break, a top-ranking app that has been delivering quality and personalized content to millions of users since 2015. The Birmingham News skill is your one-stop source for a comprehensive update about your area from credible news sources.", "details": "Skill Details\nFlash Briefing Skill\nRated: Guidance Suggested.\nThis skill contains dynamic content.\nDeveloper Privacy Policy\nDeveloper Terms of Use", "privacy_policy_href": "http://www.newsbreakapp.com/privacy"}, "Arrowhead Guys QB Sneak Peek": {"review-count": "0", "description": "Description\nListen to a Sneak Preview of the Upcoming Articles on Arrowheadguys.com", "details": "Skill Details\nFlash Briefing Skill\nThis skill contains dynamic content.", "privacy_policy_href": ""}, "Tailwind Digital Minute": {"review-count": "0", "description": "Description\nA collection of short form audio updates weekly (The Tailwind Digital Minute) uncovering news headlines from Google, Facebook, Bing, and more. Hear your hosts, Ryan Gudmundson, David Ericson, Leslie DeMent, Priscilla Plazola, and more every week from the Tailwind offices in Tempe, AZ", "details": "Skill Details\nFlash Briefing Skill\nThis skill contains dynamic content.", "privacy_policy_href": ""}, "YLE Finland TV1": {"review-count": "1", "description": "Description\nPlays international version of Finland YLE TV1 live stream. Programs in Finnish, Swedish and English. Some programming geo-blocked.", "details": "Skill Details\nThis skill contains dynamic content.\nInvocation Name: finland one", "privacy_policy_href": ""}, "The Altamont Enterprise & Albany County Post": {"review-count": "0", "description": "Description\nOften, truth isn\u2019t handed down from public officials but comes from listening to other voices. Once a week, you can hear a wide variety of views from people who shape our corner of the world in New York\u2019s Capital Region. The Altamont Enterprise is the weekly newspaper of record for Albany County, New York.\n\nWe\u2019ve talked with a Buddhist who provided therapy for Gilda Radner and then helped set up Gilda\u2019s Club after she died; with a Muslim woman who is trying to educate people about her religion as she feels increased hatred; with an African-American man who, as a teenager, helped ferry people north from a town in Mississippi haunted by lynchings.", "details": "Skill Details\nFlash Briefing Skill\nRated: Guidance Suggested.\nThis skill contains dynamic content.", "privacy_policy_href": ""}, "Engadget Briefing": {"review-count": "3", "description": "Description\nTop headlines from Engadget, the internet's original tech blog.", "details": "Skill Details\nFlash Briefing Skill\nRated: Guidance Suggested.\nThis skill contains dynamic content.\nDeveloper Privacy Policy", "privacy_policy_href": "https://policies.spokenlayer.net/privacy-policy/alexa-skill/engadget"}, "Cricket World Cup": {"review-count": "0", "description": "Description\nListen to daily updates from your favorite source. You can just say \"Alexa, what's my flash briefing\". You can say \"Alexa, stop\" to exit anytime.\n\nThis skill was created using a Skill Blueprint. Your requests to this skill are not shared with the skill developer.", "details": "Skill Details\nFlash Briefing Skill\nThis skill contains dynamic content.", "privacy_policy_href": ""}, "SUP News": {"review-count": "0", "description": "Description\nListen to the latest tech news from your favorite site SUP News. You can pause and play by saying \"Alexa, pause\" and \"Alexa, resume.\" Just say \"Alexa, stop\" when you're done for the day. You can say \"Alexa, shuffle\" to shuffle the playing order, or \"Alexa, loop\" to loop the current episode. You can also ask for previous and next episodes by saying \"Alexa, previous\" and \"Alexa, next\". This skill was created using a Skill Blueprint. Your requests to this skill are not shared with the skill developer.", "details": "Skill Details\nThis skill contains dynamic content.\nInvocation Name: sup news", "privacy_policy_href": ""}, "Daily News in Niuean": {"review-count": "0", "description": "Description\nWe have the news brought to you week days in the Niuean Language. Brought to you by PMN Niue. We also have news in other Pacific languages including Samoan, Tongan and Cook Islands.\n\nTo find out more about the services we provide in Pacific Media visit our website www.pmn.co.nz", "details": "Skill Details\nFlash Briefing Skill\nRated: Guidance Suggested.\nThis skill contains dynamic content.\nDeveloper Privacy Policy\nDeveloper Terms of Use", "privacy_policy_href": "http://niufm.com/privacy"}, "Random News": {"review-count": "0", "description": "Description\nListen to daily updates from your favorite source. You can just say \"Alexa, what's my flash briefing\". You can say \"Alexa, stop\" to exit anytime.\n\nThis skill was created using a Skill Blueprint. Your requests to this skill are not shared with the skill developer.", "details": "Skill Details\nFlash Briefing Skill\nThis skill contains dynamic content.", "privacy_policy_href": ""}, "Engadget": {"review-count": "0", "description": "Description\nTop headlines from Engadget, the internet's original tech blog.", "details": "Skill Details\nRated: Guidance Suggested.\nThis skill contains dynamic content.\nInvocation Name: engadget\nDeveloper Privacy Policy", "privacy_policy_href": "https://policies.spokenlayer.net/privacy-policy/alexa-skill/engadget"}, "API Security": {"review-count": "1", "description": "Description\nAPISecurity.io is a community website for all things related to API security. Our weekly API Security newsletter covers the latest breaches, vulnerabilities, standards, best practices, regulations, and technology.", "details": "Skill Details\nFlash Briefing Skill\nThis skill contains dynamic content.\nDeveloper Privacy Policy\nDeveloper Terms of Use", "privacy_policy_href": "https://42crunch.com/privacy-policy/"}, "The Bellingham Herald": {"review-count": "0", "description": "Description\nWhatcom County news and events from The Bellingham Herald.", "details": "Skill Details\nRated: Guidance Suggested.\nThis skill contains dynamic content.\nInvocation Name: bellingham herald\nDeveloper Privacy Policy", "privacy_policy_href": "http://spokenlayer.com/privacy"}, "KQED The California Report Flash Briefing": {"review-count": "2", "description": "Description\nKQED's statewide radio news program, providing daily coverage of issues, trends, and public policy decisions affecting California and its diverse population.", "details": "Skill Details\nFlash Briefing Skill\nRated: Guidance Suggested.\nThis skill contains dynamic content.\nDeveloper Privacy Policy\nDeveloper Terms of Use", "privacy_policy_href": "https://ww2.kqed.org/about/privacy-policy/"}, "The Tri-City Herald Briefing": {"review-count": "0", "description": "Description\nMid-Columbia news and events from The Tri-City Herald.", "details": "Skill Details\nFlash Briefing Skill\nRated: Guidance Suggested.\nThis skill contains dynamic content.", "privacy_policy_href": ""}, "Su news": {"review-count": "0", "description": "Description\nprovide the latest news about Su's homepage", "details": "Skill Details\nFlash Briefing Skill\nThis skill contains dynamic content.", "privacy_policy_href": ""}, "Orlando Sentinel Briefing": {"review-count": "1", "description": "Description\nYour daily news update from the Orlando Sentinel and Central Florida\u2019s largest newsroom.", "details": "Skill Details\nFlash Briefing Skill\nRated: Guidance Suggested.\nThis skill contains dynamic content.\nDeveloper Privacy Policy", "privacy_policy_href": "https://policies.spokenlayer.net/privacy-policy/alexa-skill/orlando-sentinel"}, "Sun Sentinel Briefing": {"review-count": "2", "description": "Description\nTop South Florida news, information and entertainment from the Pulitzer Prize-winning Sun Sentinel newsroom, available weekdays on your smart speaker.", "details": "Skill Details\nFlash Briefing Skill\nRated: Guidance Suggested.\nThis skill contains dynamic content.\nDeveloper Privacy Policy", "privacy_policy_href": "https://policies.spokenlayer.net/privacy-policy/alexa-skill/sun-sentinel"}, "The Tri-City Herald": {"review-count": "1", "description": "Description\nMid-Columbia news and events from The Tri-City Herald.", "details": "Skill Details\nRated: Guidance Suggested.\nThis skill contains dynamic content.\nInvocation Name: tri city herald\nDeveloper Privacy Policy", "privacy_policy_href": "http://spokenlayer.com/privacy"}, "The Bellingham Herald Briefing": {"review-count": "0", "description": "Description\nWhatcom County news and events from The Bellingham Herald.", "details": "Skill Details\nFlash Briefing Skill\nRated: Guidance Suggested.\nThis skill contains dynamic content.", "privacy_policy_href": ""}, "Atlantic Sound Factory": {"review-count": "0", "description": "Description\nFor our listeners and fans, a quick summary of what's happening on ASF Radio.", "details": "Skill Details\nFlash Briefing Skill\nRated: Guidance Suggested.\nThis skill contains dynamic content.", "privacy_policy_href": ""}, "Tech Talking Minute": {"review-count": "0", "description": "Description\nWant to know what your PC/Mac OS can do? How about learning to make better use of smart bulbs and conserve the energy and your money! Everything and anything that can be discussed about everyday Technology is brought under a minute.\nLearn all of that with fresh tips and tricks updated every day.\nTech Talk Minute - Minute you have to subscribe to!", "details": "Skill Details\nFlash Briefing Skill\nThis skill contains dynamic content.\nDeveloper Privacy Policy\nDeveloper Terms of Use", "privacy_policy_href": "http://androidmonks.com/TechTalkMinute_privacy_policy.html"}, "Orlando Sentinel": {"review-count": "2", "description": "Description\nYour daily news update from the Orlando Sentinel and Central Florida\u2019s largest newsroom.", "details": "Skill Details\nRated: Guidance Suggested.\nThis skill contains dynamic content.\nInvocation Name: orlando sentinel\nDeveloper Privacy Policy", "privacy_policy_href": "https://policies.spokenlayer.net/privacy-policy/alexa-skill/orlando-sentinel"}, "Sun Sentinel": {"review-count": "0", "description": "Description\nTop South Florida news, information and entertainment from the Pulitzer Prize-winning Sun Sentinel newsroom, available weekdays on your smart speaker.", "details": "Skill Details\nRated: Guidance Suggested.\nThis skill contains dynamic content.\nInvocation Name: sun sentinel\nDeveloper Privacy Policy", "privacy_policy_href": "https://policies.spokenlayer.net/privacy-policy/alexa-skill/sun-sentinel"}, "The Modesto Bee Briefing": {"review-count": "1", "description": "Description\nCatch up on the local news you need to know with this flash briefing from The Modesto Bee. Our rapid-fire summary brings you the top stories that will keep you connected to Modesto, Stanislaus County and surrounding areas \u2013 news, people, politics, sports, entertainment and more.", "details": "Skill Details\nFlash Briefing Skill\nRated: Guidance Suggested.\nThis skill contains dynamic content.", "privacy_policy_href": ""}, "The Modesto Bee": {"review-count": "0", "description": "Description\nCatch up on the local news you need to know with this flash briefing from The Modesto Bee. Our rapid-fire summary brings you the top stories that will keep you connected to Modesto, Stanislaus County and it surrounding areas \u2013 news, people, politics, sports, entertainment and more.", "details": "Skill Details\nRated: Guidance Suggested.\nThis skill contains dynamic content.\nInvocation Name: modesto bee\nDeveloper Privacy Policy", "privacy_policy_href": "http://spokenlayer.com/privacy"}, "Trends of the day": {"review-count": "2", "description": "Description\nConsulta los trending topics de twitter de tu zona. Inf\u00f3rmate de cuales son las tendencias de las que los usuarios de twitter hablan hoy en tu zona.", "details": "Skill Details\nRated: Guidance Suggested.\nThis skill contains dynamic content.\nInvocation Name: tendencias del d\u00eda", "privacy_policy_href": ""}, "Urban-Gro News": {"review-count": "1", "description": "Description\nCannabis Industry news from around the world - Everything you need to know in legal Cannabis markets.", "details": "Skill Details\nFlash Briefing Skill\nRated: Mature.\nThis skill contains dynamic content.", "privacy_policy_href": ""}, "Tech Update Flash Brief": {"review-count": "0", "description": "Description\nPulls from a large RSS feed that contains the latest news in current Technology and news relating technology.", "details": "Skill Details\nFlash Briefing Skill\nThis skill contains dynamic content.", "privacy_policy_href": ""}, "Everything You Need Briefing": {"review-count": "0", "description": "Description\nThis daily briefing includes detailed events and descriptions about upcoming and the latest games, events, and technology. Everything you need to know at the beginning of your morning or end of a long day to keep you up to date.", "details": "Skill Details\nFlash Briefing Skill\nRated: Guidance Suggested.\nThis skill contains dynamic content.", "privacy_policy_href": ""}, "Chicago Public Square Newscasts": {"review-count": "0", "description": "Description\nThe Chicago Headline Club award-winning best newscast for 2019.", "details": "Skill Details\nRated: Guidance Suggested.\nThis skill contains dynamic content.\nInvocation Name: chicago public square newscasts\nDeveloper Privacy Policy\nDeveloper Terms of Use", "privacy_policy_href": "https://cdn.voxxup.io/vir-media/contents/privacy-policy-v1.html"}, "The Morning Daily": {"review-count": "0", "description": "Description\nThe Morning Daily is a great flash briefing to start your day. The Morning Daily offers one finance tip and one headline every morning. This flash briefing is updated daily Monday-Friday.\nTMD covers a range of topics that include news updates, money and markets, entrepreneurs, science, tech, health & lifestyle.", "details": "Skill Details\nFlash Briefing Skill\nRated: Guidance Suggested.\nThis skill contains dynamic content.", "privacy_policy_href": ""}, "New York Daily News Briefing": {"review-count": "0", "description": "Description\nYour essential morning update from the New York Daily News. Get the top stories you need to start your day \u2013 with New York attitude.", "details": "Skill Details\nFlash Briefing Skill\nRated: Guidance Suggested.\nThis skill contains dynamic content.\nDeveloper Privacy Policy", "privacy_policy_href": "https://policies.spokenlayer.net/privacy-policy/alexa-skill/new-york-daily-news"}, "ICC Worlcup 2019": {"review-count": "0", "description": "Description\nThe hosting rights were awarded in April 2006, after England and Wales withdrew from the bidding to host the 2015 ICC Cricket World Cup, which was held in Australia and New Zealand. The first match was played at The Oval while the final will be played at Lords. It is the fifth time that the Cricket World Cup is being held in England and Wales, following the 1975, 1979, 1983 and 1999 World Cups.", "details": "Skill Details\nFlash Briefing Skill\nThis skill contains dynamic content.\nDeveloper Privacy Policy\nDeveloper Terms of Use", "privacy_policy_href": "https://skilexa.com/alexa/signin/privacy.php"}, "NewsBuddy": {"review-count": "0", "description": "Description\nListen to daily updates from your favorite source. You can just say \"Alexa, what's my flash briefing\". You can say \"Alexa, stop\" to exit anytime.\n\nThis skill was created using a Skill Blueprint. Your requests to this skill are not shared with the skill developer.", "details": "Skill Details\nFlash Briefing Skill\nThis skill contains dynamic content.", "privacy_policy_href": ""}, "LancasterOnline News Flash": {"review-count": "0", "description": "Description\nLancasterOnline and L N P media group provide local news and high school sports coverage from lancaster pennsylvania", "details": "Skill Details\nFlash Briefing Skill\nRated: Guidance Suggested.\nThis skill contains dynamic content.\nDeveloper Privacy Policy\nDeveloper Terms of Use", "privacy_policy_href": "https://steinmancommunications.com/your-privacy-rights/"}, "KSL News (Unofficial)": {"review-count": "0", "description": "Description\nUtah and national news and information", "details": "Skill Details\nFlash Briefing Skill\nRated: Guidance Suggested.\nThis skill contains dynamic content.", "privacy_policy_href": ""}, "Psychiatric News Brief": {"review-count": "2", "description": "Description\nWith the American Psychiatric Association\u2019s new flash briefing, Psychiatric News Brief, you can now listen to synopses of curated articles from Psychiatric News. Simply enable this skill and you can listen anytime you choose throughout your day by just saying \"Alexa, what's my flash briefing\" or \u201cAlexa, tell me what\u2019s new\u201d You can say \"Alexa, stop\" to exit anytime.\n\nThis tool does not provide medical advice and is taken from stories published in our publications. It is for informational and educational purposes only, and is not a substitute for professional medical advice, treatment or diagnosis. Call your doctor to receive medical advice. If you think you may have a medical emergency, please dial your local emergency response phone number.", "details": "Skill Details\nFlash Briefing Skill\nThis skill contains dynamic content.\nDeveloper Terms of Use", "privacy_policy_href": ""}, "Dominican News": {"review-count": "6", "description": "Description\nThe Dominican News allows you to stay in synced with the latest and top news headlines from the Dominican Republic from your Alexa enabled device.\n\nThe news headlines include a variety of the top new's topics such as economy, technology, sports, tourism, business pleasure, and people.", "details": "Skill Details\nRated: Guidance Suggested.\nThis skill contains dynamic content.\nInvocation Name: dominican news", "privacy_policy_href": ""}, "The Savvy Screener": {"review-count": "0", "description": "Description\nListen to daily updates from your favorite source. You can just say \"Alexa, what's my flash briefing\". You can say \"Alexa, stop\" to exit anytime.\n\nThe Savvy Screener brings you insight into what to watch and where to watch it when it comes new and upcoming options beyond traditional cable & satellite channels. We probe the internet for hidden TV and movie gems worth sampling or binging. We also report on the business trends influencing tomorrow\u2019s content and channels in addition to the services that provide them.", "details": "Skill Details\nFlash Briefing Skill\nThis skill contains dynamic content.", "privacy_policy_href": ""}, "October flash": {"review-count": "0", "description": "Description\nListen to daily updates from your favorite source. You can just say \"Alexa, what's my flash briefing\". You can say \"Alexa, stop\" to exit anytime.\n\nThis skill was created using a Skill Blueprint. Your requests to this skill are not shared with the skill developer.", "details": "Skill Details\nFlash Briefing Skill\nThis skill contains dynamic content.", "privacy_policy_href": ""}, "Wichita Eagle": {"review-count": "0", "description": "Description\nYour daily news roundup from the Wichita Eagle and Kansas.com.", "details": "Skill Details\nRated: Guidance Suggested.\nThis skill contains dynamic content.\nInvocation Name: wichita eagle\nDeveloper Privacy Policy", "privacy_policy_href": "http://spokenlayer.com/privacy"}, "Level Break - Your Gaming and Tech News": {"review-count": "0", "description": "Description\nLevel Break is a news and opinion show for gamers and tech enthusiasts. Hosted by Todd Harris, the weekly show brings you the most relevant video game stories and more!", "details": "Skill Details\nFlash Briefing Skill\nThis skill contains dynamic content.", "privacy_policy_href": ""}, "Mic'd Up Millennials Podcast": {"review-count": "0", "description": "Description\nSimply say 'Alexa, play my flash briefing' and the latest episode of the Mic'd Up Millennials Podcast will be included.", "details": "Skill Details\nFlash Briefing Skill\nRated: Guidance Suggested.\nThis skill contains dynamic content.", "privacy_policy_href": ""}, "Wichita Eagle Briefing": {"review-count": "0", "description": "Description\nYour daily news roundup from the Wichita Eagle and Kansas.com.", "details": "Skill Details\nFlash Briefing Skill\nRated: Guidance Suggested.\nThis skill contains dynamic content.", "privacy_policy_href": ""}, "Cricket Unfiltered": {"review-count": "0", "description": "Description\nIf you love cricket then this podcast is for you. Get closer to the game than ever before with in-depth analysis, discussion and debate. The podcast is produced by Andrew Menczel for Newscorp. The show features a wide variety of cricket journalists, current players and retired cricket greats. This is must listen for cricket fans. Subscribe now!\nNOTE:\nAs soon as you open/launch the podcast, you will be playing the latest episode by default, but you can always find something more specific. Read HOW TO USE instructions below\n\nHOW TO USE:\nTo Get Started: Say \"Alexa, open \u2018cricket unfiltered\u2019\u201d.\n\nNext/Previous\nWhen a podcast is playing, you can say \"Alexa, Next\" or \"Alexa, Previous\" to play the next or previous episode.\n\nFast Forward\nIf you want to skip ahead, you can say \"Alexa, ask \u2018cricket unfiltered\u2019 to fast forward 2 minutes\"\n\nRewind\nif you want to go back, you can say \"Alexa, ask \u2018cricket unfiltered\u2019 to rewind 30 seconds\"\n\nSpecific Episode\nYou can also use \u2018Episode No\u2019 to play specific episodes", "details": "Skill Details\nThis skill contains dynamic content.\nInvocation Name: cricket unfiltered\nDeveloper Privacy Policy\nDeveloper Terms of Use", "privacy_policy_href": "https://emitrr.com/privacy-policy"}, "NTV News": {"review-count": "4", "description": "Description\nThe NTV News Flash Briefing brings you Central and South-western Nebraska area news and weather as well as top stories from around the world. Get the latest throughout the day, direct from our news staff.", "details": "Skill Details\nFlash Briefing Skill\nRated: Guidance Suggested.\nThis skill contains dynamic content.\nDeveloper Privacy Policy\nDeveloper Terms of Use", "privacy_policy_href": "https://nebraska.tv/station/privacy"}, "Fintech News": {"review-count": "0", "description": "Description\nListen to daily updates from your favorite source. You can just say \"Alexa, what's my flash briefing\". You can say \"Alexa, stop\" to exit anytime.\n\nThis skill was created using a Skill Blueprint. Your requests to this skill are not shared with the skill developer.", "details": "Skill Details\nFlash Briefing Skill\nRated: Guidance Suggested.\nThis skill contains dynamic content.", "privacy_policy_href": ""}, "headlines": {"review-count": "0", "description": "Description\nAlexa searches for top stories of the day, and only reads the headliner/titles for you to examine.", "details": "Skill Details\nFlash Briefing Skill\nRated: Guidance Suggested.\nThis skill contains dynamic content.", "privacy_policy_href": ""}, "Chacuatool EN-US": {"review-count": "1", "description": "Description\nEscucha las noticias de Nicaragua en Chacuatool", "details": "Skill Details\nFlash Briefing Skill\nRated: Guidance Suggested.\nThis skill contains dynamic content.", "privacy_policy_href": ""}, "Fulshear Katy Area Chamber of Commerce": {"review-count": "1", "description": "Description\nUpdates from the Fulshear Katy Area Chamber. At the Fulshear Katy Area Chamber of Commerce it is our mission is to serve and promote our members and communities.", "details": "Skill Details\nFlash Briefing Skill\nThis skill contains dynamic content.", "privacy_policy_href": ""}, "Inside 208": {"review-count": "0", "description": "Description\nAlexa will read the latest news from MML's Inside Out legislative blog.", "details": "Skill Details\nFlash Briefing Skill\nRated: Guidance Suggested.\nThis skill contains dynamic content.", "privacy_policy_href": ""}, "Your Tech Moment": {"review-count": "0", "description": "Description\nNo time to sift through the technology news of the day? No problem. Subscribe to this skill for updates, news and commentary about network security, technology and its impact on daily human life. We'll explore those stories that impact personal security and data breaches, but we'll also cover human interest stories, artificial intelligence and machine learning, and how technology impacts life in the Unites States and beyond.\nJoin us on your commute, lunch or just relaxing and we'll get you caught-up on news you won't find in other daily briefings.", "details": "Skill Details\nFlash Briefing Skill\nThis skill contains dynamic content.", "privacy_policy_href": ""}, "Go Find Flash Briefing": {"review-count": "0", "description": "Description\nGet the news from Google News, brought to you by Go Find. After you install this skill just invoke it by saying \"Alexa, what's my Flash Briefing?\" or \"Alexa, what's in the news?\"", "details": "Skill Details\nFlash Briefing Skill\nRated: Guidance Suggested.\nThis skill contains dynamic content.\nDeveloper Privacy Policy\nDeveloper Terms of Use", "privacy_policy_href": "https://www.gofindinc.com/privacy-policy/"}, "Antons Updates": {"review-count": "0", "description": "Description\nListen to daily updates from your favorite Person. You can just say \"Alexa, what's my flash briefing\". You can say \"Alexa, stop\" to exit anytime.\n\nAnton and Amazon care about your privacy which is why your requests to this skill are not shared with Anton!", "details": "Skill Details\nFlash Briefing Skill\nThis skill contains dynamic content.", "privacy_policy_href": ""}, "AustinPolitics.NET": {"review-count": "1", "description": "Description\nJack Craver digs into the City Hall actions shaping our community \u2013\u2013 the budget, land use, economic development, transportation \u2013\u2013 and delivers details and analysis that isn\u2019t available in the mainstream press.", "details": "Skill Details\nFlash Briefing Skill\nRated: Guidance Suggested.\nThis skill contains dynamic content.", "privacy_policy_href": ""}, "Canadian Army News": {"review-count": "0", "description": "Description\nNews from Canada this week", "details": "Skill Details\nFlash Briefing Skill\nThis skill contains dynamic content.\nDeveloper Privacy Policy\nDeveloper Terms of Use", "privacy_policy_href": "http://www.forces.gc.ca/en/terms-conditions.page?"}, "JR Briefing": {"review-count": "0", "description": "Description\nListen to daily updates from your favorite source. You can just say \"Alexa, what's my flash briefing\". You can say \"Alexa, stop\" to exit anytime.\n\nThis skill was created using a Skill Blueprint by Johnson Rauhoff.", "details": "Skill Details\nFlash Briefing Skill\nThis skill contains dynamic content.", "privacy_policy_href": ""}, "FirstChoice": {"review-count": "0", "description": "Description\nProvides details about the next launcher like 'Go Green'", "details": "Skill Details\nThis skill contains dynamic content.\nInvocation Name: first launcher", "privacy_policy_href": ""}, "KUNC News Briefing": {"review-count": "1", "description": "Description\nHear the latest Colorado headlines from KUNC News, an award-winning NPR affiliate station located in Northern Colorado.", "details": "Skill Details\nFlash Briefing Skill\nRated: Guidance Suggested.\nThis skill contains dynamic content.\nDeveloper Privacy Policy\nDeveloper Terms of Use", "privacy_policy_href": "https://www.kunc.org/privacy-policy"}, "Fortune 500 Daily": {"review-count": "0", "description": "Description\nThey\u2019re the biggest companies in the country, and they touch every part of your day\u2014from powering the phone in your hand to providing the food on your plate. What can we learn from them? Get brilliant bites of knowledge each morning from our editors about the Fortune 500.", "details": "Skill Details\nRated: Guidance Suggested.\nThis skill contains dynamic content.\nInvocation Name: fortune five hundred daily\nDeveloper Privacy Policy", "privacy_policy_href": "http://spokenlayer.com/privacy"}, "Bunker Missouri News": {"review-count": "0", "description": "Description\nBunker Missouri news and events from the heart of the Ozarks and Reynolds County or Dent County depending on what side of Main Street or Highway 72 you live on.", "details": "Skill Details\nFlash Briefing Skill\nRated: Guidance Suggested.\nThis skill contains dynamic content.\nDeveloper Privacy Policy", "privacy_policy_href": "https://voicexp.com/pp/"}, "Daily News Brief": {"review-count": "0", "description": "Description\nListen to daily updates from your favorite source. You can just say \"Alexa, what's my flash briefing\". You can say \"Alexa, stop\" to exit anytime.\n\nThis skill was created using a Skill Blueprint. Your requests to this skill are not shared with the skill developer.", "details": "Skill Details\nFlash Briefing Skill\nThis skill contains dynamic content.", "privacy_policy_href": ""}, "Inkstone News": {"review-count": "0", "description": "Description\nInkstone is a daily digest of China-focused stories that will give you unique, unvarnished insight into a rising potential superpower.", "details": "Skill Details\nRated: Guidance Suggested.\nThis skill contains dynamic content.\nInvocation Name: inkstone news\nDeveloper Privacy Policy\nDeveloper Terms of Use", "privacy_policy_href": "https://www.inkstonenews.com/privacy-policy"}, "Lake Forest Flash Briefing": {"review-count": "0", "description": "Description\nThe Lake Forest News flash briefing provides news and updates for residents of the city of Lake Forest California.", "details": "Skill Details\nFlash Briefing Skill\nRated: Guidance Suggested.\nThis skill contains dynamic content.\nDeveloper Privacy Policy\nDeveloper Terms of Use", "privacy_policy_href": "http://ca-lakeforest.civicplus.com/124/Terms-and-Conditions"}, "Cherokee Nation News": {"review-count": "0", "description": "Description\nListen to daily updates from Cherokee Nation News and get all relevant info on your Alexa device. You can just say \"Alexa, what's my flash briefing\". You can say \"Alexa, stop\" to exit anytime.", "details": "Skill Details\nFlash Briefing Skill\nRated: Guidance Suggested.\nThis skill contains dynamic content.", "privacy_policy_href": ""}, "DawgNation": {"review-count": "2", "description": "Description\nUGA fans get their Georgia Bulldogs news from DawgNation.com. And now you can get those DawgNation headlines delivered daily on Alexa. DawgNation Daily host, Brandon Adams provides the daily scoop from the DawgNation reporters in Athens and the latest recruiting news from Jeff Sentell. Add DawgNation to your daily flash briefing to stay up to date on UGA athletics.", "details": "Skill Details\nFlash Briefing Skill\nRated: Guidance Suggested.\nThis skill contains dynamic content.\nDeveloper Privacy Policy", "privacy_policy_href": "https://www.dawgnation.com/privacy-policy"}, "Wethersfield News": {"review-count": "0", "description": "Description\nListen to weekly updates about Wethersfield, Connecticut. You can just say \"Alexa, what's my flash briefing\". You can say \"Alexa, stop\" to exit anytime.", "details": "Skill Details\nFlash Briefing Skill\nRated: Guidance Suggested.\nThis skill contains dynamic content.", "privacy_policy_href": ""}, "Thrasher video": {"review-count": "4", "description": "Description\nNow Alexa can help you check in on any new uploads to the Skateboard Bible(aka Thrasher Magazine). Just tell Alexa to ask Skateboard Bible what's new and she'll read you the title and descriptions of the latest videos.", "details": "Skill Details\nRated: Guidance Suggested.\nThis skill contains dynamic content.\nInvocation Name: skateboard bible", "privacy_policy_href": ""}, "Daniel's Mock Flash Briefing": {"review-count": "0", "description": "Description\nLet The Signals flash briefing, be your news outlet for the Santa Clarita local area. This flash briefing is updated daily with different topics from news to sports to ensure we cover all types of news.", "details": "Skill Details\nFlash Briefing Skill\nRated: Guidance Suggested.\nThis skill contains dynamic content.", "privacy_policy_href": ""}, "MMA news": {"review-count": "0", "description": "Description\nAll you fans of UFC and MMA here's your thing. Whether you prefer UFC, Bellator, ONE or any other organisation, you may find here all the most interesting news you care for", "details": "Skill Details\nFlash Briefing Skill\nThis skill contains dynamic content.", "privacy_policy_href": ""}, "The Rivet Experience": {"review-count": "1", "description": "Description\nWe invite you to become part of The Rivet Experience. To start your journey let Alexa know you are interested in Rivet and then select audio or video news. To hear your content brought to life and have your own experience created, visit our website at RivetSmartMedia.com", "details": "Skill Details\nRated: Guidance Suggested.\nThis skill contains dynamic content.\nInvocation Name: the rivet experience", "privacy_policy_href": ""}, "Donald Trump Tweets": {"review-count": "5", "description": "Description\nListen to daily updates directly from Donald Trump's twitter, @realDonaldTrump.", "details": "Skill Details\nFlash Briefing Skill\nRated: Guidance Suggested.\nThis skill contains dynamic content.", "privacy_policy_href": ""}, "Good Morning Gwinnett": {"review-count": "1", "description": "Description\nGood Morning Gwinnett is broadcast live Monday- Wednesday at 10am and on Thursday at 11am. The podcast is hosted by Audrey Bell-Kearney and is the official Gwinnett County Podcast all about people and place around Gwinnett County Georgia. Learn about what's happening in politics, Gwinnett living, Gwinnett business, Gwinnett job force. Also be entertained with daily horoscopes and music between the segments. If you are looking for a non-profit to support be sure to listen to the People Helping People segment where Audrey gives a shout out to a local non-profit that are doing great things in the community and surrounding communities. This podcast is made possible by Noise Media Network.", "details": "Skill Details\nThis skill contains dynamic content.\nInvocation Name: good morning gwinnett", "privacy_policy_href": ""}, "My Park Savers News": {"review-count": "1", "description": "Description\nLove staying up to date on Disney theme park news? The Park Savers blog has come to Amazon Alexa to share up-to-the-minute news, keeping you informed of new park additions, openings, park changes, attraction updates, reviews and more. Enjoy your news with daily updates by asking Alexa to \"load My Park Savers News.\" You'll be told the latest theme park news and even enjoy a fun fact or two!", "details": "Skill Details\nRated: Guidance Suggested.\nThis skill contains dynamic content.\nInvocation Name: park savers news", "privacy_policy_href": ""}, "Ann Coulter Tweets": {"review-count": "1", "description": "Description\nListen to Tweet's from America's favorite pundit, Ann Coulter! You can just say \"Alexa, what's my flash briefing\". You can say \"Alexa, stop\" to exit anytime.", "details": "Skill Details\nFlash Briefing Skill\nThis skill contains dynamic content.", "privacy_policy_href": ""}, "Coffee with Creamer": {"review-count": "1", "description": "Description\nHampton Roads Real Estate news what selling and what is not. Learn about my client events and how to join me . What is Alison Creamer up to today will she be listing or selling a home or just having some Coffee with Creamer ?We are not just about Real Estate so be ready for some fun instant pot or air fryer cooking options ,crafty ideas and tips, great small shopping venues and unique ways to reuse items. Stay long enough and maybe at the end you can hear a code for something FREE occasionally.", "details": "Skill Details\nFlash Briefing Skill\nThis skill contains dynamic content.", "privacy_policy_href": ""}, "New York Today": {"review-count": "0", "description": "Description\nListen to daily updates from your New York source. You can just say \"Alexa, what's my flash briefing\". You can say \"Alexa, stop\" to exit anytime.\n\nToday and all relevant news just for you.", "details": "Skill Details\nFlash Briefing Skill\nRated: Guidance Suggested.\nThis skill contains dynamic content.", "privacy_policy_href": ""}, "Delay Defender": {"review-count": "2", "description": "Description\nListen to daily updates from your favorite source. You can just say \"Alexa, what's my flash briefing\". You can say \"Alexa, stop\" to exit anytime.\n\nThis skill was created using a Skill Blueprint. Your requests to this skill are not shared with the skill developer.", "details": "Skill Details\nFlash Briefing Skill\nThis skill contains dynamic content.", "privacy_policy_href": ""}, "Toy Report": {"review-count": "1", "description": "Description\nThe latest toy industry and entertainment news from the editors of The Toy Book.", "details": "Skill Details\nFlash Briefing Skill\nRated: Guidance Suggested.\nThis skill contains dynamic content.", "privacy_policy_href": ""}, "City of Greensboro Flash Briefing": {"review-count": "1", "description": "Description\nStay informed about Greensboro City Council actions, available City programs and services as well as the events taking place each week in Greensboro, NC.", "details": "Skill Details\nFlash Briefing Skill\nRated: Guidance Suggested.\nThis skill contains dynamic content.", "privacy_policy_href": ""}, "Hartford Courant": {"review-count": "1", "description": "Description\nA roundup of the latest Connecticut news, weather, sports and more produced by the Hartford Courant every weekday.", "details": "Skill Details\nRated: Guidance Suggested.\nThis skill contains dynamic content.\nInvocation Name: hartford courant\nDeveloper Privacy Policy", "privacy_policy_href": "https://policies.spokenlayer.net/privacy-policy/alexa-skill/hartford-courant"}, "C.T.F. Time": {"review-count": "0", "description": "Description\nThe C.T.F. Time skill will let you to ask your Amazon Alexa device to get information about the best teams in Capture The Flag challenges at the moment and in the past years, to have access to information about upcoming online events and to last available results.\nTherefore, what are you waiting for? Activate immediately this skill!", "details": "Skill Details\nThis skill contains dynamic content.\nInvocation Name: c. t. f. time", "privacy_policy_href": ""}, "Beaver Countian": {"review-count": "0", "description": "Description\nListen to the latest news from BeaverCountian.com. You can pause and play by saying \"Alexa, pause\" and \"Alexa, resume.\" Just say \"Alexa, stop\" when you're done for the day. You can also ask for the previous and next articles by saying \"Alexa, previous\" and \"Alexa, next\".", "details": "Skill Details\nRated: Guidance Suggested.\nThis skill contains dynamic content.\nInvocation Name: beaver countian", "privacy_policy_href": ""}, "Daily Dose of Positive News with, 1 a Week": {"review-count": "1", "description": "Description\nHear some of the best \"feel good\" stories each day, from your team at, 1 a Week. We search the internet for the most up-to-date, heart warming stories that will boost your mood. In just 60 seconds or less we look to put a smile on your face with something positive, in true, 1 a Week, fashion.", "details": "Skill Details\nFlash Briefing Skill\nThis skill contains dynamic content.\nDeveloper Privacy Policy\nDeveloper Terms of Use", "privacy_policy_href": "https://www.privacypolicytemplate.net/live.php?token=DKYI5XZSnkeIGqb0P6sUVsyvaLlIflgq"}, "Hartford Courant Briefing": {"review-count": "2", "description": "Description\nA roundup of the latest Connecticut news, weather, sports and more produced by the Hartford Courant every weekday.", "details": "Skill Details\nFlash Briefing Skill\nRated: Guidance Suggested.\nThis skill contains dynamic content.\nDeveloper Privacy Policy", "privacy_policy_href": "https://api.spokenlayer.net/virtual-assistant/alexa/flash-briefing/channel/hartford-courant"}, "JUST DUBROVNIK": {"review-count": "0", "description": "Description\nListen to daily updates from your Dubrovnik source.\nDubrovnik is a city in southern Croatia fronting the Adriatic Sea. It's known for its distinctive Old Town, encircled with massive stone walls completed in the 16th century. Its well-preserved buildings range from baroque St. Blaise Church to Renaissance Sponza Palace and Gothic Rector\u2019s Palace, now a history museum. Paved with limestone, the pedestrianized Stradun (or Placa) is lined with shops and restaurants.\nMade popular in Game of Thrones for multiple locale, most famous as Kings Landing.\nPlaning to visit?\nGet all recent relevant news here!\n\nYou can just say \"Alexa, what's my flash briefing\". You can say \"Alexa, stop\" to exit anytime.", "details": "Skill Details\nFlash Briefing Skill\nThis skill contains dynamic content.", "privacy_policy_href": ""}, "Chicago Today": {"review-count": "0", "description": "Description\nListen to daily updates from your favorite Chicago source. You can just say \"Alexa, what's my flash briefing\". You can say \"Alexa, stop\" to exit anytime.\nWhat is up, what is new, get it all here.", "details": "Skill Details\nFlash Briefing Skill\nRated: Guidance Suggested.\nThis skill contains dynamic content.", "privacy_policy_href": ""}}