{"Soccer Facts": {"review-count": "8", "description": "Description\nA quick way to learn interesting tidbits about the game and the history of soccer, or football as it's called outside the United States.", "details": "Skill Details\nThis skill contains dynamic content.\nInvocation Name: soccer facts", "privacy_policy_href": ""}, "Brazil Tech": {"review-count": "0", "description": "Description\nBrazil Tech tracks the business IT agenda in the southern hemisphere's biggest economy.", "details": "Skill Details\nFlash Briefing Skill\nThis skill contains dynamic content.", "privacy_policy_href": ""}, "Cartoon Brew": {"review-count": "0", "description": "Description\nCartoon Brew has delivered the latest news, trends and ideas in animation to over 25,000 different artists, entertainment execs and cartoon aficionados. It is the Internet's leading source for animation news and commentary.", "details": "Skill Details\nFlash Briefing Skill\nThis skill contains dynamic content.", "privacy_policy_href": ""}, "hello velankani": {"review-count": "0", "description": "Description\nThis will just tell you some facts about velankani. This is just an exploration part of Alexa technology.", "details": "Skill Details\nThis skill contains dynamic content.\nInvocation Name: hello velankani", "privacy_policy_href": ""}, "Top Political News": {"review-count": "0", "description": "Description\nTop ten political news headline stories from the Reuters News .\n\nThis skill was built with love by VoiceApps.com. Visit us to create your own skill in minutes!", "details": "Skill Details\nRated: Guidance Suggested.\nThis skill contains dynamic content.\nInvocation Name: top political news", "privacy_policy_href": ""}, "VSI Campfire News": {"review-count": "1", "description": "Description\nCreated by the team at VoiceSkillsInc, Campfire News is daily flash briefing featuring stories, news and gear reviews from across the US. The skill is sponsored by Instagram Influencer - PatchofWild.", "details": "Skill Details\nFlash Briefing Skill\nRated: Guidance Suggested.\nThis skill contains dynamic content.", "privacy_policy_href": ""}, "The Morning Call": {"review-count": "21", "description": "Description\nTop and breaking local news from the Lehigh Valley and surrounding areas", "details": "Skill Details\nFlash Briefing Skill\nRated: Guidance Suggested.\nThis skill contains dynamic content.\nDeveloper Privacy Policy", "privacy_policy_href": "https://policies.spokenlayer.net/privacy-policy/alexa-skill/the-morning-call"}, "News India": {"review-count": "1", "description": "Description\nGets you top 5 latest headlines from India", "details": "Skill Details\nRated: Guidance Suggested.\nThis skill contains dynamic content.\nInvocation Name: news india\nDeveloper Privacy Policy\nDeveloper Terms of Use", "privacy_policy_href": "https://example.com/"}, "KVUE NEWS": {"review-count": "16", "description": "Description\nLatest Top News Flash Briefing", "details": "Skill Details\nFlash Briefing Skill\nRated: Guidance Suggested.\nThis skill contains dynamic content.", "privacy_policy_href": ""}, "Coinswipe": {"review-count": "0", "description": "Description\nCoinswipe on Alexa.", "details": "Skill Details\nRated: Guidance Suggested.\nThis skill contains dynamic content.\nInvocation Name: coin swipe\nDeveloper Privacy Policy", "privacy_policy_href": "https://api.coinswipe.io/privacypolicy"}, "The Virginian Pilot": {"review-count": "1", "description": "Description\nInforming, inspiring and improving the communities of Hampton Roads.", "details": "Skill Details\nFlash Briefing Skill\nRated: Guidance Suggested.\nThis skill contains dynamic content.", "privacy_policy_href": ""}, "CPR Newscast Flash Briefing": {"review-count": "2", "description": "Description\nNews Updates from Colorado Public Radio. Our News Flash Briefing brings you the most up to date information from Colorado Public Radio.", "details": "Skill Details\nFlash Briefing Skill\nRated: Guidance Suggested.\nThis skill contains dynamic content.", "privacy_policy_href": ""}, "tnl tv live": {"review-count": "0", "description": "Description\nTNL Television is Sri Lanka's premier National content provider with un-biased News, Entertainment and educational programs. Mr. Shan Wickramasinghe, Chairman of TNL, is the Pioneer to introduce Television in Sri Lanka. The Channel is much sought after by the expat Sri Lankan community in the US, Canada, Australia and Europe.\nOnce the TNL LIVE TV Skill is invoked, there could be a delay of upto 10 - 15 seconds for Channel to commence.\n\n\nTechnology provider: South Asian Technologies (Sri Lanka)", "details": "Skill Details\nRated: Guidance Suggested.\nThis skill contains dynamic content.\nInvocation Name: t. n. l. t. v. live\nDeveloper Privacy Policy\nDeveloper Terms of Use", "privacy_policy_href": "http://tnltv.lk/copyrights"}, "Connelly Partners News": {"review-count": "0", "description": "Description\nThe news headlines for Connelly Partners a independently owned full service agency headquartered in the South End of Boston", "details": "Skill Details\nFlash Briefing Skill\nThis skill contains dynamic content.", "privacy_policy_href": ""}, "Barbados News": {"review-count": "2", "description": "Description\nA simple way to hear today's top news stories from Barbados. This skill will be added to your flash briefing. Say \"What's my Flash Briefing?\" or \"What's the news?\"", "details": "Skill Details\nFlash Briefing Skill\nRated: Guidance Suggested.\nThis skill contains dynamic content.", "privacy_policy_href": ""}, "VSI Today in Innovation": {"review-count": "0", "description": "Description\nToday in Innovation reports innovative news stories from various fields of technology. These fields include voice, artificial intelligence, cloud computing, emerging technologies and more. This flash briefing was created by VoiceSkillsInc.com", "details": "Skill Details\nFlash Briefing Skill\nThis skill contains dynamic content.", "privacy_policy_href": ""}, "Vanguard Sports News": {"review-count": "0", "description": "Description\nNews and times concerning Vanguard College Preparatory School sports events/games.", "details": "Skill Details\nFlash Briefing Skill\nThis skill contains dynamic content.", "privacy_policy_href": ""}, "San Francisco 49ers": {"review-count": "1", "description": "Description\nListen to daily updates on breaking news, top stories and the latest information you need to stay up-to-date with the San Francisco 49ers.", "details": "Skill Details\nFlash Briefing Skill\nRated: Guidance Suggested.\nThis skill contains dynamic content.\nDeveloper Privacy Policy", "privacy_policy_href": "https://policies.spokenlayer.net/privacy-policy/alexa-skill/san-francisco-49ers"}, "Serbia Flash Briefing": {"review-count": "0", "description": "Description\nNews from Serbia in english", "details": "Skill Details\nFlash Briefing Skill\nRated: Guidance Suggested.\nThis skill contains dynamic content.", "privacy_policy_href": ""}, "evox 6 Minute Daily News": {"review-count": "2", "description": "Description\nOn a day-to-day basis we link with hundreds of grassroots organizations who keep us informed on a cross-cutting range of social justice, environmental and economic issues. Currently, tens of thousands of media outlets receive our content and more than 8,000 nationally are regularly using our stories, reaching a combined national weekly audience of over 40 Million. evox welcomes you to join our community on the evox.life app on Google Play or the App Store. You can also read more stories, watch our shows and shop for green, organic and sustainable products at www.evox.life.", "details": "Skill Details\nFlash Briefing Skill\nRated: Guidance Suggested.\nThis skill contains dynamic content.", "privacy_policy_href": ""}, "Baltimore Sun": {"review-count": "0", "description": "Description\nA roundup of Maryland news and weather from The Baltimore Sun, produced every weekday.", "details": "Skill Details\nRated: Guidance Suggested.\nThis skill contains dynamic content.\nInvocation Name: baltimore sun\nDeveloper Privacy Policy", "privacy_policy_href": "https://policies.spokenlayer.net/privacy-policy/alexa-skill/baltimore-sun"}, "Some More news": {"review-count": "0", "description": "Description\nTop Stories this hour", "details": "Skill Details\nFlash Briefing Skill\nRated: Guidance Suggested.\nThis skill contains dynamic content.", "privacy_policy_href": ""}, "Top News this Hour": {"review-count": "0", "description": "Description\nGetting top news for this hour", "details": "Skill Details\nFlash Briefing Skill\nRated: Guidance Suggested.\nThis skill contains dynamic content.", "privacy_policy_href": ""}, "KVAL 13 Eugene": {"review-count": "1", "description": "Description\nThe KVAL 13 Flash Briefing brings you Eugene area news and weather as well as top stories from around the world. Get the latest throughout the day, direct from our news staff.", "details": "Skill Details\nFlash Briefing Skill\nRated: Guidance Suggested.\nThis skill contains dynamic content.\nDeveloper Privacy Policy\nDeveloper Terms of Use", "privacy_policy_href": "http://kval.com/station/privacy"}, "Salem University Athletics": {"review-count": "1", "description": "Description\nGet all the latest news, scores and details on upcoming events for the Salem University Tigers.\n\nCompeting in NCAA Division II, the Salem Tigers have long enjoyed a strong reputation in intercollegiate athletics.\nBy enabling and invoking this skill, you can keep pace with the Tigers by receiving real time updates of the latest scores, news, and upcoming events.\n\nEstablished in 1888 as Salem College, Salem University has a 130 year tradition of academic excellence and innovation. The beautiful 100-acre campus is nestled in the Appalachian mountains of West Virginia and hosts students from across the US and from over 40 countries.", "details": "Skill Details\nThis skill contains dynamic content.\nInvocation Name: salem university athletics", "privacy_policy_href": ""}, "Northern Ireland News": {"review-count": "0", "description": "Description\nNorthern Ireland News", "details": "Skill Details\nFlash Briefing Skill\nRated: Guidance Suggested.\nThis skill contains dynamic content.", "privacy_policy_href": ""}, "Top US News": {"review-count": "0", "description": "Description\nTop ten United States headline news stories from the Reuters News .\n\nThis skill was built with love by VoiceApps.com. Visit us to create your own skill in minutes!", "details": "Skill Details\nRated: Guidance Suggested.\nThis skill contains dynamic content.\nInvocation Name: top u. s. headline news", "privacy_policy_href": ""}, "3 Dog Thursday Morning Minute: Football News": {"review-count": "4", "description": "Description\nGreat football news and expert sports insight on underdog teams against the spread in college footbal and NFL pro football throughout the season. Other sports, such as basketball, baseball and hockey are covered in the football off-season too!\n\nIf you love football, this is the skill for you. We talk nfc, afc, ncaa, aac, acc, big ten, big 12, conference usa (c-usa), mac, mwc, pac-12, sec and sunbelt.\n\nSportscaster TJ Rives is the sideline reporter for the Buccaneers Radio Network. He is also the play-by-play announcer for Tampa Bay Rays homes games on the Compass Media Networks. He is a talk host for Fox Sports Radio as a host of Fox Sports Radio Saturday Night.\n\nWhoever your favorite pro football team is, this is your sports center for news about:\nArizona Cardinals\nAtlanta Falcons\nBaltimore Ravens\nBuffalo Bills\nCarolina Panthers\nChicago Bears\nCincinnati Bengals\nCleveland Browns\nDallas Cowboys\nDenver Broncos\nDetroit Lions\nGreen Bay Packers\nHouston Texans\nIndianapolis Colts\nJacksonville Jaguars\nKansas City Chiefs\nLos Angeles Chargers\nLos Angeles Rams\nMiami Dolphins\nMinnesota Vikings\nNew England Patriots\nNew Orleans Saints\nNew York Giants\nNew York Jets\nOakland Raiders\nPhiladelphia Eagles\nPittsburgh Steelers\nSan Francisco 49ers\nSeattle Seahawks\nTampa Bay Buccaneers\nTennessee Titans\nWashington Redskins\n\nAnd if you love college football, TJ has you covered too.\n\nAir Force Falcons\nAkron Zips\nAlabama Crimson Tide\nAppalachian State Mountaineers\nArizona Wildcats\nArizona State Sun Devils\nArkansas Razorbacks\nArkansas State Red Wolves\nArmy Black Knights\nAuburn Tigers\nBall State Cardinals\nBaylor Bears\nBoise State Broncos\nBoston College Eagles\nBowling Green Falcons\nBuffalo Bulls\nBYU Cougars\nCalifornia Golden Bears\nCentral Michigan Chippewas\nCharlotte 49ers\nCincinnati Bearcats\nClemson Tigers\nCoastal Carolina Chanticleers\nColorado Buffaloes\nColorado State Rams\nDuke Blue Devils\nEast Carolina Pirates\nEastern Michigan Eagles\nFIU Panthers\nFlorida Gators\nFlorida Atlantic Owls\nFlorida State Seminoles\nFresno State Bulldogs\nGeorgia Bulldogs\nGeorgia Southern Eagles\nGeorgia State Panthers\nGeorgia Tech Yellow Jackets\nHawaii Rainbow Warriors\nHouston Cougars\nIllinois Fighting Illini\nIndiana Hoosiers\nIowa Hawkeyes\nIowa State Cyclones\nKansas Jayhawks\nKansas State Wildcats\nKent State Golden Flashes\nKentucky Wildcats\nLiberty Flames\nLouisiana Ragin' Cajuns\nLouisiana\u2013Monroe Warhawks\nLouisiana Tech Bulldogs\nLouisville Cardinals\nLSU Tigers\nMarshall Thundering Herd\nMaryland Terrapins\nMemphis Tigers\nMiami (FL) Hurricanes\nMiami (OH) RedHawks\nMichigan Wolverines\nMichigan State Spartans\nMiddle Tennessee Blue Raiders\nMinnesota Golden Gophers\nMississippi State Bulldogs\nMissouri Tigers\nNavy Midshipmen\nNC State Wolfpack\nNebraska Cornhuskers\nNevada Wolf Pack\nNew Mexico Lobos\nNew Mexico State Aggies\nNorth Carolina Tar Heels\nNorth Texas Mean Green\nNorthern Illinois Huskies\nNorthwestern Wildcats\nNotre Dame Fighting Irish\nOhio Bobcats\nOhio State Buckeyes\nOklahoma Sooners\nOklahoma State Cowboys\nOld Dominion Monarchs\nOle Miss Rebels\nOregon Ducks\nOregon State Beavers\nPenn State Nittany Lions\nPittsburgh Panthers\nPurdue Boilermakers\nRice Owls\nRutgers Scarlet Knights\nSan Diego State Aztecs\nSan Jose State Spartans\nSMU Mustangs\nSouth Alabama Jaguars\nSouth Carolina Gamecocks\nSouth Florida Bulls\nSouthern Miss Golden Eagles\nStanford Cardinal\nSyracuse Orange\nTCU Horned Frogs\nTemple Owls\nTennessee Volunteers\nTexas Longhorns\nTexas A&M Aggies\nTexas State Bobcats\nTexas Tech Red Raiders\nToledo Rockets\nTroy Trojans\nTulane Green Wave\nTulsa Golden Hurricane\nUAB Blazers\nUCF Knights\nUCLA Bruins\nUConn Huskies\nUMass Minutemen\nUNLV Rebels\nUSC Trojans\nUTEP Miners\nUTSA Roadrunners\nUtah Utes\nUtah State Aggies\nVanderbilt Commodores\nVirginia Cavaliers\nVirginia Tech Hokies\nWake Forest Demon Deacons\nWashington Huskies\nWashington State Cougars\nWest Virginia Mountaineers\nWestern Kentucky Hilltoppers\nWestern Michigan Broncos\nWisconsin Badgers\nWyoming Cowboys", "details": "Skill Details\nFlash Briefing Skill\nThis skill contains dynamic content.", "privacy_policy_href": ""}, "DotaNews": {"review-count": "0", "description": "Description\nThe DotaNews skill keeps you updated with the latest news on patches, tournament and metas leveraging DotaBuff news feed.", "details": "Skill Details\nFlash Briefing Skill\nThis skill contains dynamic content.", "privacy_policy_href": ""}, "Weather From Ray": {"review-count": "6", "description": "Description\nMeteorologist Ray Petelin brings you the latest weather updates for the Pittsburgh area, conveniently on your Amazon device!", "details": "Skill Details\nFlash Briefing Skill\nThis skill contains dynamic content.", "privacy_policy_href": ""}, "Noa \u2022 Journalism, narrated": {"review-count": "5", "description": "Description\nStay informed no matter where life takes you with human-narrated articles from the best publishers in the world including The New York Times, Bloomberg, Financial Times, The Economist and more.\n\nThe Noa Alexa skill allows you to listen to narrated articles of your favourite journalists, publishers and categories.\nSimply ask Alexa to \"Play Noa\" and stay informed with what's making the papers.\n\nTo get started, we recommend trying some of these popular phrases:\n- Listen by publisher: \"Play Bloomberg\"\n- Listen by columnist: \"Play Gillian Tett\"\n- Listen by topic: \"Play Business\"\n- Or simply listen to our latest content: \"Play latest\"\n\nFor reference, see below for the full list of supported publishers, topics and journalists:\n\nPUBLISHERS\n- The New York Times\n- Financial Times\n- The Economist\n- Bloomberg\n- The Independent (UK)\n- The Irish Times\n- Business Insider\n- Evening Standard\n\nTOPICS\n- Business\n- Finance\n- Politics\n- Technology\n- Science\n- Lifestyle\n- Sport\n\nJOURNALISTS\nWe support over 1500 journalists - too many to list them all! But here's some top columnists for you to try out:\n\nColumnists - The New York Times\n- Thomas Friedman | Foreign Affairs Columnist\n- Nicholas Kristof | Two-time Pulitzer Prize winner\n- Andrew Ross Sorkin | DealBook Editor & Founder\n\nColumnists - Financial Times\n- Andrew Hill | Management Director\n- Martin Wolf | Chief Economics Editor\n- John Gapper | Chief Business Commentator\n- Gillian Tett | US Editor\n\nColumnists - The Irish Times\n- Christ Johns | Brexit & Economics Commentator\n- Dave Hannigan | US Sport Columnist\n- David McWilliams | Economics Columnist\n- Fintan O'Toole | Columnist & Writer\n- Karlin Lillington | Business Columnist\n- Ken Early | Soccer Writer\n- Proinsias O'Mahony | Markets Commentator\n- Una Mullally | Social Affairs Commentator\n\nColumnists - The Independent (UK)\n- Ben Chu | Economics Editor\n- Mary Dejevsky | Foreign Affairs Writer\n- Patrick Cockburn | Middle East Correspondent\n- Robert Fisk | Middle East Correspondent\n- Sean O'Grady | Political and Economics Columnist", "details": "Skill Details\nRated: Guidance Suggested.\nThis skill contains dynamic content.\nInvocation Name: noa\nDeveloper Privacy Policy\nDeveloper Terms of Use", "privacy_policy_href": "https://www.newsoveraudio.com/pages/privacy"}, "Neos (inofficial)": {"review-count": "0", "description": "Description\nHere you can find news from neos.io.", "details": "Skill Details\nFlash Briefing Skill\nThis skill contains dynamic content.", "privacy_policy_href": ""}, "League of Legends News": {"review-count": "1", "description": "Description\nThis skill adds the current LoL news and announcements to your daily flash briefing.\n\nNote: This skill is not officiall.", "details": "Skill Details\nFlash Briefing Skill\nThis skill contains dynamic content.", "privacy_policy_href": ""}, "Section 328 Update": {"review-count": "0", "description": "Description\nWant Canes hockey updates via your Amazon device? Of course you do! We'll hit you with the latest Canes updates and more from Section 328 a few times every week... just for you.", "details": "Skill Details\nFlash Briefing Skill\nThis skill contains dynamic content.", "privacy_policy_href": ""}, "NewsReader": {"review-count": "1", "description": "Description\nGet RSS news feed from major news outlets like Reuters, BBC. You can ask of new from news outlets by section. Like if you want to get news from Reuters Politics section, you can say\nAlexa ask NewReader for headlines from Reuters Politics or\nAlexa ask NewReader to get news from BBC Asia", "details": "Skill Details\nRated: Guidance Suggested.\nThis skill contains dynamic content.\nInvocation Name: news reader", "privacy_policy_href": ""}, "Quick Sports": {"review-count": "1", "description": "Description\nThis Quick Sports Alexa Skill demonstrates quick sports facts to your desire at various intervals. Spanning from pro sports to minor leagues and players, this APL-based skill incorporates visuals which will open your eyes to sports in a novel way: You can see actual sports plays via images, too! No more phone notifications necessary- this is the skill you need. The sports stats and, soon, news, are finally bundled together in one package.", "details": "Skill Details\nThis skill contains dynamic content.\nInvocation Name: quick sports", "privacy_policy_href": ""}, "Boston Sports Blitz": {"review-count": "0", "description": "Description\nChris and Steve are boston sports fans just like you. Subscribe to stay up to date in the world of boston sports. New episodes are released every Tuesday.", "details": "Skill Details\nFlash Briefing Skill\nThis skill contains dynamic content.", "privacy_policy_href": ""}, "EastIdahoNews.com": {"review-count": "1", "description": "Description\nEastIdahoNews.com has a heavy focus on breaking news and developing stories. Contains our local news feed.", "details": "Skill Details\nFlash Briefing Skill\nRated: Guidance Suggested.\nThis skill contains dynamic content.\nDeveloper Privacy Policy\nDeveloper Terms of Use", "privacy_policy_href": "https://www.eastidahonews.com/privacy-statement/"}, "Unofficial Updates From AWS": {"review-count": "0", "description": "Description\nStay updated with all of the new AWS features and services with this Flash Briefing. This flash briefing gives you updates from the official AWS news feed and is updated daily. For more information about the data behind this skill, visit the AWS News Feed here: https://aws.amazon.com/new/\n\nThis skill has no affiliation with Amazon Web Services.", "details": "Skill Details\nFlash Briefing Skill\nThis skill contains dynamic content.", "privacy_policy_href": ""}, "WTMJ News Flash Briefing": {"review-count": "4", "description": "Description\nFrom WTMJ Milwaukee: \"Wisconsin's Radio Station\" brings you their latest news update for Alexa with what's happening in Milwaukee, Wisconsin and the world. Check back numerous times each day.", "details": "Skill Details\nFlash Briefing Skill\nRated: Guidance Suggested.\nThis skill contains dynamic content.", "privacy_policy_href": ""}, "Cancun Herald": {"review-count": "0", "description": "Description\nBreaking news, sports, crime and more from Cancun, Mexico.", "details": "Skill Details\nFlash Briefing Skill\nRated: Guidance Suggested.\nThis skill contains dynamic content.\nDeveloper Privacy Policy\nDeveloper Terms of Use", "privacy_policy_href": "http://cancunherald.com/privacy"}, "Log Cabin Democrat": {"review-count": "0", "description": "Description\nLog Cabin Democrat (thecabin.net) is your source for local news and information from Conway.", "details": "Skill Details\nFlash Briefing Skill\nRated: Guidance Suggested.\nThis skill contains dynamic content.", "privacy_policy_href": ""}, "Basketball Coaching Advice": {"review-count": "1", "description": "Description\nThis will deliver advice to help with coaching basketball at all levels. Advice ranges from drills to run all the way to philosophy on coaching.", "details": "Skill Details\nFlash Briefing Skill\nThis skill contains dynamic content.", "privacy_policy_href": ""}, "CNY Central Syracuse": {"review-count": "1", "description": "Description\nThe CNY Central Flash Briefing brings you Syracuse area news and weather as well as top stories from around the world. Get the latest throughout the day, direct from our news staff.", "details": "Skill Details\nFlash Briefing Skill\nRated: Guidance Suggested.\nThis skill contains dynamic content.\nDeveloper Privacy Policy\nDeveloper Terms of Use", "privacy_policy_href": "http://cnycentral.com/station/privacy"}, "San Francisco Bay Area Burn Status": {"review-count": "1", "description": "Description\nAir quality in the San Francisco Bay area is always a concern. The Bay Area Air Quality Management District provides SpareTheAir Alerts to help keep residents informed on the legality of wood burning. This skill uses these published alerts to tell you if you can build a fire today or not. The url for The Bay Area Air Quality Management District is http://sparetheair.org", "details": "Skill Details\nThis skill contains dynamic content.\nInvocation Name: burn notice", "privacy_policy_href": ""}, "Hong Kong Government News": {"review-count": "0", "description": "Description\nOfficial news from the Hong Kong government", "details": "Skill Details\nFlash Briefing Skill\nRated: Guidance Suggested.\nThis skill contains dynamic content.", "privacy_policy_href": ""}, "Today's parisien brief news": {"review-count": "0", "description": "Description\nI am a Frenchman who lives in Paris and I have a lot of friends in the US. After they asked me to, I set up a groupe on social networks to communicate everyday a few engaging facts about parisien life (food, museums exhibits...). Today, I want to offer this service to a broader audience, thanks to the direct and intuitive channel that is Alexa.\nAs a consequence, I will be offering a new short texte everyday for my audience to hear.", "details": "Skill Details\nFlash Briefing Skill\nThis skill contains dynamic content.", "privacy_policy_href": ""}, "The Omak-Okanogan County Chronicle": {"review-count": "1", "description": "Description\nThe Omak-Okanogan County Chronicle serves North-Central Washington's Okanogan County. The weekly newspaper also covers Ferry County and part of Douglas County. The newspaper also produces a joint weekend publication with The Wenatchee World. The newspaper is owned by Eagle Newspapers, Inc. Teresa Myers has served as the publisher and advertising manager since Oct. 1, 2015.", "details": "Skill Details\nFlash Briefing Skill\nThis skill contains dynamic content.", "privacy_policy_href": ""}, "Book News": {"review-count": "0", "description": "Description\nAll UK book news", "details": "Skill Details\nFlash Briefing Skill\nThis skill contains dynamic content.", "privacy_policy_href": ""}, "Blog updates from Clio": {"review-count": "0", "description": "Description\nLearn more ways to grow your law firm and improve your practice with our weekly blog post update.", "details": "Skill Details\nFlash Briefing Skill\nRated: Guidance Suggested.\nThis skill contains dynamic content.\nDeveloper Privacy Policy\nDeveloper Terms of Use", "privacy_policy_href": "https://www.clio.com/privacy/"}, "SwimmerJoe Show": {"review-count": "1", "description": "Description\nThe SwimmerJoe Show is a nationally syndicated weekly show focusing on competitive swimming, coaching, the Olympics, and the swimmer life. Hosted by Chris Emig and Joe Auer, the show regularly interviews college coaches and Olympians and provides tips and practical advice for coaches, parents, and athletes. Watch live every Sunday at 7 PM EST on the Facebook pages of SwimmerJoe, Florida Swim Network, or Swimming World.", "details": "Skill Details\nThis skill contains dynamic content.\nInvocation Name: swimmerjoe show", "privacy_policy_href": ""}, "Gossip News": {"review-count": "2", "description": "Description\nGossip news Alexa skill, can be used to get latest Bollywood and Hollywood gossips. You can ask this skill to get latest news.", "details": "Skill Details\nRated: Guidance Suggested.\nThis skill contains dynamic content.\nInvocation Name: gossip news", "privacy_policy_href": ""}, "Hyderabadi News": {"review-count": "0", "description": "Description\nNews headlines round the clock from Hyderabad from various public feeds", "details": "Skill Details\nFlash Briefing Skill\nRated: Guidance Suggested.\nThis skill contains dynamic content.", "privacy_policy_href": ""}, "Mass Shooting Tracker - Flash Briefing": {"review-count": "2", "description": "Description\nDaily tracking of the hundreds of mass shootings in the U.S. each year.\n\nAfter enabling this skill, just say, \"Alexa, what's my flash briefing\"\n\nThis briefing tracks a mass shooting as an incident where four or more people are shot in a single shooting spree. This may include the gunman himself, or police shootings of civilians around the gunman.\n\nThe data is crowd sourced and available at: https://www.massshootingtracker.org/", "details": "Skill Details\nFlash Briefing Skill\nRated: Mature.\nThis skill contains dynamic content.", "privacy_policy_href": ""}, "Goodwin News": {"review-count": "0", "description": "Description\nBased in Alexandria, Kentucky reporting news relevant to southern Campbell County", "details": "Skill Details\nFlash Briefing Skill\nRated: Guidance Suggested.\nThis skill contains dynamic content.", "privacy_policy_href": ""}, "Newsday": {"review-count": "6", "description": "Description\nOnly have a few minutes? Get updates from Newsday quickly and conveniently. Our flash briefing is updated daily, Monday through Friday.", "details": "Skill Details\nFlash Briefing Skill\nRated: Guidance Suggested.\nThis skill contains dynamic content.\nDeveloper Privacy Policy\nDeveloper Terms of Use", "privacy_policy_href": "https://www.newsday.com/privacy"}, "Adapt Forward News": {"review-count": "1", "description": "Description\nUpdate from Adapt Forward's Twitter Feed", "details": "Skill Details\nFlash Briefing Skill\nRated: Guidance Suggested.\nThis skill contains dynamic content.", "privacy_policy_href": ""}, "Daily WordPress": {"review-count": "0", "description": "Description\nPopular and interesting WordPress headlines delivered daily, touching all topics related to WordPress including plugins, themes, hosting, tweaks, optimization, security and more.\n\nMost briefings are followed with a link that you can visit in your browser for more information related articles/references (example: dailyword.press/1234).", "details": "Skill Details\nFlash Briefing Skill\nRated: Guidance Suggested.\nThis skill contains dynamic content.", "privacy_policy_href": ""}, "Oprah's Latest Tweet": {"review-count": "0", "description": "Description\nOPRAH FANS! Just say Alexa, open Oprah's latest tweet, and she'll read you the latest tweet from @Oprah.\n\nHelp us make this Skill better, give us 5 stars in the Skill Store!\n\nEnjoy!", "details": "Skill Details\nRated: Guidance Suggested.\nThis skill contains dynamic content.\nInvocation Name: oprah's latest tweet", "privacy_policy_href": ""}, "Breaking News USA": {"review-count": "0", "description": "Description\n- Top 15+ live breaking news from USA", "details": "Skill Details\nFlash Briefing Skill\nRated: Guidance Suggested.\nThis skill contains dynamic content.", "privacy_policy_href": ""}, "Cardiff Mummy": {"review-count": "0", "description": "Description\nCardiff Mummy is a lifestyle blog for parents living in Cardiff and beyond, written by Cathryn Scott.", "details": "Skill Details\nFlash Briefing Skill\nRated: Guidance Suggested.\nThis skill contains dynamic content.", "privacy_policy_href": ""}, "Business News Wales": {"review-count": "0", "description": "Description\nBusiness News Wales showcases the best of Welsh Business news with the aim to showcase the very best of Welsh businesses to both the internal Welsh market and also to those businesses looking to invest in Wales.", "details": "Skill Details\nFlash Briefing Skill\nRated: Guidance Suggested.\nThis skill contains dynamic content.", "privacy_policy_href": ""}, "Lebron's Latest Tweet": {"review-count": "1", "description": "Description\nLEBRON JAMES + LAKERS FANS! Just say Alexa, open Lebron's latest tweet, and she'll read you the latest tweet from @KingJames.\n\nHelp us make this Skill better, give us 5 stars in the Skill Store!\n\nEnjoy!", "details": "Skill Details\nRated: Guidance Suggested.\nThis skill contains dynamic content.\nInvocation Name: lebron's latest tweet", "privacy_policy_href": ""}, "NFB-NEWSLINE": {"review-count": "3", "description": "Description\nNFB-NEWSLINE\u00ae is a free service available to anyone who is blind, has low vision, or is print-disabled.\nTo use this Skill, you must be a NFB-NEWSLINE\u00ae subscriber with a valid identification and security code. To learn more about NFB-NEWSLINE\u00ae and how you can sign up, visit www.nfbnewsline.org, or call (866) 504-7300.\n\nDon\u2019t miss out on a single day of news!\nFor a complete list of available publications, please visit www.nfb.org/participating-newspapers.\n\nNFB-NEWSLINE\u00ae is a service of the National Federation of the Blind. www.nfb.org\n\nThe National Federation of the Blind knows that blindness is not the characteristic that defines you or your future. Every day we raise the expectations of blind people, because low expectations create obstacles between blind people and our dreams. You can live the life you want; blindness is not what holds you back.", "details": "Skill Details\nRated: Guidance Suggested.\nThis skill contains dynamic content.\nInvocation Name: national federation\nDeveloper Privacy Policy\nDeveloper Terms of Use", "privacy_policy_href": "https://nfb.org/privacy-policy"}, "Firstskill": {"review-count": "0", "description": "Description\nAsia's news", "details": "Skill Details\nFlash Briefing Skill\nRated: Guidance Suggested.\nThis skill contains dynamic content.", "privacy_policy_href": ""}, "Anchoring": {"review-count": "0", "description": "Description\nOn our weekly podcast, we share how we can connect podcasts made on anchor.fm to flash briefings. This allows anyone learn how to easily upload content and create podcasts very easily. No coding required!", "details": "Skill Details\nFlash Briefing Skill\nThis skill contains dynamic content.\nDeveloper Privacy Policy\nDeveloper Terms of Use", "privacy_policy_href": "https://erumazeez.weebly.com/privacy-policy-1234567890.html"}, "My Colleyville": {"review-count": "0", "description": "Description\nMy Colleyville is a skill to help you stay informed about City of Colleyville information, activities and events.\n\nThis skill was built with love by VoiceApps.com. Visit us to create your own skill in minutes!", "details": "Skill Details\nThis skill contains dynamic content.\nInvocation Name: my colleyville", "privacy_policy_href": ""}, "Fast Company": {"review-count": "0", "description": "Description\nHere's what's driving today's creative business leaders, from Fast Company's editors.", "details": "Skill Details\nRated: Guidance Suggested.\nThis skill contains dynamic content.\nInvocation Name: fast company\nDeveloper Privacy Policy", "privacy_policy_href": "https://policies.spokenlayer.net/privacy-policy/alexa-skill/fast-co"}, "Bill Gates Latest Tweet": {"review-count": "0", "description": "Description\nBILL GATES FANS! Just say Alexa, open Bill Gates latest tweet, and she'll read you the latest tweet from @BillGates.\n\nHelp us make this Skill better, give us 5 stars in the Skill Store!\n\nEnjoy!", "details": "Skill Details\nRated: Guidance Suggested.\nThis skill contains dynamic content.\nInvocation Name: bill gates latest tweet", "privacy_policy_href": ""}, "MajorGeeks.com Flash Briefing": {"review-count": "0", "description": "Description\nMajorGeeks.com provides free software downloads for Windows, Android, and iOS. Only the best freeware and shareware apps hand-picked by the editors.\n\nDisclaimer:\nThe author of this skill is not affiliated or connected with the MajorGeeks.com website. For questions or any issues related with their website, please contact them.", "details": "Skill Details\nFlash Briefing Skill\nThis skill contains dynamic content.", "privacy_policy_href": ""}, "Cricket news": {"review-count": "0", "description": "Description\nCricketing news", "details": "Skill Details\nFlash Briefing Skill\nThis skill contains dynamic content.", "privacy_policy_href": ""}, "India NEWS": {"review-count": "0", "description": "Description\nIndian news", "details": "Skill Details\nFlash Briefing Skill\nRated: Guidance Suggested.\nThis skill contains dynamic content.", "privacy_policy_href": ""}, "Tech news": {"review-count": "1", "description": "Description\nplays publicly available tech news", "details": "Skill Details\nFlash Briefing Skill\nThis skill contains dynamic content.", "privacy_policy_href": ""}, "Buzz Magazine": {"review-count": "0", "description": "Description\nBuzz Magazine Wales is an all in one magazine related to leading entertainment and popular cultures of the South Wales and is a definitive guide to what\u2019s on and happening in art, theatre, music, clubs, fashion and sport.", "details": "Skill Details\nFlash Briefing Skill\nRated: Guidance Suggested.\nThis skill contains dynamic content.", "privacy_policy_href": ""}, "Los Blancos Facts": {"review-count": "0", "description": "Description\nThis skill helps you to know about Los Blancos(Real madrid) and their history.\n\nThis skill was built with love by VoiceApps.com. Visit us to create your own skill in minutes!", "details": "Skill Details\nThis skill contains dynamic content.\nInvocation Name: los blancos facts", "privacy_policy_href": ""}, "NHL Flash Briefing": {"review-count": "29", "description": "Description\nUpdated daily by NHL Network studio hosts, the Official NHL Flash Briefing delivers news and game recaps to your Alexa enabled device.\n\nStart by saying, \u201cAlexa, What\u2019s the latest news?\" or \"Alexa, what's my flash briefing?\n\nCreated by the National Hockey League", "details": "Skill Details\nFlash Briefing Skill\nThis skill contains dynamic content.", "privacy_policy_href": ""}, "GladWorks News": {"review-count": "0", "description": "Description\nGladworks Testing Alexa account", "details": "Skill Details\nFlash Briefing Skill\nRated: Guidance Suggested.\nThis skill contains dynamic content.\nDeveloper Privacy Policy\nDeveloper Terms of Use", "privacy_policy_href": "https://www.gladworks.com/contact"}, "News from the world": {"review-count": "8", "description": "Description\nEstas noticias son obras derivadas, realizadas originalmente por reporteros de Wikinoticias en castellano y disponibles bajo la licencia Creative Commons Atribuci\u00f3n 2.5 Gen\u00e9rica.\n\nComandos disponibles:\n\"m\u00e1s\", para m\u00e1s noticias\n\"atr\u00e1s\", para retroceder\n\"inicio\", para volver a las primeras noticias\n\"repite\", para repetir las \u00faltimas noticias le\u00eddas\n\"primera\", para leer m\u00e1s informaci\u00f3n sobre la primera noticia del grupo\n\"segunda\", para leer m\u00e1s sobre la segunda noticia\n\"tercera\", para leer m\u00e1s sobre la tercera noticia\n\"salir\", para salir de la skill", "details": "Skill Details\nRated: Guidance Suggested.\nThis skill contains dynamic content.\nInvocation Name: noticias del mundo\nDeveloper Privacy Policy (Spanish, ES)\nDeveloper Privacy Policy (Spanish, US)\nDeveloper Privacy Policy (Spanish, MX)", "privacy_policy_href": "http://mindgeist.com/PRIVACIDAD.html"}, "Unofficial Barca Facts": {"review-count": "0", "description": "Description\nThis skill helps you to know about barcelona football club and their history.\n\nThis skill was built with love by VoiceApps.com. Visit us to create your own skill in minutes!", "details": "Skill Details\nThis skill contains dynamic content.\nInvocation Name: unofficial barca facts", "privacy_policy_href": ""}, "Local News For Tampa": {"review-count": "1", "description": "Description\nAlexa is now your source for daily LOCAL news updates. Simply add this skill to your Flash Briefing and get the local news headlines for Tampa. Plus find news for other cities under Skills/Categories/News", "details": "Skill Details\nFlash Briefing Skill\nRated: Guidance Suggested.\nThis skill contains dynamic content.", "privacy_policy_href": ""}, "SASEC Updates": {"review-count": "0", "description": "Description\nSASEC brings together Bangladesh, Bhutan, India, Maldives, Myanmar, Nepal and Sri Lanka in a project-based partnership to promote prosperity for the people in the region.", "details": "Skill Details\nFlash Briefing Skill\nThis skill contains dynamic content.", "privacy_policy_href": ""}, "P. S. G. Facts": {"review-count": "0", "description": "Description\nThis skill helps you to understand about p. s. g. football club and their history.\n\nThis skill was built with love by VoiceApps.com. Visit us to create your own skill in minutes!", "details": "Skill Details\nThis skill contains dynamic content.\nInvocation Name: p. s. g. facts", "privacy_policy_href": ""}, "Manchester City Facts": {"review-count": "0", "description": "Description\nThis skill helps you to understand about manchester city football club and their history.\n\nThis skill was built with love by VoiceApps.com. Visit us to create your own skill in minutes!", "details": "Skill Details\nThis skill contains dynamic content.\nInvocation Name: manchester city facts", "privacy_policy_href": ""}, "HarryPotterNewsFeed": {"review-count": "0", "description": "Description\nAll Harry Potter World News Feed", "details": "Skill Details\nFlash Briefing Skill\nThis skill contains dynamic content.", "privacy_policy_href": ""}, "Southampton Facts": {"review-count": "0", "description": "Description\nThis skill helps you to understand about Southampton football club and their history.\n\nThis skill was built with love by VoiceApps.com. Visit us to create your own skill in minutes!", "details": "Skill Details\nThis skill contains dynamic content.\nInvocation Name: southampton facts", "privacy_policy_href": ""}, "Ontario Telescope and Accessories": {"review-count": "0", "description": "Description\nOntario Telescope and Accessories Night Scope briefing talks about Astronomy events and Equipment.", "details": "Skill Details\nFlash Briefing Skill\nRated: Guidance Suggested.\nThis skill contains dynamic content.", "privacy_policy_href": ""}, "Trump news": {"review-count": "2", "description": "Description\nTrump news gives you all the updates and latest information on Donald Trump.\nPlease leave a 5-star review if you love this skill, or send us an email with your suggestions at vandanayadav.vy31@gmail.com. Your 5-star reviews encourage us to keep making more great skills, thanks!", "details": "Skill Details\nFlash Briefing Skill\nRated: Guidance Suggested.\nThis skill contains dynamic content.", "privacy_policy_href": ""}, "WACH FOX 57 Columbia": {"review-count": "0", "description": "Description\nThe WACH FOX 57 Flash Briefing brings you Columbia area news and weather as well as top stories from around the world. Get the latest throughout the day, direct from our news staff.", "details": "Skill Details\nFlash Briefing Skill\nRated: Guidance Suggested.\nThis skill contains dynamic content.\nDeveloper Privacy Policy\nDeveloper Terms of Use", "privacy_policy_href": "https://wach.com/station/privacy"}, "West Ham F. C. Facts": {"review-count": "0", "description": "Description\nThis skill helps you to know about west ham football club and their history.\n\nThis skill was built with love by VoiceApps.com. Visit us to create your own skill in minutes!", "details": "Skill Details\nThis skill contains dynamic content.\nInvocation Name: west ham f. c. facts", "privacy_policy_href": ""}, "Everton F. C. Facts": {"review-count": "0", "description": "Description\nThis skill helps you to know about Everton football club and their history.\n\nThis skill was built with love by VoiceApps.com. Visit us to create your own skill in minutes!", "details": "Skill Details\nThis skill contains dynamic content.\nInvocation Name: everton f. c. facts", "privacy_policy_href": ""}, "Chikka Magazine": {"review-count": "0", "description": "Description\nChikka Magazine is a skill that will help you find out about important community announcements and upcoming events in the Filipino community in addition to other Asian communities in Arizona.\n\nThis skill also users to listen to recent podcasts and audio articles. Also available is access to our radio station which features targeted programming along with easy listening music for relaxation and work.\n\nSay \"Help\" to hear available commands.\n\nYou can say:\n\n\"Alexa, open Chikka Magazine\"\n\"Alexa, start Chikka Magazine\"\n\"Alexa, launch Chikka Magazine\"\n\nPlease leave a 5-star review if you love this skill, or send us an email with your suggestions at contribute@chikkamagazine.com. Your 5-star reviews encourage us to keep making more great skills, thanks!", "details": "Skill Details\nRated: Guidance Suggested.\nThis skill contains dynamic content.\nInvocation Name: chikka magazine\nDeveloper Privacy Policy", "privacy_policy_href": "https://getstoryline.com/public/privacy.html"}, "Schalke Facts": {"review-count": "0", "description": "Description\nThis skill helps you to know about Schalke football club and their history.\n\nThis skill was built with love by VoiceApps.com. Visit us to create your own skill in minutes!", "details": "Skill Details\nThis skill contains dynamic content.\nInvocation Name: schalke facts", "privacy_policy_href": ""}, "Napoli Facts": {"review-count": "0", "description": "Description\nThis skills helps you to understand about Napoli football club and their history.\n\nThis skill was built with love by VoiceApps.com. Visit us to create your own skill in minutes!", "details": "Skill Details\nThis skill contains dynamic content.\nInvocation Name: napoli facts", "privacy_policy_href": ""}, "Benfica facts": {"review-count": "0", "description": "Description\nThis skill helps you to understand about Benfica football club and their history.\n\nThis skill was built with love by VoiceApps.com. Visit us to create your own skill in minutes!", "details": "Skill Details\nThis skill contains dynamic content.\nInvocation Name: benfica facts", "privacy_policy_href": ""}, "Southall Travel News": {"review-count": "0", "description": "Description\nThe skill provides Worldwide Travel News to its users.", "details": "Skill Details\nFlash Briefing Skill\nThis skill contains dynamic content.", "privacy_policy_href": ""}, "Omroep Brabant News": {"review-count": "0", "description": "Description\nThis is the audio stream of the latest news-bulletin from the Dutch public broadcaster Omroep Brabant, located in Brabant, The Netherlands.\nThese audio bulletins in Dutch are specially made for your smart device, and brings you the latest news, current affairs and sports from the province of Noord-Brabant in one minute. The news is updated approximately 4 times a day on weekdays, and brings you a daily news update in de weekends.", "details": "Skill Details\nFlash Briefing Skill\nRated: Guidance Suggested.\nThis skill contains dynamic content.", "privacy_policy_href": ""}, "Roma Facts": {"review-count": "0", "description": "Description\nThis skill helps you to understand about Roma football club and their history.\n\nThis skill was built with love by VoiceApps.com. Visit us to create your own skill in minutes!", "details": "Skill Details\nThis skill contains dynamic content.\nInvocation Name: roma facts", "privacy_policy_href": ""}, "Top Sports News": {"review-count": "1", "description": "Description\nTop sports news stories from ESPN RSS news feed.\n\nThis skill was built with love by VoiceApps.com. Visit us to create your own skill in minutes!", "details": "Skill Details\nThis skill contains dynamic content.\nInvocation Name: top sports news", "privacy_policy_href": ""}, "Top Entertainment News": {"review-count": "0", "description": "Description\nTop ten world entertainment news headline stories from the Reuters News .\n\nThis skill was built with love by VoiceApps.com. Visit us to create your own skill in minutes!", "details": "Skill Details\nRated: Guidance Suggested.\nThis skill contains dynamic content.\nInvocation Name: top entertainment news", "privacy_policy_href": ""}, "KPOP News Now": {"review-count": "1", "description": "Description\nBe updated as KPOP News Now gives you the latest news about Korean Entertainment.", "details": "Skill Details\nFlash Briefing Skill\nRated: Guidance Suggested.\nThis skill contains dynamic content.", "privacy_policy_href": ""}}