{"Philippine Star": {"review-count": "1", "description": "Description\nThe Philippine Star is a print and digital newspaper in the Philippines and the flagship brand of the PhilStar Media Group.", "details": "Skill Details\nFlash Briefing Skill\nRated: Guidance Suggested.\nThis skill contains dynamic content.", "privacy_policy_href": ""}, "Vanguard Morning Memo": {"review-count": "0", "description": "Description\nFlash briefing that informs Alexa users on Vanguard events and other school-related happenings through the morning memo.", "details": "Skill Details\nFlash Briefing Skill\nThis skill contains dynamic content.", "privacy_policy_href": ""}, "San Marcos News": {"review-count": "0", "description": "Description\nSan Marcos, TX News flash briefing updated daily", "details": "Skill Details\nFlash Briefing Skill\nThis skill contains dynamic content.", "privacy_policy_href": ""}, "(Unofficial) NYC Dance News": {"review-count": "0", "description": "Description\nLearn about upcoming workshops, events, auditions in the dancer world.", "details": "Skill Details\nFlash Briefing Skill\nThis skill contains dynamic content.", "privacy_policy_href": ""}, "San Marcos Fire Department News": {"review-count": "0", "description": "Description\nSan Marcos Fire Department News flash briefing updated daily.", "details": "Skill Details\nFlash Briefing Skill\nThis skill contains dynamic content.", "privacy_policy_href": ""}, "The Austin Brief": {"review-count": "0", "description": "Description\nThe Austin, Texas Brief flash briefing delivered daily with new content.", "details": "Skill Details\nFlash Briefing Skill\nThis skill contains dynamic content.", "privacy_policy_href": ""}, "Dose of Tech": {"review-count": "0", "description": "Description\nDose of Tech", "details": "Skill Details\nFlash Briefing Skill\nThis skill contains dynamic content.", "privacy_policy_href": ""}, "Boerne Blast": {"review-count": "0", "description": "Description\nBoerne Blast flash briefing with daily updates.", "details": "Skill Details\nFlash Briefing Skill\nThis skill contains dynamic content.", "privacy_policy_href": ""}, "Austin History": {"review-count": "0", "description": "Description\nAustin History flash briefing with a new historical item delivered daily.", "details": "Skill Details\nFlash Briefing Skill\nThis skill contains dynamic content.", "privacy_policy_href": ""}, "New Braunfels News": {"review-count": "0", "description": "Description\nA daily flash briefing featuring New Braunfels, Texas News.", "details": "Skill Details\nFlash Briefing Skill\nThis skill contains dynamic content.", "privacy_policy_href": ""}, "UK Funds News": {"review-count": "0", "description": "Description\nUK Funds News", "details": "Skill Details\nFlash Briefing Skill\nThis skill contains dynamic content.", "privacy_policy_href": ""}, "(Unofficial) Rugby News": {"review-count": "0", "description": "Description\nEnjoy learning about daily rugby news. Learn about latest tournaments and players.", "details": "Skill Details\nFlash Briefing Skill\nThis skill contains dynamic content.", "privacy_policy_href": ""}, "Schertz News": {"review-count": "0", "description": "Description\nSchertz, Texas is located NE of San Antonio, Texas. The Schertz News is a daily news flash briefing.", "details": "Skill Details\nFlash Briefing Skill\nThis skill contains dynamic content.", "privacy_policy_href": ""}, "ThePublicOpinion.com": {"review-count": "0", "description": "Description\nStay up to date with the latest news from Watertown News! Get flash briefings on top stories, local and national news.", "details": "Skill Details\nFlash Briefing Skill\nRated: Guidance Suggested.\nThis skill contains dynamic content.\nDeveloper Privacy Policy\nDeveloper Terms of Use", "privacy_policy_href": "http://www.schurz.com/about/privacy-policy/"}, "News Headlines of the Day": {"review-count": "0", "description": "Description\nNews Headlines of the Day gives you all the updates and latest information on on current happenings of the world.\nPlease leave a 5-star revienews,w if you love this skill, or send us an email with your suggestions at vaanyayadav24@gmailcom. Your 5-star reviews encourage us to keep making more great skills, thanks!", "details": "Skill Details\nFlash Briefing Skill\nRated: Guidance Suggested.\nThis skill contains dynamic content.", "privacy_policy_href": ""}, "The Berlin Sun": {"review-count": "0", "description": "Description\nLocal headlines, sports, & community news from The Berlin Sun newspaper located in New Hampshire", "details": "Skill Details\nFlash Briefing Skill\nRated: Guidance Suggested.\nThis skill contains dynamic content.\nDeveloper Privacy Policy\nDeveloper Terms of Use", "privacy_policy_href": "https://www.conwaydailysun.com/berlin_sun/site/privacy.html"}, "Cloud Feeds": {"review-count": "0", "description": "Description\nWith Cloud Feeds you can be able to get the last article about Cloud Compunting directly from the most excitings publics blogs.", "details": "Skill Details\nThis skill contains dynamic content.\nInvocation Name: cloud feeds", "privacy_policy_href": ""}, "InfoQ Headlines": {"review-count": "2", "description": "Description\nWritten by leading software professionals, InfoQ\u2019s Flash Briefing delivers the latest headlines and summaries on tools and libraries from firms such as Google, Lyft, Netflix, and more.\n\nMajor topics include updates to languages including Java, Kotlin, C#, Swift, Go, and JavaScript, patterns and approaches for Microservices and other modern architectural styles, AI, ML and Data Engineering, DevOps, and software management techniques including Lean/Kanban, Holocracy and Sociocracy.", "details": "Skill Details\nFlash Briefing Skill\nThis skill contains dynamic content.\nDeveloper Privacy Policy", "privacy_policy_href": "https://www.infoq.com/privacy-notice"}, "Avionews": {"review-count": "0", "description": "Description\nSince year 2000 our editorial staff manages to produce everyday news, discussions, and TV reports about aeronautics world: air transport, helicopters, airplanes, defense, security, aerospace in Italian and English languages with an over 30 categories of classification for a complete coverage of the aerospace, civil, defense and industry sectors. Avionews worked with authoritativeness in the last years and gained respect and appreciation from several aerospace companies; institutes, airport management holdings, sector associations and not-specialist press.\n\nWe also take care of the production and distribution of multimedia content, including institutional services, of third-party companies and prestigious bodies such as ENAC, ENAV, ANSV, AIRBUS, ALITALIA, AGUSTAWESTLAND, PIAGGIO AEROSPACE, ASSOCLEARANCE, SEA AEROPORTI MILANO, AIRBUS HELICOPTERS, AIRGEST, MERIDIANA, URBEAERO and IDS.\n\nWhoever relies on AVIONEWS information services is choosing its specifity on the topics it handles, with obvious advantages in terms of costs and efficiency. Making use of any not-specialist press agency means to face extremely high costs, to be forced to filter the news the reader is looking for among the remaining ones related to any other fields by wasting time. It means to give up to descriptions and analyses of facts or news that are strongly based on technical, precise and reliable competencies.\n\nEverything is reported as neutral and transparent as possible, but in clear and comprehensible way so that the reader, may he be just the audience or a leader in that field, can draw his own conclusions or reflections about what happens in the worldwide aviation and defense, since AVIONEWS is political or industrial prejudice free. AVIONEWS is an evolving press agency based on a concept that makes it open and up-to-date in order to face its readers\u2019 needs.", "details": "Skill Details\nFlash Briefing Skill\nThis skill contains dynamic content.", "privacy_policy_href": ""}, "Cheaters Never Pin Update": {"review-count": "2", "description": "Description\nProviding a brief update on wrestling news, the Cheaters Never Pin Update covers everything big going on in the wrestling world to get you up to date quickly whenever you check your Flash Briefing. Covering WWE, NJPW, and beyond, this quick news brief will give you everything you need to know.", "details": "Skill Details\nFlash Briefing Skill\nThis skill contains dynamic content.", "privacy_policy_href": ""}, "Newsroom NZ Briefing": {"review-count": "0", "description": "Description\nGet the latest updates from Newsroom, independent, New Zealand-based news and current affairs site. They deliver in-depth storytelling for thinking audiences with an interest in the people, progress, and democracy of Aotearoa. Our team of experienced, award-winning journalists produces quality written and video stories that set the national news agenda and inform intelligent conversations at every level of New Zealand life.\n\nThis app is not an offical Newsroom app and uses feeds from Newsroom. All content is copyrighted to Newsroom.", "details": "Skill Details\nFlash Briefing Skill\nRated: Guidance Suggested.\nThis skill contains dynamic content.", "privacy_policy_href": ""}, "DailyAmerican.com": {"review-count": "2", "description": "Description\nStay up to date with the latest news from Daily American! Get flash briefings on top stories, local and national news.", "details": "Skill Details\nFlash Briefing Skill\nRated: Guidance Suggested.\nThis skill contains dynamic content.\nDeveloper Privacy Policy\nDeveloper Terms of Use", "privacy_policy_href": "http://www.schurz.com/about/privacy-policy/"}, "The Laconia Daily Sun": {"review-count": "0", "description": "Description\nLocal headlines, sports, & community news from The Laconia Daily Sun newspaper located in the Lakes Region in New Hampshire", "details": "Skill Details\nFlash Briefing Skill\nRated: Guidance Suggested.\nThis skill contains dynamic content.\nDeveloper Privacy Policy\nDeveloper Terms of Use", "privacy_policy_href": "https://www.laconiadailysun.com/site/privacy.html"}, "AberdeenNews.com": {"review-count": "0", "description": "Description\nStay up to date with the latest news from Aberdeen News! Get flash briefings on top stories, local and national news.", "details": "Skill Details\nFlash Briefing Skill\nRated: Guidance Suggested.\nThis skill contains dynamic content.\nDeveloper Privacy Policy\nDeveloper Terms of Use", "privacy_policy_href": "http://www.schurz.com/about/privacy-policy/"}, "Funny joker": {"review-count": "0", "description": "Description\nAsk me for a joke! This skill will give you some wonderful jokes.\n\nThis skill was built with love by VoiceApps.com. Visit us to create your own skill in minutes!", "details": "Skill Details\nThis skill contains dynamic content.\nInvocation Name: funny joker", "privacy_policy_href": ""}, "Daily Item Flash Briefing": {"review-count": "2", "description": "Description\nHear the latest headlines from across the Central Susquehanna Valley every day from the region's top news source.", "details": "Skill Details\nFlash Briefing Skill\nRated: Guidance Suggested.\nThis skill contains dynamic content.\nDeveloper Privacy Policy\nDeveloper Terms of Use", "privacy_policy_href": "https://www.dailyitem.com/site/privacy.html"}, "bgcommunity": {"review-count": "0", "description": "Description\nNews and events for the community of Burbage Grant in Suffolk Virginia. News will include local events around the community as well as direct community events and meetings. It will also include information during weather events and changes to trash collection as well as other community events. It will also include periodic interviews with local law enforcement and political figures to help keep the community informed.", "details": "Skill Details\nFlash Briefing Skill\nRated: Guidance Suggested.\nThis skill contains dynamic content.", "privacy_policy_href": ""}, "Hunting Tip of the Day": {"review-count": "0", "description": "Description\nThis skill is formulated to bring you a new entertaining tip every day from the folks at Common Hunter.", "details": "Skill Details\nFlash Briefing Skill\nThis skill contains dynamic content.", "privacy_policy_href": ""}, "Unofficial Dodgers Facts": {"review-count": "0", "description": "Description\nThis skill provides a series of facts for the Dodgers throughout their illustrious history.", "details": "Skill Details\nThis skill contains dynamic content.\nInvocation Name: unofficial dodgers facts", "privacy_policy_href": ""}, "Unofficial MSFT Flow News": {"review-count": "0", "description": "Description\nThis will keep you updated on the latest updates from Microsoft Flow. The news feed fetches the updates from the official blog of Microsoft Flow.", "details": "Skill Details\nFlash Briefing Skill\nThis skill contains dynamic content.", "privacy_policy_href": ""}, "MRTV Daily Newsflash": {"review-count": "0", "description": "Description\nMRTV Daily Newsflash is a skill to help you stay up to date about anything VR & AR. You will get a daily briefing about the latest news in Virtual Reality and Augmented Reality - in less than 100 seconds!\n\nPlease leave a 5-star review if you love this skill to help more people find it, or send me an email with your suggestions at mixedrealitytv@gmail.com. Your 5-star reviews are a big encouragement to bring you the most informative VR & AR news every single day!", "details": "Skill Details\nFlash Briefing Skill\nThis skill contains dynamic content.", "privacy_policy_href": ""}, "TIME Magazine Briefing": {"review-count": "0", "description": "Description\nThe stories you need to hear today, from TIME Magazine.", "details": "Skill Details\nFlash Briefing Skill\nRated: Guidance Suggested.\nThis skill contains dynamic content.\nDeveloper Privacy Policy", "privacy_policy_href": "https://policies.spokenlayer.net/privacy-policy/alexa-skill/time-com"}, "IGN": {"review-count": "3", "description": "Description\nIGN's daily update on the world of video games, movies, and television, featuring the latest news, previews, and reviews.", "details": "Skill Details\nRated: Guidance Suggested.\nThis skill contains dynamic content.\nInvocation Name: i. g. n.\nDeveloper Privacy Policy", "privacy_policy_href": "https://policies.spokenlayer.net/privacy-policy/alexa-skill/ign"}, "The Public\u2019s Radio": {"review-count": "2", "description": "Description\nThe Public\u2019s Radio is 89.3FM (WNPN) across Rhode Island and the South Coast of Massachusetts. You can use this Skill to listen to our most recent local newscast.\n\nOnce you\u2019ve installed the Skill, say \u201cAlexa, what\u2019s my Flash Briefing,\u201d or \u201cAlexa, what\u2019s the news.\u201d", "details": "Skill Details\nFlash Briefing Skill\nRated: Guidance Suggested.\nThis skill contains dynamic content.", "privacy_policy_href": ""}, "Love for Games - Games Industry News": {"review-count": "0", "description": "Description\nGet real time game industry news updates from popular websites such as Gamasutra, GamesIndustry.biz, PocketGamer and more.", "details": "Skill Details\nFlash Briefing Skill\nThis skill contains dynamic content.", "privacy_policy_href": ""}, "Crypto Market": {"review-count": "0", "description": "Description\nThe app reads the updated values and the percentage change of more than 200 cryptocurrencies based on the market capitalization.\n\nEcho Show Support\nEcho Spot Support\n\nAlexa, open Crypto Market\nAlexa, ask Crypto Market for bitcoin price.\nAlexa, ask Crypto Market for the top ten crypto currencies.", "details": "Skill Details\nThis skill contains dynamic content.\nInvocation Name: crypto market\nDeveloper Privacy Policy", "privacy_policy_href": "https://cryptoensemble.com/privacy-policy/"}, "IoT News": {"review-count": "0", "description": "Description\nThis one is about technology in the internet of things sector. IoT news from all over the world.", "details": "Skill Details\nFlash Briefing Skill\nThis skill contains dynamic content.", "privacy_policy_href": ""}, "TIME Magazine": {"review-count": "2", "description": "Description\nThe stories you need to hear today, from TIME Magazine.", "details": "Skill Details\nRated: Guidance Suggested.\nThis skill contains dynamic content.\nInvocation Name: time magazine\nDeveloper Privacy Policy", "privacy_policy_href": "https://policies.spokenlayer.net/privacy-policy/alexa-skill/time-com"}, "Michigan News": {"review-count": "0", "description": "Description\nGet all Michigan Radio's online audio and news offerings from these links.", "details": "Skill Details\nFlash Briefing Skill\nThis skill contains dynamic content.\nDeveloper Terms of Use", "privacy_policy_href": ""}, "HaxorNews": {"review-count": "0", "description": "Description\nThis flash briefing app provides news on different technologies and software from different companies.", "details": "Skill Details\nFlash Briefing Skill\nRated: Guidance Suggested.\nThis skill contains dynamic content.", "privacy_policy_href": ""}, "Cape News": {"review-count": "0", "description": "Description\nLocal flash briefing of news updates from the cape.", "details": "Skill Details\nFlash Briefing Skill\nThis skill contains dynamic content.", "privacy_policy_href": ""}, "BT News": {"review-count": "1", "description": "Description\nThis skill allows the user to be informed on what the latest breaking news is on Twitter. The breaking news comes from @BreakingNews, @cnnbrk, @BBCBreaking, @FoxNews, and @nytimes.", "details": "Skill Details\nRated: Guidance Suggested.\nThis skill contains dynamic content.\nInvocation Name: b. t. news", "privacy_policy_href": ""}, "WIRED": {"review-count": "1", "description": "Description\nGet in-depth coverage of current and future trends in technology, and how they are shaping business, entertainment, communications, science, politics, and society from WIRED.", "details": "Skill Details\nRated: Guidance Suggested.\nThis skill contains dynamic content.\nInvocation Name: wired\nDeveloper Privacy Policy", "privacy_policy_href": "https://policies.spokenlayer.net/privacy-policy/alexa-skill/v1-wired-homepage"}, "SU News": {"review-count": "0", "description": "Description\nKeep up to date with news from SU's news", "details": "Skill Details\nFlash Briefing Skill\nRated: Guidance Suggested.\nThis skill contains dynamic content.", "privacy_policy_href": ""}, "Good News Weekly": {"review-count": "1", "description": "Description\nGood News Weekly provides wholesome and happy news from around the world.", "details": "Skill Details\nFlash Briefing Skill\nRated: Guidance Suggested.\nThis skill contains dynamic content.", "privacy_policy_href": ""}, "Gaming News": {"review-count": "1", "description": "Description\nGet the latest gaming headlines from Eurogamer.net in your Flash Briefing.\n\nSpat your cornflakes out in disbelief about a news article and, like Casper Van Dien in Starship Troopers, you would like to know more? Rest assured citizen, you can find a direct link to the Eurogamer.net article in the Alexa companion app.\n\nEurogamer is a UK based independent gaming website and a premier source of gaming news. All headline content is copyright of Gamer Network Limited", "details": "Skill Details\nFlash Briefing Skill\nThis skill contains dynamic content.", "privacy_policy_href": ""}, "Heavy Metal": {"review-count": "1", "description": "Description\nA Flash Briefing featuring feeds from the top sources of Heavy Metal News and content on the Internet.", "details": "Skill Details\nFlash Briefing Skill\nThis skill contains dynamic content.", "privacy_policy_href": ""}, "Daily Tech News": {"review-count": "0", "description": "Description\nGet your daily news flash on technology, gaming, gadget, and Apple from Engadget, Apple Insider, and Kotaku.", "details": "Skill Details\nFlash Briefing Skill\nThis skill contains dynamic content.", "privacy_policy_href": ""}, "Missing Children": {"review-count": "0", "description": "Description\nThis skill provides awareness for the missing. Please listen daily and be a part of the solution for missing persons, especially children.", "details": "Skill Details\nFlash Briefing Skill\nThis skill contains dynamic content.", "privacy_policy_href": ""}, "Browns Notes": {"review-count": "0", "description": "Description\nThe latest Cleveland Browns football notes from the SportsXchange.\n\nAfter enabling this skill, say things like \"Alexa, what's my flash briefing\" or \"Alexa, what's in the news?\" to hear your flash briefing.", "details": "Skill Details\nFlash Briefing Skill\nThis skill contains dynamic content.", "privacy_policy_href": ""}, "Hoosier Sound-Off: IU Sports News by Hoosier Sound": {"review-count": "1", "description": "Description\nHoosier Sound-Off is a regular news update of the most important Indiana sports news from The Hoosier Sound. Hosted by Noah Freeman, this short flash briefing will include short updates from around the Indiana University athletic department for a variety of sports.", "details": "Skill Details\nFlash Briefing Skill\nThis skill contains dynamic content.", "privacy_policy_href": ""}, "Beat Navy": {"review-count": "70", "description": "Description\nDo you miss asking plebes how many and a butt days until we Beat Navy? Alexa knows you do.", "details": "Skill Details\nThis skill contains dynamic content.\nInvocation Name: beat navy", "privacy_policy_href": ""}, "Eagles Notes": {"review-count": "0", "description": "Description\nThe latest Philadelphia Eagles football notes from the SportsXchange.\n\nAfter enabling this skill, say things like \"Alexa, what's my flash briefing\" or \"Alexa, what's in the news?\" to hear your flash briefing.", "details": "Skill Details\nFlash Briefing Skill\nThis skill contains dynamic content.", "privacy_policy_href": ""}, "Ridiculous Headlines": {"review-count": "0", "description": "Description\nAlexa will tell you a headline that sounds like it should be satire, but isn't! Headlines updated regularly. Data pulled from the nottheonion subreddit.", "details": "Skill Details\nRated: Guidance Suggested.\nThis skill contains dynamic content.\nInvocation Name: ridiculous headlines", "privacy_policy_href": ""}, "The DA News Update": {"review-count": "0", "description": "Description\nThe DA is WVU's independent student newspaper. There is no account needed to listen to our new- just sign up for our flash briefing to get started.", "details": "Skill Details\nFlash Briefing Skill\nRated: Guidance Suggested.\nThis skill contains dynamic content.\nDeveloper Privacy Policy\nDeveloper Terms of Use", "privacy_policy_href": "http://www.thedaonline.com/site/terms.html"}, "KTVO News": {"review-count": "2", "description": "Description\nThe KTVO Flash Briefing brings you Kirksville/Ottumwa area news and weather as well as top stories from around the world. Get the latest throughout the day, direct from our news staff.", "details": "Skill Details\nFlash Briefing Skill\nRated: Guidance Suggested.\nThis skill contains dynamic content.\nDeveloper Privacy Policy\nDeveloper Terms of Use", "privacy_policy_href": "https://ktvo.com/station/privacy"}, "Delaware State News": {"review-count": "1", "description": "Description\nDaily updates from Delaware State News publication.", "details": "Skill Details\nFlash Briefing Skill\nRated: Guidance Suggested.\nThis skill contains dynamic content.", "privacy_policy_href": ""}, "The Rotary Club of Beatrice (District 5650)": {"review-count": "0", "description": "Description\nThe Beatrice Rotary Club promotes service before self and volunteering in the Gage County area and around the world. Please try out our skill to stay informed about what's going on with our group and the latest information available. Ask Beatrice Rotary what are the upcoming events? What is going on this week? What is the rotary foundation? How do i get in contact?", "details": "Skill Details\nThis skill contains dynamic content.\nInvocation Name: beatrice rotary", "privacy_policy_href": ""}, "News for Nerds": {"review-count": "1", "description": "Description\nThe News for Nerds skill incorporates several feeds from sources like Slashdot to deliver news topics in the developer, technology, and gaming categories.", "details": "Skill Details\nFlash Briefing Skill\nThis skill contains dynamic content.\nDeveloper Privacy Policy\nDeveloper Terms of Use", "privacy_policy_href": "https://slashdotmedia.com/privacy-statement/"}, "Manchester United news": {"review-count": "0", "description": "Description\nManchester United news", "details": "Skill Details\nFlash Briefing Skill\nThis skill contains dynamic content.", "privacy_policy_href": ""}, "Trend News": {"review-count": "1", "description": "Description\nNews from Trend News Agency (Unofficial), including news from Russian Azerbaijan, Asia, Caucasus, Turkey, and other world sources.", "details": "Skill Details\nFlash Briefing Skill\nRated: Guidance Suggested.\nThis skill contains dynamic content.", "privacy_policy_href": ""}, "The News Yo": {"review-count": "0", "description": "Description\nYour direct access to the world's news headlines all in one place. Search for any person, place, event, trend, and we'll provide you with the top rated headline.\n\nThis is The News Yo.", "details": "Skill Details\nRated: Guidance Suggested.\nThis skill contains dynamic content.\nInvocation Name: the news yo\nDeveloper Privacy Policy\nDeveloper Terms of Use", "privacy_policy_href": "https://whatsup.codenamev.com/privacy.html"}, "REOC News": {"review-count": "0", "description": "Description\nReceive the latest news for Rochester Educational Opportunity Center. Get information on the latest events, programs and more.", "details": "Skill Details\nFlash Briefing Skill\nThis skill contains dynamic content.", "privacy_policy_href": ""}, "Fema Info": {"review-count": "0", "description": "Description\nThe Fema Info skill provides up-to-date announcement on disasters such as hurricane, flood, fire etc.", "details": "Skill Details\nThis skill contains dynamic content.\nInvocation Name: fee ma", "privacy_policy_href": ""}, "News Machine": {"review-count": "0", "description": "Description\nYou can ask News Machine about a topic that interests you. Text news read by Alexa.", "details": "Skill Details\nRated: Guidance Suggested.\nThis skill contains dynamic content.\nInvocation Name: news machine", "privacy_policy_href": ""}, "Trump Live": {"review-count": "0", "description": "Description\nTrump live brings you the latest speeches of the great Mr. Trump. Please forgive us and mail us in case the feed is not live. You can contact us at ospreytest002@gmail.com.", "details": "Skill Details\nFlash Briefing Skill\nThis skill contains dynamic content.\nDeveloper Privacy Policy\nDeveloper Terms of Use", "privacy_policy_href": "https://getstoryline.com/public/privacy.html"}, "Reuters Technology News (Unofficial)": {"review-count": "3", "description": "Description\nThis is an unofficial Reuters Technology News flash briefing. I am in no way affiliated with Reuters.", "details": "Skill Details\nFlash Briefing Skill\nThis skill contains dynamic content.", "privacy_policy_href": ""}, "Tech Soup": {"review-count": "0", "description": "Description\nTech Soup is the home for quick technology news and reviews. We take quick, relevant headlines from around the tech industry and bring them straight to you!", "details": "Skill Details\nFlash Briefing Skill\nThis skill contains dynamic content.", "privacy_policy_href": ""}, "Unofficial Yahoo News": {"review-count": "1", "description": "Description\nNews from Yahoo News (unofficially)", "details": "Skill Details\nFlash Briefing Skill\nThis skill contains dynamic content.", "privacy_policy_href": ""}, "Unofficial EOS Price Briefing": {"review-count": "0", "description": "Description\nDo you own EOS? If so, you'll want to stay up to date on the current price of EOS. Simply add this skill to your daily news feed and you'll always be up to date on the price of your EOS! This app is not affiliated with the owners of the EOS block chain or trademarks.", "details": "Skill Details\nFlash Briefing Skill\nThis skill contains dynamic content.", "privacy_policy_href": ""}, "Unofficial MSFT PowerApps News": {"review-count": "0", "description": "Description\nThis will keep you updated on the latest updates from Microsoft PowerApps. The news feed fetches the updates from the official blog of Microsoft PowerApps.", "details": "Skill Details\nFlash Briefing Skill\nRated: Guidance Suggested.\nThis skill contains dynamic content.", "privacy_policy_href": ""}, "Journal of Petroleum Engineering": {"review-count": "1", "description": "Description\nThis news flash presents the latest and most read articles from SPE's Journal of Petroleum Engineering.", "details": "Skill Details\nFlash Briefing Skill\nThis skill contains dynamic content.\nDeveloper Privacy Policy\nDeveloper Terms of Use", "privacy_policy_href": "https://www.spe.org/about/privacypolicy.php"}, "PSA News": {"review-count": "0", "description": "Description\nThis skill reads the latest updates from PSA's blog", "details": "Skill Details\nFlash Briefing Skill\nThis skill contains dynamic content.", "privacy_policy_href": ""}, "Fabville - Around the Web": {"review-count": "0", "description": "Description\nFabville is an online community sharing tips and tricks including step by step tutorials for various projects around the house to automotive related. Our \"Around the Web\" series highlights what others are doing in this space.", "details": "Skill Details\nFlash Briefing Skill\nThis skill contains dynamic content.", "privacy_policy_href": ""}, "Unofficial Breaking Space News": {"review-count": "0", "description": "Description\nUnofficial Breaking Space News", "details": "Skill Details\nFlash Briefing Skill\nThis skill contains dynamic content.", "privacy_policy_href": ""}, "Election Assistant 2018": {"review-count": "0", "description": "Description\nUse Election Assistant 2018 to keep track of the latest headlines related to the elections of 2018.", "details": "Skill Details\nFlash Briefing Skill\nThis skill contains dynamic content.", "privacy_policy_href": ""}, "Montgomery County Republicans": {"review-count": "0", "description": "Description\nMontgomery County Republican Party (MCGOP) News and Updates from Montgomery County, Maryland\n\nFor more information, please visit mcgop.com or @GOPMontgomery on social media\n\nCreated by MCGOP Technology Committee Chair / MDGOP Technology Committee Co-Chair @MarcusAlzona", "details": "Skill Details\nFlash Briefing Skill\nThis skill contains dynamic content.", "privacy_policy_href": ""}, "College Football AP Top 25 Rankings": {"review-count": "6", "description": "Description\nA must-have skill for any college football fan. Has your team risen up in the rankings after a underdog win or fallen out after a heart-breaking loss?\n\nNo matter what the last game had to offer, get all the latest ranking news here!", "details": "Skill Details\nThis skill contains dynamic content.\nInvocation Name: college football top rankings", "privacy_policy_href": ""}, "Flashing Briefing by Language Scholars": {"review-count": "0", "description": "Description\nThis is a flashing briefing about what's going on at my own business Language Scholars LLC", "details": "Skill Details\nFlash Briefing Skill\nThis skill contains dynamic content.", "privacy_policy_href": ""}, "CRI Online Esperanto Weekly Review": {"review-count": "0", "description": "Description\nListen to China Radio International (CRI) Online's weekly news review in Esperanto. This radio program is released each Friday.\n\nNote: This Alexa Skill and its supporting software are the product of Intellimatix (www.intellimatix.co), which is not affiliated with CRI Online. This skill was created for the benefit of the world-wide community of Esperanto speakers.", "details": "Skill Details\nFlash Briefing Skill\nRated: Guidance Suggested.\nThis skill contains dynamic content.", "privacy_policy_href": ""}, "Real Jersey City Flash Briefing": {"review-count": "0", "description": "Description\nLocal news items relating to Jersey City and the surrounding area.", "details": "Skill Details\nFlash Briefing Skill\nThis skill contains dynamic content.", "privacy_policy_href": ""}, "CRI Online Esperanto Daily News": {"review-count": "0", "description": "Description\nListen to China Radio International (CRI) Online's daily news program in Esperanto. This radio program is released every day.\n\nNote: This Alexa Skill and its supporting software are the product of Intellimatix (www.intellimatix.co), which is not affiliated with CRI Online. This skill was created for the benefit of the world-wide community of Esperanto speakers.", "details": "Skill Details\nFlash Briefing Skill\nRated: Guidance Suggested.\nThis skill contains dynamic content.", "privacy_policy_href": ""}, "TechRepublic New Articles (Unofficial)": {"review-count": "0", "description": "Description\nThis is an unofficial TechRepublic flash briefing.", "details": "Skill Details\nFlash Briefing Skill\nThis skill contains dynamic content.", "privacy_policy_href": ""}, "Football Lines": {"review-count": "0", "description": "Description\nFootball Lines can give you the current betting lines as well as lines all the way back to 1985! You can even get lines for a particular team.", "details": "Skill Details\nRated: Mature.\nThis skill contains dynamic content.\nInvocation Name: football lines\nDeveloper Privacy Policy\nDeveloper Terms of Use", "privacy_policy_href": "https://sites.google.com/view/football-lines-alexa-terms/home"}, "Corn Bot": {"review-count": "2", "description": "Description\nCorn Bot chooses one random Nebraska related football quote or phrase to read for you.", "details": "Skill Details\nThis skill contains dynamic content.\nInvocation Name: corn bot", "privacy_policy_href": ""}, "Austin Crime": {"review-count": "0", "description": "Description\nAustin Crime flash briefing with content updated daily.", "details": "Skill Details\nFlash Briefing Skill\nThis skill contains dynamic content.", "privacy_policy_href": ""}, "Air University News": {"review-count": "0", "description": "Description\nThis flash briefing provides the latest news post from Air University. The associated RSS feed is: https://www.maxwell.af.mil/DesktopModules/ArticleCS/RSS.ashx?ContentType=1&Site=171&max=5", "details": "Skill Details\nFlash Briefing Skill\nRated: Guidance Suggested.\nThis skill contains dynamic content.", "privacy_policy_href": ""}, "Purdue Library News": {"review-count": "1", "description": "Description\nThis skill provides a feed of the Purdue Libraries News & Announcements blog: https://www.lib.purdue.edu/aggregator/sources/2", "details": "Skill Details\nFlash Briefing Skill\nThis skill contains dynamic content.", "privacy_policy_href": ""}, "StarOfMysore": {"review-count": "0", "description": "Description\nHeadline News from star of mysore", "details": "Skill Details\nFlash Briefing Skill\nThis skill contains dynamic content.", "privacy_policy_href": ""}, "Cubcast": {"review-count": "1", "description": "Description\nCubcast is a flash briefing for Cub Scout leaders and parents.", "details": "Skill Details\nFlash Briefing Skill\nThis skill contains dynamic content.", "privacy_policy_href": ""}, "Hacker News Top Article of the day": {"review-count": "0", "description": "Description\nGives you the Hacker News Top Article of the day. We will rotate among the top articles of the day so that you can get newer content on each request.", "details": "Skill Details\nThis skill contains dynamic content.\nInvocation Name: hacker news", "privacy_policy_href": ""}, "Liputan 6 News": {"review-count": "2", "description": "Description\nLiputan 6 news broadcast daily updates related to politics, health, science, sport and many more in Indonesia.", "details": "Skill Details\nFlash Briefing Skill\nRated: Guidance Suggested.\nThis skill contains dynamic content.", "privacy_policy_href": ""}, "Connecticut News": {"review-count": "2", "description": "Description\nLocal news from the state of Connecticut for your feed.", "details": "Skill Details\nFlash Briefing Skill\nRated: Guidance Suggested.\nThis skill contains dynamic content.", "privacy_policy_href": ""}, "Today in the IndieWeb": {"review-count": "0", "description": "Description\nGet updates in your flash briefing about recent and upcoming IndieWeb events, headlines from IndieNews, and updates from the IndieWeb wiki.", "details": "Skill Details\nFlash Briefing Skill\nRated: Guidance Suggested.\nThis skill contains dynamic content.", "privacy_policy_href": ""}, "Unofficial National Day Calendar": {"review-count": "1", "description": "Description\nEvery day, the Unofficial National Day Calendar updates with the national days that you might not know about. Enable this skill to learn what today is. Take your new knowledge and celebrate national days like American Beer Day (10/27), National Two Different Colored Shoes Day (5/3), A\u2019Phabet Day or No \u201cL\u201d Day (12/25), National Teddy Bear Day (9/9), and many, many more!", "details": "Skill Details\nFlash Briefing Skill\nRated: Guidance Suggested.\nThis skill contains dynamic content.", "privacy_policy_href": ""}, "Top News": {"review-count": "0", "description": "Description\nThis skill for Alexa reads you the latest in Headline News. Very Simple and Easy to use.\n\nJust say \"Alexa, What's my flash briefing?\".", "details": "Skill Details\nFlash Briefing Skill\nThis skill contains dynamic content.", "privacy_policy_href": ""}, "Curiosities of Formula One": {"review-count": "1", "description": "Description\n\u00bfCu\u00e1l es le r\u00e9cord de velocidad en F\u00f3rmula Uno?, \u00bfEn qu\u00e9 a\u00f1o comenz\u00f3?. \u00bfCuanto cuesta un monoplaza? Alexa dar\u00e1 respuestas a esas y otras preguntas facilitando aleatoriamente curiosidades del mundo de la F\u00f3rmula Uno.", "details": "Skill Details\nThis skill contains dynamic content.\nInvocation Name: curiosidades de la f\u00f3rmula uno", "privacy_policy_href": ""}, "KITV4 Island News": {"review-count": "2", "description": "Description\nKITV4 Island News is delivering your top stories and weather with Alexa. Just enable the KITV Island News skill and ask \"What's my Flash Briefing?\" to stay informed on demand.", "details": "Skill Details\nFlash Briefing Skill\nRated: Guidance Suggested.\nThis skill contains dynamic content.\nDeveloper Privacy Policy\nDeveloper Terms of Use", "privacy_policy_href": "http://www.kitv.com/story/30241739/privacy"}, "Straits Times Life News": {"review-count": "0", "description": "Description\nLife news brought to you daily from The Straits Times.", "details": "Skill Details\nFlash Briefing Skill\nThis skill contains dynamic content.", "privacy_policy_href": ""}, "Health news feed": {"review-count": "0", "description": "Description\nNews feed for Health and fitness", "details": "Skill Details\nFlash Briefing Skill\nThis skill contains dynamic content.", "privacy_policy_href": ""}}