{"York Dukes News": {"review-count": "1", "description": "Description\nA weekly update of sports, activities, and news from York High School in York, Nebraska. Listen to the upcoming events, recent results, or news from students and coaches. York High School will also offer exclusive content to our listeners and occasional surprises. Stay tuned and listen today!", "details": "Skill Details\nFlash Briefing Skill\nThis skill contains dynamic content.", "privacy_policy_href": ""}, "Melania Trump news": {"review-count": "1", "description": "Description\nInterested on Melania Trump? With this skill you can get the latest news, it gathers and filters the news for you.\n\nSay Get Headlines and then move forward (next) or backward (previous) through the article headlines.\nSay Read to read the article\nSay Get News to get the latest article.\nYou can use standards intents: Repeat, StartOver, Help, Cancel, Stop.", "details": "Skill Details\nRated: Guidance Suggested.\nThis skill contains dynamic content.\nInvocation Name: melania trump news", "privacy_policy_href": ""}, "Nitro Security News": {"review-count": "0", "description": "Description\nFollow the latest news and breaking news for Security related issues from Nitro within Alexa\u2019s Flash Briefing.\n\nAfter enabling this skill, say things like \u201cAlexa, what\u2019s my flash briefing\u201d or \u201cAlexa, what\u2019s in the news\u201d to hear your flash briefing and hear reminders when monthly invoices are available to view. The Nitro Monthly Reminders feed will need to be \"turned on\" within the flash briefing settings to enable reminder feeds\n\nGo to Settings in your Alexa app and find \u201cFlash Briefing\u201d to move Nitro Security News to the top of your news brief!", "details": "Skill Details\nFlash Briefing Skill\nThis skill contains dynamic content.", "privacy_policy_href": ""}, "Royal family news": {"review-count": "3", "description": "Description\nInterested on the Briitsh Royal family? With this skill you can get the latest news, it gathers and filters the news for you.\n\nSay Get Headlines and then move forward (next) or backward (previous) through the article headlines.\nSay Read to read the article\nSay Get News to get the latest article.\nYou can use standards intents: Repeat, StartOver, Help, Cancel, Stop.", "details": "Skill Details\nRated: Guidance Suggested.\nThis skill contains dynamic content.\nInvocation Name: royal family news", "privacy_policy_href": ""}, "Cricket Details": {"review-count": "0", "description": "Description\nThis skill helps to know latest cricket details like schedule, results and live score", "details": "Skill Details\nThis skill contains dynamic content.\nInvocation Name: cricket details", "privacy_policy_href": ""}, "Technology Reader": {"review-count": "0", "description": "Description\nThis skill simply lists some top posts on reddit.com/r/technology", "details": "Skill Details\nRated: Mature.\nThis skill contains dynamic content.\nInvocation Name: technology reader", "privacy_policy_href": ""}, "YLE Tampere Uutiset": {"review-count": "0", "description": "Description\nPlays newest daily broadcast from Finland YLE Public Radio local Tampere News in Finnish. Daily news from Pirkanmaa region every weekday.", "details": "Skill Details\nFlash Briefing Skill\nThis skill contains dynamic content.", "privacy_policy_href": ""}, "News-Press NOW": {"review-count": "2", "description": "Description\nFollow your top local headlines and latest news in St. Joseph, MO from News-Press NOW within Alexa's Flash Briefing.\n\nEvery moment, Every Day, Every Way.\n\nNews-Press NOW is:\nThe St. Joseph News-Press, FOX 26 KNPN,NBC 21 KNPG, and CBS 30 KCJO", "details": "Skill Details\nFlash Briefing Skill\nThis skill contains dynamic content.", "privacy_policy_href": ""}, "Gully cricket": {"review-count": "0", "description": "Description\nProvides gully cricket location to user. User can ask Alexa to provide gully cricket location.", "details": "Skill Details\nThis skill contains dynamic content.\nInvocation Name: gully cricket", "privacy_policy_href": ""}, "DataCenter Knowledge News": {"review-count": "0", "description": "Description\nGet daily headlines from DataCenter Knowledge - the community source for datacenter technology news, tips, and education.\n\nData Center Knowledge is a leading online source of daily news and analysis about the data center industry. We cover a wide scope. Areas of coverage include advancements in power and cooling technology, processor and server architecture, networks, storage, the colocation industry and data center company stocks, cloud, and developments in modern hyper-scale data center space, edge computing, infrastructure for machine learning, and virtual and augmented reality.", "details": "Skill Details\nFlash Briefing Skill\nThis skill contains dynamic content.\nDeveloper Privacy Policy\nDeveloper Terms of Use", "privacy_policy_href": "http://engage.informa.com/privacy-statement"}, "Bloomberg Featured Interview": {"review-count": "5", "description": "Description\nBusiness and politics through one on one interviews", "details": "Skill Details\nFlash Briefing Skill\nRated: Guidance Suggested.\nThis skill contains dynamic content.\nDeveloper Privacy Policy\nDeveloper Terms of Use", "privacy_policy_href": "https://www.bloomberg.com/notices/privacy/"}, "Orem Owlz Baseball": {"review-count": "0", "description": "Description\nThe Flash briefing uses the Orem Owlz schedule and news feeds. These feeds are updated weekly during the off-season and daily during the season which is June through September. The feeds provide information to fans of the Orem Owlz Baseball team.", "details": "Skill Details\nFlash Briefing Skill\nRated: Guidance Suggested.\nThis skill contains dynamic content.", "privacy_policy_href": ""}, "EYEWITNESS NEWS WBRE, WYOU": {"review-count": "10", "description": "Description\nLatest Top News Flash Briefing, Weather Flash Briefing", "details": "Skill Details\nFlash Briefing Skill\nRated: Guidance Suggested.\nThis skill contains dynamic content.", "privacy_policy_href": ""}, "University of Missouri Sports": {"review-count": "0", "description": "Description\nGet the most recent headlines about the various University of Missouri sport teams and players. Whether it's Missouri's nationally ranked gymnastics team, the wrestling team or the men's and women's basketball teams. Keep updated with Missouri sports. This copyrighted content comes directly from the University of Missouri.", "details": "Skill Details\nFlash Briefing Skill\nThis skill contains dynamic content.", "privacy_policy_href": ""}, "KETK": {"review-count": "4", "description": "Description\nLatest Top News Flash Briefing, Weather Flash Briefing", "details": "Skill Details\nFlash Briefing Skill\nRated: Guidance Suggested.\nThis skill contains dynamic content.", "privacy_policy_href": ""}, "KTVE KARD": {"review-count": "4", "description": "Description\nLatest Top News Flash Briefing, Weather Flash Briefing", "details": "Skill Details\nFlash Briefing Skill\nRated: Guidance Suggested.\nThis skill contains dynamic content.", "privacy_policy_href": ""}, "WANE 15 News": {"review-count": "7", "description": "Description\nLatest Top News Flash Briefing, Weather Flash Briefing", "details": "Skill Details\nFlash Briefing Skill\nRated: Guidance Suggested.\nThis skill contains dynamic content.", "privacy_policy_href": ""}, "RiverBender": {"review-count": "1", "description": "Description\nListen to today's news and sports headlines and have those stories read to you.", "details": "Skill Details\nRated: Guidance Suggested.\nThis skill contains dynamic content.\nInvocation Name: river bender", "privacy_policy_href": ""}, "GRR Radio Rai Flash Briefing": {"review-count": "7", "description": "Description\nFollow the latest news and breaking news in Italy from GRR Radio Rai within Alexa\u2019s Flash Briefing.\n\nAfter enabling this skill, say things like \u201cAlexa, what\u2019s my flash briefing\u201d or \u201cAlexa, what\u2019s in the news\u201d to hear your flash briefing.\n\nGo to Settings in your Alexa app and find \u201cFlash Briefing\u201d to move GRR to the top of your news brief!", "details": "Skill Details\nFlash Briefing Skill\nThis skill contains dynamic content.", "privacy_policy_href": ""}, "Reggie News": {"review-count": "0", "description": "Description\nThis skill tells you the latest articles from Reggie News. All you need to use this is a Alexa device. Just ask \u201cAlexa, what\u2019s my Flash Briefing?\u201d and you can hear all the new memes on Reggie News.\nReggie News is available online at https://reggie.ga/news", "details": "Skill Details\nFlash Briefing Skill\nThis skill contains dynamic content.\nDeveloper Privacy Policy", "privacy_policy_href": "https://reggie.ga/privacypolicy.htm"}, "MyBroadband - Tech Flash Briefing": {"review-count": "1", "description": "Description\nLatest tech and company from the world including South Africa", "details": "Skill Details\nFlash Briefing Skill\nThis skill contains dynamic content.", "privacy_policy_href": ""}, "India Updates": {"review-count": "0", "description": "Description\nAs a part of flash briefing news, get the latest updates from India via NDTV feed. Many more feeds will be added in upcoming versions.\n\nAfter enabling this skill on your device just say \"Alexa, get the flash briefing by India Updates\"", "details": "Skill Details\nFlash Briefing Skill\nThis skill contains dynamic content.", "privacy_policy_href": ""}, "Unofficial NBA teams Info": {"review-count": "1", "description": "Description\nGive info about all NBA teams, like Team names, head coaches, championships, locations.", "details": "Skill Details\nThis skill contains dynamic content.\nInvocation Name: unofficial n. b. a. teams", "privacy_policy_href": ""}, "Providence Business News": {"review-count": "1", "description": "Description\nGet your daily wake-up call of 10 stories of interest to Rhode Island and the rest of southern New England\u2019s business leaders.", "details": "Skill Details\nFlash Briefing Skill\nThis skill contains dynamic content.", "privacy_policy_href": ""}, "Star-Telegram Headlines": {"review-count": "4", "description": "Description\nDo you want to stay on top of the latest news in Fort Worth? Check out the latest headlines from the Star-Telegram newsroom. Just ask Alexa, \"Alexa, What's in the news?\"", "details": "Skill Details\nFlash Briefing Skill\nRated: Guidance Suggested.\nThis skill contains dynamic content.\nDeveloper Privacy Policy\nDeveloper Terms of Use", "privacy_policy_href": "http://www.star-telegram.com/customer-service/privacy-policy/"}, "Pressed News": {"review-count": "0", "description": "Description\nPressed is a digital media company that's changing the way millennials consume media that matters. Our goal is to connect people through intelligent conversations by integrating world issues into everyday life. We make the news easy to understanding by being concise, speaking like your friend, and giving you context on difficult topics. Our first product is a daily email newsletter that tells you what you need to know to start your day, all from a Canadian perspective.", "details": "Skill Details\nFlash Briefing Skill\nThis skill contains dynamic content.", "privacy_policy_href": ""}, "The Paper Magazine": {"review-count": "0", "description": "Description\nThis is not made by The Paper Magazine and is not endorsed by them in any way.", "details": "Skill Details\nFlash Briefing Skill\nThis skill contains dynamic content.\nDeveloper Privacy Policy\nDeveloper Terms of Use", "privacy_policy_href": "http://fatcatwebproductions.com/ThePaper_2014/md-thenews/node/64"}, "Reno Market Updates": {"review-count": "0", "description": "Description\nReno Market Updates brings you weekly information in the Real Estate Market for Reno, Sparks, and the surrounding areas.\n\nAdd this to your Flash Briefing to stay up to date on local market movements, including price information and homes listed and sold.", "details": "Skill Details\nFlash Briefing Skill\nThis skill contains dynamic content.", "privacy_policy_href": ""}, "Bemidji Pioneer": {"review-count": "0", "description": "Description\nLatest and top trending news stories from the Bemidji Pioneer newspaper, based in Bemidji, MN", "details": "Skill Details\nFlash Briefing Skill\nThis skill contains dynamic content.", "privacy_policy_href": ""}, "Duluth News Tribune": {"review-count": "2", "description": "Description\nLatest and top trending news stories from the Duluth News Tribune newspaper, based in Duluth, MN", "details": "Skill Details\nFlash Briefing Skill\nThis skill contains dynamic content.", "privacy_policy_href": ""}, "Dickinson Press": {"review-count": "0", "description": "Description\nLatest and top trending news stories from the Dickinson Press newspaper, based in Dickinson, ND", "details": "Skill Details\nFlash Briefing Skill\nThis skill contains dynamic content.", "privacy_policy_href": ""}, "Mitchell Daily Republic": {"review-count": "0", "description": "Description\nLatest and top trending news stories from the Mitchell Daily Republic newspaper, based in Mitchell, SD", "details": "Skill Details\nFlash Briefing Skill\nThis skill contains dynamic content.", "privacy_policy_href": ""}, "Euronews - Unofficial": {"review-count": "0", "description": "Description\nEuronews offers a unique perspective on world events. It empowers people to make up their own mind by delivering factual analysis and a diversity of viewpoints. Because all views matter, Euronews is \"All Views\".\n\nThe developer of this skill is not associated in any way with euronews.", "details": "Skill Details\nFlash Briefing Skill\nThis skill contains dynamic content.", "privacy_policy_href": ""}, "Rivertowns": {"review-count": "0", "description": "Description\nLatest and top trending news stories from the Rivertowns newspapers, based in Southeastern MN", "details": "Skill Details\nFlash Briefing Skill\nThis skill contains dynamic content.", "privacy_policy_href": ""}, "NorthcentralPa News": {"review-count": "0", "description": "Description\nIncludes Three of the most recent news stories from Northcentral Pa.com.", "details": "Skill Details\nFlash Briefing Skill\nThis skill contains dynamic content.", "privacy_policy_href": ""}, "Prothom Alo": {"review-count": "2", "description": "Description\nThe Daily Prothom Alo is a major daily newspaper in Bangladesh, published from Dhaka in the Bengali language. Prothom Alo is second largest newspaper in Bangladesh based on circulation. This Alexa skill is aggregating the latest news updates from the English version of Prothom Alo website.", "details": "Skill Details\nFlash Briefing Skill\nRated: Guidance Suggested.\nThis skill contains dynamic content.", "privacy_policy_href": ""}, "West Fargo Pioneer": {"review-count": "0", "description": "Description\nLatest and top trending news stories from the West Fargo Pioneer newspaper, based in West Fargo, ND", "details": "Skill Details\nFlash Briefing Skill\nThis skill contains dynamic content.", "privacy_policy_href": ""}, "Jamestown Sun": {"review-count": "0", "description": "Description\nLatest and top trending news stories from the Jamestown Sun newspaper, based in Jamestown, ND", "details": "Skill Details\nFlash Briefing Skill\nThis skill contains dynamic content.", "privacy_policy_href": ""}, "On Air with Ryan Seacrest": {"review-count": "2", "description": "Description\nHear snippets from Ryan Seacrest including interviews with major celebrities, your favorite music artists, and the latest entertainment news. Updated daily.\n\nAfter enabling this skill, say \u201cAlexa, what\u2019s my flash briefing\u201d or \u201cAlexa, what\u2019s in the news\u201d to hear On Air with Ryan Seacrest content in your flash briefing.\n\nGo to Settings in your Alexa app and find \u201cFlash Briefing\u201d to edit the order of content feeds in your news update.", "details": "Skill Details\nFlash Briefing Skill\nThis skill contains dynamic content.\nDeveloper Privacy Policy\nDeveloper Terms of Use", "privacy_policy_href": "https://www.iheart.com/content/privacy-and-cookie-notice/"}, "NBC News Radio: Technology": {"review-count": "0", "description": "Description\nA one-minute technology news summary from NBC News Radio. Updated daily.\n\nAfter enabling this skill, say \u201cAlexa, what\u2019s my flash briefing\u201d or \u201cAlexa, what\u2019s in the news\u201d to hear NBC News Radio content in your flash briefing.\n\nGo to Settings in your Alexa app and find \u201cFlash Briefing\u201d to edit the order of content feeds in your news update.", "details": "Skill Details\nFlash Briefing Skill\nThis skill contains dynamic content.\nDeveloper Privacy Policy\nDeveloper Terms of Use", "privacy_policy_href": "https://www.iheart.com/content/privacy-and-cookie-notice/"}, "NBC News Radio: Politics": {"review-count": "0", "description": "Description\nA one-minute political news summary from NBC News Radio. Updated daily.\n\nAfter enabling this skill, say \u201cAlexa, what\u2019s my flash briefing\u201d or \u201cAlexa, what\u2019s in the news\u201d to hear NBC News Radio content in your flash briefing.\n\nGo to Settings in your Alexa app and find \u201cFlash Briefing\u201d to edit the order of content feeds in your news update.", "details": "Skill Details\nFlash Briefing Skill\nThis skill contains dynamic content.\nDeveloper Privacy Policy\nDeveloper Terms of Use", "privacy_policy_href": "https://www.iheart.com/content/privacy-and-cookie-notice/"}, "NBC News Radio: The Latest": {"review-count": "8", "description": "Description\nA one-minute news summary from NBC News Radio. Updated daily.\n\nAfter enabling this skill, say \u201cAlexa, what\u2019s my flash briefing\u201d or \u201cAlexa, what\u2019s in the news\u201d to hear NBC News Radio content in your flash briefing.\n\nGo to Settings in your Alexa app and find \u201cFlash Briefing\u201d to edit the order of content feeds in your news update.", "details": "Skill Details\nFlash Briefing Skill\nThis skill contains dynamic content.\nDeveloper Privacy Policy\nDeveloper Terms of Use", "privacy_policy_href": "https://www.iheart.com/content/privacy-and-cookie-notice/"}, "Rush Limbaugh Morning Update": {"review-count": "90", "description": "Description\nA short update from Rush Limbaugh to get you caught up on what you need to know today. Updated daily.\n\nAfter enabling this skill, say \u201cAlexa, what\u2019s my flash briefing\u201d or \u201cAlexa, what\u2019s in the news\u201d to hear Rush Limbaugh content in your flash briefing.\n\nGo to Settings in your Alexa app and find \u201cFlash Briefing\u201d to edit the order of content feeds in your news update.", "details": "Skill Details\nFlash Briefing Skill\nRated: Guidance Suggested.\nThis skill contains dynamic content.\nDeveloper Privacy Policy\nDeveloper Terms of Use", "privacy_policy_href": "https://www.iheart.com/content/privacy-and-cookie-notice/"}, "Lake County News Chronicle": {"review-count": "0", "description": "Description\nLatest and top trending news stories from the Lake County News Chronicle newspaper, based in Two Harbors, MN", "details": "Skill Details\nFlash Briefing Skill\nThis skill contains dynamic content.", "privacy_policy_href": ""}, "Worthington Daily Globe": {"review-count": "0", "description": "Description\nLatest and top trending news stories from the Worthington Daily Globe newspaper, based in Worthington, MN", "details": "Skill Details\nFlash Briefing Skill\nThis skill contains dynamic content.", "privacy_policy_href": ""}, "WDAZ News": {"review-count": "0", "description": "Description\nLatest and top trending news stories from the WDAZ News website, based in Grand Forks, ND", "details": "Skill Details\nFlash Briefing Skill\nThis skill contains dynamic content.", "privacy_policy_href": ""}, "Brainerd Dispatch": {"review-count": "0", "description": "Description\nLatest and top trending news stories from the Brainerd Dispatch newspaper, based in Brainerd, MN", "details": "Skill Details\nFlash Briefing Skill\nThis skill contains dynamic content.", "privacy_policy_href": ""}, "Osakis Review": {"review-count": "0", "description": "Description\nLatest and top trending news stories from the Osakis Review newspaper, based in Alexandria, MN", "details": "Skill Details\nFlash Briefing Skill\nThis skill contains dynamic content.", "privacy_policy_href": ""}, "NBC News Radio: Entertainment": {"review-count": "4", "description": "Description\nA one-minute entertainment news summary from NBC News Radio. Updated daily.\n\nAfter enabling this skill, say \u201cAlexa, what\u2019s my flash briefing\u201d or \u201cAlexa, what\u2019s in the news\u201d to hear NBC News Radio content in your flash briefing.\n\nGo to Settings in your Alexa app and find \u201cFlash Briefing\u201d to edit the order of content feeds in your news update.", "details": "Skill Details\nFlash Briefing Skill\nThis skill contains dynamic content.\nDeveloper Privacy Policy\nDeveloper Terms of Use", "privacy_policy_href": "https://www.iheart.com/content/privacy-and-cookie-notice/"}, "Rangers Cup Counter": {"review-count": "1", "description": "Description\nTell you how many days ago the New York Rangers won their last Stanley cup.\n\nLet's all hope one day it will tell us \"zero days ago\".\n\nThis skill is unofficial and not affiliated with the New York Rangers team or the The National Hockey League.", "details": "Skill Details\nThis skill contains dynamic content.\nInvocation Name: rangers cup counter", "privacy_policy_href": ""}, "Daily Mobile App News": {"review-count": "0", "description": "Description\nDigital Pratik brings you new mobile app news daily which will help you in making your iPhone more productive.\n\nEnjoy the briefing...!!!\n\nWith this handy flash briefing skill your Daily Mobile App News is never far away. You can now fully operate your very own Mobile App News Updates right from your Alexa device.\n\n... and more, simply enable this flash briefing skill and edit your order to have this on the first place and say: \u201cAlexa, what's in the news\u201d and make your selection from there. It\u2019s bigger on the inside!\n\nYour positive feedback = more development of this skill. Thanks in advance!", "details": "Skill Details\nFlash Briefing Skill\nThis skill contains dynamic content.", "privacy_policy_href": ""}, "News Alert": {"review-count": "0", "description": "Description\nAsk news alert for any topic.It will give top 5 news for that topic. After news of each topic you can say another topic name. In addition to this if the topic is one of the supported country then it will fetch news of that country.\n\nCurrent supported countries are india and united states\n\nFor example. You can say:\nalexa ask news alert for India.\nalexa ask news alert for united states\nalexa ask news alert for tom cruise\nalexa ask news alert for nba", "details": "Skill Details\nRated: Guidance Suggested.\nThis skill contains dynamic content.\nInvocation Name: news alert", "privacy_policy_href": ""}, "(Unofficial) Fox News Geek Sheet": {"review-count": "0", "description": "Description\nA new flash briefing skill from Jody Burnett at ButtonPushApps.com. This skill is a flash briefing created from the public RSS feed available from Fox News. I created this flash briefing so Alexa will read it to me on a daily basis; eliminating another email from the inbox. The flash reports on Science and Technology news as reported by Fox News on their Geek Sheet emails. Jody Burnett and ButtonPushApps are not associated with Fox News so this is deemed as an (Unofficial) Alexa skill. Enable the(Unofficial) Fox News Geek Sheet flash briefing and get informed.", "details": "Skill Details\nFlash Briefing Skill\nThis skill contains dynamic content.", "privacy_policy_href": ""}, "WGEM Daily News Briefing": {"review-count": "1", "description": "Description\nWGEM is the leader in the tri-states for local news. Located in Quincy Illinois, WGEM provides timely and relevant updates to the tri-state community.", "details": "Skill Details\nFlash Briefing Skill\nRated: Guidance Suggested.\nThis skill contains dynamic content.\nDeveloper Privacy Policy\nDeveloper Terms of Use", "privacy_policy_href": "https://wgem.com/privacy-policy/"}, "RAPS News": {"review-count": "0", "description": "Description\nReads the RSS feed from Regulatory Affairs Professional Society.", "details": "Skill Details\nFlash Briefing Skill\nThis skill contains dynamic content.", "privacy_policy_href": ""}, "Game Lines": {"review-count": "20", "description": "Description\nGrabs up to date spreads and over/under odds for upcoming NFL, NBA, and NCAA Division 1 games.\n\nAsk game lines for a team name, followed optionally by what sport you want to know about.\n\nFor example, \"Alexa, ask game lines for the West Virginia college basketball game.\"\n\nOdds are provided by http://www.betonline.ag and made available shortly after they are posted on their website.", "details": "Skill Details\nThis skill contains dynamic content.\nInvocation Name: game lines", "privacy_policy_href": ""}, "Fantha Tracks - Unofficial Star Wars News": {"review-count": "0", "description": "Description\nThe latest news focused on the Star Wars franchise from fan site Fantha Tracks.com\n\nFilm, TV, collecting, fashion, gaming, literature, convention and event news from around the Star Wars galaxy.", "details": "Skill Details\nFlash Briefing Skill\nThis skill contains dynamic content.", "privacy_policy_href": ""}, "NOS": {"review-count": "10", "description": "Description\nListen to the latest radio news broadcast from the NOS.\n\nNot affiliated in any way with the NOS, just provides an interface to listen to it.", "details": "Skill Details\nFlash Briefing Skill\nThis skill contains dynamic content.", "privacy_policy_href": ""}, "Springfield News Sun Flash Briefings": {"review-count": "1", "description": "Description\nGet the latest news & headlines from Springfield News-Sun. Links to the full stories from the briefing will be available on your Alexa app home screen. Go to Settings in your Alexa app and find \"Flash Briefing\" to move Springfield News-Sun to the top of your news brief.", "details": "Skill Details\nFlash Briefing Skill\nRated: Guidance Suggested.\nThis skill contains dynamic content.\nDeveloper Privacy Policy\nDeveloper Terms of Use", "privacy_policy_href": "https://www.daytondailynews.com/what-to-know/privacy-policy/EYDINSGNPZBZ5GXNWBKDGFNR5M/"}, "Carib news": {"review-count": "0", "description": "Description\nThis skills collects news from the Caribbean so that users be updated quickly .", "details": "Skill Details\nFlash Briefing Skill\nThis skill contains dynamic content.", "privacy_policy_href": ""}, "NewsChest: Manchester United news": {"review-count": "14", "description": "Description\nInterested on Manchester United soccer team? With this skill you can get the latest news, it gathers and filters the news for you.\n\nSay Get Headlines and then move forward (next) or backward (previous) through the article headlines.\nSay Read to read the article\nSay Get News to get the latest article.\nYou can use standards intents: Repeat, StartOver, Help, Cancel, Stop.", "details": "Skill Details\nRated: Guidance Suggested.\nThis skill contains dynamic content.\nInvocation Name: manchester united news", "privacy_policy_href": ""}, "Yonhapnews Briefing (\uc5f0\ud569\ub274\uc2a4 \ube0c\ub9ac\ud551) US": {"review-count": "11", "description": "Description\nYonhap News Agency plays a central role in the South Korean press by delivering news to its customers as well as news media, government on a real-time basis.\n\nIncludes 2 feeds:\nYonhapnews Briefing English news (default)\nYonhapnews Briefing Korean news", "details": "Skill Details\nFlash Briefing Skill\nThis skill contains dynamic content.", "privacy_policy_href": ""}, "India Headlines": {"review-count": "0", "description": "Description\nAs part of your Flash Briefing News, hear the latest Headlines in English from India and around the world.\nNews is curated from feeds from Reuters, Economic Times, Times of India, Business World.\n\nGet latest trending news in Current Affairs, Business, Technology, Entertainment & Sports which\nis updated multiple times during the day.\n\nAfter you have enabled the \"India Headlines\" Skill, you can say \u201cAlexa, India Headlines?\u201d or\n\u201cAlexa, India Headlines News\u201d to hear the latest news.\n\nAlexa plays Current Affairs news and when it completes then for each News Category { Business, Technology, Sports, Entertainment }\nAlexa will prompt saying \"e.g Do you want to listen Technology News?\"\nYou can respond by saying :-\n\n\"Yes\" -> Starts playing news\n\"Skip\" -> It will take you to next Category News reprompt\n\"No\" -> The skill will stop similar to Alexa, \"Stop\".", "details": "Skill Details\nRated: Guidance Suggested.\nThis skill contains dynamic content.\nInvocation Name: india headlines", "privacy_policy_href": ""}, "The Agenda on Politics with John Michael McGrath": {"review-count": "0", "description": "Description\nQueen\u2019s Park reporter John Michael McGrath is here to help prepare you for the 2018 Ontario election. Join him as he talks with experts and journalists about the key issues that will influence the race.", "details": "Skill Details\nFlash Briefing Skill\nThis skill contains dynamic content.", "privacy_policy_href": ""}, "Politics News": {"review-count": "0", "description": "Description\nAn alexa skill to tell you the latest and juiciest in politics.", "details": "Skill Details\nFlash Briefing Skill\nThis skill contains dynamic content.", "privacy_policy_href": ""}, "Yoons English School": {"review-count": "0", "description": "Description\nThis skill is intended for the students and associates of Yoons English School . It keeps you up to date with what's going on in Yoons English School. The news feeds will be updated on a weekly basis. Currently, however, it only contains one news feed for trial.More feeds will be added soon. Thank you.", "details": "Skill Details\nFlash Briefing Skill\nThis skill contains dynamic content.", "privacy_policy_href": ""}, "Lake Country Lacrosse Schedules": {"review-count": "0", "description": "Description\nProvide game and practice schedule information to Lake Country Lacrosse members.", "details": "Skill Details\nFlash Briefing Skill\nThis skill contains dynamic content.", "privacy_policy_href": ""}, "DutchNews.nl": {"review-count": "0", "description": "Description\nAbout DutchNews.nl\n\nDutchNews.nl is a provider of quality Dutch news and current affairs in English for an international audience.\n\nSome 25,000 people read DutchNews.nl every day, either online, through our daily digital newsletter or via our social media channels.\n\nSource\nhttp://www.dutchnews.nl/rss-feed/", "details": "Skill Details\nFlash Briefing Skill\nThis skill contains dynamic content.", "privacy_policy_href": ""}, "Continuous Cycling": {"review-count": "2", "description": "Description\nLooking for a reliable provider and source of cycling news? Continuous Cycling has you covered! This Skill will allow your Alexa to keep you updated on the latest cycling headlines around the world!", "details": "Skill Details\nFlash Briefing Skill\nThis skill contains dynamic content.", "privacy_policy_href": ""}, "Aging In America": {"review-count": "3", "description": "Description\nFollow the latest news about Aging In America. Daily updates on practical information for peace of mind and quality of life. Our goal is helping you age well one day at a time.", "details": "Skill Details\nFlash Briefing Skill\nThis skill contains dynamic content.", "privacy_policy_href": ""}, "Bordentown Regional High School News": {"review-count": "1", "description": "Description\nGet quick news from Bordentown Regional High School with just your voice! With this skill, you can find out about events such as club events, school activities and much more!\n\nAll you have to do is just enable the skill, then place it in the order you want to hear it from within the Alexa app under flash briefing settings.", "details": "Skill Details\nFlash Briefing Skill\nThis skill contains dynamic content.", "privacy_policy_href": ""}, "GayathriCDAccountLink": {"review-count": "1", "description": "Description\nNA", "details": "Skill Details\nThis skill contains dynamic content.\nInvocation Name: gayathricdaccountlink\nDeveloper Privacy Policy", "privacy_policy_href": "https://www.amazon.com/gp/help/customer/display.html?nodeId=201601880"}, "What's Up With Trump": {"review-count": "14", "description": "Description\nThe purpose of What's Up With Trump is to fetch the most recent tweet that President Donald J. Trump has sent out on Twitter. Users can also find the most recent tweet that is related to a certain keyword such as \"taxes\" or \"health care\". Users can activate and use the app by saying \"Alexa, ask What's Up Trump for recent tweets\" and Alexa will respond with his most recent tweet. If a user wanted to find a tweet concerning a certain topic, the user can say, \"Alexa, ask What's Up Trump for health care related tweets\". Also, the user can limit the search timeline to only the past week by saying, \"Alexa, ask What's Up Trump for recent health care related tweets\".", "details": "Skill Details\nThis skill contains dynamic content.\nInvocation Name: what's up trump", "privacy_policy_href": ""}, "Top Stories - India": {"review-count": "0", "description": "Description\nThis Skill fetches the latest news for India, updates are for Top News, Technology & Sports.\nBy default only the Top News feed is enabled. Make sure to enable the Technology & Sports feed under Settings -> Flash Briefing -> Scroll down to 'off' section -> enable\nUpdated hourly. Depending on new content availability.", "details": "Skill Details\nFlash Briefing Skill\nThis skill contains dynamic content.", "privacy_policy_href": ""}, "Tennis Right Now": {"review-count": "1", "description": "Description\nAll the current tennis news!", "details": "Skill Details\nFlash Briefing Skill\nThis skill contains dynamic content.", "privacy_policy_href": ""}, "Agriculture News": {"review-count": "0", "description": "Description\nThis flash news skill provides agriculture news from Farms.com. This is unofficial and was done for fun.", "details": "Skill Details\nFlash Briefing Skill\nThis skill contains dynamic content.", "privacy_policy_href": ""}, "WCSG Flash Briefing": {"review-count": "2", "description": "Description\nFresh updates of WCSG News (M-F), Weather, and Encouraging Words from Your Bible to help you through your day. An outreach of Cornerstone University of Grand Rapids, MI.", "details": "Skill Details\nFlash Briefing Skill\nRated: Guidance Suggested.\nThis skill contains dynamic content.", "privacy_policy_href": ""}, "NYU Athletics Flash Briefing": {"review-count": "0", "description": "Description\nNYU Athletics is the main outlet to which parents, alumni, and prospective athletes look to get the latest updates on all NYU Varsity athletic teams. NYU athletics reports scores, provides recaps, and informs you of upcoming games.", "details": "Skill Details\nFlash Briefing Skill\nThis skill contains dynamic content.", "privacy_policy_href": ""}, "Malhar Barai Flash Briefing": {"review-count": "0", "description": "Description\nIn this skill, Malhar Barai summarizes the news from various digital marketing platforms like Facebook, Instagram, Linkedin, Snapchat, etc.\n\nJust say - Alexa, what's in Malhar Barai's Digital Marketing news", "details": "Skill Details\nFlash Briefing Skill\nThis skill contains dynamic content.", "privacy_policy_href": ""}, "Aussie State News": {"review-count": "1", "description": "Description\nPlays the latest hourly news from Australia.\nThis includes National News,Adelaide news, Brisbane News Sydney News, Melbourne News and Perth News.\n\nFeeds may contain the same content depending on the day.", "details": "Skill Details\nFlash Briefing Skill\nThis skill contains dynamic content.", "privacy_policy_href": ""}, "The Analog Drift Gaming News": {"review-count": "1", "description": "Description\nAdd this skill to your Alexa to hear gaming news and information including new releases, sales and general thoughts. Content is delivered daily and up to date. Participate in the conversation by contact me @PlatinumDragon7 on most social media outlets, including Twitter.", "details": "Skill Details\nFlash Briefing Skill\nThis skill contains dynamic content.", "privacy_policy_href": ""}, "Nuacht RT\u00c9": {"review-count": "1", "description": "Description\nThe latest headlines from RT\u00c9, in Irish.", "details": "Skill Details\nFlash Briefing Skill\nRated: Guidance Suggested.\nThis skill contains dynamic content.\nDeveloper Privacy Policy\nDeveloper Terms of Use", "privacy_policy_href": "http://www.rte.ie/about/en/policies-and-reports/policies-guidelines/2012/0417/317440-rte-privacy-statement/"}, "News Sri Lanka": {"review-count": "0", "description": "Description\nHave an alexa device ? But no Sri Lankan news support ?. Add this skill to enable news highlights from Sri Lankan news providers.", "details": "Skill Details\nFlash Briefing Skill\nThis skill contains dynamic content.", "privacy_policy_href": ""}, "Fashion Ambitions": {"review-count": "1", "description": "Description\nFashion Ambitions is a fashion publication that provides substance and in-depth insights for women with an interest in fashion, beauty and lifestyle.\n\nOnline, we reach more than 100k readers each month and have an engaged and growing social media fanbase of more than 80k followers.\n\nFashion Ambitions was founded in 2010 by Romana Hai, a creative director, writer and digital entrepreneur. Fashion Ambitions began as a project of passion, aiming to fill the void for an informed, analytical and opinionated point of view on the fashion.\n\nToday, the website has grown to leverage a network of savvy writers, delivering fashion advice through a variety of mixed features, thoughtful essays, attitude given news and insight.", "details": "Skill Details\nFlash Briefing Skill\nThis skill contains dynamic content.", "privacy_policy_href": ""}, "Pop Culture & Movie News - Let Your Geek SideShow": {"review-count": "26", "description": "Description\nPop culture and movie news from around the globe. No celebrity gossip here, just the most important film, comic, tv, streaming, video game and book news suited for any level of geek. Whether you\u2019re a Star Wars fan, or just can\u2019t get enough of Batman, we\u2019re happy to help you\u2026Let your Geek SideShow!\n\nIf you enjoy the show, please leave us 5 star feedback!", "details": "Skill Details\nFlash Briefing Skill\nRated: Guidance Suggested.\nThis skill contains dynamic content.\nDeveloper Privacy Policy\nDeveloper Terms of Use", "privacy_policy_href": "https://www.sideshow.com/privacy-policy/"}, "Lauv News": {"review-count": "0", "description": "Description\nThis skill will provide the most up to date news from Lauv, mainly sourced from Twitter.", "details": "Skill Details\nFlash Briefing Skill\nThis skill contains dynamic content.", "privacy_policy_href": ""}, "Politics Reader": {"review-count": "0", "description": "Description\nThis skill simply reads the top 5 posts currently on the Politics subreddit", "details": "Skill Details\nRated: Guidance Suggested.\nThis skill contains dynamic content.\nInvocation Name: politics reader", "privacy_policy_href": ""}, "FIFA Latest News": {"review-count": "1", "description": "Description\nUnofficial FIFA news skill for Flash Briefing.\n\nGet the latest news from fifa.com.\n\nGo to Settings in your Alexa app and find \u201cFlash Briefing\u201d to move Vesti FM to the top of your news brief.\n\nThis skill was not created or endorsed by FIFA.", "details": "Skill Details\nFlash Briefing Skill\nThis skill contains dynamic content.", "privacy_policy_href": ""}, "PYMNTS.com - What's next in payments and commerce": {"review-count": "1", "description": "Description\nPYMNTS.com is reinventing the way in which companies share relevant information about the initiatives that shape the future of payments and commerce and make news. This powerful B2B platform is the #1 site for the payments industry by traffic and the premier source of information about \u201cWhat\u2019s Next\u201d in payments and commerce. C-suite executives, company founders, and investors turn to it daily for these insights, making the PYMNTS.com audience the most valuable in the industry. It provides an interactive platform for companies to demonstrate thought leadership, popularize products and, most importantly, capture the mindshare of global decision-makers. It\u2019s where the best minds and best content meet on the web. Innovations in payments and commerce have become highly intertwined. PYMNTS covers every aspect from retail reinvention to the Internet of Things.", "details": "Skill Details\nFlash Briefing Skill\nThis skill contains dynamic content.", "privacy_policy_href": ""}, "US News By News Federation": {"review-count": "2", "description": "Description\nThis skill provide news from United States' news papers. It covers all the top newspapers of United States and apply an AI to determine the top news and publishes the same. By enabling this skill, you automatically subscribe to news feeds from these newspapers, in voice and text mode. You can read detail news from corresponding newspaper by clicking on links in Alexa app.", "details": "Skill Details\nFlash Briefing Skill\nThis skill contains dynamic content.", "privacy_policy_href": ""}, "WRFW News Flash Briefing": {"review-count": "0", "description": "Description\nGet local news specific to western Wisconsin from the WRFW, based at the University of Wisconsin-River Falls simply by saying \"Alexa, what's in the news?\". WRFW News produces a daily newscast with top headlines from the UW-River Falls Journalism students with Falcon News Service and Wisconsin Public Radio.", "details": "Skill Details\nFlash Briefing Skill\nThis skill contains dynamic content.", "privacy_policy_href": ""}, "Steelers Update on Pennlive": {"review-count": "3", "description": "Description\nGet daily breaking news, rumors, schedules, stats, scores and more on Pittsburgh's NFL team, all from PennLive.com, Pennsylvania's leading online news source. Hosted by John Luciew.", "details": "Skill Details\nFlash Briefing Skill\nThis skill contains dynamic content.\nDeveloper Privacy Policy\nDeveloper Terms of Use", "privacy_policy_href": "http://www.pennlive.com/user-agreement/#privacy"}, "Live Dota 2": {"review-count": "0", "description": "Description\nUsing, reddit/r/dota2 sidebar, this skill will list out the current games playing. Ask for upcoming games by adding the word 'upcoming' to your command.", "details": "Skill Details\nRated: Guidance Suggested.\nThis skill contains dynamic content.\nInvocation Name: live games", "privacy_policy_href": ""}, "Mission Network News Flash Briefing": {"review-count": "2", "description": "Description\nTake two minutes to listen to what God is doing globally -- truth that helps you pray, give or go. Find your place in the story!\n\nFrom Mission Network News and OneWay Ministries\nhttp://missionnews.org | http://owm.org", "details": "Skill Details\nFlash Briefing Skill\nThis skill contains dynamic content.", "privacy_policy_href": ""}, "YLE Puhe": {"review-count": "1", "description": "Description\nPlays Radio YLE Puhe live. Talkradio from Finnish public broadcaster. Uses stream: http://yleuni-f.akamaihd.net/i/yleliveradiohd_5@113882/master.m3u8", "details": "Skill Details\nThis skill contains dynamic content.\nInvocation Name: finland talk radio", "privacy_policy_href": ""}, "Radio Suomi": {"review-count": "1", "description": "Description\nPlays YLE Radio Suomi, Finland public radio live stream.", "details": "Skill Details\nThis skill contains dynamic content.\nInvocation Name: radio suomi", "privacy_policy_href": ""}, "VR Nation Headlines": {"review-count": "0", "description": "Description\nJust ask Alexa to install VR Nation Headlines to get included in your flash briefing, the newest headlines from the world of virtual reality, augmented reality, and mixed reality.", "details": "Skill Details\nFlash Briefing Skill\nThis skill contains dynamic content.", "privacy_policy_href": ""}, "YLE Uutiset ja s\u00e4\u00e4": {"review-count": "3", "description": "Description\nPlays latest episode of YLE Finland public radio news and weather forecast.", "details": "Skill Details\nFlash Briefing Skill\nThis skill contains dynamic content.", "privacy_policy_href": ""}, "Tamil Nadu Information": {"review-count": "0", "description": "Description\nTo provide information about the state of Tamil Nadu, India. This will give the users more insight about the historical, geographical and political information about Tamil Nadu.", "details": "Skill Details\nThis skill contains dynamic content.\nInvocation Name: tamil nadu information\nDeveloper Privacy Policy", "privacy_policy_href": "http://nititechnologies.com/privacy-policy/"}, "YLE News in English": {"review-count": "1", "description": "Description\nPlays YLE Finnish Public Radio News in English, daily newscast.", "details": "Skill Details\nFlash Briefing Skill\nThis skill contains dynamic content.", "privacy_policy_href": ""}}