{"Wicked Local Holliston": {"review-count": "0", "description": "Description\nWicked Local Holliston (holliston.wickedlocal.com) is your source for local news and information from Holliston, MA.", "details": "Skill Details\nFlash Briefing Skill\nThis skill contains dynamic content.", "privacy_policy_href": ""}, "Wicked Local Marshfield": {"review-count": "0", "description": "Description\nWicked Local Marshfield (marshfield.wickedlocal.com) is your source for local news and information from Marshfield, MA.", "details": "Skill Details\nFlash Briefing Skill\nThis skill contains dynamic content.", "privacy_policy_href": ""}, "MPNnow": {"review-count": "0", "description": "Description\nDaily Messenger (mpnnow.com) is your source for local news and information from Canandaigua, NY.", "details": "Skill Details\nFlash Briefing Skill\nThis skill contains dynamic content.", "privacy_policy_href": ""}, "Erie Times-News": {"review-count": "1", "description": "Description\nErie Times-News (goerie.com) is your source for local news and information from Erie, PA.", "details": "Skill Details\nFlash Briefing Skill\nThis skill contains dynamic content.", "privacy_policy_href": ""}, "Wicked Local Stow": {"review-count": "0", "description": "Description\nWicked Local Stow (stow.wickedlocal.com) is your source for local news and information from Stow, MA.", "details": "Skill Details\nFlash Briefing Skill\nThis skill contains dynamic content.", "privacy_policy_href": ""}, "Little Silver-Oceanport Patch": {"review-count": "0", "description": "Description\nThe Little Silver-Oceanport Patch has everything you need to know about Little Silver-Oceanport, New Jersey including breaking news, local news, events, weather, sports, schools, shopping, restaurants from Patch.", "details": "Skill Details\nFlash Briefing Skill\nThis skill contains dynamic content.\nDeveloper Privacy Policy", "privacy_policy_href": "http://corp.patch.com/privacy"}, "Daily Comet": {"review-count": "0", "description": "Description\nThibodaux Daily Comet (dailycomet.com) is your source for local news and information from Thibodaux, LA.", "details": "Skill Details\nFlash Briefing Skill\nThis skill contains dynamic content.", "privacy_policy_href": ""}, "Wyandotte Patch": {"review-count": "0", "description": "Description\nThe Wyandotte Patch has everything you need to know about Wyandotte, Michigan including breaking news, local news, events, weather, sports, schools, shopping, restaurants from Patch.", "details": "Skill Details\nFlash Briefing Skill\nThis skill contains dynamic content.\nDeveloper Privacy Policy", "privacy_policy_href": "http://corp.patch.com/privacy"}, "Trenton Grosse Ile Patch": {"review-count": "0", "description": "Description\nThe Trenton Grosse Ile Patch has everything you need to know about Trenton Grosse Ile, Michigan including breaking news, local news, events, weather, sports, schools, shopping, restaurants from Patch.", "details": "Skill Details\nFlash Briefing Skill\nThis skill contains dynamic content.\nDeveloper Privacy Policy", "privacy_policy_href": "http://corp.patch.com/privacy"}, "Troy Patch": {"review-count": "0", "description": "Description\nThe Troy Patch has everything you need to know about Troy, Michigan including breaking news, local news, events, weather, sports, schools, shopping, restaurants from Patch.", "details": "Skill Details\nFlash Briefing Skill\nThis skill contains dynamic content.\nDeveloper Privacy Policy", "privacy_policy_href": "http://corp.patch.com/privacy"}, "Royal Oak Patch": {"review-count": "0", "description": "Description\nThe Royal Oak Patch has everything you need to know about Royal Oak, Michigan including breaking news, local news, events, weather, sports, schools, shopping, restaurants from Patch.", "details": "Skill Details\nFlash Briefing Skill\nThis skill contains dynamic content.\nDeveloper Privacy Policy", "privacy_policy_href": "http://corp.patch.com/privacy"}, "Novi Patch": {"review-count": "0", "description": "Description\nThe Novi Patch has everything you need to know about Novi, Michigan including breaking news, local news, events, weather, sports, schools, shopping, restaurants from Patch.", "details": "Skill Details\nFlash Briefing Skill\nThis skill contains dynamic content.\nDeveloper Privacy Policy", "privacy_policy_href": "http://corp.patch.com/privacy"}, "Northville Patch": {"review-count": "0", "description": "Description\nThe Northville Patch has everything you need to know about Northville, Michigan including breaking news, local news, events, weather, sports, schools, shopping, restaurants from Patch.", "details": "Skill Details\nFlash Briefing Skill\nThis skill contains dynamic content.\nDeveloper Privacy Policy", "privacy_policy_href": "http://corp.patch.com/privacy"}, "Macomb Township Patch": {"review-count": "0", "description": "Description\nThe Macomb Township Patch has everything you need to know about Macomb Township, Michigan including breaking news, local news, events, weather, sports, schools, shopping, restaurants from Patch.", "details": "Skill Details\nFlash Briefing Skill\nThis skill contains dynamic content.\nDeveloper Privacy Policy", "privacy_policy_href": "http://corp.patch.com/privacy"}, "Clawson Patch": {"review-count": "0", "description": "Description\nThe Clawson Patch has everything you need to know about Clawson, Michigan including breaking news, local news, events, weather, sports, schools, shopping, restaurants from Patch.", "details": "Skill Details\nFlash Briefing Skill\nThis skill contains dynamic content.\nDeveloper Privacy Policy", "privacy_policy_href": "http://corp.patch.com/privacy"}, "Westford Patch": {"review-count": "0", "description": "Description\nThe Westford Patch has everything you need to know about Westford, Massachusetts including breaking news, local news, events, weather, sports, schools, shopping, restaurants from Patch.", "details": "Skill Details\nFlash Briefing Skill\nThis skill contains dynamic content.\nDeveloper Privacy Policy", "privacy_policy_href": "http://corp.patch.com/privacy"}, "Westborough Patch": {"review-count": "0", "description": "Description\nThe Westborough Patch has everything you need to know about Westborough, Massachusetts including breaking news, local news, events, weather, sports, schools, shopping, restaurants from Patch.", "details": "Skill Details\nFlash Briefing Skill\nThis skill contains dynamic content.\nDeveloper Privacy Policy", "privacy_policy_href": "http://corp.patch.com/privacy"}, "Jamaica Plain Patch": {"review-count": "0", "description": "Description\nThe Jamaica Plain Patch has everything you need to know about Jamaica Plain, Massachusetts including breaking news, local news, events, weather, sports, schools, shopping, restaurants from Patch.", "details": "Skill Details\nFlash Briefing Skill\nThis skill contains dynamic content.\nDeveloper Privacy Policy", "privacy_policy_href": "http://corp.patch.com/privacy"}, "Western Springs Patch": {"review-count": "0", "description": "Description\nThe Western Springs Patch has everything you need to know about Western Springs, Illinois including breaking news, local news, events, weather, sports, schools, shopping, restaurants from Patch.", "details": "Skill Details\nFlash Briefing Skill\nThis skill contains dynamic content.\nDeveloper Privacy Policy", "privacy_policy_href": "http://corp.patch.com/privacy"}, "Oak Park-River Forest Patch": {"review-count": "0", "description": "Description\nThe Oak Park-River Forest Patch has everything you need to know about Oak Park-River Forest, Illinois including breaking news, local news, events, weather, sports, schools, shopping, restaurants from Patch.", "details": "Skill Details\nFlash Briefing Skill\nThis skill contains dynamic content.\nDeveloper Privacy Policy", "privacy_policy_href": "http://corp.patch.com/privacy"}, "Alpharetta-Milton Patch": {"review-count": "2", "description": "Description\nThe Alpharetta-Milton Patch has everything you need to know about Alpharetta-Milton, Georgia including breaking news, local news, events, weather, sports, schools, shopping, restaurants from Patch.", "details": "Skill Details\nFlash Briefing Skill\nThis skill contains dynamic content.\nDeveloper Privacy Policy", "privacy_policy_href": "http://corp.patch.com/privacy"}, "Ridgefield Patch": {"review-count": "0", "description": "Description\nThe Ridgefield Patch has everything you need to know about Ridgefield, Connecticut including breaking news, local news, events, weather, sports, schools, shopping, restaurants from Patch.", "details": "Skill Details\nFlash Briefing Skill\nThis skill contains dynamic content.\nDeveloper Privacy Policy", "privacy_policy_href": "http://corp.patch.com/privacy"}, "Monroe Patch": {"review-count": "0", "description": "Description\nThe Monroe Patch has everything you need to know about Monroe, Georgia including breaking news, local news, events, weather, sports, schools, shopping, restaurants from Patch.", "details": "Skill Details\nFlash Briefing Skill\nThis skill contains dynamic content.\nDeveloper Privacy Policy", "privacy_policy_href": "http://corp.patch.com/privacy"}, "Winning Numbers for Illinois Pick 3 Midday": {"review-count": "0", "description": "Description\nIllinois Pick 3 Midday Winning Numbers provides updated lottery numbers and jackpot information. Illinois Pick 3 Midday is drawn everyday Sunday, Monday, Tuesday, Wednesday, Thursday, Friday, Saturday 1:40 PM under the observation of an independent auditing firm.", "details": "Skill Details\nFlash Briefing Skill\nThis skill contains dynamic content.\nDeveloper Privacy Policy\nDeveloper Terms of Use", "privacy_policy_href": "http://www.lottostrategies.com/script/showpage/1001029/b/privacy_policy.html"}, "North Center-Roscoe Village Patch": {"review-count": "0", "description": "Description\nThe North Center-Roscoe Village Patch has everything you need to know about North Center-Roscoe Village, Illinois including breaking news, local news, events, weather, sports, schools, shopping, restaurants from Patch.", "details": "Skill Details\nFlash Briefing Skill\nThis skill contains dynamic content.\nDeveloper Privacy Policy", "privacy_policy_href": "http://corp.patch.com/privacy"}, "Downers Grove Patch": {"review-count": "0", "description": "Description\nThe Downers Grove Patch has everything you need to know about Downers Grove, Illinois including breaking news, local news, events, weather, sports, schools, shopping, restaurants from Patch.", "details": "Skill Details\nFlash Briefing Skill\nThis skill contains dynamic content.\nDeveloper Privacy Policy", "privacy_policy_href": "http://corp.patch.com/privacy"}, "Duluth Patch": {"review-count": "0", "description": "Description\nThe Duluth Patch has everything you need to know about Duluth, Georgia including breaking news, local news, events, weather, sports, schools, shopping, restaurants from Patch.", "details": "Skill Details\nFlash Briefing Skill\nThis skill contains dynamic content.\nDeveloper Privacy Policy", "privacy_policy_href": "http://corp.patch.com/privacy"}, "Pinellas Beaches Patch": {"review-count": "0", "description": "Description\nThe Pinellas Beaches Patch has everything you need to know about Pinellas Beaches, Florida including breaking news, local news, events, weather, sports, schools, shopping, restaurants from Patch.", "details": "Skill Details\nFlash Briefing Skill\nThis skill contains dynamic content.\nDeveloper Privacy Policy", "privacy_policy_href": "http://corp.patch.com/privacy"}, "The Haddams-Killingworth Patch": {"review-count": "0", "description": "Description\nThe The Haddams-Killingworth Patch has everything you need to know about The Haddams-Killingworth, Connecticut including breaking news, local news, events, weather, sports, schools, shopping, restaurants from Patch.", "details": "Skill Details\nFlash Briefing Skill\nThis skill contains dynamic content.\nDeveloper Privacy Policy", "privacy_policy_href": "http://corp.patch.com/privacy"}, "Oxford Patch": {"review-count": "0", "description": "Description\nThe Oxford Patch has everything you need to know about Oxford, Connecticut including breaking news, local news, events, weather, sports, schools, shopping, restaurants from Patch.", "details": "Skill Details\nFlash Briefing Skill\nThis skill contains dynamic content.\nDeveloper Privacy Policy", "privacy_policy_href": "http://corp.patch.com/privacy"}, "Newington Patch": {"review-count": "0", "description": "Description\nThe Newington Patch has everything you need to know about Newington, Connecticut including breaking news, local news, events, weather, sports, schools, shopping, restaurants from Patch.", "details": "Skill Details\nFlash Briefing Skill\nThis skill contains dynamic content.\nDeveloper Privacy Policy", "privacy_policy_href": "http://corp.patch.com/privacy"}, "Chicago Heights Patch": {"review-count": "0", "description": "Description\nThe Chicago Heights Patch has everything you need to know about Chicago Heights, Illinois including breaking news, local news, events, weather, sports, schools, shopping, restaurants from Patch.", "details": "Skill Details\nFlash Briefing Skill\nThis skill contains dynamic content.\nDeveloper Privacy Policy", "privacy_policy_href": "http://corp.patch.com/privacy"}, "Aurora Patch": {"review-count": "1", "description": "Description\nThe Aurora Patch has everything you need to know about Aurora, Illinois including breaking news, local news, events, weather, sports, schools, shopping, restaurants from Patch.", "details": "Skill Details\nFlash Briefing Skill\nThis skill contains dynamic content.\nDeveloper Privacy Policy", "privacy_policy_href": "http://corp.patch.com/privacy"}, "Safety Harbor Patch": {"review-count": "0", "description": "Description\nThe Safety Harbor Patch has everything you need to know about Safety Harbor, Florida including breaking news, local news, events, weather, sports, schools, shopping, restaurants from Patch.", "details": "Skill Details\nFlash Briefing Skill\nThis skill contains dynamic content.\nDeveloper Privacy Policy", "privacy_policy_href": "http://corp.patch.com/privacy"}, "Gulfport Patch": {"review-count": "0", "description": "Description\nThe Gulfport Patch has everything you need to know about Gulfport, Florida including breaking news, local news, events, weather, sports, schools, shopping, restaurants from Patch.", "details": "Skill Details\nFlash Briefing Skill\nThis skill contains dynamic content.\nDeveloper Privacy Policy", "privacy_policy_href": "http://corp.patch.com/privacy"}, "Westport Patch": {"review-count": "0", "description": "Description\nThe Westport Patch has everything you need to know about Westport, Connecticut including breaking news, local news, events, weather, sports, schools, shopping, restaurants from Patch.", "details": "Skill Details\nFlash Briefing Skill\nThis skill contains dynamic content.\nDeveloper Privacy Policy", "privacy_policy_href": "http://corp.patch.com/privacy"}, "Rocky Hill Patch": {"review-count": "0", "description": "Description\nThe Rocky Hill Patch has everything you need to know about Rocky Hill, Connecticut including breaking news, local news, events, weather, sports, schools, shopping, restaurants from Patch.", "details": "Skill Details\nFlash Briefing Skill\nThis skill contains dynamic content.\nDeveloper Privacy Policy", "privacy_policy_href": "http://corp.patch.com/privacy"}, "Winning Numbers for West Virginia Cash 25": {"review-count": "0", "description": "Description\nWest Virginia Cash 25 Winning Numbers provides updated lottery numbers and jackpot information. West Virginia Cash 25 is drawn four times a week Monday, Tuesday, Thursday, Friday 7:00 PM under the observation of an independent auditing firm.", "details": "Skill Details\nFlash Briefing Skill\nThis skill contains dynamic content.\nDeveloper Privacy Policy\nDeveloper Terms of Use", "privacy_policy_href": "http://www.lottostrategies.com/script/showpage/1001029/b/privacy_policy.html"}, "Winning Numbers for South Carolina Pick 3 Midday": {"review-count": "0", "description": "Description\nSouth Carolina Pick 3 Midday Winning Numbers provides updated lottery numbers and jackpot information. South Carolina Pick 3 Midday is drawn 6 times a week Monday, Tuesday, Wednesday, Thursday, Friday, Saturday 1:00 PM under the observation of an independent auditing firm.", "details": "Skill Details\nFlash Briefing Skill\nThis skill contains dynamic content.\nDeveloper Privacy Policy\nDeveloper Terms of Use", "privacy_policy_href": "http://www.lottostrategies.com/script/showpage/1001029/b/privacy_policy.html"}, "Winning Numbers for Pennsylvania Pick 4 Day": {"review-count": "0", "description": "Description\nPennsylvania Pick 4 Day Winning Numbers provides updated lottery numbers and jackpot information. Pennsylvania Pick 4 Day is drawn everyday Sunday, Monday, Tuesday, Wednesday, Thursday, Friday, Saturday 1:35 PM under the observation of an independent auditing firm.", "details": "Skill Details\nFlash Briefing Skill\nThis skill contains dynamic content.\nDeveloper Privacy Policy\nDeveloper Terms of Use", "privacy_policy_href": "http://www.lottostrategies.com/script/showpage/1001029/b/privacy_policy.html"}, "Winning Numbers for Tennessee Cash 4 Evening": {"review-count": "0", "description": "Description\nTennessee Cash 4 Evening Winning Numbers provides updated lottery numbers and jackpot information. Tennessee Cash 4 Evening is drawn daily Sunday, Monday, Tuesday, Wednesday, Thursday, Friday, Saturday 7:28 PM under the observation of an independent auditing firm.", "details": "Skill Details\nFlash Briefing Skill\nThis skill contains dynamic content.\nDeveloper Privacy Policy\nDeveloper Terms of Use", "privacy_policy_href": "http://www.lottostrategies.com/script/showpage/1001029/b/privacy_policy.html"}, "Glastonbury Patch": {"review-count": "0", "description": "Description\nThe Glastonbury Patch has everything you need to know about Glastonbury, Connecticut including breaking news, local news, events, weather, sports, schools, shopping, restaurants from Patch.", "details": "Skill Details\nFlash Briefing Skill\nThis skill contains dynamic content.\nDeveloper Privacy Policy", "privacy_policy_href": "http://corp.patch.com/privacy"}, "Granby-East Granby Patch": {"review-count": "0", "description": "Description\nThe Granby-East Granby Patch has everything you need to know about Granby-East Granby, Connecticut including breaking news, local news, events, weather, sports, schools, shopping, restaurants from Patch.", "details": "Skill Details\nFlash Briefing Skill\nThis skill contains dynamic content.\nDeveloper Privacy Policy", "privacy_policy_href": "http://corp.patch.com/privacy"}, "Northbrook Patch": {"review-count": "0", "description": "Description\nThe Northbrook Patch has everything you need to know about Northbrook, Illinois including breaking news, local news, events, weather, sports, schools, shopping, restaurants from Patch.", "details": "Skill Details\nFlash Briefing Skill\nThis skill contains dynamic content.\nDeveloper Privacy Policy", "privacy_policy_href": "http://corp.patch.com/privacy"}, "Winning Numbers for New York Cash4Life": {"review-count": "0", "description": "Description\nNew York Cash4Life Winning Numbers provides updated lottery numbers and jackpot information. New York Cash4Life is drawn two times a week Monday, Thursday 9:00 PM under the observation of an independent auditing firm.", "details": "Skill Details\nFlash Briefing Skill\nThis skill contains dynamic content.\nDeveloper Privacy Policy\nDeveloper Terms of Use", "privacy_policy_href": "http://www.lottostrategies.com/script/showpage/1001029/b/privacy_policy.html"}, "Winning Numbers for Virginia Bank a Million": {"review-count": "0", "description": "Description\nVirginia Bank a Million Winning Numbers provides updated lottery numbers and jackpot information. Virginia Bank a Million is drawn two times a week Wednesday, Saturday 11:00 PM under the observation of an independent auditing firm.", "details": "Skill Details\nFlash Briefing Skill\nThis skill contains dynamic content.\nDeveloper Privacy Policy\nDeveloper Terms of Use", "privacy_policy_href": "http://www.lottostrategies.com/script/showpage/1001029/b/privacy_policy.html"}, "Winning Numbers for Wisconsin 5 Card Cash": {"review-count": "0", "description": "Description\nWisconsin 5 Card Cash Winning Numbers provides updated lottery numbers and jackpot information. Wisconsin 5 Card Cash is drawn daily Sunday, Monday, Tuesday, Wednesday, Thursday, Friday, Saturday 10:00 PM under the observation of an independent auditing firm.", "details": "Skill Details\nFlash Briefing Skill\nThis skill contains dynamic content.\nDeveloper Privacy Policy\nDeveloper Terms of Use", "privacy_policy_href": "http://www.lottostrategies.com/script/showpage/1001029/b/privacy_policy.html"}, "Winning Numbers for Illinois Pick 3 Evening": {"review-count": "0", "description": "Description\nIllinois Pick 3 Evening Winning Numbers provides updated lottery numbers and jackpot information. Illinois Pick 3 Evening is drawn everyday Sunday, Monday, Tuesday, Wednesday, Thursday, Friday, Saturday 10:22 PM under the observation of an independent auditing firm.", "details": "Skill Details\nFlash Briefing Skill\nThis skill contains dynamic content.\nDeveloper Privacy Policy\nDeveloper Terms of Use", "privacy_policy_href": "http://www.lottostrategies.com/script/showpage/1001029/b/privacy_policy.html"}, "Winning Numbers for Puerto Rico Pega 4": {"review-count": "0", "description": "Description\nPuerto Rico Pega 4 Winning Numbers provides updated lottery numbers and jackpot information. Puerto Rico Pega 4 is drawn 6 times a week Monday, Tuesday, Wednesday, Thursday, Friday, Saturday 11:00 PM under the observation of an independent auditing firm.", "details": "Skill Details\nFlash Briefing Skill\nThis skill contains dynamic content.\nDeveloper Privacy Policy\nDeveloper Terms of Use", "privacy_policy_href": "http://www.lottostrategies.com/script/showpage/1001029/b/privacy_policy.html"}, "Winning Numbers for Tennessee Cash 3 Evening": {"review-count": "0", "description": "Description\nTennessee Cash 3 Evening Winning Numbers provides updated lottery numbers and jackpot information. Tennessee Cash 3 Evening is drawn daily Sunday, Monday, Tuesday, Wednesday, Thursday, Friday, Saturday 7:28 PM under the observation of an independent auditing firm.", "details": "Skill Details\nFlash Briefing Skill\nThis skill contains dynamic content.\nDeveloper Privacy Policy\nDeveloper Terms of Use", "privacy_policy_href": "http://www.lottostrategies.com/script/showpage/1001029/b/privacy_policy.html"}, "Winning Numbers for Tri-State Pick 4 Day": {"review-count": "0", "description": "Description\nTri-State Pick 4 Day Winning Numbers provides updated lottery numbers and jackpot information. Tri-State Pick 4 Day is drawn everyday Sunday, Monday, Tuesday, Wednesday, Thursday, Friday, Saturday 1:00 PM under the observation of an independent auditing firm.", "details": "Skill Details\nFlash Briefing Skill\nThis skill contains dynamic content.\nDeveloper Privacy Policy\nDeveloper Terms of Use", "privacy_policy_href": "http://www.lottostrategies.com/script/showpage/1001029/b/privacy_policy.html"}, "Winning Numbers for Puerto Rico Pega 2 Day": {"review-count": "0", "description": "Description\nPuerto Rico Pega 2 Day Winning Numbers provides updated lottery numbers and jackpot information. Puerto Rico Pega 2 Day is drawn six times a week Monday, Tuesday, Wednesday, Thursday, Friday, Saturday 2:00 PM under the observation of an independent auditing firm.", "details": "Skill Details\nFlash Briefing Skill\nThis skill contains dynamic content.\nDeveloper Privacy Policy\nDeveloper Terms of Use", "privacy_policy_href": "http://www.lottostrategies.com/script/showpage/1001029/b/privacy_policy.html"}, "Winning Numbers for Puerto Rico Loto Plus": {"review-count": "0", "description": "Description\nPuerto Rico Loto Plus Winning Numbers provides updated lottery numbers and jackpot information. Puerto Rico Loto Plus is drawn 2 times a week Wednesday, Friday 8:00 PM under the observation of an independent auditing firm.", "details": "Skill Details\nFlash Briefing Skill\nThis skill contains dynamic content.\nDeveloper Privacy Policy\nDeveloper Terms of Use", "privacy_policy_href": "http://www.lottostrategies.com/script/showpage/1001029/b/privacy_policy.html"}, "Speedlighter": {"review-count": "0", "description": "Description\nHave the latest posts from the speedlighter.ca photography blog read to you directly.\n\nThe retrieved posts are a subset of what's available on the site, specifically filtered to be clear and expressive over dictation.", "details": "Skill Details\nRated: Guidance Suggested.\nThis skill contains dynamic content.\nInvocation Name: speed lighter", "privacy_policy_href": ""}, "Winning Numbers for Pennsylvania Pick 5 Day": {"review-count": "0", "description": "Description\nPennsylvania Pick 5 Day Winning Numbers provides updated lottery numbers and jackpot information. Pennsylvania Pick 5 Day is drawn daily Sunday, Monday, Tuesday, Wednesday, Thursday, Friday, Saturday 1:35 PM under the observation of an independent auditing firm.", "details": "Skill Details\nFlash Briefing Skill\nThis skill contains dynamic content.\nDeveloper Privacy Policy\nDeveloper Terms of Use", "privacy_policy_href": "http://www.lottostrategies.com/script/showpage/1001029/b/privacy_policy.html"}, "Winning Numbers for Texas Pick 3 Morning": {"review-count": "0", "description": "Description\nTexas Pick 3 Morning Winning Numbers provides updated lottery numbers and jackpot information. Texas Pick 3 Morning is drawn 6 times a week Monday, Tuesday, Wednesday, Thursday, Friday, Saturday 11:00 AM under the observation of an independent auditing firm.", "details": "Skill Details\nFlash Briefing Skill\nThis skill contains dynamic content.\nDeveloper Privacy Policy\nDeveloper Terms of Use", "privacy_policy_href": "http://www.lottostrategies.com/script/showpage/1001029/b/privacy_policy.html"}, "Lehigh Valley Obituaries": {"review-count": "1", "description": "Description\nThis skill provides a daily update of obituaries published in The Morning Call and The Express Times newspapers in the Lehigh Valley region of eastern Pennsylvania, US.", "details": "Skill Details\nFlash Briefing Skill\nThis skill contains dynamic content.", "privacy_policy_href": ""}, "Wauwatosa Patch": {"review-count": "0", "description": "Description\nThe Wauwatosa Patch has everything you need to know about Wauwatosa, Wisconsin including breaking news, local news, events, weather, sports, schools, shopping, restaurants from Patch.", "details": "Skill Details\nFlash Briefing Skill\nThis skill contains dynamic content.\nDeveloper Privacy Policy", "privacy_policy_href": "http://corp.patch.com/privacy"}, "Redmond Patch": {"review-count": "0", "description": "Description\nThe Redmond Patch has everything you need to know about Redmond, Washington including breaking news, local news, events, weather, sports, schools, shopping, restaurants from Patch.", "details": "Skill Details\nFlash Briefing Skill\nThis skill contains dynamic content.\nDeveloper Privacy Policy", "privacy_policy_href": "http://corp.patch.com/privacy"}, "WTVY News": {"review-count": "2", "description": "Description\nHear the latest local news and weather from WTVY News in your Flash Briefing.", "details": "Skill Details\nFlash Briefing Skill\nRated: Guidance Suggested.\nThis skill contains dynamic content.\nDeveloper Privacy Policy\nDeveloper Terms of Use", "privacy_policy_href": "https://www.wtvy.com/privacy-policy/"}, "KNOE News": {"review-count": "3", "description": "Description\nHear the latest local news and weather from KNOE News in your Flash Briefing.", "details": "Skill Details\nFlash Briefing Skill\nRated: Guidance Suggested.\nThis skill contains dynamic content.\nDeveloper Privacy Policy\nDeveloper Terms of Use", "privacy_policy_href": "https://www.knoe.com/privacy-policy/"}, "VNL News": {"review-count": "5", "description": "Description\nHear the latest local news and weather from VNL News in your Flash Briefing.", "details": "Skill Details\nFlash Briefing Skill\nRated: Guidance Suggested.\nThis skill contains dynamic content.\nDeveloper Privacy Policy\nDeveloper Terms of Use", "privacy_policy_href": "https://www.valleynewslive.com/privacy-policy/"}, "Cricket Update": {"review-count": "6", "description": "Description\nGet the score of any current live game from around the globe. Launch the app and listen to the list of current games and ask about a team that you heard.", "details": "Skill Details\nThis skill contains dynamic content.\nInvocation Name: cricket update", "privacy_policy_href": ""}, "West End Alexandria Patch": {"review-count": "0", "description": "Description\nThe West End Alexandria Patch has everything you need to know about West End Alexandria, Virginia including breaking news, local news, events, weather, sports, schools, shopping, restaurants from Patch.", "details": "Skill Details\nFlash Briefing Skill\nThis skill contains dynamic content.\nDeveloper Privacy Policy", "privacy_policy_href": "http://corp.patch.com/privacy"}, "Humble-Kingwood Patch": {"review-count": "1", "description": "Description\nThe Humble-Kingwood Patch has everything you need to know about Humble-Kingwood, Texas including breaking news, local news, events, weather, sports, schools, shopping, restaurants from Patch.", "details": "Skill Details\nFlash Briefing Skill\nThis skill contains dynamic content.\nDeveloper Privacy Policy", "privacy_policy_href": "http://corp.patch.com/privacy"}, "Simpsonville Patch": {"review-count": "0", "description": "Description\nThe Simpsonville Patch has everything you need to know about Simpsonville, South Carolina including breaking news, local news, events, weather, sports, schools, shopping, restaurants from Patch.", "details": "Skill Details\nFlash Briefing Skill\nThis skill contains dynamic content.\nDeveloper Privacy Policy", "privacy_policy_href": "http://corp.patch.com/privacy"}, "Easton Patch": {"review-count": "0", "description": "Description\nThe Easton Patch has everything you need to know about Easton, Pennsylvania including breaking news, local news, events, weather, sports, schools, shopping, restaurants from Patch.", "details": "Skill Details\nFlash Briefing Skill\nThis skill contains dynamic content.\nDeveloper Privacy Policy", "privacy_policy_href": "http://corp.patch.com/privacy"}, "Linn County Leader": {"review-count": "0", "description": "Description\nLinn County Leader (linncountyleader.com) is your source for local news and information from Brookfield, MO.", "details": "Skill Details\nFlash Briefing Skill\nThis skill contains dynamic content.", "privacy_policy_href": ""}, "The Intelligencer Daily News": {"review-count": "1", "description": "Description\nExperience the award-winning Intelligencer on your Amazon Echo! Get local news and information for Central and Upper Bucks and Montgomery Counties in Pennsylvania. Bucks-Mont news. Breaking and daily news. Groundbreaking local journalism. Opinion-leading columnists. All the coverage of life, business, community you expect from your local daily news site. Sports! Phillies, Eagles, Sixers, Flyers. The colleges: Temple, Penn State, Penn, Villanova, Rutgers\u2026 Plus our area\u2019s high schools.", "details": "Skill Details\nFlash Briefing Skill\nThis skill contains dynamic content.", "privacy_policy_href": ""}, "CTV NEWS: Science & Tech Headlines - UNOFFICIAL": {"review-count": "0", "description": "Description\nCTV News: Science & Tech Headlines - UNOFFICIAL\n\n\nSource CTV NEWS: Science & Tech Headlines RSS", "details": "Skill Details\nFlash Briefing Skill\nThis skill contains dynamic content.", "privacy_policy_href": ""}, "CTV NEWS: Politics Headlines - UNOFFICIAL": {"review-count": "0", "description": "Description\nCTV NEWS: Politics Headlines - UNOFFICIAL\n\n\nSource CTV NEWS: Politics Headlines RSS Feed", "details": "Skill Details\nFlash Briefing Skill\nThis skill contains dynamic content.", "privacy_policy_href": ""}, "The Wellsville Daily Reporter": {"review-count": "0", "description": "Description\nThe Wellsville Daily Reporter (wellsvilledaily.com) is your source for local news and information from Wellsville, NY.", "details": "Skill Details\nFlash Briefing Skill\nThis skill contains dynamic content.", "privacy_policy_href": ""}, "Wellington Daily News": {"review-count": "0", "description": "Description\nWellington Daily News (wellingtondailynews.com) is your source for local news and information from Wellington, KS.", "details": "Skill Details\nFlash Briefing Skill\nThis skill contains dynamic content.", "privacy_policy_href": ""}, "Lonoke News": {"review-count": "0", "description": "Description\nLonoke News (lonokenews.net) is your source for local news and information from Lonoke, AR.", "details": "Skill Details\nFlash Briefing Skill\nThis skill contains dynamic content.", "privacy_policy_href": ""}, "Goose Creek Patch": {"review-count": "0", "description": "Description\nThe Goose Creek Patch has everything you need to know about Goose Creek, South Carolina including breaking news, local news, events, weather, sports, schools, shopping, restaurants from Patch.", "details": "Skill Details\nFlash Briefing Skill\nThis skill contains dynamic content.\nDeveloper Privacy Policy", "privacy_policy_href": "http://corp.patch.com/privacy"}, "Pottstown Patch": {"review-count": "0", "description": "Description\nThe Pottstown Patch has everything you need to know about Pottstown, Pennsylvania including breaking news, local news, events, weather, sports, schools, shopping, restaurants from Patch.", "details": "Skill Details\nFlash Briefing Skill\nThis skill contains dynamic content.\nDeveloper Privacy Policy", "privacy_policy_href": "http://corp.patch.com/privacy"}, "Plum-Oakmont Patch": {"review-count": "0", "description": "Description\nThe Plum-Oakmont Patch has everything you need to know about Plum-Oakmont, Pennsylvania including breaking news, local news, events, weather, sports, schools, shopping, restaurants from Patch.", "details": "Skill Details\nFlash Briefing Skill\nThis skill contains dynamic content.\nDeveloper Privacy Policy", "privacy_policy_href": "http://corp.patch.com/privacy"}, "Northampton Patch": {"review-count": "0", "description": "Description\nThe Northampton Patch has everything you need to know about Northampton, Pennsylvania including breaking news, local news, events, weather, sports, schools, shopping, restaurants from Patch.", "details": "Skill Details\nFlash Briefing Skill\nThis skill contains dynamic content.\nDeveloper Privacy Policy", "privacy_policy_href": "http://corp.patch.com/privacy"}, "Marple Newtown Patch": {"review-count": "0", "description": "Description\nThe Marple Newtown Patch has everything you need to know about Marple Newtown, Pennsylvania including breaking news, local news, events, weather, sports, schools, shopping, restaurants from Patch.", "details": "Skill Details\nFlash Briefing Skill\nThis skill contains dynamic content.\nDeveloper Privacy Policy", "privacy_policy_href": "http://corp.patch.com/privacy"}, "NJ News Commons Daily News Roundup": {"review-count": "0", "description": "Description\nHere is your weekly Local Beat news roundup from the NJ News Commons, brought to you by the Center for Cooperative Media.", "details": "Skill Details\nFlash Briefing Skill\nThis skill contains dynamic content.", "privacy_policy_href": ""}, "Westlake Patch": {"review-count": "0", "description": "Description\nThe Westlake Patch has everything you need to know about Westlake, Ohio including breaking news, local news, events, weather, sports, schools, shopping, restaurants from Patch.", "details": "Skill Details\nFlash Briefing Skill\nThis skill contains dynamic content.\nDeveloper Privacy Policy", "privacy_policy_href": "http://corp.patch.com/privacy"}, "Kent Patch": {"review-count": "0", "description": "Description\nThe Kent Patch has everything you need to know about Kent, Ohio including breaking news, local news, events, weather, sports, schools, shopping, restaurants from Patch.", "details": "Skill Details\nFlash Briefing Skill\nThis skill contains dynamic content.\nDeveloper Privacy Policy", "privacy_policy_href": "http://corp.patch.com/privacy"}, "Brecksville Patch": {"review-count": "0", "description": "Description\nThe Brecksville Patch has everything you need to know about Brecksville, Ohio including breaking news, local news, events, weather, sports, schools, shopping, restaurants from Patch.", "details": "Skill Details\nFlash Briefing Skill\nThis skill contains dynamic content.\nDeveloper Privacy Policy", "privacy_policy_href": "http://corp.patch.com/privacy"}, "The Marshall Project": {"review-count": "0", "description": "Description\nFrom the newsroom of The Marshall Project, a non-partisan, non-profit news organization dedicated to covering the U.S. criminal justice system.\n\nIncluded in this Flash Briefing are our daily email newsletter, Opening Statement, which rounds up the must-read criminal justice news of the day from around the web, and our week in review newsletter, Closing Argument.\"\n\nFor more information on these stories and more, visit https://www.themarshallproject.org/", "details": "Skill Details\nFlash Briefing Skill\nThis skill contains dynamic content.", "privacy_policy_href": ""}, "Sunset Park Patch": {"review-count": "0", "description": "Description\nThe Sunset Park Patch has everything you need to know about Sunset Park, New York including breaking news, local news, events, weather, sports, schools, shopping, restaurants from Patch.", "details": "Skill Details\nFlash Briefing Skill\nThis skill contains dynamic content.\nDeveloper Privacy Policy", "privacy_policy_href": "http://corp.patch.com/privacy"}, "Westwood-Hillsdale Patch": {"review-count": "0", "description": "Description\nThe Westwood-Hillsdale Patch has everything you need to know about Westwood-Hillsdale, New Jersey including breaking news, local news, events, weather, sports, schools, shopping, restaurants from Patch.", "details": "Skill Details\nFlash Briefing Skill\nThis skill contains dynamic content.\nDeveloper Privacy Policy", "privacy_policy_href": "http://corp.patch.com/privacy"}, "Tri-Boro Patch": {"review-count": "0", "description": "Description\nThe Tri-Boro Patch has everything you need to know about Tri-Boro, New Jersey including breaking news, local news, events, weather, sports, schools, shopping, restaurants from Patch.", "details": "Skill Details\nFlash Briefing Skill\nThis skill contains dynamic content.\nDeveloper Privacy Policy", "privacy_policy_href": "http://corp.patch.com/privacy"}, "Puppy Facts": {"review-count": "85", "description": "Description\nThis Alexa has multiple facts that it can recite about puppies. who doesn't want to know more about puppies?", "details": "Skill Details\nThis skill contains dynamic content.\nInvocation Name: puppy facts", "privacy_policy_href": ""}, "Wicked Local Woburn": {"review-count": "0", "description": "Description\nWicked Local Woburn (woburn.wickedlocal.com) is your source for local news and information from Woburn, MA.", "details": "Skill Details\nFlash Briefing Skill\nThis skill contains dynamic content.", "privacy_policy_href": ""}, "Wicked Local Whitman": {"review-count": "0", "description": "Description\nWicked Local Whitman (whitman.wickedlocal.com) is your source for local news and information from Whitman, MA.", "details": "Skill Details\nFlash Briefing Skill\nThis skill contains dynamic content.", "privacy_policy_href": ""}, "Wicked Local Bolton": {"review-count": "0", "description": "Description\nWicked Local Bolton (bolton.wickedlocal.com) is your source for local news and information from Bolton, MA.", "details": "Skill Details\nFlash Briefing Skill\nThis skill contains dynamic content.", "privacy_policy_href": ""}, "Wicked Local Braintree": {"review-count": "0", "description": "Description\nWicked Local Braintree (braintree.wickedlocal.com) is your source for local news and information from Braintree, MA.", "details": "Skill Details\nFlash Briefing Skill\nThis skill contains dynamic content.", "privacy_policy_href": ""}, "Wicked Local Carver": {"review-count": "0", "description": "Description\nWicked Local Carver (carver.wickedlocal.com) is your source for local news and information from Carver, MA.", "details": "Skill Details\nFlash Briefing Skill\nThis skill contains dynamic content.", "privacy_policy_href": ""}, "Wicked Local Clinton": {"review-count": "0", "description": "Description\nWicked Local Clinton (clinton.wickedlocal.com) is your source for local news and information from Clinton, MA.", "details": "Skill Details\nFlash Briefing Skill\nThis skill contains dynamic content.", "privacy_policy_href": ""}, "Wicked Local Easton": {"review-count": "0", "description": "Description\nWicked Local Easton (easton.wickedlocal.com) is your source for local news and information from Easton, MA.", "details": "Skill Details\nFlash Briefing Skill\nThis skill contains dynamic content.", "privacy_policy_href": ""}, "Wicked Local Dedham": {"review-count": "0", "description": "Description\nWicked Local Dedham (dedham.wickedlocal.com) is your source for local news and information from Dedham, MA.", "details": "Skill Details\nFlash Briefing Skill\nThis skill contains dynamic content.", "privacy_policy_href": ""}, "Wicked Local Malden": {"review-count": "0", "description": "Description\nWicked Local Malden (malden.wickedlocal.com) is your source for local news and information from Malden, MA.", "details": "Skill Details\nFlash Briefing Skill\nThis skill contains dynamic content.", "privacy_policy_href": ""}, "Wicked Local Mattapoisett": {"review-count": "0", "description": "Description\nWicked Local Mattapoisett (mattapoisett.wickedlocal.com) is your source for local news and information from Mattapoisett, MA.", "details": "Skill Details\nFlash Briefing Skill\nThis skill contains dynamic content.", "privacy_policy_href": ""}, "Wicked Local Scituate": {"review-count": "0", "description": "Description\nWicked Local Scituate (scituate.wickedlocal.com) is your source for local news and information from Scituate, MA.", "details": "Skill Details\nFlash Briefing Skill\nThis skill contains dynamic content.", "privacy_policy_href": ""}, "Wicked Local Plympton": {"review-count": "0", "description": "Description\nWicked Local Plympton (plympton.wickedlocal.com) is your source for local news and information from Plympton, MA.", "details": "Skill Details\nFlash Briefing Skill\nThis skill contains dynamic content.", "privacy_policy_href": ""}}