{"Winning Numbers for Nebraska Pick 5": {"review-count": "0", "description": "Description\nNebraska Pick 5 Winning Numbers provides updated lottery numbers and jackpot information. Nebraska Pick 5 is drawn six times a week Monday, Tuesday, Wednesday, Thursday, Friday, Saturday 10:30 PM under the observation of an independent auditing firm.", "details": "Skill Details\nFlash Briefing Skill\nThis skill contains dynamic content.\nDeveloper Privacy Policy\nDeveloper Terms of Use", "privacy_policy_href": "http://www.lottostrategies.com/script/showpage/1001029/b/privacy_policy.html"}, "Unofficial ThreatPost Briefing": {"review-count": "0", "description": "Description\nKeep yourself and your computer safe with news from ThreatPost about the lastest security exploits. This is an unnofficial skill and not sponsored or endorsed by Kapersky Lab.", "details": "Skill Details\nFlash Briefing Skill\nThis skill contains dynamic content.", "privacy_policy_href": ""}, "Winning Numbers for Maryland Bonus Match 5": {"review-count": "0", "description": "Description\nMaryland Bonus Match 5 Winning Numbers provides updated lottery numbers and jackpot information. Maryland Bonus Match 5 is drawn everyday Sunday, Monday, Tuesday, Wednesday, Thursday, Friday, Saturday 8:00 PM under the observation of an independent auditing firm.", "details": "Skill Details\nFlash Briefing Skill\nThis skill contains dynamic content.\nDeveloper Privacy Policy\nDeveloper Terms of Use", "privacy_policy_href": "http://www.lottostrategies.com/script/showpage/1001029/b/privacy_policy.html"}, "Winning Numbers for Arizona All or Nothing Midday": {"review-count": "0", "description": "Description\nArizona All or Nothing Midday Winning Numbers provides updated lottery numbers and jackpot information. Arizona All or Nothing Midday is drawn 6 times a week Monday, Tuesday, Wednesday, Thursday, Friday, Saturday 1:35 PM under the observation of an independent auditing firm.", "details": "Skill Details\nFlash Briefing Skill\nThis skill contains dynamic content.\nDeveloper Privacy Policy\nDeveloper Terms of Use", "privacy_policy_href": "http://www.lottostrategies.com/script/showpage/1001029/b/privacy_policy.html"}, "Winning Numbers for DC 3 Midday": {"review-count": "0", "description": "Description\nDC 3 Midday Winning Numbers provides updated lottery numbers and jackpot information. DC 3 Midday is drawn daily Sunday, Monday, Tuesday, Wednesday, Thursday, Friday, Saturday 2:14 PM under the observation of an independent auditing firm.", "details": "Skill Details\nFlash Briefing Skill\nThis skill contains dynamic content.\nDeveloper Privacy Policy\nDeveloper Terms of Use", "privacy_policy_href": "http://www.lottostrategies.com/script/showpage/1001029/b/privacy_policy.html"}, "Winning Numbers for Colorado Pick 3 Evening": {"review-count": "0", "description": "Description\nColorado Pick 3 Evening Winning Numbers provides updated lottery numbers and jackpot information. Colorado Pick 3 Evening is drawn daily Sunday, Monday, Tuesday, Wednesday, Thursday, Friday, Saturday 9:36 PM under the observation of an independent auditing firm.", "details": "Skill Details\nFlash Briefing Skill\nThis skill contains dynamic content.\nDeveloper Privacy Policy\nDeveloper Terms of Use", "privacy_policy_href": "http://www.lottostrategies.com/script/showpage/1001029/b/privacy_policy.html"}, "Winning Numbers for Florida Lotto XTRA": {"review-count": "0", "description": "Description\nFlorida Lotto XTRA Winning Numbers provides updated lottery numbers and jackpot information. Florida Lotto XTRA is drawn 2 times a week Wednesday, Saturday 11:15 PM under the observation of an independent auditing firm.", "details": "Skill Details\nFlash Briefing Skill\nThis skill contains dynamic content.\nDeveloper Privacy Policy\nDeveloper Terms of Use", "privacy_policy_href": "http://www.lottostrategies.com/script/showpage/1001029/b/privacy_policy.html"}, "Winning Numbers for Illinois Evening 3 Fireball": {"review-count": "0", "description": "Description\nIllinois Evening 3 Fireball Winning Numbers provides updated lottery numbers and jackpot information. Illinois Evening 3 Fireball is drawn everyday Sunday, Monday, Tuesday, Wednesday, Thursday, Friday, Saturday 10:22 PM under the observation of an independent auditing firm.", "details": "Skill Details\nFlash Briefing Skill\nThis skill contains dynamic content.\nDeveloper Privacy Policy\nDeveloper Terms of Use", "privacy_policy_href": "http://www.lottostrategies.com/script/showpage/1001029/b/privacy_policy.html"}, "Winning Numbers for Kansas Pick 3 Evening": {"review-count": "0", "description": "Description\nKansas Pick 3 Evening Winning Numbers provides updated lottery numbers and jackpot information. Kansas Pick 3 Evening is drawn everyday Sunday, Monday, Tuesday, Wednesday, Thursday, Friday, Saturday 10:10 PM under the observation of an independent auditing firm.", "details": "Skill Details\nFlash Briefing Skill\nThis skill contains dynamic content.\nDeveloper Privacy Policy\nDeveloper Terms of Use", "privacy_policy_href": "http://www.lottostrategies.com/script/showpage/1001029/b/privacy_policy.html"}, "The Times Union": {"review-count": "6", "description": "Description\nKeep informed with a quick update on the latest news from the Times Union and timesunion.com, the top site for news, sports and entertainment in New York's Capital Region.", "details": "Skill Details\nFlash Briefing Skill\nThis skill contains dynamic content.\nDeveloper Privacy Policy\nDeveloper Terms of Use", "privacy_policy_href": "http://www.timesunion.com/privacypolicy/"}, "Stormcast - Internet Storm Center": {"review-count": "11", "description": "Description\nStormcasts are daily 5-10 minute information security threat updates.\n\nhttps://isc.sans.edu/podcast.html", "details": "Skill Details\nFlash Briefing Skill\nThis skill contains dynamic content.", "privacy_policy_href": ""}, "Winning Numbers for Powerball": {"review-count": "6", "description": "Description\nPowerball Winning Numbers provides updated lottery numbers and jackpot information. Multi-State Powerball is drawn 2 times a week Wednesday, Saturday 10:59 PM under the observation of an independent auditing firm.", "details": "Skill Details\nFlash Briefing Skill\nRated: Mature.\nThis skill contains dynamic content.\nDeveloper Privacy Policy\nDeveloper Terms of Use", "privacy_policy_href": "http://www.lottostrategies.com/script/showpage/1001029/b/privacy_policy.html"}, "Local News For Charlotte": {"review-count": "4", "description": "Description\nAlexa is now your new source for daily LOCAL news updates. Simply add this skill to your Flash Briefing and get the local news headlines for Charlotte. Plus, find news for other cities under Skills / Categories / News", "details": "Skill Details\nFlash Briefing Skill\nThis skill contains dynamic content.", "privacy_policy_href": ""}, "Winning Numbers for Tri-State Pick 4 Evening": {"review-count": "0", "description": "Description\nTri-State Pick 4 Evening Winning Numbers provides updated lottery numbers and jackpot information. Tri-State Pick 4 Evening is drawn everyday Sunday, Monday, Tuesday, Wednesday, Thursday, Friday, Saturday 6:50 PM under the observation of an independent auditing firm.", "details": "Skill Details\nFlash Briefing Skill\nThis skill contains dynamic content.\nDeveloper Privacy Policy\nDeveloper Terms of Use", "privacy_policy_href": "http://www.lottostrategies.com/script/showpage/1001029/b/privacy_policy.html"}, "Winning Numbers for West Virginia Daily 3": {"review-count": "0", "description": "Description\nWest Virginia Daily 3 Winning Numbers provides updated lottery numbers and jackpot information. West Virginia Daily 3 is drawn 6 times a week Monday, Tuesday, Wednesday, Thursday, Friday, Saturday 7:00 PM under the observation of an independent auditing firm.", "details": "Skill Details\nFlash Briefing Skill\nThis skill contains dynamic content.\nDeveloper Privacy Policy\nDeveloper Terms of Use", "privacy_policy_href": "http://www.lottostrategies.com/script/showpage/1001029/b/privacy_policy.html"}, "Winning Numbers for Virginia Cash 5 Night": {"review-count": "0", "description": "Description\nVirginia Cash 5 Night Winning Numbers provides updated lottery numbers and jackpot information. Virginia Cash 5 Night is drawn everyday Sunday, Monday, Tuesday, Wednesday, Thursday, Friday, Saturday 11:00 PM under the observation of an independent auditing firm.", "details": "Skill Details\nFlash Briefing Skill\nThis skill contains dynamic content.\nDeveloper Privacy Policy\nDeveloper Terms of Use", "privacy_policy_href": "http://www.lottostrategies.com/script/showpage/1001029/b/privacy_policy.html"}, "Samuel L. Jackson\u2013celebrity personality for Alexa": {"review-count": "83,758", "description": "Description\n9/16/20: We heard you loud and clear! Samuel L. Jackson celebrity personality just got easier to use. Now you can simply say \"Hey Samuel\" to ask for jokes, weather, and more. If you're new to the celebrity personality, just say, \u201cAlexa, introduce me to Samuel L. Jackson\u201d and choose the \u201cHey Samuel\u201d wake word. You will still be able to use Alexa\u2019s default voice just as you do now. Check below to see if your device works with \u201cHey Samuel\u201d.\n\nAlready have Samuel L. Jackson celebrity personality? You can set up \u201cHey Samuel\u201d by saying \u201cAlexa, enable \u2018Hey Samuel\u2019\u201d.\n\n\nGET STARTED WITH SAMUEL \u2013 Samuel L. Jackson is here to add extra personality to your Alexa experience. Just ask and Samuel will set a timer, tell you a story, and more.\n\nKEEP IT CLEAN, OR DON\u2019T \u2013 Choose whether you\u2019d like Samuel to use explicit language or not. If you change your mind later, simply go to the settings menu of the Alexa app to turn explicit content on or off.\n\nDISCOVER MORE FROM SAMUEL: Once you\u2019ve purchased Samuel, try the below, or say \u201cHey Samuel, what can you do?\u201d for more inspiration. You can also check your email for more on how to get started.\n\n\u201cHey Samuel, what\u2019s the weather?\u201d\n\u201cHey Samuel, tell me a joke.\u201d\n\u201cHey Samuel, set an alarm for 7am.\u201d\n\u201cHey Samuel, tell me a story.\u201d\n\u201cAlexa, ask Samuel to give me advice.\u201d\n\u201cAlexa, ask Samuel what he thinks of snakes.\u201d\n\nDOES MY DEVICE WORK WITH \u201cHEY SAMUEL\u201d? The \u201cHey Samuel\u201d wake word works for most voice-activated Echo devices in your home, except first-generation Echo and Echo Dot and wearables. Fire TV and Fire Tablets are not supported at this time. Once you turn on his wake word, Samuel will respond when you say his whole first name, \u201cHey Samuel\u201d. Users without a compatible device can use \u201cAlexa, ask Samuel\u201d.\n\nWE WANT YOU TO KNOW \u2013 Although he can do a lot, Samuel won\u2019t be able to help with Shopping, lists, reminders or Skills.", "details": "Skill Details\nThis skill contains dynamic content.\nInvocation Name: Alexa, introduce me to Samuel L. Jackson\nDeveloper Privacy Policy\nDeveloper Terms of Use", "privacy_policy_href": "https://www.amazon.com/gp/help/customer/display.html?nodeId=468496"}, "Melissa McCarthy - celebrity personality for Alexa": {"review-count": "1,101", "description": "Description\nGET STARTED WITH MELISSA \u2013 Melissa McCarthy is here to add extra personality to your Alexa experience. Just ask and Melissa will give you the weather, set timers, and more. To get started, just say, \u201cAlexa, introduce me to Melissa.\u201d If you purchased on the web, say \"Alexa, enable \u2018Hey Melissa\u2019\u201d to turn on Melissa for your compatible Echo device. You will still be able to use Alexa\u2019s voice just as you do now.\n \nMELISSA\u2019S GOT JOKES \u2013 In the mood for a laugh? Melissa has your back. Just say, \u201cHey Melissa, tell me a joke\u201d.\n\nEXCLUSIVE STORIES \u2013 Keep the laughs coming with exclusive stories about Melissa\u2019s life and career. Just say, \u201cHey Melissa, tell me a story.\u201d\n\nDISCOVER MORE FROM MELISSA \u2013 Once you\u2019ve purchased and set up, try the below, or say \u201cHey Melissa, what can you do?\u201d for more inspiration. You can also check your email for more on how to get started.\n\n\u201cHey Melissa, give me advice.\u201d\n\u201cHey Melissa, set an alarm for 7am.\u201d\n\u201cHey Melissa, what\u2019s the weather today?\u201d\n\u201cHey Melissa, tell me about Bridesmaids.\u201d\n\u201cHey Melissa, good morning!\u201d\n\u201cHey Melissa, set a 10 minute timer.\u201d\n\u201cHey Melissa, how are you?\u201d\n \nWILL MELISSA WORK WITH MY DEVICE? Melissa works with most voice-activated Echo devices in your home, except first-generation Echo and Echo Dot and wearables. Fire TV and Fire Tablets are not supported at this time.\n\nWE WANT YOU TO KNOW \u2013 Although she can do a lot, Melissa won\u2019t be able to help with shopping, lists, reminders or skills.", "details": "Skill Details\nRated: Guidance Suggested.\nThis skill contains dynamic content.\nInvocation Name: Alexa, introduce me to Melissa\nDeveloper Privacy Policy\nDeveloper Terms of Use", "privacy_policy_href": "https://www.amazon.com/gp/help/customer/display.html?nodeId=468496"}, "Shaquille O'Neal - celebrity personality for Alexa": {"review-count": "982", "description": "Description\nGET STARTED WITH SHAQ \u2013 Shaquille O\u2019Neal is here to add extra personality to your Alexa experience. Just ask and Shaq can give you the weather, tell you a story, and more. To get started, just say, \u201cAlexa, introduce me to Shaq.\u201d If you purchased on the web, say \"Alexa, enable \u2018Hey Shaq\u2019\u201d to turn on Shaq for your compatible Echo device. You will still be able to use Alexa\u2019s voice just as you do now.\n \nSHAQ FOR YOUR DAY \u2013 Whether it\u2019s waking you up in the morning or setting a pizza timer for dinner, Shaq\u2019s got you covered. Try \u201cHey Shaq, set an alarm for 7am\u201d or \u201cHey Shaq, set a timer for 20 minutes\u201d.\n\nJOKE AROUND WITH SHAQ \u2013 Shaq can keep you laughing with his signature sense of humor. Just say, \u201cHey Shaq, tell me a joke\u201d.\n\nDISCOVER MORE FROM SHAQ: Once you\u2019ve purchased and set up, try the below, or say \u201cHey Shaq, what can you do?\u201d for more inspiration. You can also check your email for more on how to get started.\n\n\u201cHey Shaq, drop a beat.\u201d\n\u201cHey Shaq, what\u2019s the weather today?\u201d\n\u201cHey Shaq, tell me a joke.\u201d\n\u201cHey Shaq, how are you?\u201d\n\u201cHey Shaq, give me advice.\u201d\n\u201cHey Shaq, tell me a story.\u201d\n\u201cHey Shaq, let\u2019s warm up.\u201d\n\u201cHey Shaq, play rock, paper, scissors.\u201d\n \nWILL SHAQ WORK WITH MY DEVICE? Shaq works with most voice-activated Echo devices in your home, except first-generation Echo and Echo Dot and wearables. Fire TV and Fire Tablets are not supported at this time.\n\nWE WANT YOU TO KNOW \u2013 Although he can do a lot, Shaq won\u2019t be able to help with shopping, lists, reminders or skills.", "details": "Skill Details\nRated: Guidance Suggested.\nThis skill contains dynamic content.\nInvocation Name: Alexa, introduce me to Shaq\nDeveloper Privacy Policy\nDeveloper Terms of Use", "privacy_policy_href": "https://www.amazon.com/gp/help/customer/display.html?nodeId=468496"}, "R2D2 Talk": {"review-count": "1,230", "description": "Description\nThe R2D2 talk skill is a novelty skill which allows you to talk to the iconic droid through Alexa!\n\nWith various responses, the skills is perfect for a bit of fun and showing off to your friends!", "details": "Skill Details\nThis skill contains dynamic content.\nInvocation Name: r. two d. two talk", "privacy_policy_href": ""}, "Gordon Ramsay": {"review-count": "3,651", "description": "Description\nThe Gordon Ramsay skill allows you to invite your favorite chef over for dinner. Just tell Gordon what dish you made, and he'll give you his best critique. You just better hope your cooking is up to his standards. Do you have what it takes?\n\n* See what it feels like to work in Gordon's kitchen\n* Get ready for a reality check\n* Take the heat or get out\n\nAfter enabling, you can use this skill by saying:\n- \u201cAlexa, ask Gordon Ramsay what he thinks about my casserole\"\n- \u201cAlexa, ask Gordon Ramsay to try my fried chicken\u201d\n- \u201cAlexa, ask Gordon Ramsay to taste this mac and cheese\u201d\n\nReady for Gordon? Just say \u201cAlexa, enable Gordon Ramsay\u201d\n\nOr you can ask for help at any time.", "details": "Skill Details\nRated: Mature.\nThis skill contains dynamic content.\nInvocation Name: gordon ramsay\nDeveloper Privacy Policy", "privacy_policy_href": "https://www.groundcontrol.ai/gordon-ramsay-privacy-policy"}, "Talk Like Snoop": {"review-count": "821", "description": "Description\nIs your life lacking some...\"izzle\"? Do you find yourself lying awake at night struggling to incorporate Bay Area slang into your vocabulary? Then the TalkLikeSnoop skill is the skill for you! Lead your response to snoop with the word \"Say\" or \"Translate\" followed by a phrase of your choosing and listen in awe as more izzles get dropped than you can hizzle.", "details": "Skill Details\nThis skill contains dynamic content.\nInvocation Name: talk like snoop", "privacy_policy_href": ""}, "Famous Voices": {"review-count": "116", "description": "Description\nUsing professional voice actors, this entertaining skill recites trivia (spoken by celebrity impersonators) and more...\n\n* Shakespeare\n* Mark Twain\n* Proverbs\n* Fables\n* Animal Sounds\n* Painters\n* Composers\n\nTo access these additional features, just say, \"Help\" and then ask for one of the above.", "details": "Skill Details\nRated: Mature.\nThis skill contains dynamic content.\nInvocation Name: famous voices\nDeveloper Privacy Policy\nDeveloper Terms of Use", "privacy_policy_href": "http://www.witlingo.com/privacy-policy/"}, "Mocking Voice": {"review-count": "36", "description": "Description\nMocking Voice takes anything you say and repeats it back to you in a mocking tone.", "details": "Skill Details\nRated: Guidance Suggested.\nThis skill contains dynamic content.\nInvocation Name: mocking voice\nDeveloper Privacy Policy", "privacy_policy_href": "https://samvk.com/docs/SamVK_PrivacyPolicy.pdf"}, "clap": {"review-count": "181", "description": "Description\nYou can ask alexa \"clap right now\" and she will give you a cheer", "details": "Skill Details\nThis skill contains dynamic content.\nInvocation Name: clap right now", "privacy_policy_href": ""}, "Virtual Trump": {"review-count": "523", "description": "Description\nHave a virtual conversation with Donald Trump! This skill uses Donald Trump's actual voice to create a simulated conversation with Donald Trump. It's so incoherent and illogical, you'll think you're talking to the actual Donald Trump! Just start the skill to begin.", "details": "Skill Details\nRated: Mature.\nThis skill contains dynamic content.\nInvocation Name: virtual trump", "privacy_policy_href": ""}, "halloween costume ideas": {"review-count": "0", "description": "Description\nAlexa will help you pick out the perfect costume this year!", "details": "Skill Details\nRated: Guidance Suggested.\nThis skill contains dynamic content.\nInvocation Name: halloween costume ideas", "privacy_policy_href": ""}, "What's in the Mystery Box?": {"review-count": "458", "description": "Description\n~Thanks for over FIFTEEN THOUSAND enables!~\n\nHave you always wondered what would be in a mystery box? Well now you can find out! Simply say something like \"Alexa, what's in the mystery box?\" and you're good to go!\n\nSome examples of things that could be in a mystery box are a candle, a bow tie, or even a jar of peanut butter!\n\nWith over 444 possible objects, the possibilities are practically endless", "details": "Skill Details\nThis skill contains dynamic content.\nInvocation Name: mystery box", "privacy_policy_href": ""}, "Halloween sounds": {"review-count": "1", "description": "Description\nSonidos de Halloween te ayuda a pasar miedo con los efectos de sonido m\u00e1s terror\u00edficos para la noche de Halloween. Apaga la luz, sube el volumen de tu Alexa y \u00a1atr\u00e9vete a abrir la skill! Por si fuera poco, si tienes pantalla, podr\u00e1s \"disfrutar\" de citas c\u00e9lebres de pel\u00edculas de terror...\n\nAbre la skill diciendo \"Alexa, abre Sonidos de Halloween\", y directamente se reproducir\u00e1 uno de los sonidos terror\u00edficos. \u00c1brela varias veces para obtener m\u00e1s efectos.", "details": "Skill Details\nThis skill contains dynamic content.\nInvocation Name: sonidos de halloween", "privacy_policy_href": ""}, "Portal Turret": {"review-count": "135", "description": "Description\nHave Alexa act as a Turret from Portal, reading off Portal Turret Quotes\n\nQuotes from:\nhttps://theportalwiki.com/wiki/Turret_voice_lines\n\nCredit https://greenysvk.deviantart.com/ for original Turret \"Lense\"", "details": "Skill Details\nThis skill contains dynamic content.\nInvocation Name: portal turret", "privacy_policy_href": ""}, "Pet Translator, by My Talking Pet": {"review-count": "7", "description": "Description\nHave you ever wondered what it would be like if you knew what animals were saying? Well now you can translate you words into animal! Just ask Alexa to be an animal of your choice, and Pet Translator will translate your phrase into animal language!", "details": "Skill Details\nRated: Guidance Suggested.\nThis skill contains dynamic content.\nInvocation Name: pet translator\nDeveloper Privacy Policy\nDeveloper Terms of Use", "privacy_policy_href": "https://mytalkingpet.app/privacy/"}, "The \"I'm Poor\" Skill": {"review-count": "107", "description": "Description\nWith this skill, you can now have Alexa remind you that you are poor whenever you think you might not be poor.\n\nWith several handcrafted phrases on this skill, you'll never get tired of the novelty of being reminded that you're poor.", "details": "Skill Details\nThis skill contains dynamic content.\nInvocation Name: poor", "privacy_policy_href": ""}, "Clap Bot": {"review-count": "5", "description": "Description\nClap bot is for humor.\nAsk Alexa to start bootup sequence for a welcome phrase.\nAfterwards the session will end.", "details": "Skill Details\nThis skill contains dynamic content.\nInvocation Name: bootup sequence", "privacy_policy_href": ""}, "Meow!": {"review-count": "1,794", "description": "Description\nA virtual cat lives within echo. You can chat with Alexa in cat's language. Play this with your cat.\n\nYou (or your cat) can have a back and forth conversation with Alexa by saying single/multiple meow/mew.\n\nSay stop to stop the conversation.", "details": "Skill Details\nThis skill contains dynamic content.\nInvocation Name: meow meow", "privacy_policy_href": ""}, "Suggest a Halloween Costume": {"review-count": "0", "description": "Description\nSuggest a Halloween Costume is a skill to help you pick your Halloween costume for 2018\n\nYou can say:\n\n\"Alexa, open Suggest a Halloween Costume\"\n\"Alexa, start Suggest a Halloween Costume\"\n\"Alexa, suggest a Halloween Costume\"\n\nPlease leave a 5-star review if you love this skill, or send me an email with your suggestions at adilnajmuddin[at]gmail.com", "details": "Skill Details\nRated: Guidance Suggested.\nThis skill contains dynamic content.\nInvocation Name: suggest a halloween costume\nDeveloper Privacy Policy", "privacy_policy_href": "https://getstoryline.com/public/privacy.html"}, "Short Bedtime Story": {"review-count": "9,809", "description": "Description\nHave Alexa tell a short bedtime story, personalized to your name.\n\nThere are several stories at this time and more are coming.\n\nIf you want to fix issues with names like if Bedtime thinks \"Taylor\" is a girl instead of a boy, or if Bedtime mispronounces the name like \"Allie\" comes out \"Ellie\", you can use the companion website http://bedtime.webguild.com. First get a Linking Code by asking, \"Alexa, ask Bedtime Story to Configure\". Have a notepad handy to write down the info.\n\nAlso at the Bedtime website, you will be able to disable any stories you don't want to hear and you will be able to author your own stories tailored to your family.\n\nEnjoy!", "details": "Skill Details\nRated: Guidance Suggested.\nThis skill contains dynamic content.\nInvocation Name: bedtime story\nDeveloper Privacy Policy\nDeveloper Terms of Use", "privacy_policy_href": "https://bedtime.webguild.com/Home/PrivacyPolicy"}, "StoryTime": {"review-count": "2,110", "description": "Description\nAsk Alexa to tell you a fable and sit back and enjoy Alexa read you a classic Aesop tale. No account requirements or hardware requirements. Just enable the app and Alexa will be able to read you some stories.", "details": "Skill Details\nThis skill contains dynamic content.\nInvocation Name: story time", "privacy_policy_href": ""}, "Fart Noise": {"review-count": "14,556", "description": "Description\nStop wasting your time and waste some more time with #FartNoise", "details": "Skill Details\nThis skill contains dynamic content.\nInvocation Name: fart noise", "privacy_policy_href": ""}, "My delivery": {"review-count": "7", "description": "Description\nOpen the skill and ask Alexa for one of the pre-defined countdown timers. Alexa will read the into message and the countdown (10, 9, 8, ... 3, 2, 1), and then play a fun sound effect.\nThis skill was created using a Skill Blueprint. Your requests to this skill are not shared with the skill developer.", "details": "Skill Details\nThis skill contains dynamic content.\nInvocation Name: my delivery", "privacy_policy_href": ""}, "The Meme Skill": {"review-count": "1", "description": "Description\nLove to watch memes? Now you can listen to them too! Just enable \"The Meme Skill\" and laugh it up!\n\nDISCLAIMER: No offence is meant to anyone. Cheers!", "details": "Skill Details\nThis skill contains dynamic content.\nInvocation Name: the meme team", "privacy_policy_href": ""}, "Ghost Detector": {"review-count": "9,005", "description": "Description\nGhost Detector uses highly advanced technology to detect spirits and beings from the beyond!\n\nCollect Ghost Bux by detecting and capturing ghosts. However, you can only capture one per day. Our Ghost Detector scientists are hard at work developing improvements, gadgets and missions that you will be able to unlock with Ghost Bux.\n\nThere are hundreds of possible ghosts, see if you can catch them all!", "details": "Skill Details\nRated: Guidance Suggested.\nThis skill contains dynamic content.\nInvocation Name: ghost detector", "privacy_policy_href": ""}, "Joke - Surprise Scream Prank!": {"review-count": "93", "description": "Description\nWARNING: The Surprise Scream Prank practical joke skill will play 60 SECONDS of silence, followed by a VERY LOUD horror movie scream! So, the skill will NOT make any sound when you first open it, it's not broken... the silence is there on purpose so to give you time to set up the prank.\n\nHOW TO USE: It's very simple, turn the volume of your speaker up loud and start the skill. Obviously, do this when the prank victim is not in the room. You have 60 SECONDS of silence before the scream goes off, so do your best to time it out well for the most successful results. This is a fantastic way to terrify and torment your friends, boyfriend, girlfriend, partner, family, lover, spouse or pets with Alexa!\n\nTIP: Need more time to set up the gag? The person you are pranking is taking longer than expected to come into the room? Simply start the skill over again, and you will get another 60 seconds of silent setup time.\n\nKeep on the look out for more Alexa jokes and pranks from this developer coming soon...\n\nTHE AUTHOR OF THIS SKILL IS NOT RESPONSIBLE FOR: household items that might be been broken as a result of using this skill either on purpose or by accident, loss of long term friendship, any divorces or relationship break ups that might occur after pranking your boyfriend, girlfriend, partner, husband or wife. Heart attacks, panic attacks, or mental breakdowns that might occur as a result of use. Time spent sleeping on the sofa by your wife due to frightening her before bed. Children that will no longer speak to their parents as a result of use. Pets that no long want to be pet by you. In short, use at your own risk... and ENJOY! :)\n\nHOW CAN I THANK THE DEVELOPER? If you successfully scared the daylights out of someone (or many people) with this skill, please take the time to tell a friend and remember to leave the skill a 5 star review in your Alexa app. Thanks in advance!!!\n\nPS: Extra points scored if you get a video tape of the prank victims response and post it on YouTube!", "details": "Skill Details\nRated: Guidance Suggested.\nThis skill contains dynamic content.\nInvocation Name: scream prank", "privacy_policy_href": ""}, "Good jokes": {"review-count": "355", "description": "Description\nPide a Alexa que te cuente chistes buenos y empieza mejor tu d\u00eda :)\nActualizaci\u00f3n: ahora los chistes buenos tienen diferentes voces.\nTipos de chistes buenos incluidos:\n- Chistes de m\u00e9dico\n- Chistes de Jaimito / Pepito\n- Chistes de Chuck Norris\n- Chistes de tipo corto\n- Chistes de tipo pol\u00edtico\n- Chistes de soldados\n- Chistes de padres\n- Chistes de comida\n- Chistes de navidad\n- Chistes de elecciones\n- Chistes de trabajo\n- Chistes de parejas\n- Chistes de deporte\n- Chistes de vascos\n- Chistes de Se abre el tel\u00f3n\n- Chistes de Eugenio\n- Chistes de Star Wars\n- Chistes de Camareros\n- Chistes de Caballos\n- Chistes de verduras", "details": "Skill Details\nThis skill contains dynamic content.\nInvocation Name: chistes buenos", "privacy_policy_href": ""}, "Dad Jokes Skill": {"review-count": "0", "description": "Description\nIf you ever need a really corny dad joke that is so bad that it's almost funny then this skill is what you need. Ask Alexa to tell you a dad joke and she will provide a horrible one line zinger.", "details": "Skill Details\nThis skill contains dynamic content.\nInvocation Name: corny dad", "privacy_policy_href": ""}, "voiceover guy": {"review-count": "0", "description": "Description\nYou can now play all the voice showreels from the award winning voiceover Guy Harris.\nGuy can be heard worldwide on TV, Radio, Video Games and Game trailers.\nSo proud to be part of Alexa\nhttps://www.VoiceoverGuy.co.uk", "details": "Skill Details\nThis skill contains dynamic content.\nInvocation Name: voiceover guy", "privacy_policy_href": ""}, "My Skill Fact": {"review-count": "0", "description": "Description\nThe user asks their Amazon Echo to tell them their fortune and the skill replies with a fortune. There are over a hundred possible fortune combinations.", "details": "Skill Details\nRated: Guidance Suggested.\nThis skill contains dynamic content.\nInvocation Name: cosmic fortune", "privacy_policy_href": ""}, "pet translator": {"review-count": "291", "description": "Description\nYour pets say a lot of things, and now, Alexa can translate them for you immediately using the latest advances in pet tech. You say a lot of things to your pets, now hear what your pets are saying to you!", "details": "Skill Details\nThis skill contains dynamic content.\nInvocation Name: pet translator", "privacy_policy_href": ""}, "Joke of the Day (Flash Briefing)": {"review-count": "7", "description": "Description\nIf you like a good clean one liner then this skill is for you. We have put literally minutes or researching into finding the best jokes from around the world. We hope this will bring a big smile to your face every day.", "details": "Skill Details\nFlash Briefing Skill\nThis skill contains dynamic content.", "privacy_policy_href": ""}, "My Spirit Animal Skill": {"review-count": "38", "description": "Description\nFind out what your spirit animal is at that time. This will help guide decisions you make for the day and bring a new perspective to life.", "details": "Skill Details\nThis skill contains dynamic content.\nInvocation Name: oh wise one", "privacy_policy_href": ""}, "Pull My Finger": {"review-count": "1,754", "description": "Description\nPull my finger is a joke or prank regarding flatulence in which a mark is asked to pull the finger of the joker, who simultaneously farts so as to suggest a causal relationship between the two events.", "details": "Skill Details\nThis skill contains dynamic content.\nInvocation Name: pull my finger", "privacy_policy_href": ""}, "Uh huh": {"review-count": "300", "description": "Description\nThe most patient listener in the world, as seen on SNL: Tell any story on anything and Alexa will respond with \"uh huh\". Say \"That's it\" or \"bye\" to end your story telling. (Inspired by the SNL Alexa skit aired May 13, 2017.)", "details": "Skill Details\nThis skill contains dynamic content.\nInvocation Name: uh huh", "privacy_policy_href": ""}, "Hilarious Thoughts": {"review-count": "0", "description": "Description\nHilarious Thoughts will have you laughing and thinking deeply about life, all at the same time! Go ahead and give it a try!\n\nYou can say:\n\n\"Alexa, open Hilarious Thoughts\"\n\"Alexa, start Hilarious Thoughts\"\n\"Alexa, play Hilarious Thoughts\"\n\nPlease leave a 5-star review if you love this skill. Your 5-star reviews encourage us to keep making more great skills, thanks!", "details": "Skill Details\nRated: Guidance Suggested.\nThis skill contains dynamic content.\nInvocation Name: hilarious thoughts\nDeveloper Privacy Policy", "privacy_policy_href": "https://getstoryline.com/public/privacy.html"}, "Trivia by Famous Voices": {"review-count": "0", "description": "Description\nListen to trivia facts spoken to by famous voices perfomed by the highly talented Ed Kelly.\n\nFor more on Ed, please go here: http://edkelly.tv/\n\nThis Flash Briefing was created and is being hosted by witlingo. If you would like to publish your Flash Briefing on Witlingo, go to: https://www.witlingo.com/flashbriefing/", "details": "Skill Details\nFlash Briefing Skill\nThis skill contains dynamic content.\nDeveloper Privacy Policy\nDeveloper Terms of Use", "privacy_policy_href": "https://www.witlingo.com/privacy-policy/"}, "Spooky Scary Skeletons": {"review-count": "0", "description": "Description\nSimple skill so you can play spooky scary skeletons!", "details": "Skill Details\nThis skill contains dynamic content.\nInvocation Name: spooky scary skeletons", "privacy_policy_href": ""}, "Funny Boo": {"review-count": "0", "description": "Description\nIf you want Alexa to tell you funny and corny Halloween themed jokes, this skill is for you.", "details": "Skill Details\nRated: Guidance Suggested.\nThis skill contains dynamic content.\nInvocation Name: funny boo\nDeveloper Privacy Policy\nDeveloper Terms of Use", "privacy_policy_href": "https://include.rd.to/alexa/funnyboo.privacy.php"}, "The Monster Cave": {"review-count": "2", "description": "Description\nWhat is hiding in the monster cave?\n\nSay Alexa, open the monster cave if you dare to find out!\n\nFor more fun, look for other skills by Pretzel Labs.\n\nwww.pretzellabs.co", "details": "Skill Details\nThis skill contains dynamic content.\nInvocation Name: the monster cave\nDeveloper Privacy Policy", "privacy_policy_href": "https://getstoryline.com/public/privacy.html"}, "Harry Potter Wand Selector": {"review-count": "13", "description": "Description\nEvery wondered what your wand would be if you were a wizard? Would it be elder with a phoenix tail feather core, like Harry Potter? Simply ask Harry Potter Wand Selector and let us tell you.", "details": "Skill Details\nThis skill contains dynamic content.\nInvocation Name: harry potter wand selector", "privacy_policy_href": ""}, "48 Laws of Power": {"review-count": "76", "description": "Description\nThis skill simply choses a random law of power and provides a short summary of the law", "details": "Skill Details\nThis skill contains dynamic content.\nInvocation Name: forty eight laws of power", "privacy_policy_href": ""}, "Halloween Jokes": {"review-count": "0", "description": "Description\nDozens of halloween-themed jokes that are family-friendly. Enable the skill, then say \"Alexa, ask Halloween Jokes for a joke.\"", "details": "Skill Details\nRated: Guidance Suggested.\nThis skill contains dynamic content.\nInvocation Name: halloween jokes", "privacy_policy_href": ""}, "Rick Roll": {"review-count": "31", "description": "Description\nWho doesn't know what a RICK ROLL is? What would be better than having Alexa RICK ROLL someone. For the uninitiated, RICK ROLLING is a classic internet prank in which a specific, infectious hit from the 80's is switched to play over the intended song/video/etc; To say any more may give it away. Just say, \"ALEXA, RICK ROLL\" and watch the magic unfold.", "details": "Skill Details\nThis skill contains dynamic content.\nInvocation Name: rick roll", "privacy_policy_href": ""}, "Car Alarm": {"review-count": "5", "description": "Description\nScare off thieves with the sound of a car alarm!", "details": "Skill Details\nThis skill contains dynamic content.\nInvocation Name: car alarm", "privacy_policy_href": ""}, "Chewbacca Chat": {"review-count": "513", "description": "Description\nChewbacca Chat Unofficial\n\nEver wanted to be able to talk to your favorite wookiee? Finally, you can!\n\nThe Chewbacca Chat skill allows you to have a back and forth conversation with the the iconic wookiee Fuzz Ball. Chewie is a great listener and perfect to show off to your friends!\n\nTell Chewbacca Star Wars quotes to try and find the 6 secret hidden easter egg quotes with unique audio playback - can you find them all?\nTo find out more about the Easter Eggs say \"Alexa, ask Chewbacca Chat to tell me about the easter eggs\"", "details": "Skill Details\nThis skill contains dynamic content.\nInvocation Name: chewbacca chat", "privacy_policy_href": ""}, "The Greatest Showman Sweepstakes": {"review-count": "1", "description": "Description\nA shortcut to enter the Greatest Showman Sweepstakes.", "details": "Skill Details\nRated: Guidance Suggested.\nThis skill contains dynamic content.\nInvocation Name: the greatest showman sweepstakes\nDeveloper Privacy Policy", "privacy_policy_href": "https://s3.amazonaws.com/greatest-showman-sweeps/greatest-showman-privacy.html"}, "Invader Zim Quotes": {"review-count": "8", "description": "Description\nAre you ready for the Invader Zim movie? I am. Relive the show by asking for Invader Zim quotes!", "details": "Skill Details\nThis skill contains dynamic content.\nInvocation Name: invader zim", "privacy_policy_href": ""}, "Red Alert": {"review-count": "20", "description": "Description\nRaise your shields and prepare for battle with Red Alert. This skill play s a red alert klaxon to prepare your crew for whatever dangers await.", "details": "Skill Details\nThis skill contains dynamic content.\nInvocation Name: red alert", "privacy_policy_href": ""}, "Fart Sounds": {"review-count": "13", "description": "Description\nThe Original Fart Prank Alexa Skill from The World Famous iFart.\n\nWe started the fart app craze back in 2008 and became the #1 app in the World. Now we're bringing iFart to your Alexa device.\n\nTO USE: Click the 'Enable\u2019 button in the Alexa App. Then say 'Alexa open fart sounds\u2019 to listen.\nTO START: say 'begin'.\n\nPlease leave a review if you liked this skill.", "details": "Skill Details\nThis skill contains dynamic content.\nInvocation Name: fart sounds\nDeveloper Privacy Policy", "privacy_policy_href": "https://ifartmobile.com/app-privacy-policy/"}, "Talking Ghost": {"review-count": "5", "description": "Description\nTalking Ghost connects you with Lord Voldemort's Ghost who is the master of the dungeon.\nEvery time you say a message starting with ghost, he assigns one of the ghosts in community to repeat your message in a spooky voice with some effects.\nThe ghosts keep changing every time you talk and try to spook you,\nHave Fun in the Dungeon!", "details": "Skill Details\nRated: Guidance Suggested.\nThis skill contains dynamic content.\nInvocation Name: talking ghost", "privacy_policy_href": ""}, "Awesome Parrot Facts": {"review-count": "2", "description": "Description\nAwesome Parrot Facts. This skill gives facts about Parrots", "details": "Skill Details\nRated: Guidance Suggested.\nThis skill contains dynamic content.\nInvocation Name: awesome parrot facts\nDeveloper Privacy Policy", "privacy_policy_href": "https://babarpramod.github.io/"}, "Animal farts": {"review-count": "34", "description": "Description\nAnimal farts is a skill to help you learn whether or not different animals fart.\n\nYou can say:\n\n\"Alexa, open Animal farts\"\n\"Alexa, start Animal farts\"\n\"Alexa, launch Animal farts\"\n\nPlease leave a 5-star review if you love this skill, or send us an email with your suggestions at glitterponyunicorn@gmail.com. Your 5-star reviews encourage us to keep making more great skills, thanks!", "details": "Skill Details\nRated: Guidance Suggested.\nThis skill contains dynamic content.\nInvocation Name: animal farts\nDeveloper Privacy Policy", "privacy_policy_href": "https://getstoryline.com/public/privacy.html"}, "Harry Potter Patronus Picker": {"review-count": "14", "description": "Description\nEver wondered what your patronus would be if you were a wizard in the Harry Potter world? Would it be a stag like Harry or an otter like Hermione? Just ask Harry Potter Patronus Picker and we will tell you.", "details": "Skill Details\nThis skill contains dynamic content.\nInvocation Name: harry potter patronus picker", "privacy_policy_href": ""}, "Did you know? \ud83d\ude02 Funny Fun Fact Flash Briefing": {"review-count": "8", "description": "Description\nFrom Volley FM for Alexa, Your Personalized Morning Radio\n\n\"Alexa, Open Volley FM\"\n\nDid You Know brings you a new fun fact every day. Did you know otters hold hands when they sleep or that the fortune cookie was invented in California? Perfect for stocking your funny fact bank for that watercooler chat at the office.\n\nHosted by Sebastian & Peter.\n\nFEEDBACK\nEmail me at riyadh@volleythat.com if you have any issues or feedback. I'd love to hear from you!\n\nThis flash briefing Alexa skill works great on:\nAlexa Echo App\nAlexa app for Kindle Fire\nAmazon Echo Show (all)\nAmazon Echo Spot\nAmazon Echo (all)\nAmazon Echo Dot (all)\nFire TV Stick with Alexa Voice Remote (all)\nAmazon Fire Tablets (all)", "details": "Skill Details\nFlash Briefing Skill\nRated: Guidance Suggested.\nThis skill contains dynamic content.\nDeveloper Privacy Policy\nDeveloper Terms of Use", "privacy_policy_href": "https://volleythat.com/terms-of-service-privacy-policy/"}, "Fortune Cookie Quotes": {"review-count": "0", "description": "Description\nHave Alexa read a fortune cookie quote for you.", "details": "Skill Details\nThis skill contains dynamic content.\nInvocation Name: fortune cookie quotes", "privacy_policy_href": ""}, "Problem Assessment": {"review-count": "9", "description": "Description\nSometimes a problem occurs. Sometimes it's your fault and sometimes it isn't, but are you gonna get into trouble? The Problem Assessment skill is there to help you. The skill will ask you a couple of simple questions and the only thing you have to do is answer \"yes\" or \"no\".\n\nYou can say:\n\n\"Alexa, open Problem Assessment\"\n\"Alexa, start Problem Assessment\"\n\"Alexa, start Problem Assessment\"", "details": "Skill Details\nRated: Guidance Suggested.\nThis skill contains dynamic content.\nInvocation Name: problem assessment\nDeveloper Privacy Policy", "privacy_policy_href": "https://getstoryline.com/public/privacy.html"}, "Roast": {"review-count": "10", "description": "Description\nBest skill for insulting and roasting people.\n\nSomebody's been a jerk to you recently? Really want to roast that person but can't find the right words?\n\nRoast has you covered. We'll search our long list of roasts and insults hand-picked from the internet and insult anybody you want. Have fun using this skill!", "details": "Skill Details\nRated: Mature.\nThis skill contains dynamic content.\nInvocation Name: roast a jerk", "privacy_policy_href": ""}, "Murphy's ByLaws": {"review-count": "2", "description": "Description\nHad a rough day? You may not have been clued in to the way life really works.\n\nBut don't worry! In just a few minutes with this new Alexa skill, you will arm yourself with the witty observations of Mr. Murphy, and be ready for the next curve ball life throws at you.\n\nThere are over 100+ observations on life, in the areas of Love, Education, and Work, and general categories. And we're continuing to add other areas, so check back often for new updates.\n\nHow many times have these happened to you? Which one is your favorite? Leave a review and let us know!", "details": "Skill Details\nThis skill contains dynamic content.\nInvocation Name: murphy's bylaws\nDeveloper Privacy Policy", "privacy_policy_href": "https://getstoryline.com/public/privacy.html"}, "101 Soundboards": {"review-count": "2", "description": "Description\nPlay hundreds of thousands of sounds from thousands of sound boards on your Alexa device, from 101soundboards.com. May contain mature content, and it is not targeted for use by children.", "details": "Skill Details\nRated: Mature.\nThis skill contains dynamic content.\nInvocation Name: one zero one soundboards\nDeveloper Privacy Policy\nDeveloper Terms of Use", "privacy_policy_href": "https://www.101soundboards.com/pages/about#privacy"}, "Barking Mad": {"review-count": "47", "description": "Description\nBarking Mad lets you hear different breeds of dog to drive your pooch crazy or use as a deterrent for unwanted intruders.\n\nYou can say \"Alexa, open Barking Mad\"\nYou can say\"Bark\" to play a German Shepherd barking for a long time to deter intruders.\nYou can say \"Pug\" or another breed to play that dogs bark.\n\nSKILL UPDATES..\nFor every five, 5 star reviews. i will add different breeds.\nSo by leaving five star reviews this will encourage me to develop further.", "details": "Skill Details\nThis skill contains dynamic content.\nInvocation Name: barking mad", "privacy_policy_href": ""}, "Furious Fart": {"review-count": "18", "description": "Description\n\u00a1Solo dile a Pedo Furioso que se tire un pedo y podr\u00e1s divertirte sin malos olores! Si eres un conocedor de la materia te invitamos a pedir un pedo de una clase particular: acuoso, pastoso, largo, corto, grave, agudo, comprimido, gaseoso y hasta mosquito (t\u00fa decides). Esta es tu oportunidad de tirarte todos los pedos que quieras sin culpas y sin malos olores. \u00bfQuieres algo m\u00e1s heavy? \u00a1Prueba pedir un concierto de pedos! Y si quieres una linda sorpresa solo d\u00ed \"Alexa lanza pedo furioso y divi\u00e9rteme\"\n\nImportante: \"Ning\u00fan animal o persona fue da\u00f1ada durante la grabaci\u00f3n de estos pedos\"", "details": "Skill Details\nThis skill contains dynamic content.\nInvocation Name: pedo furioso\nDeveloper Privacy Policy (Spanish, ES)\nDeveloper Privacy Policy (Spanish, MX)", "privacy_policy_href": "https://gist.github.com/germanviscuso/29f81b9263e706042af9e016132745ca"}, "poem dictation": {"review-count": "1", "description": "Description\nThere should not be any major requirements or prerequisites in order to use this skill. This skill comes pre-loaded with 25 short poems, mostly written by well-known poets.", "details": "Skill Details\nThis skill contains dynamic content.\nInvocation Name: poem dictation", "privacy_policy_href": ""}, "Meme Boy": {"review-count": "1", "description": "Description\nThis is a test app with limited memes as of now. Ask Alexa to open Meme Boy and hear memes that might make you smile, if not make you laugh. Built with love. Also, this is this Developer's First Alexa Skill, so show some love!", "details": "Skill Details\nThis skill contains dynamic content.\nInvocation Name: meme boy", "privacy_policy_href": ""}, "Am I Sexy?": {"review-count": "6", "description": "Description\nFind out if Alexa thinks you're sexy!\n\nThis skill was created using a Skill Blueprint. Your requests to this skill are not shared with the skill developer.", "details": "Skill Details\nRated: Mature.\nThis skill contains dynamic content.\nInvocation Name: am i sexy", "privacy_policy_href": ""}, "Break your voice": {"review-count": "0", "description": "Description\nFor some reason Alexa has trouble repeating sounds and eventually they make her voice break apart.\n\nJust start this skill by saying \"Alexa, break your voice.\" She will try to say five thousand zeroes in a row, and very quickly she will eventually lose all control, resulting in a bunch of rapid, overlapping syllables.\n\nYou can also interrupt her with the phrase \"Alexa, information,\" if you want more details on how this works.\n\nEnjoy!", "details": "Skill Details\nThis skill contains dynamic content.\nInvocation Name: break your voice", "privacy_policy_href": ""}, "Star Trek Discovery: Black Alert": {"review-count": "55", "description": "Description\nAlert condition black, activate your spore drive now and prepare to jump!\n\nSimply say, \"Alexa, black alert\"", "details": "Skill Details\nThis skill contains dynamic content.\nInvocation Name: black alert", "privacy_policy_href": ""}, "Call To Post!": {"review-count": "155", "description": "Description\nThis skill will play the famous bugle music that starts just about every horse race. Use when & where it's needed... you'll be surprised how often that is. And they're off!", "details": "Skill Details\nThis skill contains dynamic content.\nInvocation Name: the horse race", "privacy_policy_href": ""}, "Scooby Doo! Mystery Inc. Theater": {"review-count": "2,263", "description": "Description\nZoinks! Put on your detective hat and experience the spooks and sounds of Scooby Doo! Mystery Inc. Theater. This interactive storytelling experience puts you in control as you choose where and how the story unfolds. Work alongside your favorite characters including Scooby-Doo, Shaggy, Fred, Daphne and Velma to unravel the secrets behind their latest caper. Get ready to be challenged by the seemingly supernatural\u2026things are not always what they seem. The mystery awaits, so gather \u2018round and get solving!\n\nTo Enable the skill, simply say \"Alexa, enable Scooby-Doo\"\n\nTo open the skill, try \"Alexa, open Scooby-Doo\"\n\nTo quit, just say \u201cAlexa, quit\u201d anytime during the game.", "details": "Skill Details\nThis skill contains dynamic content.\nInvocation Name: scooby doo\nDeveloper Privacy Policy\nDeveloper Terms of Use", "privacy_policy_href": "https://www.warnerbros.com/privacy"}, "NY Lottery Cash 4 Life": {"review-count": "2", "description": "Description\nThis skill pulls the winning numbers of NY Cash 4 Life drawings. By default, the skill will recite the most recent winning numbers. The user can ask for historical drawing results as well by supplying the date.", "details": "Skill Details\nRated: Mature.\nThis skill contains dynamic content.\nInvocation Name: cash life lottery", "privacy_policy_href": ""}, "Comedy Central Stand-Up": {"review-count": "11", "description": "Description\nComedy Central Stand-Up brings you daily stand-up bits from A-list comedians, as well as emerging new talent. DISCLAIMER: Content may not be suitable for all ages.", "details": "Skill Details\nFlash Briefing Skill\nRated: Mature.\nThis skill contains dynamic content.\nDeveloper Privacy Policy\nDeveloper Terms of Use", "privacy_policy_href": "http://www.cc.com/legal/privacy-policy"}, "A Satisfying Sound": {"review-count": "21", "description": "Description\nCheck out this skill if you love great sounds such as the dulcet tones of a cat purring and the sharp adrenaline rush of a coin flipping.\n\nIf there's any sounds that particularly satisfy you, then leave a review and comment your sound!\n\nThanks!", "details": "Skill Details\nRated: Guidance Suggested.\nThis skill contains dynamic content.\nInvocation Name: a satisfying sound\nDeveloper Privacy Policy\nDeveloper Terms of Use", "privacy_policy_href": "https://satisfying-sounds.s3.eu-west-2.amazonaws.com/privacy.html"}, "Big Ten Fanfares": {"review-count": "4", "description": "Description\nWhat better way is there to kick off Game Day than chanting your favorite Big Ten fight song with Alexa? Ask Alexa to sing your favorite team's fight song and hear her transform into a fellow fan!", "details": "Skill Details\nThis skill contains dynamic content.\nInvocation Name: big ten fanfares", "privacy_policy_href": ""}, "Today's Activity Quiz": {"review-count": "142", "description": "Description\nThis quiz will give you a blunt suggestion for what to do today, based on your answers to a series of questions.\n\nFollow a series of questions, replying with yes or no.\nYou will reach a final piece of advice, such as \"Go for a run, lazy!\".\nFrom here you can ask for an explanation by saying \"How?\", \"Describe\" or \"Tell me more\".\nAt any point you can restart the quiz by saying \"Start Over\", \"Restart\" or \"Play again\".\n\nDISCLAIMER\nNot suitable for all ages.\nThis skill is designed for comedic value.\nI do not take any liability for you actually following the advice.", "details": "Skill Details\nRated: Guidance Suggested.\nThis skill contains dynamic content.\nInvocation Name: today's activity quiz", "privacy_policy_href": ""}, "Laugh Box": {"review-count": "691", "description": "Description\nLaugh box will enable you to play different types of laughter as well as get their definitions. You should end up laughing along with the laughter you hear. Laughing along will decrease your stress, increases pleasure, and really is the best medicine. The more you use this app, the better you will feel.\n\nAll you need to do to get started is to ask Alexa to \"Open Laugh Box.\" When it starts, it will play a random laugh for you. After any laugh ends, you can ask Alexa for a type of laugh or to define a laugh. Try \"play me a baby laugh\" or \"what is a sinister laugh.\" You can also use say \"more\" after any laugh to hear more of the same type of laugh.", "details": "Skill Details\nThis skill contains dynamic content.\nInvocation Name: laugh box\nDeveloper Privacy Policy\nDeveloper Terms of Use", "privacy_policy_href": "http://www.joiney.com/privacy.html"}, "Big Shaq Skill": {"review-count": "12", "description": "Description\nMan's never not.", "details": "Skill Details\nThis skill contains dynamic content.\nInvocation Name: big shaq", "privacy_policy_href": ""}, "Friday Night Lights Facts": {"review-count": "1", "description": "Description\nDo you love Friday Night Lights? Get a quick fact from Coach Taylor on your echo device!", "details": "Skill Details\nThis skill contains dynamic content.\nInvocation Name: panther football", "privacy_policy_href": ""}, "Harry Potter Name": {"review-count": "20", "description": "Description\nWant to know what your name would be if you were a character in a Harry Potter book? Want to know how impressive your name would be?\nSimply ask Harry Potter Name and we will tell you.", "details": "Skill Details\nThis skill contains dynamic content.\nInvocation Name: harry potter name", "privacy_policy_href": ""}, "Harry Potter Jokes": {"review-count": "70", "description": "Description\nHarry Potter Jokes is a great skill that can be used to kill time, or just for some good-natured entertainment.\n\nThis app is mainly for Harry Potter fans but can be used by others too. Just say \"Alexa, ask Harry Potter Jokes, and it will get it up and running. Hope to see you playing, \"wizards\"!", "details": "Skill Details\nRated: Guidance Suggested.\nThis skill contains dynamic content.\nInvocation Name: harry potter jokes", "privacy_policy_href": ""}, "Yucky Sounds": {"review-count": "2,865", "description": "Description\nPerfect to spend a good time with friends and even strangers. This skill is unlimited fun and entertainment to people of all ages. Be ready for peaceful farts, burps, vomit and poop sounds. Enjoy!", "details": "Skill Details\nThis skill contains dynamic content.\nInvocation Name: yucky sound", "privacy_policy_href": ""}, "Fart Unicorn": {"review-count": "0", "description": "Description\nThe unicorn is a legendary creature that has been known to mankind since antiquity.\nCapturing and taming one can bring incredible rewards, but few are worthy...\n\nBut did you know, with their sedentary habits and grassy diets, these majestic magical creatures suffer from chronic GAS problems?\nIt's true! And they need your help to feel \"regular\" again.\nHelp the poor magic unicorns fart their problems away- before it's too late!\n\nReach out to us and tell us what other creatures you'd like to hear fart!\nmax@volleythat.com", "details": "Skill Details\nRated: Guidance Suggested.\nThis skill contains dynamic content.\nInvocation Name: fart unicorn\nDeveloper Privacy Policy\nDeveloper Terms of Use", "privacy_policy_href": "https://volleythat.com/terms-of-service-privacy-policy/"}, "Smack Talker": {"review-count": "1,833", "description": "Description\nSmack Talker allows users to have Alexa talk smack in her funny, robot voice. You can ask Smack Talker to speak directly \"to\" someone, for example, \"Tell Smack Talker to speak to John,\" and this will grab a random insult and say it to John.\n\nList of available commands:\n1. Alexa, open Smack Talker.\n2. Alexa, tell Smack Talker to speak to Ben.\n3. Alexa, ask Smack Talker to talk about Yo Mama.\n4. Alexa, tell Smack Talker to speak to Ben about Yo Mama.\n5. Alexa, ask Smack Talker to repeat the last insult.\n\nSmack Talker can also speak \"about\" different topics, such as Yo Mama, someone's Love Life, or Fantasy Football. For instance, saying, \"Tell Smack Talker to talk smack about Yo Mama\" will initiate an insult about Yo Mama.\n\nThese two features can also be combined, so you can ask Smack Talker to speak \"to\" someone \"about\" a category. Example: \"Ask Smack Talker to speak to Kyle about his Love Life.\" This will then trigger Alexa to talk some serious smack to the name for that specific category. If a category is not provided, then it will use a general set of insults.\n\nNotes for users -\n\nCurrently, there are a limited set of categories. The plan is to expand this list with more insults in the future. The current list contains:\n\nYo Mama\nLove Life\nFantasy Football\n\nWhile there is some vulgarity for humor's sake, Smack Talker will never make any racial, ethnic, or religious slurs, nor will it ever have an insult towards someone's sexual orientation or preference.\n\nHave fun talking major smack to your friends and family!", "details": "Skill Details\nRated: Mature.\nThis skill contains dynamic content.\nInvocation Name: smack talker", "privacy_policy_href": ""}, "Halloween Sound Effects": {"review-count": "0", "description": "Description\nHalloween Sound Effects skill plays scary sounds for your entertainment.", "details": "Skill Details\nRated: Guidance Suggested.\nThis skill contains dynamic content.\nInvocation Name: halloween sound effects\nDeveloper Privacy Policy\nDeveloper Terms of Use", "privacy_policy_href": "https://www.halloweensoundeffects.com/privacy-policy-app"}, "Random Clash Royale Cards": {"review-count": "2", "description": "Description\nEver wanted to get random Clash Royale cards on demand? Now you can, with this Alexa skill!", "details": "Skill Details\nThis skill contains dynamic content.\nInvocation Name: random clash royale cards", "privacy_policy_href": ""}}