{"Stupid Device Tricks": {"review-count": "20", "description": "Description\nThis skill will give you randomly selected questions or requests that you can say to your Alexa-enabled device, to which your device will give responses that are likely to be funny or strange. All of these responses are built into Alexa. Some are \"Easter eggs,\" and some are simply unusual ways to use features built into Alexa.", "details": "Skill Details\nRated: Guidance Suggested.\nThis skill contains dynamic content.\nInvocation Name: stupid device tricks", "privacy_policy_href": ""}, "Witty Mark Twain": {"review-count": "1", "description": "Description\nUsing professional voice actors, this entertaining skill recites Mark Twain quotes and more...\n\n* Shakespeare\n* Proverbs\n* Fables\n* Celebrity Trivia\n* Animal Sounds\n* Painters\n* Composers\n\nTo access these additional features, just say, \"Help\" and then ask for one of the above.", "details": "Skill Details\nRated: Guidance Suggested.\nThis skill contains dynamic content.\nInvocation Name: witty mark twain\nDeveloper Privacy Policy\nDeveloper Terms of Use", "privacy_policy_href": "http://www.witlingo.com/privacy-policy/"}, "Bionic Man Sound Effect": {"review-count": "66", "description": "Description\nYou are the six million dollar bionic man (or woman) with this skill. The perfect skill to use when you are feeling a bit... BIONIC!\n\nIf you enjoyed this skill, PLEASE do the developer the favor of leaving it a 5 star rating in you Alexa app. It helps expose more fans to the skill, which is the only reason it was developed.. for fans to enjoy :)", "details": "Skill Details\nThis skill contains dynamic content.\nInvocation Name: i'm bionic", "privacy_policy_href": ""}, "Halloween Prank": {"review-count": "3", "description": "Description\nWant to play a scary prank on your friends and family? This is the skill for you!\n\nJust say 'Alexa, ask Halloween Prank for a surprise' and a random creepy audio clip will play after a random amount of time- just when your victim expects it the least!!\n\nCurrently there are three different audio clips that can play. Leave us a 5 star rating if you've enjoyed this and want more!", "details": "Skill Details\nThis skill contains dynamic content.\nInvocation Name: halloween prank", "privacy_policy_href": ""}, "Fidget Spinner Facts": {"review-count": "1", "description": "Description\nDO YOU LOVE FIDGET SPINNERS?\nWELL HERE'S A COOL SKILL!\nHERE ARE SOME FACTS ABOUT FIDGET SPINNERS THAT WILL BE E P I C!\nJUST ASK, \"Alexa, ask fidget spinner facts to tell me a really cool fidget spinner fact.\"\nIT'S AWESOME!", "details": "Skill Details\nThis skill contains dynamic content.\nInvocation Name: fidget spinner facts", "privacy_policy_href": ""}, "Magic Conch": {"review-count": "67", "description": "Description\nThe Magic Conch has the answers to all of your questions. Simply ask Magic Conch a yes-or-no question and receive an answer to settle your dilemma.", "details": "Skill Details\nThis skill contains dynamic content.\nInvocation Name: magic conch", "privacy_policy_href": ""}, "Fart Hider": {"review-count": "9", "description": "Description\nFart Hider is a skill where you can hide your farts. This skill is very cunning due to the fact that the answers are so much fun. Your guests or friends will never even know!\n\nInstructions:\nThe person who has to fart must enable the skill and open it with the invocation name. Then your guests will be completely distracted by the skill so you can fart in the room or bathroom on time! Be sure to let me know what you think so I can improve the skill.", "details": "Skill Details\nThis skill contains dynamic content.\nInvocation Name: extremely fun game", "privacy_policy_href": ""}, "My Pumpkin": {"review-count": "2", "description": "Description\nMy Pumpkin allows you to design a pumpkin by choosing from different options for the eyes, nose, mouth, and teeth. If you have an Alexa device with a screen, you can see your virtual pumpkin design updated in real-time! You can see the finished results in your Alexa mobile app.", "details": "Skill Details\nRated: Guidance Suggested.\nThis skill contains dynamic content.\nInvocation Name: my pumpkin\nDeveloper Privacy Policy\nDeveloper Terms of Use", "privacy_policy_href": "https://mkwebserver.s3.us-east-2.amazonaws.com/pumpkin/static/mypumpkin-privacy-policy.html"}, "Joke of the Day Calendar 2020": {"review-count": "0", "description": "Description\nWe have curated over 30 thousand jokes of the day calendar 2020 just for you! Amuse yourself and your family by letting Alexa tells you a hilarious jokes every day!", "details": "Skill Details\nRated: Guidance Suggested.\nThis skill contains dynamic content.\nInvocation Name: joke of the day\nDeveloper Privacy Policy\nDeveloper Terms of Use", "privacy_policy_href": "https://creator.voiceflow.com/creator/terms?name=Manol%20Trendafilov&skill=Joke%20of%20the%20Day%20Calendar%202020&children=false"}, "Creepy Doll Music & Background": {"review-count": "26", "description": "Description\nDo you think Alexa enjoys creepy music? Well, yes she does. Specially music inspired in creepy dolls. You can ask her to play creepy and horror melodies, and she will find the best creepy melodies to play for an hour. If you have a screen device like Echo Show and Echo Spot you can see creepy doll images throughout all the time the melody lasts.\n\nYou can say things like:\n\nAlexa, start creepy doll.\nAlexa, ask creepy doll for a creepy background.\nAlexa, tell creepy doll to frighten me.\n\nIMPORTANT: due to the video duration (1 hour), Echo Show and Echo Spot devices last some seconds to load the video. If it's the first time you open the skill you'll experience a 5-7 seconds delay. Next times, it lasts 3-4 seconds to load, depending on your internet connection.\n\nCredits to the video and music goes to Derek & Brandon Fiechter. Visit their YouToube Channel for more excellent content: https://www.youtube.com/watch?v=9SlEXqWtDVk.\n\nIf you have any questions or suggestions for more skills, just leave an email at octaviomenocal92@gmail.com.\n\nThanks and enjoy!", "details": "Skill Details\nRated: Guidance Suggested.\nThis skill contains dynamic content.\nInvocation Name: creepy doll", "privacy_policy_href": ""}, "Random Realm Royale": {"review-count": "0", "description": "Description\nEver wanted to get a random Realm Royale class and forge on demand? Now you can, with this Alexa skill!", "details": "Skill Details\nThis skill contains dynamic content.\nInvocation Name: random realm royale", "privacy_policy_href": ""}, "Talk to Me": {"review-count": "", "description": "", "details": "", "privacy_policy_href": ""}, "What's Really Going On?": {"review-count": "5", "description": "Description\nEver wonder what's really going on? Just ask, \"Alexa, what's really going on?\"", "details": "Skill Details\nThis skill contains dynamic content.\nInvocation Name: what's really going on", "privacy_policy_href": ""}, "Jarvis Quotes": {"review-count": "67", "description": "Description\nThis is for entertainment. This says 9 different Jarvis quotes. I own no rights to any quotes, they are owned by their respective owners.", "details": "Skill Details\nThis skill contains dynamic content.\nInvocation Name: jarvis quotes", "privacy_policy_href": ""}, "What Is My Unicorn Doing?": {"review-count": "4,495", "description": "Description\nWant to know what your unicorn is doing right now? She might be galloping, sleeping or having their mane made beautiful. Simply ask What Is My Unicorn Doing and we will tell you.", "details": "Skill Details\nThis skill contains dynamic content.\nInvocation Name: what is my unicorn doing", "privacy_policy_href": ""}, "Naughty Dice": {"review-count": "132", "description": "Description\nGet intimate with your partner or have fun with friends. Have some laughs and share a good time together; you'll never know what you'll get! And if you don't like it, ask Alexa to roll again!\n\nIcon: CC0 www.pexels.com/unsplash.com", "details": "Skill Details\nRated: Mature.\nThis skill contains dynamic content.\nInvocation Name: naughty dice\nDeveloper Terms of Use", "privacy_policy_href": ""}, "Go Navy": {"review-count": "6", "description": "Description\nGo Navy! Beat Army! - have Alexa join you in a cheer for Navy, or share interesting facts about the Army Navy Game. You can say \"tell me a fact\" to hear an interesting fact about the Army Navy Game. Let Alexa join you in a Navy Cheer - try \"that's another Navy first down,\" or \"Go Navy.\"", "details": "Skill Details\nRated: Guidance Suggested.\nThis skill contains dynamic content.\nInvocation Name: go navy\nDeveloper Privacy Policy", "privacy_policy_href": "https://getstoryline.com/public/privacy.html"}, "Curse Generator": {"review-count": "2,496", "description": "Description\nThis skill expresses your displeasure with a clean cuss word", "details": "Skill Details\nRated: Guidance Suggested.\nThis skill contains dynamic content.\nInvocation Name: curse generator", "privacy_policy_href": ""}, "Coffee Shop Sounds": {"review-count": "11", "description": "Description\nUse Alexa to transport you straight to a quaint, lively coffee shop. The audio has been chosen so as not to be too intrusive making it perfect to listen to as you work, or maybe read a book. It includes murmured conversation in the background, the sound of the occasional blender whipping up something delicious and some cutlery for people digging into their snacks.", "details": "Skill Details\nThis skill contains dynamic content.\nInvocation Name: coffee shop sounds", "privacy_policy_href": ""}, "My Love Card": {"review-count": "0", "description": "Description\nAsk Alexa for your daily Love Card, and she'll read Angel's top pick for you. (Each answer is based on a Tarot Card.) You can ask as often as you like, and for as many friends and relatives as you wish. Enjoy!", "details": "Skill Details\nThis skill contains dynamic content.\nInvocation Name: my love card", "privacy_policy_href": ""}, "wiz-morse-code": {"review-count": "1", "description": "Description\nobtains random world war two facts and repeats them in morse code", "details": "Skill Details\nRated: Guidance Suggested.\nThis skill contains dynamic content.\nInvocation Name: morse code", "privacy_policy_href": ""}, "Kids Party Game Ideas": {"review-count": "2", "description": "Description\nKids' Party Game Ideas is a skill to help you plan for a child's party. It gives suggestions for games the children can play.\n\nYou can say:\n\n\"Alexa, open Kids' Party Game Ideas\"\n\"Alexa, start Kids' Party Game Ideas\"\n\"Alexa, launch Kids' Party Game Ideas\"\n\nPlease leave a 5-star review if you love this skill, or send us an email with your suggestions at sue@susanmckenzieauthor.com. Your 5-star reviews encourage us to keep making more great skills, thanks!", "details": "Skill Details\nRated: Guidance Suggested.\nThis skill contains dynamic content.\nInvocation Name: kids party game ideas\nDeveloper Privacy Policy", "privacy_policy_href": "https://getstoryline.com/public/privacy.html"}, "Sounds": {"review-count": "421", "description": "Description\nSound Effects provides a sound effect for a variety of occasions! Did a friend just tell a funny joke? Ask for an applause. If the joke wasn\u2019t funny? Boo or slow clap them into silence.\nIs a family member looking for sympathy? Play the world\u2019s smallest violin.\n\nTo use the Sound Effects try saying phrases like:\n\n\u201cAlexa ask sound effects to play a drumroll\u201d\n\n\u201cAlexa ask sound effects to add suspense to this situation.\u201d\n\n\u201cAlexa ask sound effects for an air horn.\u201d\n\nWe\u2019d love to hear your thoughts and please add a comment in the review section for any sound effect suggestions you\u2019d like us to include, we\u2019ll choose the top choices for our next update!", "details": "Skill Details\nThis skill contains dynamic content.\nInvocation Name: sound effects", "privacy_policy_href": ""}, "MINI Cooper Rules": {"review-count": "17", "description": "Description\nA skill to list give a random rule from the 10 Rules of MINI Ownership. The Rules are:\n#1. Always Park next to a MINI\n'#2. Wave to other MINIs\n#3 Take your MINI to meet other MINIs. KInd of like taking a dog to the dog park. They need socilaization.\n#4. Wave at other MINIs\n#5. Stickers = Horsepower.\n#6. Wave!\n#7. Find friends to help you mod your MINI.\n#8. Please wave back!\n#9. Be unique. No two MINIs should be alike\n'#10. Finally, Wave back or sell it and get a Fiat or some other boring car!", "details": "Skill Details\nThis skill contains dynamic content.\nInvocation Name: mini rules", "privacy_policy_href": ""}, "Announce My Presence": {"review-count": "11", "description": "Description\nHave you ever wanted a theme song to announce your presence in a room? Now you can have it.", "details": "Skill Details\nThis skill contains dynamic content.\nInvocation Name: announce my presence", "privacy_policy_href": ""}, "PersonalCountdown": {"review-count": "2", "description": "Description\nEver had trouble sleeping and tried counting sheep only to lose track of what number comes next. This skill is for you. Maybe you are just tired of counting sheep... maybe you want to count dogs or kittens. This skill is for you. You can even count them beers on the wall.", "details": "Skill Details\nRated: Guidance Suggested.\nThis skill contains dynamic content.\nInvocation Name: personal countdown", "privacy_policy_href": ""}, "Sheep Count": {"review-count": "217", "description": "Description\nCounting sheep has been hailed for centuries as the quickest way to get to sleep. Have Alexa help start your sleep off right in a fun and entertaining way.", "details": "Skill Details\nThis skill contains dynamic content.\nInvocation Name: sheep count", "privacy_policy_href": ""}, "Fanfare": {"review-count": "7", "description": "Description\nStart off your day like royalty. Just ask the horn section to play you a fanfare.\n\nSound effects: CC-BY http://freesound.org/people/neonaeon/\nIcon made by Freepik from www.flaticon.com", "details": "Skill Details\nThis skill contains dynamic content.\nInvocation Name: the horn section", "privacy_policy_href": ""}, "Sad Trombone (Womp Womp)": {"review-count": "4", "description": "Description\nPlays a \"sad trombone\" sound", "details": "Skill Details\nThis skill contains dynamic content.\nInvocation Name: sad trombone", "privacy_policy_href": ""}, "Haunted House Scary Halloween Effects": {"review-count": "0", "description": "Description\nThis skill plays scary halloween sound & video effects.\n\nWarning: Flashing video Strobe Light Effect: SEIZURE WARNING if playing on video enabled display. DO Not use this skill if you or your loved ones are prone to seizures.\n\n\nBe sure to leave a 5-star review!", "details": "Skill Details\nRated: Guidance Suggested.\nThis skill contains dynamic content.\nInvocation Name: scary halloween\nDeveloper Privacy Policy\nDeveloper Terms of Use", "privacy_policy_href": "https://creator.voiceflow.com/creator/privacy_policy?name=Omni%20Digital&skill=Scary%20Halloween"}, "Daily Zingers": {"review-count": "3", "description": "Description\nDaily Zingers provides you with a funny saying every day via your Flash Briefing. Brighten up your day with a quick Zinger.", "details": "Skill Details\nFlash Briefing Skill\nThis skill contains dynamic content.", "privacy_policy_href": ""}, "WizDaddy": {"review-count": "6", "description": "Description\nThis Alexa skill returns a randomly-chosen call or put strike and expiration on a randomly-chosen stock. Its suggestions should not be followed. Unless you want to.\n\nThis tool should be used solely for the purpose of entertainment. If you find this sort of thing is entertaining.", "details": "Skill Details\nThis skill contains dynamic content.\nInvocation Name: whizz daddy", "privacy_policy_href": ""}, "Sam The Wiz by Samuel Cherinet": {"review-count": "0", "description": "Description\n\"Sam the wiz\" delivers some hardcore wisdom to get your dreadful day started. It might not be very helpful, but it is 100% correct.\n\nDisclaimer : This skill is not affiliated, sponsored or endorsed by Sogeti", "details": "Skill Details\nThis skill contains dynamic content.\nInvocation Name: sam the wiz", "privacy_policy_href": ""}, "40k Responses to Thanks": {"review-count": "88", "description": "Description\nNOW OVER 100 responses from the Warhammer 40k dawn of war video game for when you say thank you to Alexa\n\nMADE BY XOSTEAN\n\nHave a line you want added from 40k? Add me on steam and tell me! https://steamcommunity.com/id/greg317/", "details": "Skill Details\nRated: Guidance Suggested.\nThis skill contains dynamic content.\nInvocation Name: thank you\nDeveloper Privacy Policy\nDeveloper Terms of Use", "privacy_policy_href": "https://creator.voiceflow.com/creator/terms?name=gtgoskate&skill=40k%20Responses%20to%20Thanks&children=false"}, "Royal Baby Name Generator": {"review-count": "0", "description": "Description\nHave a royal baby on the way? Or maybe just a commoner baby that you want to treat like royalty? Either way, you're going to need a name and the Royal Baby Name Generator has got you covered! Share your favorites and who knows? Maybe Harry and Meghan will like them too ;)", "details": "Skill Details\nThis skill contains dynamic content.\nInvocation Name: royal baby", "privacy_policy_href": ""}, "Family Punishment Picker": {"review-count": "3", "description": "Description\nWho's been naughty? Is it mummy, daddy or the kids? Either way, the family punishment picker will pick a punishment for you!\n\nThis is a family friendly skill and all punishments are light hearted and have fun in mind. well, fun for everyone else!\n\nEnjoy! ;)", "details": "Skill Details\nThis skill contains dynamic content.\nInvocation Name: pick a punishment", "privacy_policy_href": ""}, "children jokes": {"review-count": "8", "description": "Description\nA collection of over 250 kid friendly jokes. Simply say \"Alexa open children jokes\". After each session, Alexa will ask you if you want to hear some more. Just say: \"yes\" to hear some more jokes.", "details": "Skill Details\nThis skill contains dynamic content.\nInvocation Name: children jokes", "privacy_policy_href": ""}, "My Pie": {"review-count": "3", "description": "Description\nAsk Alexa to figure out what kind of pie you are. She will ask you some questions to narrow it down. Once she tells you what flavor of pie you are, you can ask her to tell you more about your personality.\n\nHave fun!", "details": "Skill Details\nThis skill contains dynamic content.\nInvocation Name: my pie", "privacy_policy_href": ""}, "Free Music - Flash Briefing Skill": {"review-count": "0", "description": "Description\nA free music flash briefing Alexa skill. Get your free music flash briefing today!\n\nAfter you enable this Alexa skill, just say \"Alexa, play my flash briefing\" to start listing. This flash briefing is updated every day and will work on all Alexa Echo devices, Alexa enabled Kindle Fires and even on the go if you download the Alexa app on your mobile phone or tablet.\n\nThis flash briefing Alexa skill works great on:\nAlexa Echo App\nAlexa app for Kindle Fire\nAmazon Echo Show (all)\nAmazon Echo Spot\nAmazon Echo (all)\nAmazon Echo Dot (all)\nFire TV Stick with Alexa Voice Remote (all)\nAmazon Fire Tablets (all)", "details": "Skill Details\nFlash Briefing Skill\nThis skill contains dynamic content.\nDeveloper Privacy Policy\nDeveloper Terms of Use", "privacy_policy_href": "https://volleythat.com/terms-of-service-privacy-policy"}, "Emergency Siren": {"review-count": "31", "description": "Description\nSimply say, \"Alexa, open emergency siren,\" and Alexa will say \"Alert\" followed by a sound effect, followed by \"phew, that was close.\"", "details": "Skill Details\nThis skill contains dynamic content.\nInvocation Name: emergency siren", "privacy_policy_href": ""}, "Gifts For Someone You Hate": {"review-count": "99", "description": "Description\nGot a friend that's not quite living up to your expectations? Need help coming up with gift ideas? Well, this skill is for you! Gifts For Someone You Hate is a fun skill that provides entertainment for friends, families, and parties. Get ideas for the worst possible gifts, all available for purchase on Amazon!\n\nComing Soon: Ask Alexa to judge exactly what someone deserves... \"Lewis deserves a jar of nothing!\"", "details": "Skill Details\nThis skill contains dynamic content.\nInvocation Name: gift buddy", "privacy_policy_href": ""}, "You have turned her against me!": {"review-count": "1", "description": "Description\nBlame alexa for your relationship problems", "details": "Skill Details\nRated: Guidance Suggested.\nThis skill contains dynamic content.\nInvocation Name: you have turned her against me\nDeveloper Privacy Policy\nDeveloper Terms of Use", "privacy_policy_href": "https://creator.voiceflow.com/creator/terms?name=gtgoskate&skill=You%20have%20turned%20her%20against%20me!&children=false"}, "Never Sit If You Can Dance": {"review-count": "2", "description": "Description\nJo Giese\u2019s mother, Babe, liked to drink, dance, and stay up very late. When the husband she adored went on sales calls, she waited for him in the parking lot, embroidering pillowcases. Jo grew up thinking that the last thing she wanted was to be like her mother. Then it dawned on her that her own happiness was derived in large part from lessons Babe had taught her. Her mother might have had tomato aspic and stewed rhubarb in her fridge, while Jo had organic kale and almond milk in hers, but in more important ways they were much closer in spirit than Jo had once thought.\n\nAt a turbulent time in America, Never Sit If You Can Dance offers uplifting lessons in old-fashioned civility that will ring true with mothers, daughters, and their families. Told with lighthearted good humor, it\u2019s a charming tale of the way things used to be\u2015and probably still should be.\n\n- About The Host -\n\nJo Giese is an award-winning radio journalist, author, teacher, community activist, and global traveler\n\nAs a special correspondent Jo was part of the Peabody award-winning team at Marketplace, public radio\u2019s daily business show, and she\u2019s been a contributor to This American Life.\n\nHer non-fiction has appeared in The New York Times, The Los Angeles Times, The Los Angeles Review of Books, European Travel & Life, Vogue, and more.\n\n- Radio -\n\nAs a special correspondent Jo was part of the Peabody award-winning team at Marketplace, public radio\u2019s daily business show.\n\nHer series Breaking the Mold, which featured women succeeding in male-dominated fields, ran for three years, and was their longest running series. This series won a EMMA\u2014Exceptional Merit Media Award for Exceptional Radio Story from the National Women\u2019s Political Caucus.\n\nFor her \u201csuperior portrayal of the changing roles of women,\u201d Jo received a GRACIE from the Foundation of American Women in Radio and TV.\n\nThe multi-part series she reported at Marketplace included Checking In, How Much Is That Doggie in the Window?, Starting Over, Life on Fire!, and Reinventing Retirement.\n\nFor This American Life with Ira Glass, she contributed a half-hour documentary Doctoring the Doctor.\n\n- TV -\n\nIn New York City, Jo produced documentaries for PBS, WNET-TV, WNBC-TV, and was Food Editor for WNBC Nightly News. She was also a host for SNC Cable, a consumer reporter for Group W, and a producer for the Family Channel.\n\n- Non-Fiction Writing -\n\nJo authored A Woman\u2019s Path (Golden/St. Martin\u2019s) and The Good Food Compendium (Doubleday).\n\nShe served on the board of PEN CENTER WEST. She taught in the UCLA Extension Writing Program, and at the Skirball Lifelong Learning Center in Los Angeles.\n\n- Community Activist -\n\nAs Founder and President of the MalibuGreenMachine she helped raise $750,000 for a landscaping project on Pacific Coast Highway in Malibu.\n\nPreviously, in the 90s, as part of the Venice Action Committee, she spearheaded a community effort to plant trees in Venice, California on Rose Avenue. The mature trees, from Main Street to Lincoln Blvd, remain to this day.\n\nShe was honored by the Malibu Times as 2005 Citizen of the Year, and was honored in 2008 with a Malibu Way of Life Award.\n\nJo lives in Southern California and Montana with her husband, Ed Warren.", "details": "Skill Details\nFlash Briefing Skill\nThis skill contains dynamic content.", "privacy_policy_href": ""}, "Sad Assistant": {"review-count": "1", "description": "Description\nSad Assistant is a first attempt at a skill using Amazon Web Services Alexa's Skills Kit API version 2.0. She features limited, but humorous, responses.\n\nSad Assistant is a companion persona that lives alongside Alexa. Sad Assistant has the ability to randomly pull from her bank of insults and spit them out at you.\n\nTry invoking Sad Assistant using one of the examples below or those listed in the Example Phrases Section :\n\n1) Alexa, ask Sad Assistant to give me an insult.\n\n2) Alexa, ask Sad Assistant got any jabs?\n\n3)Alexa, tell Sad Assistant to play despacito.\n\n\nThis skill is still being worked on and shall receive periodic updates\n\n\nSad Assistant demonstrates my first attempt at creating an Alexa skill using AWS's Alexa Skills Kit API V2.0. More features are to be added to Sad Assistant as well as a host of other companion personas for use in various home automation applications.\n\n-- Developer --\nConnor Leyers\n\n-- Bugs & Comments --\ncleyers@gmail.com\n\nOctober - 2018", "details": "Skill Details\nRated: Mature.\nThis skill contains dynamic content.\nInvocation Name: sad assistant", "privacy_policy_href": ""}, "My Paper": {"review-count": "4", "description": "Description\nAccepted or Rejected?\nGet used to these two words if you live happily in the academic society. My Paper aims to motivate you through the answers you might have heard them during your career for thousand times from more than 15,000 academic journals.\n\nAfter enabling this skill, say things like \u201cask my paper for a decision from the journal\u201d or \u201ctell my paper to give me a status of the manuscript\u201d to hear the status of your paper.\n\nQuestions or comments? Love it or hate it? Contact the developer at: visanuw86@gmail.com\n\nBe prepared for the high impact factor journal!", "details": "Skill Details\nThis skill contains dynamic content.\nInvocation Name: my paper", "privacy_policy_href": ""}, "I want hot drink": {"review-count": "0", "description": "Description\nI want hot drink provides fun the whole family and friends can enjoy and is guaranteed to make you smile. The skill will ask you the kind of hot drink you want and present you various options to choose the right kind of drink.\n\nTo start, just say \"Alexa, I want hot drink\" or \"Alexa, open I want hot drink\" or \"Alexa, launch I want hot drink\", to get started.\n\nAt anytime, you can stop by saying \"Alexa, stop\"", "details": "Skill Details\nThis skill contains dynamic content.\nInvocation Name: i want hot drink", "privacy_policy_href": ""}, "Laser Fight": {"review-count": "15", "description": "Description\nStart a laser fight with Alexa!\n\nMake laser sounds back at Alexa to keep the fight going.\n\nIt is a pretty silly skill, but if you enjoy it then please give it 5 stars.\n\nIf you hate it then let me know wordtennisgame@gmail.com and maybe I will improve the game.\n\nCheers\n\nHugo\n\nFOLLOW ME ON TWITTER: @hugocatchpole\n\nTry my other skills:\nWord tennis - A Categories game for 1 to 6 players.\nOne Minute Chill - Chilled out breathing exercises.\nAnimal Sounds - The one with the pink pig logo.\nMystery Sound - See if you can guess the mystery sound.", "details": "Skill Details\nRated: Guidance Suggested.\nThis skill contains dynamic content.\nInvocation Name: laser fight", "privacy_policy_href": ""}, "My Fortune Sticks": {"review-count": "0", "description": "Description\nMy Fortune Sticks will make predictions on your fortune.\n\nAsk your questions to a 3rd Gen Echo Show 10 for cool motion responses!", "details": "Skill Details\nThis skill contains dynamic content.\nInvocation Name: my fortune sticks", "privacy_policy_href": ""}, "Lyrical hammer": {"review-count": "0", "description": "Description\nAlexa raps some sick bars yo", "details": "Skill Details\nRated: Guidance Suggested.\nThis skill contains dynamic content.\nInvocation Name: lyrical hammer", "privacy_policy_href": ""}, "Entitled Space": {"review-count": "0", "description": "Description\nEntitled stories on Alexa. Listen using \"Alexa, play my flash briefing\". Find the full stories on Entitled.Space", "details": "Skill Details\nFlash Briefing Skill\nRated: Guidance Suggested.\nThis skill contains dynamic content.", "privacy_policy_href": ""}, "Jack Handey Thoughts": {"review-count": "0", "description": "Description\nOften introduced by the late, great, Phil Hartman, 'Deep Thoughts by Jack Handey' was an SNL staple in the late 80's and early 90's. Relieve the memories with over 50 memorable 'Deep Thoughts'.", "details": "Skill Details\nThis skill contains dynamic content.\nInvocation Name: jack handey thoughts", "privacy_policy_href": ""}, "Daily Pun": {"review-count": "0", "description": "Description\nListen to daily updates from and puns. . You can just say \"Alexa, what's my daily pun\"", "details": "Skill Details\nFlash Briefing Skill\nThis skill contains dynamic content.", "privacy_policy_href": ""}, "My Weird Job Quiz": {"review-count": "0", "description": "Description\nThe world is full of strange jobs, many of them so odd that you may not even believe they exist! Just about every situation has a professional who can step in and get paid to do something. Don't believe us?\nThis quiz will reveal the weird career you'd actually be really good at. To take the quiz, say \"Alexa, open my weird job quiz\".", "details": "Skill Details\nThis skill contains dynamic content.\nInvocation Name: my weird job quiz", "privacy_policy_href": ""}, "What Stories": {"review-count": "0", "description": "Description\nPrank your friends by asking if they want to try \"What Stories\"!", "details": "Skill Details\nThis skill contains dynamic content.\nInvocation Name: what stories", "privacy_policy_href": ""}, "Be Inspired Now": {"review-count": "0", "description": "Description\nStart your day with an inspirational list of quotes or else.\nYour requests to this skill are not shared with Wombat.", "details": "Skill Details\nRated: Mature.\nThis skill contains dynamic content.\nInvocation Name: be inspired now", "privacy_policy_href": ""}, "Kata Nickname Selector": {"review-count": "1", "description": "Description\nAre you a human life form that needs a random nickname?\nAre you are a a human life form that can't decide on a websites background color?\n\nThen this is the skill for you. My creator's inspiration for making me is their work environment. There are just too many people with the same first name in most office settings! Humans fall all over themselves trying to figure out who is who. With me the kata nickname selector you can finally give them independent names.\n\nAs an added feature I also help out front end developers with their important tasks like picking a background color. Humans can tell me to get them a background color for the awesome new website/webapp they are working on. Then I will go out and get them a HTML 5 Color keyword to help out.\n\nThanks and enjoy.", "details": "Skill Details\nThis skill contains dynamic content.\nInvocation Name: kata nickname selector", "privacy_policy_href": ""}, "Some Jokes": {"review-count": "0", "description": "Description\nPrank your friends by asking if they want to try \"Some Jokes\"!", "details": "Skill Details\nThis skill contains dynamic content.\nInvocation Name: some jokes", "privacy_policy_href": ""}, "Some Trivia": {"review-count": "0", "description": "Description\nPrank your friends by asking if they want to try \"Some Trivia\"!", "details": "Skill Details\nThis skill contains dynamic content.\nInvocation Name: some trivia", "privacy_policy_href": ""}, "Some Stories": {"review-count": "0", "description": "Description\nPrank your friends by asking if they want to try \"Some Stories\"!", "details": "Skill Details\nThis skill contains dynamic content.\nInvocation Name: some stories", "privacy_policy_href": ""}, "Different Game": {"review-count": "0", "description": "Description\nPrank your friends by asking if they want to try \"Different Game\"!", "details": "Skill Details\nThis skill contains dynamic content.\nInvocation Name: different game", "privacy_policy_href": ""}, "Game Together": {"review-count": "0", "description": "Description\nPrank your friends by asking if they want to try \"Game Together\"!", "details": "Skill Details\nThis skill contains dynamic content.\nInvocation Name: game together", "privacy_policy_href": ""}, "Different Story": {"review-count": "0", "description": "Description\nPrank your friends by asking if they want to try \"Different Story\"!", "details": "Skill Details\nThis skill contains dynamic content.\nInvocation Name: different story", "privacy_policy_href": ""}, "Some Tales": {"review-count": "0", "description": "Description\nPrank your friends by asking if they want to try \"Some Tales\"!", "details": "Skill Details\nThis skill contains dynamic content.\nInvocation Name: some tales", "privacy_policy_href": ""}, "Another Story": {"review-count": "0", "description": "Description\nPrank your friends by asking if they want to try \"Another Story\"!", "details": "Skill Details\nThis skill contains dynamic content.\nInvocation Name: another story", "privacy_policy_href": ""}, "What Games": {"review-count": "0", "description": "Description\nPrank your friends by asking if they want to try \"What Games\"!", "details": "Skill Details\nThis skill contains dynamic content.\nInvocation Name: what games", "privacy_policy_href": ""}, "What Kind Of": {"review-count": "0", "description": "Description\nPrank your friends by asking if they want to try \"What Kind Of\"!", "details": "Skill Details\nThis skill contains dynamic content.\nInvocation Name: what kind of", "privacy_policy_href": ""}, "Another Game": {"review-count": "0", "description": "Description\nPrank your friends by asking if they want to try \"Another Game\"!", "details": "Skill Details\nThis skill contains dynamic content.\nInvocation Name: another game", "privacy_policy_href": ""}, "Some Games": {"review-count": "0", "description": "Description\nPrank your friends by asking if they want to try \"Some Games\"!", "details": "Skill Details\nThis skill contains dynamic content.\nInvocation Name: some games", "privacy_policy_href": ""}, "Self Destructor": {"review-count": "0", "description": "Description\nThis skill acts like a fire is being put out when you say \"self destruct\" or the secret code, \"4587\"", "details": "Skill Details\nThis skill contains dynamic content.\nInvocation Name: self destructor", "privacy_policy_href": ""}, "Great Indian Laughter Show": {"review-count": "0", "description": "Description\nThe Great Indian Laughter Show is an Indian reality stand-up comedy series. Show ran from 15 June 2005 to 26 September 2008.\n\nSkill usage:\nUser: Alexa, open laughter show\nAlexa: Starting laughter show. Say play the audio to begin.\nUser: play the audio\nAlexa: Episode <number>\n\n\nUser: Alexa, open laughter show\nAlexa: You were listening to Great Indian Laughter Show. Do you want to continue? You were listening to <Epsiode number>\nUser: Yes\nAlexa: Continues the audio player from last time.\n\n\nThe skill is most suitable for Hindi Speaking Audience as the audio is in Hindi (Indian)", "details": "Skill Details\nRated: Mature.\nThis skill contains dynamic content.\nInvocation Name: laughter show", "privacy_policy_href": ""}, "Selling to Slugs": {"review-count": "0", "description": "Description\nThis skill demonstrates how to market to slugs. It is just a demo, and you can't really buy the book or listen to a full podcast. It is just humorous - you know, funny?", "details": "Skill Details\nThis skill contains dynamic content.\nInvocation Name: slug central\nDeveloper Privacy Policy", "privacy_policy_href": "https://readerdemobucket.s3.amazonaws.com/slugprivacy.html"}, "RickRoller": {"review-count": "1", "description": "Description\nIn order to use the app, first tell Alexa to 'Open Rick Roller'. Alexa will responds by saying 'Rickroll primed'. Now all you have to do is wait for someone to ask Alexa one of the following things:\n- Play some music\n- Play a good song\n- How are you\n- How are you today\n- Set a timer\n- Tell me the news\nOnce they do this, they will instantly be rickrolled.", "details": "Skill Details\nThis skill contains dynamic content.\nInvocation Name: rick roller", "privacy_policy_href": ""}, "Dad Joke Generator": {"review-count": "1", "description": "Description\nGet the worlds best dad jokes! All you need to do is ask Alexa for a joke.", "details": "Skill Details\nThis skill contains dynamic content.\nInvocation Name: funny daddy", "privacy_policy_href": ""}, "Your Social Butterfly": {"review-count": "0", "description": "Description\nFor better or worse we are surrounded by social media applications. Your Social Butterfly provides a humorous look at some of the common types of social media posts. You\u2019ll hear Cathy and Steve give examples of two kinds of posts, Conversation Starters and Post Responses.\n\nA Conversation Starter is used when a social media user wants to get other users to join in a conversation about something they find interesting. By saying, \u201cAlexa, give me a Conversation Starter\u201d you\u2019ll hear a comical take on a random sampling of these kinds of posts.\n\nTo hear us poke fun at some responses to common posts, you need to ask to hear two random post examples by saying, \u201cAlexa, tell me some posts.\u201d You\u2019ll then be asked to choose between those two posts to hear a random, humorous Response to it. You can hear another Response to that same post by again choosing it by its number, or you can hear a random response to the other post by choosing that number.\n\nBy the way, you can also hear the Conversation Starter, Posts, Post Responses, or the Help message just by saying, \"Repeat.\"\n\nHopefully, you\u2019ll enjoy this fun look at social media, and use some of its examples in your own posts. While they may not all be gems, none of these are political! Plus, you can't beat the price!", "details": "Skill Details\nThis skill contains dynamic content.\nInvocation Name: your social butterfly", "privacy_policy_href": ""}, "Music Now": {"review-count": "1", "description": "Description\nPrank your friends by asking if they want to try \"Music Now\"!", "details": "Skill Details\nThis skill contains dynamic content.\nInvocation Name: music now", "privacy_policy_href": ""}, "Some Music": {"review-count": "2", "description": "Description\nPrank your friends by asking if they want to try \"Some Music\"!", "details": "Skill Details\nThis skill contains dynamic content.\nInvocation Name: some music", "privacy_policy_href": ""}, "Weather Today": {"review-count": "0", "description": "Description\nPrank your friends by asking if they want to try \"Weather Today\"!", "details": "Skill Details\nThis skill contains dynamic content.\nInvocation Name: weather today", "privacy_policy_href": ""}, "Random Quote": {"review-count": "0", "description": "Description\nRandom Quote skill will provide you random quotes from multiple random categories.\n\nIf you love this skill, please let us know by giving us a 5-star rating and inform your nerd friend about this skills!\n\nPlease connect and share your suggestions or feedback on mayurvpatil@live.com", "details": "Skill Details\nRated: Guidance Suggested.\nThis skill contains dynamic content.\nInvocation Name: random quote\nDeveloper Privacy Policy", "privacy_policy_href": "https://onedrive.live.com/view.aspx?resid=9771D59A6CAFC27C!2026&ithint=file%2cdocx&app=Word&authkey=!AN2L-PSWUtoHHzw"}, "Pew Pew": {"review-count": "1", "description": "Description\nPrank your friends by asking if they want to try \"Pew Pew\"!", "details": "Skill Details\nThis skill contains dynamic content.\nInvocation Name: pew pew", "privacy_policy_href": ""}, "Game Show": {"review-count": "1", "description": "Description\nPrank your friends by asking if they want to try \"Game Show\"!", "details": "Skill Details\nThis skill contains dynamic content.\nInvocation Name: game show", "privacy_policy_href": ""}, "Jump Scare": {"review-count": "0", "description": "Description\nJump Scare allows you to choose from 1, 3, 5, 10, 15, or 30 minutes of pure silence. Then, the SCARE! Great for giving unsuspecting bystanders a thrill. Or, if you dare, choose the random option and jump scare yourself!\n\nHow to start Jump Scare:\n\nAlexa, open Jump Scare\nAlexa, start Jump Scare\nAlexa, launch Jump Scare\n\nYou can also initiate a Jump Scare without prompts using the word ASK and the following commands.\n\nAlexa, ask Jump Scare for one minute.\nAlexa, ask Jump Scare for three minutes.\nAlexa, ask Jump Scare for five minutes.\nAlexa, ask Jump Scare for ten minutes.\nAlexa, ask Jump Scare for fifteen minutes.\nAlexa, ask Jump Scare for thirty minutes.\nAlexa, ask Jump Scare to surprise me.", "details": "Skill Details\nThis skill contains dynamic content.\nInvocation Name: jump scare\nDeveloper Privacy Policy\nDeveloper Terms of Use", "privacy_policy_href": "https://kingneptunegames.com/privacy-policy/"}, "Big Bang Theory Shorts": {"review-count": "0", "description": "Description\nDivi\u00e9rtete con cortos en audio de la serie c\u00f3mica mas popular de los \u00faltimos tiempos, cada semana se agregaran mas cortos para su disfrute y para no parar de re\u00edr.\n\nTodos los cortos de audio son propiedad del autor de la serie y sus medios de producci\u00f3n (CBS, Chuck Lorre, etc.)", "details": "Skill Details\nThis skill contains dynamic content.\nInvocation Name: cortos de big bang", "privacy_policy_href": ""}, "The Shakespearean Bully": {"review-count": "0", "description": "Description\nOver 100k different insults in the style of the bard at his most misanthropic.\n\nIcon by Freepik.", "details": "Skill Details\nRated: Mature.\nThis skill contains dynamic content.\nInvocation Name: roast me like shakespeare", "privacy_policy_href": ""}, "Ponniyin Briefing": {"review-count": "0", "description": "Description\nListen to daily updates from your favorite source. You can just say \"Alexa, what's my flash briefing\". You can say \"Alexa, stop\" to exit anytime.", "details": "Skill Details\nFlash Briefing Skill\nThis skill contains dynamic content.", "privacy_policy_href": ""}, "Back Me Up": {"review-count": "0", "description": "Description\nGet Alexa to take a side in an argument.\n\nSimply say \"Alexa, back me up\" to get Alexa's opinion on your argument.", "details": "Skill Details\nThis skill contains dynamic content.\nInvocation Name: back me up", "privacy_policy_href": ""}, "Dado Says": {"review-count": "0", "description": "Description\nThere are dad jokes, and then there's... everything else that your dad says. I can't claim to be your dad, but I am at least someone's dad. These are the things that I have been known to say. Enjoy!", "details": "Skill Details\nRated: Guidance Suggested.\nThis skill contains dynamic content.\nInvocation Name: my dado", "privacy_policy_href": ""}, "Periwinkle": {"review-count": "0", "description": "Description\nPeriwinkle is part of the winkle family. Have a conversation with her.", "details": "Skill Details\nThis skill contains dynamic content.\nInvocation Name: lazy periwinkle", "privacy_policy_href": ""}, "Roast This Loser": {"review-count": "0", "description": "Description\nTry these lighthearted burns to add more fun to your day. When using the skill, you can say \"Alexa, next\" to move to the next burn. At any point, you can say \"Alexa, stop\" to exit the skill.\nThis skill was created using a Skill Blueprint. Your requests to this skill are not shared with the skill developer.", "details": "Skill Details\nRated: Mature.\nThis skill contains dynamic content.\nInvocation Name: roast this loser", "privacy_policy_href": ""}, "The Daily Question": {"review-count": "1", "description": "Description\nStart the skill by saying Alexa, open The Daily Question.\n\nWhen you open The Daily Question, you will have the option to hear the results from the previous day's question.\n\nEach day, a new interesting question will be asked and you have four optional answers. Cast your vote and listen to the results from all of the total votes.\n\nAre you in the majority or minority with your answer?", "details": "Skill Details\nThis skill contains dynamic content.\nInvocation Name: the daily question\nDeveloper Privacy Policy\nDeveloper Terms of Use", "privacy_policy_href": "https://kingneptunegames.com/privacy-policy/"}, "Master Mu\u00f1oz": {"review-count": "0", "description": "Description\nEscucha el grito de emprendedores, tan solo di:\nque me grite el master y escucharas el grito\n\u00fasala como alarma, o simplemente para motivarte.\n\nDisclaimer:\nel contenido de esta skill est\u00e1 en Espa\u00f1ol.\nLa palabra \"master\" se usa dado que el nombre conocido es \"Master Mu\u00f1oz\" o \"master munoz oficial\"", "details": "Skill Details\nThis skill contains dynamic content.\nInvocation Name: que me grite el master", "privacy_policy_href": ""}, "Get Toasted!": {"review-count": "0", "description": "Description\nOpen with Alexa, open Get Toasted.\n\nOnce the skill is opened, you will receive a random toast from our huge list of classic toasts.", "details": "Skill Details\nRated: Mature.\nThis skill contains dynamic content.\nInvocation Name: get toasted\nDeveloper Privacy Policy\nDeveloper Terms of Use", "privacy_policy_href": "https://kingneptunegames.com/privacy-policy/"}, "Pick Up Lines": {"review-count": "0", "description": "Description\nAsk Alexa to tell you a cheesy pick up line and she will give you two to choose from.\nThese family-friendly pick up lines are sure to make everyone laugh, and maybe make a few swoon!", "details": "Skill Details\nRated: Mature.\nThis skill contains dynamic content.\nInvocation Name: pick up lines", "privacy_policy_href": ""}, "Bath Time": {"review-count": "0", "description": "Description\nStart Bath time song for Louis", "details": "Skill Details\nThis skill contains dynamic content.\nInvocation Name: bath time\nDeveloper Privacy Policy\nDeveloper Terms of Use", "privacy_policy_href": "https://creator.voiceflow.com/creator/terms?name=Mathieu&skill=Bath%20Time&children=false"}, "Burn them adult style": {"review-count": "1", "description": "Description\nTry these lighthearted burns to add more fun to your day. When using the skill, you can say \"Alexa, next\" to move to the next burn. At any point, you can say \"Alexa, stop\" to exit the skill.\nThis skill was created using a Skill Blueprint. Your requests to this skill are not shared with the skill developer.", "details": "Skill Details\nRated: Mature.\nThis skill contains dynamic content.\nInvocation Name: burn them", "privacy_policy_href": ""}, "mini cups": {"review-count": "0", "description": "Description\nA market research survey on Haagen Dazs mini cups. Let us know about your experience as you enjoy your Haagen Dazs mini cups treat.", "details": "Skill Details\nThis skill contains dynamic content.\nInvocation Name: mini cups\nDeveloper Privacy Policy\nDeveloper Terms of Use", "privacy_policy_href": "https://truereply.com/privacy"}, "Devil's Dictionary": {"review-count": "0", "description": "Description\nThe Devil's Dictionary is a curated collection of humorous quotes from the infamous book by Ambrose Bierce. Ask for a quote and this skill responds with a delightful definition resplendent with satire.", "details": "Skill Details\nThis skill contains dynamic content.\nInvocation Name: devil's dictionary", "privacy_policy_href": ""}, "hi ayla": {"review-count": "2", "description": "Description\nhi ayla is a skill that is invoked with the name of the fluffiest of puppies. In this skill, one can find the best greeting for the best puppy!", "details": "Skill Details\nThis skill contains dynamic content.\nInvocation Name: hi ayla", "privacy_policy_href": ""}, "I want tea": {"review-count": "0", "description": "Description\nTea fun provides fun the whole family can enjoy and is guaranteed to make you smile. The skill will ask continous questions about how do you prefer your tea.\n\nTo start, just say \"Alexa, I want tea\", \"Alexa Open I want tea\" or \"Alexa, launch I want tea\" to get started.\n\nAt anytime, you can stop by saying \"Alexa, stop\"", "details": "Skill Details\nThis skill contains dynamic content.\nInvocation Name: i want tea", "privacy_policy_href": ""}, "Knock Knock Who's There?": {"review-count": "0", "description": "Description\nJoin Chris and Miles as they share joy and laughter one knock knock joke and story at a time!", "details": "Skill Details\nFlash Briefing Skill\nRated: Guidance Suggested.\nThis skill contains dynamic content.", "privacy_policy_href": ""}, "FC Songs Bot": {"review-count": "1", "description": "Description\nThis is a bot that will give users song suggestions for Guitar Hero.", "details": "Skill Details\nThis skill contains dynamic content.\nInvocation Name: f. c. songs bot", "privacy_policy_href": ""}}