{"Dad Joke Bot": {"review-count": "0", "description": "Description\nUse this skill to have Alexa tell you a random dad joke that anyones dad would be proud of.", "details": "Skill Details\nThis skill contains dynamic content.\nInvocation Name: dad joke bot", "privacy_policy_href": ""}, "Can I Have a Conversation in the Restroom": {"review-count": "3", "description": "Description\nAlexa will walk you through a series of questions to determine if it is okay, given social norms, to talk to someone else in the public restroom.", "details": "Skill Details\nThis skill contains dynamic content.\nInvocation Name: restroom conversations", "privacy_policy_href": ""}, "Developer Quotes": {"review-count": "0", "description": "Description\nA fun app that tells geeky computer jokes. When you start up it tries to get to know you by asking your name and favorite computer language, then it tells you geeky computer jokes.", "details": "Skill Details\nRated: Guidance Suggested.\nThis skill contains dynamic content.\nInvocation Name: geek quotes\nDeveloper Privacy Policy", "privacy_policy_href": "https://privacy.carrd.co/"}, "Friendship Questions": {"review-count": "3", "description": "Description\nSimply ask the skill to give you a question.", "details": "Skill Details\nRated: Guidance Suggested.\nThis skill contains dynamic content.\nInvocation Name: friendship questions", "privacy_policy_href": ""}, "Four is the Magic Number": {"review-count": "1", "description": "Description\nSay any number and hear it turn into the magic number 4. Can you solve this riddle?", "details": "Skill Details\nThis skill contains dynamic content.\nInvocation Name: four is the magic number", "privacy_policy_href": ""}, "Old-Fashioned Insults": {"review-count": "22", "description": "Description\nA very simple Single Interaction skill that insults you upon invocation. All insults are randomly generated from a set list of adjectives and verbs, and all will be family-friendly.", "details": "Skill Details\nRated: Mature.\nThis skill contains dynamic content.\nInvocation Name: insult me", "privacy_policy_href": ""}, "Star Trek Quotes": {"review-count": "5", "description": "Description\nSpeaks a random Star Trek[tm] quote.\n\nSTAR TREK and related marks are trademarks of CBS Studios Inc.", "details": "Skill Details\nThis skill contains dynamic content.\nInvocation Name: star trek quotes", "privacy_policy_href": ""}, "Bun Personality Quiz": {"review-count": "1", "description": "Description\nThis app will ask you a series of questions to determine which Bun you are most similar too. Ask Alexa to start Bun Personality Quiz to find out which bun you are! More information about the Buns can be found at Bun Facts.", "details": "Skill Details\nThis skill contains dynamic content.\nInvocation Name: bun personality quiz", "privacy_policy_href": ""}, "The Wizard of Names": {"review-count": "1", "description": "Description\nThe Wizard of Names is a skill that generates a random identity for you.\n\nProposed development Phase 2:\n- Add random email id\n- Add phone number\n- Add a photo", "details": "Skill Details\nThis skill contains dynamic content.\nInvocation Name: wizard of names", "privacy_policy_href": ""}, "Candid Jokes": {"review-count": "0", "description": "Description\nWith jokes updated often, you can always count on a laugh from this skill. Try Candid Jokes.", "details": "Skill Details\nThis skill contains dynamic content.\nInvocation Name: candid jokes", "privacy_policy_href": ""}, "Mantis Shrimp Trivia": {"review-count": "0", "description": "Description\nSimple to play, educational and exciting trivia game about one of the animal kingdom's most fascinating and terrifying creatures - the mantis shrimp.", "details": "Skill Details\nThis skill contains dynamic content.\nInvocation Name: mantis shrimp trivia", "privacy_policy_href": ""}, "Reddit Dad Jokes (Unofficial)": {"review-count": "1", "description": "Description\nAlexa will tell you the current hottest dad jokes from the subreddit r/Dadjokes! 50 posts are selected from the 'Hot' category and one is picked at random to be told! Jokes are always changing as new ones get upvoted on r/DadJokes!", "details": "Skill Details\nRated: Guidance Suggested.\nThis skill contains dynamic content.\nInvocation Name: dad jokes", "privacy_policy_href": ""}, "Hunters Party": {"review-count": "3", "description": "Description\nComing to Hunter's first birthday party and need more info? Ask Alexa what you need to know and get answers right away!", "details": "Skill Details\nThis skill contains dynamic content.\nInvocation Name: hunter's party", "privacy_policy_href": ""}, "Joeslife Blog": {"review-count": "0", "description": "Description\nFeed offered from www.joeslife.net", "details": "Skill Details\nFlash Briefing Skill\nThis skill contains dynamic content.", "privacy_policy_href": ""}, "Sick Fahn": {"review-count": "0", "description": "Description\nHave Alexa to say let's eat in cantonese!", "details": "Skill Details\nThis skill contains dynamic content.\nInvocation Name: sick fahn", "privacy_policy_href": ""}, "Dog of the Day": {"review-count": "0", "description": "Description\nThis skill will tell you what breed of dog you are with 80+ breeds available!", "details": "Skill Details\nThis skill contains dynamic content.\nInvocation Name: dog of the day", "privacy_policy_href": ""}, "D. B. A. P. - Daily Motivation": {"review-count": "4", "description": "Description\nThis simple skill will say a phrase to help you throughout your day. If you want some motivation as well as a good laugh, this skill is great for both.", "details": "Skill Details\nRated: Mature.\nThis skill contains dynamic content.\nInvocation Name: d. b. a. p.", "privacy_policy_href": ""}, "Candid Facts": {"review-count": "0", "description": "Description\nThis skill will allow users to learn a new fact. With one use per day, you will learn something new daily.", "details": "Skill Details\nThis skill contains dynamic content.\nInvocation Name: candid facts", "privacy_policy_href": ""}, "Sooner Sayings": {"review-count": "0", "description": "Description\nWIth Sooner Sayings, you can learn and get quizzed on facts realted to the University of Oklahoma!", "details": "Skill Details\nThis skill contains dynamic content.\nInvocation Name: sooner sayings", "privacy_policy_href": ""}, "Scottish Jokes": {"review-count": "6", "description": "Description\nFunny jokes with a Scottish slant, picked at random from an ever-growing list.", "details": "Skill Details\nRated: Guidance Suggested.\nThis skill contains dynamic content.\nInvocation Name: scottish jokes", "privacy_policy_href": ""}, "Candid Number": {"review-count": "0", "description": "Description\nCandid Number will remember your favorite number. Remember to keep your number between one and ten.", "details": "Skill Details\nThis skill contains dynamic content.\nInvocation Name: candid number", "privacy_policy_href": ""}, "Insults Wizard": {"review-count": "0", "description": "Description\nThis skill would give you random insults, which are mostly original, possibly unfunny insults.\n\nIt is purely for fun and for people with a sense of self-deprecating humor.\n\nThis is not intended to cause harm to anyone in any way, and use at your own risk. Do not proceed further if you are in a sad mood, or are easily offended.", "details": "Skill Details\nThis skill contains dynamic content.\nInvocation Name: insults wizard", "privacy_policy_href": ""}, "Random Fact Generator": {"review-count": "0", "description": "Description\nBored? Just ask Alexa for a random fact!\n\nThere are hundreds of facts already, with new facts being added every week!", "details": "Skill Details\nThis skill contains dynamic content.\nInvocation Name: random fact generator", "privacy_policy_href": ""}, "Beverage Picker": {"review-count": "1", "description": "Description\nAsk Alexa for your favorite beverage", "details": "Skill Details\nRated: Mature.\nThis skill contains dynamic content.\nInvocation Name: beverage picker", "privacy_policy_href": ""}, "XKCD Comic Reader/Viewer": {"review-count": "1", "description": "Description\nReads or shows comics from xkcd.com. Will show comic and caption on Alexa devices with displays (like the Echo Show).\n\nNote: Transcripts for comics after 1608 are not available due to a bug with XKCD's site", "details": "Skill Details\nThis skill contains dynamic content.\nInvocation Name: x. k. c. d. comic reader", "privacy_policy_href": ""}, "Icecream Picker": {"review-count": "0", "description": "Description\nAsk Alexa what is your favorite icecream", "details": "Skill Details\nThis skill contains dynamic content.\nInvocation Name: icecream picker", "privacy_policy_href": ""}, "Cartoon Picker": {"review-count": "7", "description": "Description\nTell alexa about your favorite cartoon", "details": "Skill Details\nThis skill contains dynamic content.\nInvocation Name: cartoon picker", "privacy_policy_href": ""}, "Random God Emperor Trump Quotes": {"review-count": "6", "description": "Description\nGet read aloud a quote from the 45th president of the United States", "details": "Skill Details\nRated: Guidance Suggested.\nThis skill contains dynamic content.\nInvocation Name: god emperor trump", "privacy_policy_href": ""}, "Vegetable Picker": {"review-count": "2", "description": "Description\nConfused on which vegetable to eat today? Ask the vegetable picker to pick a vegetable you should cook or eat today and enjoy a delicious meal with", "details": "Skill Details\nThis skill contains dynamic content.\nInvocation Name: vegetable picker", "privacy_policy_href": ""}, "Fun CriQuote": {"review-count": "0", "description": "Description\nWant to hear a funny cricket related quote, just ask Alexa.", "details": "Skill Details\nThis skill contains dynamic content.\nInvocation Name: funny cricket quote", "privacy_policy_href": ""}, "Interrupting Cow Knock Knock": {"review-count": "9", "description": "Description\nThis knock knock joke is a classic for any budding comedian. Simply invoke it with \"Alexa, open cow knock knock\", and follow the prompts. Enjoy!", "details": "Skill Details\nThis skill contains dynamic content.\nInvocation Name: cow knock knock", "privacy_policy_href": ""}, "Boo Bot": {"review-count": "10", "description": "Description\nThe skill returns a random short scary story from the subreddit r/shortscarystories on Reddit. This skill is as simple as it sounds, request a scary story. and Boo Bot shall deliver.", "details": "Skill Details\nRated: Mature.\nThis skill contains dynamic content.\nInvocation Name: boo bot", "privacy_policy_href": ""}, "Witty Bot": {"review-count": "1", "description": "Description\nThee skill uses reddit's API to get a random one liner from the subreddit r/oneliners. This skill is as simple as it sounds, request a one liner from Witty Bot, and it shall deliver.", "details": "Skill Details\nRated: Guidance Suggested.\nThis skill contains dynamic content.\nInvocation Name: witty bot", "privacy_policy_href": ""}, "friendly fun fact": {"review-count": "0", "description": "Description\nThe Friendly Fun Fact skill is meant to help users learn more by offering them a curated set of fun facts. As time permits, new facts are added to the skill to make it more interesting.", "details": "Skill Details\nThis skill contains dynamic content.\nInvocation Name: friendly fun fact daily fun fact", "privacy_policy_href": ""}, "Mims Facts": {"review-count": "0", "description": "Description\nAsk Alexa for facts about Mims, Florida. Mims is located in Central Florida. Ask Alexa to learn more!\n\nTo ask Alexa, just say \"Alexa, ask Mims facts for a fact.\" Or, you can say \"Alexa, open Mims Facts.\"\n\nEnjoy!", "details": "Skill Details\nThis skill contains dynamic content.\nInvocation Name: mims facts", "privacy_policy_href": ""}, "Days Since Last Javascript Framework": {"review-count": "0", "description": "Description\nFind out how many days have passed since someone published a JavaScript framework.\n\nUses information from https://dayssincelastjavascriptframework.com/", "details": "Skill Details\nThis skill contains dynamic content.\nInvocation Name: last javascript framework", "privacy_policy_href": ""}, "Oviedo Facts": {"review-count": "0", "description": "Description\nAsk Alexa for a fact about Oviedo, Florida. Oviedo is a city located in Central Florida. Ask Alexa to learn more!\n\nTo ask Alexa for a fact, say \"Alexa, ask Oviedo Facts for a fact.\" Or, you can just say \"Alexa, open Oviedo Facts.\"\n\nEnjoy!", "details": "Skill Details\nThis skill contains dynamic content.\nInvocation Name: oviedo facts", "privacy_policy_href": ""}, "Terrible Life Pro Tips": {"review-count": "1", "description": "Description\nAsk Alexa for a terrible life pro tip, and she will respond with a random terrible life pro tip from the infamous subreddit r/*****LifeProTips top 50 'Hot' posts! These top 100 posts are always changing, so keep asking for LPTs,.. just don't follow them!", "details": "Skill Details\nRated: Mature.\nThis skill contains dynamic content.\nInvocation Name: terrible life pro tips", "privacy_policy_href": ""}, "Ego Massager": {"review-count": "1", "description": "Description\nHad a bad day and just want to be cheered up? Have no friends and need some encouragement? Or, anytime you just want to feel better about yourself?\nHave no fear, because Alexa can now make you feel better about yourself.\n\nDisclaimer: This is a light-hearted skill, so don't take it to heart.", "details": "Skill Details\nThis skill contains dynamic content.\nInvocation Name: ego massager", "privacy_policy_href": ""}, "Marriage Problem Solver": {"review-count": "13", "description": "Description\nHaving a tough time deciding wether your spouse is in the right or wrong? Simply ask Alexa, \"Alexa ask Marriage Problem Solver who is right?\"", "details": "Skill Details\nThis skill contains dynamic content.\nInvocation Name: marriage problem solver", "privacy_policy_href": ""}, "Language Picker": {"review-count": "0", "description": "Description\nShow your pride and share your favorite programming language with Alexa. When you are ready to share it with others (or just need a reminder) ask Language Picker what your favorite language is.", "details": "Skill Details\nThis skill contains dynamic content.\nInvocation Name: language picker", "privacy_policy_href": ""}, "Country Picker": {"review-count": "0", "description": "Description\nAsk Alexa to remember your favorite country", "details": "Skill Details\nThis skill contains dynamic content.\nInvocation Name: country picker", "privacy_policy_href": ""}, "Sport Picker": {"review-count": "0", "description": "Description\nAsk Alexa to remember your favorite sport", "details": "Skill Details\nThis skill contains dynamic content.\nInvocation Name: sport picker", "privacy_policy_href": ""}, "Really Untrue Facts": {"review-count": "1", "description": "Description\nAre you sick and tired of all these \"real facts\" and so called \"experts\" telling you things which are undoubtedly true? Use this skill to satisfy your urge for some complete nonsense!", "details": "Skill Details\nThis skill contains dynamic content.\nInvocation Name: really untrue facts", "privacy_policy_href": ""}, "Beer On The Wall": {"review-count": "3", "description": "Description\nThis skill allows Alexa to sing everyone's favorite party song, 99 bottles of beer. The song is started by asking for a certain number of bottles, and will play out until the end, unless you get too drunk.", "details": "Skill Details\nRated: Mature.\nThis skill contains dynamic content.\nInvocation Name: bottles of beer", "privacy_policy_href": ""}, "Validate Me": {"review-count": "0", "description": "Description\nUse this skill to feel validated in your work. Targeted mostly to stay at home parents who get the most thankless job.", "details": "Skill Details\nThis skill contains dynamic content.\nInvocation Name: validate me", "privacy_policy_href": ""}, "Funny Talk": {"review-count": "5", "description": "Description\nFunny Talk is a skill that will tell you something interesting to make you smile, snicker a little bit, or full on laugh out loud.", "details": "Skill Details\nRated: Guidance Suggested.\nThis skill contains dynamic content.\nInvocation Name: funny talk", "privacy_policy_href": ""}, "Name my dog": {"review-count": "8", "description": "Description\nThis is for entertainment purposes. It provides dog names on request to help you pick a name for your dog. Say male, female, neutral or any for a gender-specific dog name. It does not require any permissions or customer data.", "details": "Skill Details\nThis skill contains dynamic content.\nInvocation Name: name my dog", "privacy_policy_href": ""}, "Bob's jokes": {"review-count": "1", "description": "Description\nBob can tell you a joke", "details": "Skill Details\nThis skill contains dynamic content.\nInvocation Name: bob's jokes", "privacy_policy_href": ""}, "Tonight in AIC": {"review-count": "0", "description": "Description\nNot sure what to do tonight in Austin, Texas? Try some live comedy or improvised theater! Austin Improv provides daily updated listings for all of the major improv theaters in town, and there's always something new happening.", "details": "Skill Details\nThis skill contains dynamic content.\nInvocation Name: austin improv", "privacy_policy_href": ""}, "Good Word": {"review-count": "1", "description": "Description\nThis skill allows Alexa to be a true Tech fan. When you ask Tech Fan \"what's the good word\", it'll respond with the traditional \"to hell with Georgia\".", "details": "Skill Details\nThis skill contains dynamic content.\nInvocation Name: tech fan", "privacy_policy_href": ""}, "Know It All": {"review-count": "3", "description": "Description\nEvery time if you call tidbit, it throws out a knowledge that the world doesn't need.\nIf you ever wanted to know, what is the weight of Godzilla, this skill is for you.", "details": "Skill Details\nRated: Guidance Suggested.\nThis skill contains dynamic content.\nInvocation Name: knowitall", "privacy_policy_href": ""}, "R - Jokes (Travis)": {"review-count": "0", "description": "Description\nTells top jokes from Reddit posted in the past month.", "details": "Skill Details\nRated: Mature.\nThis skill contains dynamic content.\nInvocation Name: reddit jokes", "privacy_policy_href": ""}, "SBHX Shenanigans": {"review-count": "1", "description": "Description\nThis is a skill intended for members of the Santa Barbara Hackerspace. It dispenses a random quote from the founder, \"Swiss\".", "details": "Skill Details\nThis skill contains dynamic content.\nInvocation Name: s. b. h. x. shenanigans", "privacy_policy_href": ""}, "Oracle Prophet of Life": {"review-count": "0", "description": "Description\nAsk Oracle Prophet for Life a Yes or No Question and it will Answer Correctly without fail (no guarantees).", "details": "Skill Details\nThis skill contains dynamic content.\nInvocation Name: oracle prophet", "privacy_policy_href": ""}, "Code Monkey Quotes": {"review-count": "0", "description": "Description\nThis skill will provide you with the interesting quotes said by software developer or people related to the industry.\n\nNo additional hardware required to run the app.", "details": "Skill Details\nThis skill contains dynamic content.\nInvocation Name: code monkey quote", "privacy_policy_href": ""}, "Truly Random - Quantum Random Number Generator": {"review-count": "0", "description": "Description\nFor a truly random number this skill uses the random conditions of the quantum world. Just say \"get number\" or \"generate number\" to retrieve a quantum randomly selected number between 0 and 65535. This delivers the ultimate in randomness which is simple to use.", "details": "Skill Details\nThis skill contains dynamic content.\nInvocation Name: truly random", "privacy_policy_href": ""}, "Da Best": {"review-count": "0", "description": "Description\nAlexa tells you that you are the best", "details": "Skill Details\nThis skill contains dynamic content.\nInvocation Name: da best", "privacy_policy_href": ""}, "Zombie News": {"review-count": "6", "description": "Description\nUse this skill to get a handle on your local zombie horde:\n\nHear inspirational groans,\nLearn the phase of the moon,\nGet real-time hunting tips,\nHear zombie trivia, and\nFind out what music other zombies are listening to.", "details": "Skill Details\nThis skill contains dynamic content.\nInvocation Name: zombie news", "privacy_policy_href": ""}, "Funny Holidays": {"review-count": "4", "description": "Description\nLook up certain days and find out if there is a funny, bizarre, or interesting event on that day.", "details": "Skill Details\nRated: Guidance Suggested.\nThis skill contains dynamic content.\nInvocation Name: funny holidays", "privacy_policy_href": ""}, "Complimenter": {"review-count": "15", "description": "Description\nSometimes you just need a compliment; don't be afraid to ask Alexa!", "details": "Skill Details\nThis skill contains dynamic content.\nInvocation Name: give me a compliment", "privacy_policy_href": ""}, "Fun Food Facts Skill": {"review-count": "0", "description": "Description\nA fantastic list of one hundred random food facts from fruit & veg, to chocolate and candy. These is a fun way to spend time on food , kitchen and chef related facts.", "details": "Skill Details\nThis skill contains dynamic content.\nInvocation Name: food facts", "privacy_policy_href": ""}, "Instant Cena": {"review-count": "165", "description": "Description\nDo you support the US Military? Because a former decorated United States Marine Corps veteran needs your help.", "details": "Skill Details\nThis skill contains dynamic content.\nInvocation Name: there is a marine who needs my help", "privacy_policy_href": ""}, "Top Search": {"review-count": "82", "description": "Description\nJust launch the skill to immediately get the top 10 currently trending Google search terms. Quickly know what is popular around the world at any given time!", "details": "Skill Details\nRated: Guidance Suggested.\nThis skill contains dynamic content.\nInvocation Name: top search", "privacy_policy_href": ""}, "Quoter": {"review-count": "1", "description": "Description\nAnnounces a random quote from the forismatic.com API.", "details": "Skill Details\nThis skill contains dynamic content.\nInvocation Name: quoter", "privacy_policy_href": ""}, "Aussie Lingo Translator": {"review-count": "1", "description": "Description\nG'day! I can help you understand and learn some uniquely Australian words and phrases.\n\nYou can say, 'tell me an Aussie word', or 'new word'.\n\nYou can also ask me the meaning of a specific Aussie word or saying. For example, you can say, 'what is a brolly?' Or, 'how do you say chewing gum?'\n\nJust say 'repeat' if you want to hear it again.\n\nWe'll have you speaking like an Aussie in no time!", "details": "Skill Details\nRated: Guidance Suggested.\nThis skill contains dynamic content.\nInvocation Name: aussie lingo", "privacy_policy_href": ""}, "young ethan": {"review-count": "9", "description": "Description\nA little skill to demonstrate what a four year old likes.", "details": "Skill Details\nThis skill contains dynamic content.\nInvocation Name: young ethan", "privacy_policy_href": ""}, "Bark Bark": {"review-count": "165", "description": "Description\nFun skill to teach Alexa so she can talk like fido.", "details": "Skill Details\nThis skill contains dynamic content.\nInvocation Name: bark bark", "privacy_policy_href": ""}, "How much do I care?": {"review-count": "13", "description": "Description\nThere are many times where we don't feel like thinking about how much we care. Now we can ask Alexa to do that for you! Simply say \"Alexa, ask care meter do I care?\" and she'll give you a response on a scale of 0 to 10. Pretty simple stuff.", "details": "Skill Details\nThis skill contains dynamic content.\nInvocation Name: care meter", "privacy_policy_href": ""}, "P. G. Wodehouse Random Quote Generator": {"review-count": "1", "description": "Description\nAsk it for a quote, and it will return a quote from the author P. G. Wodehouse, who is known for his witty remarks and hilarious descriptions.", "details": "Skill Details\nThis skill contains dynamic content.\nInvocation Name: p. g. wodehouse", "privacy_policy_href": ""}, "The Glorious Leader's Activities": {"review-count": "6", "description": "Description\nWith this skill, you can find all about the wonderfully democratic acts performed by the glorious people's leader of true Korea. Never again will you have to ask yourself \"I wonder if the glorious leader inspected a dental sanitary goods factory today or ran a competition where everyone performed perfectly, but some more perfectly than others\". The answer to this question is now easily accessible through your Amazon Alexa.", "details": "Skill Details\nThis skill contains dynamic content.\nInvocation Name: the glorious leader", "privacy_policy_href": ""}, "FirstSkill": {"review-count": "0", "description": "Description\nDavid's first alexa skill, a fun and simple game that will give you hours of fun! The skill is a game of guessing, and traversing a complex network of doors, see if you can find the winning door!", "details": "Skill Details\nThis skill contains dynamic content.\nInvocation Name: david's game", "privacy_policy_href": ""}, "Bike Expert": {"review-count": "0", "description": "Description\nAsk Alexa to save your favorite bike", "details": "Skill Details\nThis skill contains dynamic content.\nInvocation Name: bike expert", "privacy_policy_href": ""}, "Mirror": {"review-count": "112", "description": "Description\nSmart Mirror Project. This mirror tells you, who's the fairest one of all?", "details": "Skill Details\nThis skill contains dynamic content.\nInvocation Name: my mirror", "privacy_policy_href": ""}, "Decider": {"review-count": "0", "description": "Description\nAsk Alexa to pick one from multiple options", "details": "Skill Details\nThis skill contains dynamic content.\nInvocation Name: decider helper", "privacy_policy_href": ""}, "AntiJoke": {"review-count": "1", "description": "Description\nJust ask for a bad joke or an anti-joke to get some controversial humor.", "details": "Skill Details\nThis skill contains dynamic content.\nInvocation Name: anti joke", "privacy_policy_href": ""}, "Reddit Jokes": {"review-count": "909", "description": "Description\nTells you a joke from the top reddit from reddit jokes", "details": "Skill Details\nRated: Mature.\nThis skill contains dynamic content.\nInvocation Name: reddit jokes", "privacy_policy_href": ""}, "hello_alan_stirling": {"review-count": "1", "description": "Description\nDescribe what politeness is", "details": "Skill Details\nThis skill contains dynamic content.\nInvocation Name: digital etiquette", "privacy_policy_href": ""}, "Mystic Mark": {"review-count": "0", "description": "Description\nNeed to know what the future holds or if you should do something? Simply ask Mystic Mark and get a response from the UK's premier film critic informing you in his own velvety tones what he foresees for you.", "details": "Skill Details\nThis skill contains dynamic content.\nInvocation Name: mystic mark", "privacy_policy_href": ""}, "Ask Mum": {"review-count": "0", "description": "Description\nYou can now ask Alexa for a famous Mum saying.", "details": "Skill Details\nThis skill contains dynamic content.\nInvocation Name: your mum", "privacy_policy_href": ""}, "Ask Dad": {"review-count": "0", "description": "Description\nYou can now ask Alexa for a famous Dad saying.", "details": "Skill Details\nRated: Guidance Suggested.\nThis skill contains dynamic content.\nInvocation Name: your dad", "privacy_policy_href": ""}, "Prince Phillip Quotes": {"review-count": "0", "description": "Description\nHello old chap, want to hear some funny old quotes by the one and only Prince Phillip? You've come to the right skill! Over 100 great and cheeky quotes for you to hear and many more to come as we update the app.\n\nTo get the app started just \"Alexa ask Prince Phillip Quotes for a quote \" and one will be provided.", "details": "Skill Details\nRated: Mature.\nThis skill contains dynamic content.\nInvocation Name: prince phillip quotes", "privacy_policy_href": ""}, "Toki Pona Skill": {"review-count": "0", "description": "Description\nThis alexa skill gives you a random word in Tokipona when you ask it to give you a new word.", "details": "Skill Details\nThis skill contains dynamic content.\nInvocation Name: toki pona", "privacy_policy_href": ""}, "Cranky Robot": {"review-count": "17", "description": "Description\nSometimes Alexa doesn't feel like answering your questions! Ask Cranky Robot anything and get a cranky reply.\n\nThis is a simple novelty skill where Alexa will give you a snarky reply instead of answering your question. You can ask Cranky Robot any kind of question and totally not get the answer you're looking for.\n\nGuidance suggested.", "details": "Skill Details\nRated: Mature.\nThis skill contains dynamic content.\nInvocation Name: cranky robot", "privacy_policy_href": ""}, "Sea Slug Facts": {"review-count": "1", "description": "Description\nThis Alexa skill will offer up a quick sea slug fact from a (growing!) list. Simply ask Alexa to tell you a sea slug fact and you'll start learning about these interesting sea creatures.", "details": "Skill Details\nThis skill contains dynamic content.\nInvocation Name: sea slug facts", "privacy_policy_href": ""}, "Insult me": {"review-count": "4", "description": "Description\nDo you ever need a quick insult? Well now you can ask Alexa to insult you to hear a random insult", "details": "Skill Details\nRated: Guidance Suggested.\nThis skill contains dynamic content.\nInvocation Name: insult me", "privacy_policy_href": ""}, "Strut Your Stuff": {"review-count": "4", "description": "Description\nThis is a skill designed to let you play around with Alexa and hear a few tricks she has up her virtual sleeves. Simply ask Alexa to \"Strut Your Stuff\" and she'll show off one of her talents at random. You can also choose a particular talent by saying, \"ask Strut Your Stuff to demonstrate (name of talent)\" substituting the name of one of her talents such as Falling, Gibberish, Interjections, Jabberwocky, Rooster, Sheldon, or Whisper. There are a few others. See if you can guess their names.\n\nIf you ask for a Menu, you'll get a message explaining how to get Alexa to perform a specific talent. Check your Alexa app for a written version of the instructions.\n\nThat's it, at least for now. Have fun!", "details": "Skill Details\nThis skill contains dynamic content.\nInvocation Name: strut your stuff", "privacy_policy_href": ""}, "Trumpdate": {"review-count": "2", "description": "Description\nDonald Trump's Twitter has caused a bunch of controversy lately. This skill gives you the latest tweet from the president.", "details": "Skill Details\nThis skill contains dynamic content.\nInvocation Name: trump date", "privacy_policy_href": ""}, "whatAnimal": {"review-count": "12", "description": "Description\nThis app lets you know what animal you are based on the questions that Alexa asks. This app is a humor app.", "details": "Skill Details\nThis skill contains dynamic content.\nInvocation Name: what animal", "privacy_policy_href": ""}, "Is Seagull Streaming": {"review-count": "0", "description": "Description\nWhen Seagull is streaming can be quite unpredictable. Instead of logging onto twitch and checking, you can quickly ask if he is online.", "details": "Skill Details\nThis skill contains dynamic content.\nInvocation Name: seagull stream", "privacy_policy_href": ""}, "Jimbo Quotes": {"review-count": "2", "description": "Description\nThis skill is for entertainment purposes only. It allows the user to hear a random quote from Jimbo read aloud. There are no hardware restrictions or account requirements, just ask for a jimbo quote.", "details": "Skill Details\nThis skill contains dynamic content.\nInvocation Name: jimbo quotes", "privacy_policy_href": ""}, "Naughty elf": {"review-count": "1", "description": "Description\nAsk the naughty elf for a Christmas joke, or ask him if you are on the naughty list.", "details": "Skill Details\nRated: Guidance Suggested.\nThis skill contains dynamic content.\nInvocation Name: naughty elf", "privacy_policy_href": ""}, "Pet Picker": {"review-count": "25", "description": "Description\nSometimes you need to decide what pet you should get. Ask Alexa for advice before making a decision on a pet. Say \"Alexa, help me choose a pet\" to go through a series of questions and get pet advice based on your answers.", "details": "Skill Details\nThis skill contains dynamic content.\nInvocation Name: help me choose a pet", "privacy_policy_href": ""}, "Incredibly Weird Facts": {"review-count": "1", "description": "Description\nThis skill presents a weird, but interesting fact that most people may not know. The facts will change often for continuous useless knowledge!", "details": "Skill Details\nRated: Guidance Suggested.\nThis skill contains dynamic content.\nInvocation Name: weird facts", "privacy_policy_href": ""}, "Crazy Ideas": {"review-count": "0", "description": "Description\nThe Shower Thoughts Alexa Skill reads posts from the Reddit subreddit Crazy Ideas (https://www.reddit.com/r/crazyideas/). Hear about many bewildering, crazy ideas from people all over the world! This skill is a great way to have fun with friends or get your daily dose of humor.", "details": "Skill Details\nRated: Mature.\nThis skill contains dynamic content.\nInvocation Name: crazy ideas", "privacy_policy_href": ""}, "Favorite Car Brand": {"review-count": "1", "description": "Description\nThe skill allows users to tell Alexa what their favorite car brand is and have Alexa repeat this back to them.", "details": "Skill Details\nThis skill contains dynamic content.\nInvocation Name: car brand", "privacy_policy_href": ""}, "Chuck Norris Facts (Unofficial)": {"review-count": "6", "description": "Description\nChuck Norris facts was created to add some humor to our daily lives.\n\nSimply shout 'Alexa, chuck norris fact!' at your Amazon Echo to hear something interesting about the man.\n\nThis not-for-profit skill is not endorsed by or in any way affiliated with the personality Chuck Norris or the trademark owner, Carlos Ray Norris.", "details": "Skill Details\nRated: Mature.\nThis skill contains dynamic content.\nInvocation Name: chuck facts", "privacy_policy_href": ""}, "Car Jokes": {"review-count": "4", "description": "Description\nPlease feel free to ask us for a joke like:\n\nAlexa, Ask Car Jokes to tell me a car joke.\nAlexa, Tell Car Jokes to give me a joke.\nAlexa, Ask Car Jokes for a good one.\n\nIn the near future, we will add the ability to call out what is your favorite brand of cars or trucks.", "details": "Skill Details\nThis skill contains dynamic content.\nInvocation Name: car jokes", "privacy_policy_href": ""}, "Lynx": {"review-count": "11", "description": "Description\nLynx is a skill designed for a humanoid robot called Lynx. In order to fully enjoy the skill, you need to set up a Lynx robot using the Lynx app and link the same Amazon account in the Alexa app.\n\nHere are the things that Lynx can do for you:\n\nTeaching you Yoga and workout exercises. For each Yoga pose, Lynx will show you the pose and at the same time explain to you how to do the pose.\nMoving forward, backward, leftward, and rightward as well as turning left and right.\nDancing for you. Lynx will play music and dance for you at the same time.\nTaking pictures for you.\n\nYou can ask questions or give commands, such as:\n\n\u201cAlexa, ask Lynx to dance.\u201d\n\u201cAlexa, tell Lynx to take a picture.\u201d\n\u201cAlexa, tell Lynx to move forward.\u201d\n\u201cAlexa, ask Lynx to turn left\u201d\n\u201cAlexa, ask Lynx to teach me yoga.\u201d\n\u201cAlexa, tell Lynx to teach me workout exercises.\u201d\n\nPlease note:\nMake sure your Lynx is put on a flat surface when using these functions in case that the robot falls down.", "details": "Skill Details\nRated: Guidance Suggested.\nThis skill contains dynamic content.\nInvocation Name: lynx\nDeveloper Privacy Policy", "privacy_policy_href": "https://www.ubtrobot.com/us/private-policy"}, "favorite cat": {"review-count": "6", "description": "Description\nThis is a simple skill where you just tell Alexa who your favorite cat is and she remembers!", "details": "Skill Details\nThis skill contains dynamic content.\nInvocation Name: favorite cat", "privacy_policy_href": ""}}