{"Random Compliments": {"review-count": "0", "description": "Description\nAsk for a compliment and you shall receive a beautiful compliment as ordered", "details": "Skill Details\nThis skill contains dynamic content.\nInvocation Name: random compliments", "privacy_policy_href": ""}, "Chicken Nuggetry": {"review-count": "78", "description": "Description\nChicken Nuggetry is the must have skill for all chicken nugget lovers. With tons of sweet and sour chicken nugget haikus for your pleasure. Once you have enabled the skill, just say \"Alexa, open nugget haikus\" and enjoy!", "details": "Skill Details\nThis skill contains dynamic content.\nInvocation Name: nugget haikus", "privacy_policy_href": ""}, "Tim Stuart": {"review-count": "1", "description": "Description\nThis is a skill that returns random quotes.", "details": "Skill Details\nThis skill contains dynamic content.\nInvocation Name: tim's brain", "privacy_policy_href": ""}, "Benedict Cumberbatch Generator": {"review-count": "7", "description": "Description\nBased on the much loved Benedict Cumberbatch name generator, now packaged in this fun to use skill! Simply ask Benedict to introduce himself and get ready to be blown away.", "details": "Skill Details\nThis skill contains dynamic content.\nInvocation Name: benedict generator", "privacy_policy_href": ""}, "doc brown": {"review-count": "7", "description": "Description\nYou can ask the quote doctor for a movie quote and he will provide a you with a quote from the movie Back to the Future.", "details": "Skill Details\nThis skill contains dynamic content.\nInvocation Name: the quote doctor", "privacy_policy_href": ""}, "Some strange facts": {"review-count": "2", "description": "Description\nAsk for a random strange fact!", "details": "Skill Details\nThis skill contains dynamic content.\nInvocation Name: some strange facts", "privacy_policy_href": ""}, "AWFUL Space Facts": {"review-count": "0", "description": "Description\nAWFUL space facts!\n\nNo dependencies or prerequisites necessary. A comedic take on the provided SpaceGeek template for the Alexa Skills Kit.", "details": "Skill Details\nThis skill contains dynamic content.\nInvocation Name: awful space facts", "privacy_policy_href": ""}, "Randwich Generator": {"review-count": "1", "description": "Description\nInvents random sandwiches on demand. Use it for lunchtime inspiration, or just to amuse yourself.", "details": "Skill Details\nThis skill contains dynamic content.\nInvocation Name: randwich generator", "privacy_policy_href": ""}, "NetHack Fortune Cookies (Unofficial)": {"review-count": "3", "description": "Description\nNetHack Fortune Cookies (Unofficial) provides random fortune cookies from the classic ASCII-graphics game NetHack. This skill is not affiliated with Stichting Mathematisch Centrum and M. Stephenson", "details": "Skill Details\nThis skill contains dynamic content.\nInvocation Name: nethack fortune cookies", "privacy_policy_href": ""}, "Odesa's Facts": {"review-count": "0", "description": "Description\nFacts about Odesa, city of Ukraine", "details": "Skill Details\nThis skill contains dynamic content.\nInvocation Name: odesa's facts", "privacy_policy_href": ""}, "myAwesomeFacts": {"review-count": "3", "description": "Description\nJust a fun app to tell you some facts that you may or may not care about. However, this carefully curated facts list is awesome!", "details": "Skill Details\nThis skill contains dynamic content.\nInvocation Name: awesome facts", "privacy_policy_href": ""}, "Stand Up Facts": {"review-count": "2", "description": "Description\nThis skill is triggered by utterances such as \"stand up facts\" or \"comedian facts\". This then prompts the user on whether they would like to receive their fact or quit. If they choose to receive their fact then one is randomly chosen from a pool of 15. Based off of the space geek template.", "details": "Skill Details\nThis skill contains dynamic content.\nInvocation Name: stand up facts", "privacy_policy_href": ""}, "Who are you": {"review-count": "1", "description": "Description\nWho are you?\n\n-Alexa replies with different funny answers.", "details": "Skill Details\nThis skill contains dynamic content.\nInvocation Name: who are you", "privacy_policy_href": ""}, "Glaring Importance": {"review-count": "1", "description": "Description\nEver wonder about the 12 Days of Christmas? Wonder no more!", "details": "Skill Details\nThis skill contains dynamic content.\nInvocation Name: glaring importance", "privacy_policy_href": ""}, "Star Date Converter": {"review-count": "91", "description": "Description\nLook up of the standardized United Federation of Planets Star Date equivalent to the traditional Earth date in accordance with the formatting used in the recent \"alternate\" Star Trek movies. Just say look up the Star Date for February 2nd, 2161 or you can say what is the Star Date for today, yesterday, tomorrow, X days or years from today.\n\nDate ranges from the 10th thru 30th Centuries are valid input or you can extend the range to Earth year 0 through 9999 by saying X years from today.\n\nSpace exploration trivia for significant historical and future Star Dates is also provided.\n\nThis is an unofficial fan application and not associated in any way with CBS Studios, Inc.", "details": "Skill Details\nThis skill contains dynamic content.\nInvocation Name: star date converter", "privacy_policy_href": ""}, "FlyShiba Trivia": {"review-count": "0", "description": "Description\nThis is a trivia game related to a dog named Toby who lives in Seattle", "details": "Skill Details\nThis skill contains dynamic content.\nInvocation Name: fly shiba trivia", "privacy_policy_href": ""}, "Woody Show Fan Trivia": {"review-count": "2", "description": "Description\nNOTE: THIS SKILL MAY INCLUDE CRUDE HUMOR. PLEASE USE WITH CAUTION WHEN CHILDREN ARE NEARBY! Trivia facts about your favorite Woody Show DJs! Use your Echo or other Alexa enabled device and say Open the Woody Show Fan for some fun information about your favorite morning show crew. This skill is not sponsored or endorsed by iHeartMedia, Inc", "details": "Skill Details\nRated: Mature.\nThis skill contains dynamic content.\nInvocation Name: the woody show fan", "privacy_policy_href": ""}, "Trump Countdown (Unofficial)": {"review-count": "5", "description": "Description\nCountdown timer until the next inauguration. Or the one after that... Because we need to know that there is work to do.", "details": "Skill Details\nFlash Briefing Skill\nThis skill contains dynamic content.", "privacy_policy_href": ""}, "Interesly reader": {"review-count": "0", "description": "Description\nHave Alexa read the latest five articles from interesly.com a site devoted to funny, informative info of popular culture, national days and unusual facts.\n\nHave your stories read to you by Alexa or visit interesly.com to find out more.", "details": "Skill Details\nRated: Guidance Suggested.\nThis skill contains dynamic content.\nInvocation Name: interesly reader", "privacy_policy_href": ""}, "Am I Loved": {"review-count": "3", "description": "Description\nLoves me or Loves me not?? Ask Alexa if that special person loves you and she will let you know!!!\nJust open Am I Loved and Alexa will ask who is on your mind. She will then let you know if they do indeed love you.", "details": "Skill Details\nThis skill contains dynamic content.\nInvocation Name: am i loved", "privacy_policy_href": ""}, "#MomLife": {"review-count": "1", "description": "Description\nBeing a mom is one of the most challenging and rewarding things in life. Every day is an adventure and even though it can get a little crazy, you somehow find humor in the madness. Enable this skill to get the real scoop on what it means to live the #momlife.", "details": "Skill Details\nThis skill contains dynamic content.\nInvocation Name: mom life", "privacy_policy_href": ""}, "Alex's Cool Program": {"review-count": "8", "description": "Description\nThis skill tells you how awesome and cool you are! Simply say one of the phrases below and Alexa will compliment you in return. That's it!\nPhrases:\nTell me how cool I am.\nI am cool.\nI am amazing.\nTell me how amazing I am.", "details": "Skill Details\nThis skill contains dynamic content.\nInvocation Name: my cool program", "privacy_policy_href": ""}, "Describe Adam Kempa": {"review-count": "1", "description": "Description\nAsk Alexa to describe Adam Kempa; she will comply. Handy!", "details": "Skill Details\nThis skill contains dynamic content.\nInvocation Name: describe adam kempa", "privacy_policy_href": ""}, "Space Lies": {"review-count": "0", "description": "Description\nDon't trust these facts! Every fact is supposed to be humorous, and a parody of amazon's own space facts skill.", "details": "Skill Details\nThis skill contains dynamic content.\nInvocation Name: space lies", "privacy_policy_href": ""}, "LagunaGeek": {"review-count": "1", "description": "Description\nEver wanted to know a bit of random trivia, just ask me.", "details": "Skill Details\nThis skill contains dynamic content.\nInvocation Name: laguna geek", "privacy_policy_href": ""}, "Woody or Tinny": {"review-count": "0", "description": "Description\nThink you know if a word is woody or tinny? Best prove it, Becky old chap!\n\nLet Alexa know if a word is woody or tinny sounding and see how you compare to other Alexa users. What better way to spend an afternoon, other than playing with Aunt Lavinia's croquet hoops or taking a bath, I suppose.\n\nFor example:\n'newspaper' - dreadful *tinny* sort of word\n\n(This skill is based off of Monty Python's \"Woody and Tinny Words\" sketch)", "details": "Skill Details\nThis skill contains dynamic content.\nInvocation Name: woody or tinny", "privacy_policy_href": ""}, "Lily the Beagle Facts": {"review-count": "3", "description": "Description\nProvides facts about Lily, an adorable Lemon Beagle", "details": "Skill Details\nThis skill contains dynamic content.\nInvocation Name: lily facts", "privacy_policy_href": ""}, "Young Bug": {"review-count": "2", "description": "Description\nA simple facts skill that tells you about the wonderful life of Young Bug!", "details": "Skill Details\nRated: Guidance Suggested.\nThis skill contains dynamic content.\nInvocation Name: young bug", "privacy_policy_href": ""}, "Made up facts": {"review-count": "0", "description": "Description\nAsk for a \"made up fact\" and a humourous non-true reply is given. There is no profanity, no obscene, and no inappropriate content.", "details": "Skill Details\nThis skill contains dynamic content.\nInvocation Name: made up facts", "privacy_policy_href": ""}, "Unofficial Ron Swanson": {"review-count": "4", "description": "Description\nUnofficial and fan made!\n\nQuotes courtesy of: https://github.com/jamesseanwright/ron-swanson-quotes\n\nImage courtesy of NBC, fair use.", "details": "Skill Details\nRated: Mature.\nThis skill contains dynamic content.\nInvocation Name: unofficial ron swanson", "privacy_policy_href": ""}, "Jamaica Facts": {"review-count": "70", "description": "Description\nInteresting facts about Jamaica that will grow over time.", "details": "Skill Details\nThis skill contains dynamic content.\nInvocation Name: jamaica facts", "privacy_policy_href": ""}, "random-song-lyrics": {"review-count": "27,610", "description": "Description\nSimply ask Alexa to open Random Song Lyrics and sing a song. She'll respond with a snippet of silly song lyrics.", "details": "Skill Details\nThis skill contains dynamic content.\nInvocation Name: random song lyrics\nDeveloper Privacy Policy\nDeveloper Terms of Use", "privacy_policy_href": "https://volleythat.com/terms-of-service-privacy-policy/"}, "BryansHockeyTrivia": {"review-count": "1", "description": "Description\nThis is a trivia quiz on a random set of hockey knowledge that would be impressive if anyone got completely right.", "details": "Skill Details\nThis skill contains dynamic content.\nInvocation Name: bryans hockey trivia", "privacy_policy_href": ""}, "Random Word": {"review-count": "0", "description": "Description\nAsk Alexa for a random word and she will say it to you.", "details": "Skill Details\nThis skill contains dynamic content.\nInvocation Name: random word", "privacy_policy_href": ""}, "Doc Holiday": {"review-count": "13", "description": "Description\nFind out about fun holidays and when to celebrate them. When are holidays celebrating ice cream? What else is celebrated on your birthday?", "details": "Skill Details\nThis skill contains dynamic content.\nInvocation Name: doc holiday", "privacy_policy_href": ""}, "BortRenfro": {"review-count": "0", "description": "Description\nPlays 1 of 4 Bort facts.", "details": "Skill Details\nThis skill contains dynamic content.\nInvocation Name: best yellow character", "privacy_policy_href": ""}, "Activity Selector": {"review-count": "1", "description": "Description\nBased on a series of questions, helps suggests an activity based on weather, cost and if you want/are alone or want to be around others.", "details": "Skill Details\nThis skill contains dynamic content.\nInvocation Name: activity selector", "privacy_policy_href": ""}, "My Applause": {"review-count": "36", "description": "Description\nA good joke sounds better with some applause and Alexa is here to deliver. Alexa, start My Applause", "details": "Skill Details\nThis skill contains dynamic content.\nInvocation Name: my applause", "privacy_policy_href": ""}, "NessieFacts": {"review-count": "2", "description": "Description\nFun facts about the Loch Ness Monster", "details": "Skill Details\nThis skill contains dynamic content.\nInvocation Name: nessie facts", "privacy_policy_href": ""}, "Who is Phillip Pham": {"review-count": "0", "description": "Description\nI will post cool stuff also about what i am doing, what i am building and tell my entrepreneurial story. At the moment, just testing alexa and input some random facts about Phillip Pham(me).", "details": "Skill Details\nThis skill contains dynamic content.\nInvocation Name: who is phillip pham", "privacy_policy_href": ""}, "Unofficial Trump Insult Generator": {"review-count": "24", "description": "Description\nLearn how to insult a person like a boss using the Unofficial Trump Insult Generator. This Alexa app pulls together several random one sentence Donald Trump's quotes and strings them together with a first name to insult a person. What insult will you generate?", "details": "Skill Details\nRated: Mature.\nThis skill contains dynamic content.\nInvocation Name: insult generator", "privacy_policy_href": ""}, "Norse Mythology": {"review-count": "34", "description": "Description\nProvides some simple facts about Norse mythology", "details": "Skill Details\nThis skill contains dynamic content.\nInvocation Name: norse mythology", "privacy_policy_href": ""}, "Jokes Galore": {"review-count": "2", "description": "Description\nThe skill was built to provide Amazon Echo users with jokes that they might have heard of but haven't heard or have forgotten. As an added bonus I've included jokes of my own. Enjoy!", "details": "Skill Details\nThis skill contains dynamic content.\nInvocation Name: jokes galore", "privacy_policy_href": ""}, "Dial Up Antique Modem": {"review-count": "5", "description": "Description\nA simple modem skill that simulates connecting to an internet service in the 20th century. Just ask Alexa to connect, \"Alexa, ask dial up modem to connect\"", "details": "Skill Details\nThis skill contains dynamic content.\nInvocation Name: dial up modem", "privacy_policy_href": ""}, "Tornado Sirens": {"review-count": "24", "description": "Description\nThere's a tornado near and it's your job to sound the sirens to warn the others.\n\nYou can stop and resume the sirens by asking 'Alexa Pause', 'Alexa Resume'. Similarly, to stop the sirens ask, 'Alex Stop' or 'Alexa Cancel'", "details": "Skill Details\nThis skill contains dynamic content.\nInvocation Name: tornado sirens", "privacy_policy_href": ""}, "Hamster Facts": {"review-count": "11", "description": "Description\nAsk Alex to tell a hamster fact.\nThis skill is intended on supplying hamster owners or lovers with quick facts about hamsters without having to do an extensive Google search.\nIts filled fun and helpful facts I think all hamster fans should know.", "details": "Skill Details\nThis skill contains dynamic content.\nInvocation Name: hamster facts", "privacy_policy_href": ""}, "My Meteo Flash Brief": {"review-count": "0", "description": "Description\nprovides daily horoscope \"meteo\" info : the default feed presents whole horoscope, split into different items, dedicated to each sign. The user has to say \"next\" to get next item in this default global current feed.\n\nThe end user can also select his preferred feed among following astrological signs : arius, taurus, gemini, cancer, leo, virgo, libra, scorpio, sagittarius, capricorn, aquarius, pisces.\n\nOther alerts may appear in the future ;)", "details": "Skill Details\nFlash Briefing Skill\nThis skill contains dynamic content.", "privacy_policy_href": ""}, "Confucius Jokes": {"review-count": "8", "description": "Description\nConfucius says: Do not take this skill seriously.\n\nAsk Confucius for a mostly-clean humorous quote to bring a smile to your face.", "details": "Skill Details\nThis skill contains dynamic content.\nInvocation Name: confucius jokes", "privacy_policy_href": ""}, "What Would Mr. West Say": {"review-count": "1", "description": "Description\nLooking for some advice or perspectives on life? What Would Mr. West Say will tell you . . . what Mr. West has said in various interviews that may or may not be applicable to your situation. This skill will let you finish, but it does not know where to find your croissants.", "details": "Skill Details\nThis skill contains dynamic content.\nInvocation Name: what would mister west say", "privacy_policy_href": ""}, "Failed Future Predictions": {"review-count": "3", "description": "Description\nThe skill tells a failed future prediction at a time.\nNote: This skill may not be suitable for all ages.", "details": "Skill Details\nRated: Guidance Suggested.\nThis skill contains dynamic content.\nInvocation Name: failed future predictions", "privacy_policy_href": ""}, "Crazy Carrot": {"review-count": "1", "description": "Description\nNever be without inspiration again. The Crazy Carrot will fill you with confidence to be your best.", "details": "Skill Details\nRated: Mature.\nThis skill contains dynamic content.\nInvocation Name: crazy carrot", "privacy_policy_href": ""}, "Quick Escape": {"review-count": "8", "description": "Description\nEver need to flee the country? This app will give a new random identity instantly!", "details": "Skill Details\nThis skill contains dynamic content.\nInvocation Name: quick escape", "privacy_policy_href": ""}, "What Pet": {"review-count": "2", "description": "Description\nA silly skill about deciding what pet to get.", "details": "Skill Details\nThis skill contains dynamic content.\nInvocation Name: what pet", "privacy_policy_href": ""}, "Aussie Facts": {"review-count": "0", "description": "Description\nAussie Facts gives you some really interesting facts about Alexa. You can say g'day with your question, and Alexa will give you the lowdown on Australian history and trivia.", "details": "Skill Details\nThis skill contains dynamic content.\nInvocation Name: aussie facts", "privacy_policy_href": ""}, "Fun Hal": {"review-count": "38", "description": "Description\nRemember HAL 9000 from 2001 A Space Odyssey? Well meet Fun Hal, a similar model. Like HAL 9000, Fun Hal will respond to certain requests, such as to self destruct, sing, or even open the pod bay doors.\n\nThis is a work in progress, and I plan to add more things you can ask her, as well as some basic logic.", "details": "Skill Details\nThis skill contains dynamic content.\nInvocation Name: fun hal", "privacy_policy_href": ""}, "Only Facts": {"review-count": "2", "description": "Description\nThe only facts will give you facts about unique things in the world, in the daily life, in the history,...\nDid you know 'underground' is the only word that begins and ends with the letters 'und' ?", "details": "Skill Details\nThis skill contains dynamic content.\nInvocation Name: only facts", "privacy_policy_href": ""}, "State Jokes": {"review-count": "0", "description": "Description\nAsk alexa for a joke. All jokes are based on US states. For example say \"Alexa, ask state jokes for a joke\". Alexa responds with a random joke for example: \"In what state do you get sick and bother people? Illinois.\"", "details": "Skill Details\nThis skill contains dynamic content.\nInvocation Name: state jokes", "privacy_policy_href": ""}, "Lorem Ipsum": {"review-count": "0", "description": "Description\nLorem Ipsum is a common placeholder text. With this skill you can make Alexa say random English words that will make absolutely no sense. Basically the purpose is to give an impression of how well Alexa can pronounce words.\n\nIt uses the hipsterjesus.com API (thanks!), the icon is in the public domain from openclipart.org.", "details": "Skill Details\nThis skill contains dynamic content.\nInvocation Name: lorem ipsum", "privacy_policy_href": ""}, "Unofficial Trump Quotes": {"review-count": "5", "description": "Description\nAsking Trump Quotes for a random Donald Trump funny saying!", "details": "Skill Details\nThis skill contains dynamic content.\nInvocation Name: unofficial trump quotes", "privacy_policy_href": ""}, "Pickup LInes": {"review-count": "754", "description": "Description\nThe skill tells people funny and witty pickup lines. There are over 150 pickup lines at the moment with more to be added.", "details": "Skill Details\nRated: Mature.\nThis skill contains dynamic content.\nInvocation Name: pickup lines", "privacy_policy_href": ""}, "Unofficial Cubs Slogans": {"review-count": "1", "description": "Description\nThese humorous and satirical unofficial cubs slogans are only okay to laugh at when the Cubs are doing well. 2016 hopes and dreams!", "details": "Skill Details\nThis skill contains dynamic content.\nInvocation Name: cubs slogans", "privacy_policy_href": ""}, "Cool Slang": {"review-count": "1", "description": "Description\nThis skill allows everyone to sound like they're a millennial with fun slang phrases used today.", "details": "Skill Details\nThis skill contains dynamic content.\nInvocation Name: cool slang", "privacy_policy_href": ""}, "Enlightening Banana Facts": {"review-count": "5", "description": "Description\nIf you love Banana's, this skill is for you. Discover interesting and random tidbits of info about Banana's.\n\nSurprise your friends at the next party with you vast knowledge of Banana facts!", "details": "Skill Details\nThis skill contains dynamic content.\nInvocation Name: banana facts", "privacy_policy_href": ""}, "Lazy Day": {"review-count": "8", "description": "Description\nDon't want to work today? Ask Alexa for an excuse!", "details": "Skill Details\nRated: Guidance Suggested.\nThis skill contains dynamic content.\nInvocation Name: lazy day", "privacy_policy_href": ""}, "Michaelst Test Trivia": {"review-count": "1", "description": "Description\nSimple trivia game with American history questions.", "details": "Skill Details\nThis skill contains dynamic content.\nInvocation Name: michael's american trivia", "privacy_policy_href": ""}, "daily laugh": {"review-count": "2", "description": "Description\nDaily Laugh app shares or cracks a joke for every invocation. Start your day or end one with some good laughter.", "details": "Skill Details\nThis skill contains dynamic content.\nInvocation Name: daily laugh\nDeveloper Privacy Policy\nDeveloper Terms of Use", "privacy_policy_href": "https://github.com/ruchi-jain/daily-quotes-alexa/blob/master/Privacy%20Policy.md"}, "Unofficial Chuck Norris Jokes": {"review-count": "3", "description": "Description\nA skill to tell a random Chuck Norris joke!", "details": "Skill Details\nRated: Guidance Suggested.\nThis skill contains dynamic content.\nInvocation Name: unofficial chuck norris jokes", "privacy_policy_href": ""}, "rugby facts": {"review-count": "0", "description": "Description\nScrum to live and live to scrum this voice skill will fulfill your every desire for all the great nougats of knowledge you never knew you needed about rugby!", "details": "Skill Details\nRated: Guidance Suggested.\nThis skill contains dynamic content.\nInvocation Name: rugby facts", "privacy_policy_href": ""}, "Yes or No Answer": {"review-count": "0", "description": "Description\nDisclaimer: this skill is a prank skill for entertainment purposes only and does not provide the listed functionality\n\nAsk Alexa for a quick yes or no answer, making your decision making process faster!", "details": "Skill Details\nThis skill contains dynamic content.\nInvocation Name: magic eight ball", "privacy_policy_href": ""}, "Unofficial Arnold Quotes": {"review-count": "7", "description": "Description\nThis is a fan made skill for Amazon's Echo. Once installed, you will be able to ask Alexa for an unofficial random Arnold quote. These famous quotes are from previous movies and may even insult you! Not affiliated or officially sponsored by Arnold.", "details": "Skill Details\nThis skill contains dynamic content.\nInvocation Name: arnold fan", "privacy_policy_href": ""}, "DOS Facts": {"review-count": "21", "description": "Description\nRandom facts about DOS including 86-DOS, PC-DOS and MS-DOS.", "details": "Skill Details\nThis skill contains dynamic content.\nInvocation Name: dos facts", "privacy_policy_href": ""}, "What pet should I get?": {"review-count": "4", "description": "Description\nA fun quiz to help you choose your next pet... with a sense of humor.", "details": "Skill Details\nThis skill contains dynamic content.\nInvocation Name: what pet should i get", "privacy_policy_href": ""}, "Star Wars Trivia": {"review-count": "1,332", "description": "Description\nTest your knowledge of the Star Wars films\nHow big were the wamp rats that Luke could bullseye\nWas it the T-16 or T-18 that he flew while doing it\nFind out if you know any of these daily useful facts\n100% Unofficial and unauthorised", "details": "Skill Details\nThis skill contains dynamic content.\nInvocation Name: star trivia", "privacy_policy_href": ""}, "Failed Technology Predictions": {"review-count": "0", "description": "Description\nThe skill tells a failed technology prediction at a time.\nNote: This skill may not be suitable for all ages.", "details": "Skill Details\nThis skill contains dynamic content.\nInvocation Name: failed technology predictions", "privacy_policy_href": ""}, "Interesting Man": {"review-count": "2", "description": "Description\nThis skill is a twist on The Most Interesting Man in the World quotes. You tell Alexa a name and it will insert that name within the quote. Fun at parties!", "details": "Skill Details\nRated: Mature.\nThis skill contains dynamic content.\nInvocation Name: interesting man", "privacy_policy_href": ""}, "What a Joke": {"review-count": "15", "description": "Description\nWhat a Joke tells you funny and punny jokes. It'll make you laugh and groan at the same time. We'll be adding new jokes regularly, please keep using the skill and keep it enabled to get more jokes.", "details": "Skill Details\nRated: Guidance Suggested.\nThis skill contains dynamic content.\nInvocation Name: what a joke", "privacy_policy_href": ""}, "HacksterSEA Facts": {"review-count": "0", "description": "Description\nSends the user a random fact", "details": "Skill Details\nThis skill contains dynamic content.\nInvocation Name: fun facts", "privacy_policy_href": ""}, "Olympus Quiz": {"review-count": "2", "description": "Description\nWelcome to Olympus Mortal! Take the quiz to learn which Greek God you most identify with.", "details": "Skill Details\nThis skill contains dynamic content.\nInvocation Name: olympus quiz", "privacy_policy_href": ""}, "Fun Math Facts": {"review-count": "0", "description": "Description\nAlways wondering about why mathematics is so important in our daily lives? These skills are focused on learning interesting facts about mathematics. You will need an Echo in order to use this service.", "details": "Skill Details\nThis skill contains dynamic content.\nInvocation Name: fun math facts", "privacy_policy_href": ""}, "Chuck Jokes": {"review-count": "6", "description": "Description\nChuck facts are satirical factoids about martial artist and actor Chuck Norris that have become an Internet phenomenon and as a result have become widespread in popular culture. Listen to some of his most famous jokes about his toughness, attitude, virility, sophistication, and masculinity.", "details": "Skill Details\nThis skill contains dynamic content.\nInvocation Name: chuck jokes", "privacy_policy_href": ""}, "Twisted Fortune Cookies": {"review-count": "1", "description": "Description\nFortune cookies can be full of surprises. Get Alexa to give you a fortune cookie with a funny saying!", "details": "Skill Details\nThis skill contains dynamic content.\nInvocation Name: twisted fortune cookies", "privacy_policy_href": ""}, "Mongols Facts": {"review-count": "0", "description": "Description\nan app that lists some facts about the mongols", "details": "Skill Details\nThis skill contains dynamic content.\nInvocation Name: cool mongols facts", "privacy_policy_href": ""}, "Wishing Well": {"review-count": "9", "description": "Description\nAre you thinking of a wish? Ask the wishing well to grant a wish for you. Think of a wish and then ask wishing well for a wish. The magic person who lives in the wishing well will say the magic words and maybe your wish will be granted!", "details": "Skill Details\nThis skill contains dynamic content.\nInvocation Name: wishing well", "privacy_policy_href": ""}, "Zlatan Quotes": {"review-count": "3", "description": "Description\nBest Zlatan quotes.", "details": "Skill Details\nRated: Guidance Suggested.\nThis skill contains dynamic content.\nInvocation Name: zlatan quotes", "privacy_policy_href": ""}, "PewDiePie Fan": {"review-count": "8", "description": "Description\nCan't get enough of PewDiePie and always want to know what his latest video is? With this skill you can simply ask Alexa to tell you!", "details": "Skill Details\nThis skill contains dynamic content.\nInvocation Name: pewdiepie fan", "privacy_policy_href": ""}, "Spooky Airhorns": {"review-count": "8", "description": "Description\nSpooky airhorns are everywhere. Don't be scared.", "details": "Skill Details\nThis skill contains dynamic content.\nInvocation Name: spooky air horns", "privacy_policy_href": ""}, "programmer jokes": {"review-count": "0", "description": "Description\nProgrammer Jokes is a skill that gives you a random pun that is related to programming. It is fun and easy to use. Simply say, \"Alexa, tell me a programmer joke.\"", "details": "Skill Details\nThis skill contains dynamic content.\nInvocation Name: programmer jokes", "privacy_policy_href": ""}, "To be Continued": {"review-count": "36", "description": "Description\nA simple skill that plays your favorite JoJo meme quotes.\n\nNOTE: I do not claim to own the show JoJo's Bizarre Adventure, nor is this skill officially tied to the show in any way.", "details": "Skill Details\nThis skill contains dynamic content.\nInvocation Name: an enemy stand", "privacy_policy_href": ""}, "Work Excuse": {"review-count": "10", "description": "Description\nThis is a funny application that announces the typical excuses people use at work. Some excuses are funny and some are usual excuse to serve as ideas for those needing an excuse.", "details": "Skill Details\nThis skill contains dynamic content.\nInvocation Name: work excuse", "privacy_policy_href": ""}, "Umpire Insult": {"review-count": "3", "description": "Description\nThis skill will provide some of the more popular umpire insults.", "details": "Skill Details\nRated: Guidance Suggested.\nThis skill contains dynamic content.\nInvocation Name: drunk fan", "privacy_policy_href": ""}, "Unofficial Fact Sphere": {"review-count": "1", "description": "Description\nQuotes from portal 2's fact sphere. Ask for a fact and it will be given.\n\"The Fact Sphere is always right.", "details": "Skill Details\nThis skill contains dynamic content.\nInvocation Name: unofficial fact sphere", "privacy_policy_href": ""}, "The Internet Genie": {"review-count": "39", "description": "Description\nHave Alexa tell you a fact from the internet that is 100% true so you can learn more than you would have ever imagined.\nTo Launch This skill say, \"Open the internet Genie.\" If you need assistance you can say \"help\".\n\n\nDisclaimer: None of these facts are actually true at all.", "details": "Skill Details\nRated: Guidance Suggested.\nThis skill contains dynamic content.\nInvocation Name: the internet genie", "privacy_policy_href": ""}, "Tie Breaker": {"review-count": "4", "description": "Description\nHave you ever found yourself arguing in front of Alexa? And both parties think they are correct? Next time, just ask Tie Breaker to settle it.\n\n\nIcon created by Gianni - Dolce Merda from Noun Project", "details": "Skill Details\nRated: Guidance Suggested.\nThis skill contains dynamic content.\nInvocation Name: tie breaker", "privacy_policy_href": ""}, "Boom Boom": {"review-count": "167", "description": "Description\nTry Alexa, start boom boom\n\nAlexa, should tell you an interesting funny one liner.", "details": "Skill Details\nRated: Mature.\nThis skill contains dynamic content.\nInvocation Name: boom boom", "privacy_policy_href": ""}, "Oh Baby A Three": {"review-count": "4", "description": "Description\nOh baby a three brings back the best memories of triples. You are the best around.", "details": "Skill Details\nRated: Guidance Suggested.\nThis skill contains dynamic content.\nInvocation Name: oh baby a three", "privacy_policy_href": ""}, "Potato Dude": {"review-count": "5", "description": "Description\nWant to learn amazing potato facts from your friend the potato dude? Of course you do. New facts added often to give you facts about this often misunderstood vegetable. Did you know there is more vitamin C in a potato than an orange? To learn more about the potato, just ask Alexa about the potato dude!", "details": "Skill Details\nRated: Guidance Suggested.\nThis skill contains dynamic content.\nInvocation Name: potato dude", "privacy_policy_href": ""}, "Unofficial Donald Quiz": {"review-count": "0", "description": "Description\nA quote will be read. User should say \"true\" or \"false\". Say \"repeat\" to listen to the quote again or \"help\" to ask for help.\nThis skill is not sponsored or endorsed by Donald Trump in any way. The skill may not be suitable for all ages.", "details": "Skill Details\nThis skill contains dynamic content.\nInvocation Name: unofficial donald quiz", "privacy_policy_href": ""}, "BarJoker": {"review-count": "0", "description": "Description\nHaving trouble coming up with a joke?\nThe BarJoker will try to help you by telling you a \u2018walks into a bar\u2019 joke based on a word or phrase you provide.\n\nStart the skill by saying \u201cAlexa, open bar joker\u201d, then say a single word (e.g. \u2018giraffe\u2019, or \u2018guy\u2019), or say a whole phrase to start the joke (e.g. \u2018a talking dog walks into a bar\u2019). You can also go right into a request, e.g. \u201cAlexa, tell bar joker baseball\u201d, \u201cAlexa, tell bar joker a man walks into a bar\u201d, or \u201cAlexa, ask bar joker about baseball\u201d. If you can\u2019t think of something, the skill will give you a few suggestions. You can stop anytime by saying \u2018exit\u2019.\n\nThis skill may not be suitable for all ages.", "details": "Skill Details\nRated: Mature.\nThis skill contains dynamic content.\nInvocation Name: bar joker", "privacy_policy_href": ""}, "HoundMe by Argusware": {"review-count": "5", "description": "Description\nThis skill will confirm what you already know, that you have the best dog in the world. It will also give random commands to you favorite pet. You can first tell Alexa your pets name and she will use the name when talking about your pet. This is a product of Argusware Software.", "details": "Skill Details\nThis skill contains dynamic content.\nInvocation Name: hound me", "privacy_policy_href": ""}, "Hillary Clinton Facts": {"review-count": "9", "description": "Description\nHillary Clinton Fact lets you ask for a piece of trivia about Hillary Clinton. The skill will give you a trivia fact in response.", "details": "Skill Details\nThis skill contains dynamic content.\nInvocation Name: hillary fact", "privacy_policy_href": ""}}