{"Jaycee Event Tracker": {"review-count": "0", "description": "Description\nOpen the skill and Alexa will automatically tell you how many days remain until all your upcoming events. Alexa can also remind you about the exact date for a specific events.\nThis skill was created using a Skill Blueprint. Your requests to this skill are not shared with the skill developer.", "details": "Skill Details\nRated: Guidance Suggested.\nThis skill contains dynamic content.\nInvocation Name: jaycee event tracker", "privacy_policy_href": ""}, "arria narrator": {"review-count": "0", "description": "Description\nArria NLG for Business Intelligence", "details": "Skill Details\nThis skill contains dynamic content.\nInvocation Name: arria narrator", "privacy_policy_href": ""}, "How to Talk to Gen Z": {"review-count": "1", "description": "Description\nEach day we go over a piece of advice, tip, or other applicable method to talk to Gen Z. This is proven to work because it was created by a member of Gen Z with parents in mind. We know how difficult it can be sometimes to communicate and understand your kid in today's world. That's why we have put together this helpful tool to give you a new tool each day to make progress with your child.", "details": "Skill Details\nFlash Briefing Skill\nRated: Guidance Suggested.\nThis skill contains dynamic content.\nDeveloper Privacy Policy\nDeveloper Terms of Use", "privacy_policy_href": "https://www.termsfeed.com/live/950008b4-a061-48dc-9434-24f64dc7216f"}, "Guest guide": {"review-count": "0", "description": "Description\nWelcome your guests with a guide to your home and neighborhood. They can open the skill and say \"Alexa, what are the best restaurants in Seattle?\nThis skill was created using a Skill Blueprint. Your requests to this skill are not shared with the skill developer.", "details": "Skill Details\nThis skill contains dynamic content.\nInvocation Name: guest guide", "privacy_policy_href": ""}, "House Guest": {"review-count": "0", "description": "Description\nWelcome your guests with a guide to your home and neighborhood. They can open the skill and say \"Alexa, what are the best restaurants in Seattle?\nThis skill was created using a Skill Blueprint. Your requests to this skill are not shared with the skill developer.", "details": "Skill Details\nThis skill contains dynamic content.\nInvocation Name: house guest", "privacy_policy_href": ""}, "Countdown the days": {"review-count": "2", "description": "Description\nOpen the skill and Alexa will automatically tell you how many days remain until all your upcoming events. Alexa can also remind you about the exact date for a specific events. Best date assistant there is.\nThis skill was created using a Skill Blueprint. Your requests to this skill are not shared with the skill developer.", "details": "Skill Details\nRated: Guidance Suggested.\nThis skill contains dynamic content.\nInvocation Name: countdown the days", "privacy_policy_href": ""}, "My House": {"review-count": "5", "description": "Description\nWelcome your guests with a guide to your home and neighborhood. They can open the skill and say \"Alexa, what are the best restaurants in Seattle?\nThis skill was created using a Skill Blueprint. Your requests to this skill are not shared with the skill developer.", "details": "Skill Details\nThis skill contains dynamic content.\nInvocation Name: my house", "privacy_policy_href": ""}, "What's the Countdown": {"review-count": "0", "description": "Description\nOpen the skill and Alexa will automatically tell you how many days remain until all your upcoming events. Alexa can also remind you about the exact date for a specific events.\nThis skill was created using a Skill Blueprint. Your requests to this skill are not shared with the skill developer.", "details": "Skill Details\nRated: Guidance Suggested.\nThis skill contains dynamic content.\nInvocation Name: what's the countdown", "privacy_policy_href": ""}, "My Houseguest": {"review-count": "1", "description": "Description\nWelcome your guests with a guide to your home and neighborhood. They can open the skill and say \"Alexa, what are the best restaurants in Seattle?\nThis skill was created using a Skill Blueprint. Your requests to this skill are not shared with the skill developer.", "details": "Skill Details\nThis skill contains dynamic content.\nInvocation Name: my houseguest", "privacy_policy_href": ""}, "Daily Chore List": {"review-count": "1", "description": "Description\nUse this skill to keep track of chores that are assigned to each member of your household. You can ask Alexa to read the list of chores that are assigned to you each day, and you can log your chores as you complete them. Alexa automatically keeps score so you can complete with family members to see who finishes their chores first. Or last! The chore tracker automatically resets on Sunday each week.\nThis skill was created using a Skill Blueprint. Your requests to this skill are not shared with the skill developer.", "details": "Skill Details\nThis skill contains dynamic content.\nInvocation Name: daily chore list", "privacy_policy_href": ""}, "How Many Days until Jamie and Spencers Wedding": {"review-count": "0", "description": "Description\nOpen the skill and Alexa will automatically tell you how many days remain until all your upcoming events. Alexa can also remind you about the exact date for a specific events.\nThis skill was created using a Skill Blueprint. Your requests to this skill are not shared with the skill developer.", "details": "Skill Details\nRated: Guidance Suggested.\nThis skill contains dynamic content.\nInvocation Name: how many days", "privacy_policy_href": ""}, "Moving date": {"review-count": "0", "description": "Description\nOpen the skill and Alexa will automatically tell you how many days remain until all your upcoming events. Alexa can also remind you about the exact date for a specific events.\nThis skill was created using a Skill Blueprint. Your requests to this skill are not shared with the skill developer.", "details": "Skill Details\nThis skill contains dynamic content.\nInvocation Name: moving date", "privacy_policy_href": ""}, "sail mate": {"review-count": "0", "description": "Description\nVoice Assistant for Auto Technicians. Visit http://thesailmate.com/.", "details": "Skill Details\nRated: Guidance Suggested.\nThis skill contains dynamic content.\nInvocation Name: sail mate\nDeveloper Privacy Policy\nDeveloper Terms of Use", "privacy_policy_href": "https://docs.google.com/document/d/14sM4luByUrxkVoLRD7RMktg0PiC_OTa1kxsd8G6jra4/edit?usp=sharing"}, "Semester Countdown": {"review-count": "0", "description": "Description\nOpen the skill and Alexa will automatically tell you exactly how many days remain until the end of your current college or university semester. Alexa can also remind you of the exact date, so you can plan your vacation accordingly.\n\nThis skill was created using a Skill Blueprint. Your requests to this skill are not shared with the skill developer.", "details": "Skill Details\nThis skill contains dynamic content.\nInvocation Name: semester countdown", "privacy_policy_href": ""}, "Noah Varney's Birthday": {"review-count": "0", "description": "Description\nOpen the skill and Alexa will automatically tell you how many days remain until all your upcoming events. Alexa can also remind you about the exact date for a specific events.\nThis skill was created using a Skill Blueprint. Your requests to this skill are not shared with the skill developer.", "details": "Skill Details\nRated: Guidance Suggested.\nThis skill contains dynamic content.\nInvocation Name: noah varney's birthday", "privacy_policy_href": ""}, "Kilosecond Clock": {"review-count": "1", "description": "Description\nKiloseconds are a new way to tell time! Instead of there being 60 seconds to a minute and 60 seconds to an hour, there are just 1000 seconds to a kilosecond; easy!\n\nKilosecond clock is a skill that can help you tell the time in kiloseconds and convert between kiloseconds and regular time.", "details": "Skill Details\nThis skill contains dynamic content.\nInvocation Name: kilosecond clock", "privacy_policy_href": ""}, "Chores Guide": {"review-count": "0", "description": "Description\nUse this skill to keep track of chores that are assigned to each member of your household. You can ask Alexa to read the list of chores that are assigned to you each day, and you can log your chores as you complete them. Alexa automatically keeps score so you can complete with family members to see who finishes their chores first. Or last! The chore tracker automatically resets on Sunday each week.\nThis skill was created using a Skill Blueprint. Your requests to this skill are not shared with the skill developer.", "details": "Skill Details\nThis skill contains dynamic content.\nInvocation Name: chores guide", "privacy_policy_href": ""}, "Ashley clean": {"review-count": "0", "description": "Description\nUse this skill to keep track of chores that are assigned to each member of your household. You can ask Alexa to read the list of chores that are assigned to you each day, and you can log your chores as you complete them. Alexa automatically keeps score so you can complete with family members to see who finishes their chores first. Or last! The chore tracker automatically resets on Sunday each week.\nThis skill was created using a Skill Blueprint. Your requests to this skill are not shared with the skill developer.", "details": "Skill Details\nThis skill contains dynamic content.\nInvocation Name: ashley clean", "privacy_policy_href": ""}, "When is Comet OLBERS?": {"review-count": "0", "description": "Description\nOpen the skill and Alexa will automatically tell you how many days remain until all your upcoming events. Alexa can also remind you about the exact date for a specific events.\nThis skill was created using a Skill Blueprint. Your requests to this skill are not shared with the skill developer.", "details": "Skill Details\nThis skill contains dynamic content.\nInvocation Name: when is o. l. b. e. r. s.", "privacy_policy_href": ""}, "Family Chore Assignments": {"review-count": "1", "description": "Description\nUse this skill to keep track of chores that are assigned to each member of your household. You can ask Alexa to read the list of chores that are assigned to you each day, and you can log your chores as you complete them. Alexa automatically keeps score so you can complete with family members to see who finishes their chores first. Or last! The chore tracker automatically resets on Sunday each week.\nThis skill was created using a Skill Blueprint. Your requests to this skill are not shared with the skill developer.", "details": "Skill Details\nRated: Guidance Suggested.\nThis skill contains dynamic content.\nInvocation Name: family chore assignments", "privacy_policy_href": ""}, "My camry": {"review-count": "1", "description": "Description\nWelcome your guests with a guide to your home and neighborhood. They can open the skill and say \"Alexa, what are the best restaurants in Seattle?\nThis skill was created using a Skill Blueprint. Your requests to this skill are not shared with the skill developer.", "details": "Skill Details\nThis skill contains dynamic content.\nInvocation Name: my camry", "privacy_policy_href": ""}, "Retirement Tracker": {"review-count": "0", "description": "Description\nOpen the skill and Alexa will automatically tell you how many days remain until all your upcoming events. Alexa can also remind you about the exact date for a specific events.\nThis skill was created using a Skill Blueprint. Your requests to this skill are not shared with the skill developer.", "details": "Skill Details\nThis skill contains dynamic content.\nInvocation Name: retirement tracker", "privacy_policy_href": ""}, "Moving day": {"review-count": "1", "description": "Description\nOpen the skill and Alexa will automatically tell you how many days remain until all your upcoming events. Alexa can also remind you about the exact date for a specific events.\nThis skill was created using a Skill Blueprint. Your requests to this skill are not shared with the skill developer.", "details": "Skill Details\nThis skill contains dynamic content.\nInvocation Name: moving day", "privacy_policy_href": ""}, "This Many days": {"review-count": "0", "description": "Description\nOpen the skill and Alexa will automatically tell you how many days remain until all your upcoming events. Alexa can also remind you about the exact date for a specific events.\nThis skill was created using a Skill Blueprint. Your requests to this skill are not shared with the skill developer.", "details": "Skill Details\nRated: Guidance Suggested.\nThis skill contains dynamic content.\nInvocation Name: this many days", "privacy_policy_href": ""}, "May Sixteen": {"review-count": "0", "description": "Description\nSamMay Sixteen will save your birthday and count down to the blessed event!ple Full Description", "details": "Skill Details\nRated: Guidance Suggested.\nThis skill contains dynamic content.\nInvocation Name: may sixteen\nDeveloper Privacy Policy\nDeveloper Terms of Use", "privacy_policy_href": "https://docs.google.com/document/d/1A3DvZt-cEPL9NJ1Bu5l4DDUC7yJBgJf82j164Fc6P_k/edit?usp=sharing"}, "Girls Chores": {"review-count": "0", "description": "Description\nUse this skill to keep track of chores that are assigned to each member of your household. You can ask Alexa to read the list of chores that are assigned to you each day, and you can log your chores as you complete them. Alexa automatically keeps score so you can complete with family members to see who finishes their chores first. Or last! The chore tracker automatically resets on Sunday each week.\nThis skill was created using a Skill Blueprint. Your requests to this skill are not shared with the skill developer.", "details": "Skill Details\nThis skill contains dynamic content.\nInvocation Name: girls chores", "privacy_policy_href": ""}, "Gentleman's Box": {"review-count": "1", "description": "Description\nGentleman's Box allows you to engage with and provide feedback to Gentleman's Box \u2013 BY VOICE.\n\nDifferent voice engagements will be provided each month and will include a variety of questions to gather your feedback and satisfaction with the current monthly subscription box. For example, this may include questions such as rating your satisfaction on scale of 1 to 5, or asking you for your free form comments.\n\nParticipating is simple \u2013 just say \u201cAlexa, launch Gentleman's Box\u201d, and Gentleman's Box will prompt you with questions. Just reply by voice!\n\nAnswer the questions to completion, and your responses will be submitted.", "details": "Skill Details\nRated: Guidance Suggested.\nThis skill contains dynamic content.\nInvocation Name: gentleman's box\nDeveloper Privacy Policy", "privacy_policy_href": "https://docs.google.com/document/d/1A_hYh-qq5R_E4Ov8WGRQZ0TgzA-Az5saMKDvZSNbjzY/edit?usp=sharing"}, "Burns": {"review-count": "1", "description": "Description\nTry these burns to add more fun to your day. When using the skill, you can say \"Alexa, next\" to move to the next burn. At any point, you can say \"Alexa, stop\" to exit the skill. Your requests to this skill are not shared with the skill developer. And remember, these are only jokes.", "details": "Skill Details\nRated: Mature.\nThis skill contains dynamic content.\nInvocation Name: talk yo talk", "privacy_policy_href": ""}, "Florence Flash": {"review-count": "0", "description": "Description\nFlorence's flash briefing", "details": "Skill Details\nFlash Briefing Skill\nThis skill contains dynamic content.", "privacy_policy_href": ""}, "How days many": {"review-count": "0", "description": "Description\nOpen the skill and Alexa will automatically tell you how many days remain until all your upcoming events. Alexa can also remind you about the exact date for a specific events.\nThis skill was created using a Skill Blueprint. Your requests to this skill are not shared with the skill developer.", "details": "Skill Details\nRated: Guidance Suggested.\nThis skill contains dynamic content.\nInvocation Name: how days", "privacy_policy_href": ""}, "Psycho Roomates": {"review-count": "1", "description": "Description\nThis is skill mainly useful for the names list by Alexa.", "details": "Skill Details\nRated: Guidance Suggested.\nThis skill contains dynamic content.\nInvocation Name: psycho roommates", "privacy_policy_href": ""}, "Pleasant Grove Football": {"review-count": "0", "description": "Description\nCountdown to football", "details": "Skill Details\nThis skill contains dynamic content.\nInvocation Name: pleasant grove football", "privacy_policy_href": ""}, "Almost montanas day": {"review-count": "0", "description": "Description\nOpen the skill and Alexa will automatically tell you how many days remain until all your upcoming events. Alexa can also remind you about the exact date for a specific events.\nThis skill was created using a Skill Blueprint. Your requests to this skill are not shared with the skill developer.", "details": "Skill Details\nThis skill contains dynamic content.\nInvocation Name: almost montanas day", "privacy_policy_href": ""}, "APL Doctor (unofficial)": {"review-count": "1", "description": "Description\nThis skill shows device specific information related to the Alexa presentation language (APL) which should be helpful for every skill developer.\n\nAmazon asked me to make clear that this is private work and not an official Amazon Skill.", "details": "Skill Details\nRated: Guidance Suggested.\nThis skill contains dynamic content.\nInvocation Name: a. p. l. doctor", "privacy_policy_href": ""}, "Camp Towanda Countdown": {"review-count": "8", "description": "Description\nOpen the skill and Alexa will automatically tell you how many days remain until the summer of 2021!", "details": "Skill Details\nThis skill contains dynamic content.\nInvocation Name: camp towanda countdown", "privacy_policy_href": ""}, "Our Cruises": {"review-count": "1", "description": "Description\nOpen the skill and Alexa will automatically tell you how many days remain until all your upcoming events. Alexa can also remind you about the exact date for a specific events.\nThis skill was created using a Skill Blueprint. Your requests to this skill are not shared with the skill developer.", "details": "Skill Details\nThis skill contains dynamic content.\nInvocation Name: our cruises", "privacy_policy_href": ""}, "Your Countdown": {"review-count": "1", "description": "Description\nOpen the skill and ask Alexa for one of the pre-defined countdown timers. Alexa will read the into message and the countdown (10, 9, 8, ... 3, 2, 1), and then play a fun sound effect.\nThis skill was created using a Skill Blueprint. Your requests to this skill are not shared with the skill developer.", "details": "Skill Details\nRated: Guidance Suggested.\nThis skill contains dynamic content.\nInvocation Name: your countdown", "privacy_policy_href": ""}, "Check Taylor Birthday": {"review-count": "0", "description": "Description\nOpen the skill and Alexa will automatically tell you how many days remain until all your upcoming events. Alexa can also remind you about the exact date for a specific events.\nThis skill was created using a Skill Blueprint. Your requests to this skill are not shared with the skill developer.", "details": "Skill Details\nThis skill contains dynamic content.\nInvocation Name: check taylor birthday", "privacy_policy_href": ""}, "Home system": {"review-count": "1", "description": "Description\nWelcome your guests with a guide to your home and neighborhood. They can open the skill and say \"Alexa, what are the best restaurants in Seattle?\nThis skill was created using a Skill Blueprint. Your requests to this skill are not shared with the skill developer.", "details": "Skill Details\nThis skill contains dynamic content.\nInvocation Name: home system", "privacy_policy_href": ""}, "My Home Advertisement": {"review-count": "0", "description": "Description\nWelcome your guests with a guide to your home and neighborhood. They can open the skill and say \"Alexa, what are the best restaurants in Seattle?\nThis skill was created using a Skill Blueprint. Your requests to this skill are not shared with the skill developer.", "details": "Skill Details\nRated: Guidance Suggested.\nThis skill contains dynamic content.\nInvocation Name: my home advertisement", "privacy_policy_href": ""}, "MovilPyme": {"review-count": "0", "description": "Description\nEsta Skill puede proporcionar informaci\u00f3n detallada de tu operaci\u00f3n en tiempo real.\nPuedes conocer las ventas totales del d\u00eda, semana, mes y m\u00e1s. As\u00ed como la b\u00fasqueda de tus empleados.\n\nPara configurar tu cuenta debes tener un ID y C\u00f3digo de Acceso proporcionado por MovilPyme.\nNota: Si no tienes el servicio de MovilPyme no podr\u00e1s utilizar todas las funciones de est\u00e1 skill.\n\n*** Lista de funciones disponibles***\n\n=== Ventas de hoy, ayer, antier, lunes....domingo: ===\n*** Dime las ventas de hoy\n*** Muestra informaci\u00f3n de ventas del d\u00eda 10 de Febrero\n*** Dime c\u00f3mo van las ventas el d\u00eda de hoy\n*** C\u00f3mo se est\u00e1 vendiendo el d\u00eda de hoy\n*** Cu\u00e1nto se ha vendido el d\u00eda martes\n*** C\u00f3mo van en ventas los vendedores el d\u00eda de hoy\n*** Muestras las ventas del d\u00eda jueves\n*** C\u00f3mo van los vendedores el d\u00eda de hoy\n*** Cu\u00e1nto se ha vendido el d\u00eda 11 de Junio\n*** C\u00f3mo van en ventas los vendedores el d\u00eda de hoy\n\n=== Ventas de la semana, quincena, mes, bimestre, semestre, a\u00f1o (Solo da resultados del periodo en curso) ===\n*** Dime las ventas de la semana\n*** Muestra informaci\u00f3n de ventas de la quincena\n*** Dime c\u00f3mo van las ventas de el mes\n*** C\u00f3mo se est\u00e1 vendiendo en el bimestre\n*** Cu\u00e1nto se ha vendido en el a\u00f1o\n*** C\u00f3mo van en ventas los vendedores en la semana\n*** Muestras las ventas de la quincena\n*** C\u00f3mo van los vendedores en el mes\n*** Cu\u00e1nto se ha vendido en el bimestre\n*** C\u00f3mo van en ventas los vendedores en el semestre\n\n=== Ventas por empleado de hoy, ayer, antier, lunes-domingo ===\n*** Dime las ventas de \"Juanito\" el d\u00eda de hoy\n*** Cu\u00e1nto ha vendido \"Juanito\" el d\u00eda de ayer\n*** Como va de ventas \"Juanito\" el d\u00eda martes\n*** Cu\u00e1ntas ventas tiene \"Juanito\" el d\u00eda s\u00e1bado\n*** Cu\u00e1les son las ventas de \"Juanito\" el d\u00eda 11 de Junio\n*** Cu\u00e1nto vendi\u00f3 \"Juanito\" el d\u00eda 10 de Febrero de 2019\n\n=== Ventas de un periodo de un empleado tal como semana, quincena, mes, bimestre, semestre, a\u00f1o (Solo da resultados del periodo en curso) ===\n*** Dime las ventas de \"Juanito\" en la semana\n*** Cu\u00e1nto ha vendido \"Juanito\" en la quincena\n*** Como va de ventas \"Juanito\" en el mes\n*** Cu\u00e1ntas ventas tiene \"Juanito\" en el bimestre\n*** Cu\u00e1les son las ventas de \"Juanito\" en el semestre\n*** Cu\u00e1nto vendi\u00f3 \"Juanito\" en el a\u00f1o\n\n=== Lista de empleados ===\n*** Dime los empleados que hay\n*** Lista los empleados\n*** Cu\u00e1les son los empleados\n*** Dime los empleados\n*** Dime mis empleados\n*** Dime la lista de empleados\n*** Cu\u00e1les son los empleados que hay\n*** Dime todos los empleados que hay\n*** Dime todos los empleados\n\n=== Listar empleados con un nombre espec\u00edfico ===\n*** Lista los empleados que se llaman {empleado}\n*** Cu\u00e1les son los empleados que se llaman {empleado}\n*** Dime los empleados que se llaman {empleado}\n*** Que empleados se llaman {empleado}\n*** Dime los empleados que hay con el nombre {empleado}\n*** Lista los empleados con el nombre {empleado}\n*** Cu\u00e1les son los empleados con el nombre {empleado}\n*** Dime los empleados con el nombre {empleado}", "details": "Skill Details\nRated: Guidance Suggested.\nThis skill contains dynamic content.\nInvocation Name: movil pime\nDeveloper Privacy Policy (Spanish, ES)\nDeveloper Privacy Policy (Spanish, US)\nDeveloper Privacy Policy (Spanish, MX)", "privacy_policy_href": "https://sonidosjim.s3.amazonaws.com/movilpyme/movilpyme_privacy_policy.pdf"}, "Aurora Waste Collection Schedule": {"review-count": "0", "description": "Description\nAn Alexa skill to tell you whether it is garbage pickup week for waste collection in Aurora, Ontario, Canada.", "details": "Skill Details\nThis skill contains dynamic content.\nInvocation Name: aurora waste collection", "privacy_policy_href": ""}, "Bonus Promo Countdown": {"review-count": "0", "description": "Description\nOpen the skill and Alexa will automatically tell you how many days remain until all your upcoming events. Alexa can also remind you about the exact date for a specific events.\nThis skill was created using a Skill Blueprint. Your requests to this skill are not shared with the skill developer.", "details": "Skill Details\nThis skill contains dynamic content.\nInvocation Name: bonus promo countdown", "privacy_policy_href": ""}, "BringOnTheBuzz": {"review-count": "1", "description": "Description\nYour favorite brands, influencers and bands use the Buzz to make it easy for you to stay up to date on their activities and plans. Simply ask Alexa \"Alexa, ask Buzz Bot about [YOUR FAVORITE BAND]\" and find out when they're playing next! If your band isn't using the service, tell them to - its the easiest way to keep everyone in the loop! The same thing goes for influencers and brands. Alexa makes it easy to stay current.", "details": "Skill Details\nRated: Guidance Suggested.\nThis skill contains dynamic content.\nInvocation Name: buzz bot\nDeveloper Privacy Policy\nDeveloper Terms of Use", "privacy_policy_href": "https://www.bloggerrepublik.com/privacy-policy"}, "Bobby Shmurda release countdown": {"review-count": "5", "description": "Description\nOpening up this skill will tell you the amount of days left until American Rap Artist Bobby Shmurda is released from prison.", "details": "Skill Details\nThis skill contains dynamic content.\nInvocation Name: bobby shmurda countdown", "privacy_policy_href": ""}, "Jordin's birthday": {"review-count": "0", "description": "Description\nOpen the skill and Alexa will automatically tell you how many days remain until all your upcoming events. Alexa can also remind you about the exact date for a specific events.\nThis skill was created using a Skill Blueprint. Your requests to this skill are not shared with the skill developer.", "details": "Skill Details\nThis skill contains dynamic content.\nInvocation Name: jordin's birthday", "privacy_policy_href": ""}, "Theresa's birthday": {"review-count": "0", "description": "Description\nOpen the skill and Alexa will automatically tell you how many days remain until all your upcoming events. Alexa can also remind you about the exact date for a specific events.\nThis skill was created using a Skill Blueprint. Your requests to this skill are not shared with the skill developer.", "details": "Skill Details\nThis skill contains dynamic content.\nInvocation Name: theresa's birthday", "privacy_policy_href": ""}, "Sophia's birthday": {"review-count": "0", "description": "Description\nOpen the skill and Alexa will automatically tell you how many days remain until all your upcoming events. Alexa can also remind you about the exact date for a specific events.\nThis skill was created using a Skill Blueprint. Your requests to this skill are not shared with the skill developer.", "details": "Skill Details\nThis skill contains dynamic content.\nInvocation Name: sophia's birthday", "privacy_policy_href": ""}, "Pete's awesome birthday": {"review-count": "0", "description": "Description\nOpen the skill and Alexa will automatically tell you how many days remain until all your upcoming events. Alexa can also remind you about the exact date for a specific events.\nThis skill was created using a Skill Blueprint. Your requests to this skill are not shared with the skill developer.", "details": "Skill Details\nThis skill contains dynamic content.\nInvocation Name: pete's awesome birthday", "privacy_policy_href": ""}, "Meggie's Birthday": {"review-count": "0", "description": "Description\nOpen the skill and Alexa will automatically tell you how many days remain until all your upcoming events. Alexa can also remind you about the exact date for a specific events.\nThis skill was created using a Skill Blueprint. Your requests to this skill are not shared with the skill developer.", "details": "Skill Details\nThis skill contains dynamic content.\nInvocation Name: meggie's birthday", "privacy_policy_href": ""}, "bug day": {"review-count": "0", "description": "Description\ntells us when and how much more time we have until the big celebration day", "details": "Skill Details\nRated: Guidance Suggested.\nThis skill contains dynamic content.\nInvocation Name: bug day", "privacy_policy_href": ""}, "Richmond Hill Waste Collection Schedule": {"review-count": "0", "description": "Description\nAn Alexa skill to tell you whether it is currently a blue week or a yellow week for waste collection in Richmond Hill, Ontario, Canada.", "details": "Skill Details\nThis skill contains dynamic content.\nInvocation Name: richmond hill waste collection", "privacy_policy_href": ""}, "Voice in America": {"review-count": "0", "description": "Description\nBriefings on uses of skills, development news and ways to use the Alexa platform.", "details": "Skill Details\nFlash Briefing Skill\nRated: Guidance Suggested.\nThis skill contains dynamic content.", "privacy_policy_href": ""}, "Pregnancy update": {"review-count": "0", "description": "Description\nOpen the skill and Alexa will automatically tell you how many days remain until all your upcoming events. Alexa can also remind you about the exact date for a specific events.\nThis skill was created using a Skill Blueprint. Your requests to this skill are not shared with the skill developer.", "details": "Skill Details\nThis skill contains dynamic content.\nInvocation Name: pregnancy update", "privacy_policy_href": ""}, "Dad": {"review-count": "0", "description": "Description\nOpen the skill and Alexa will automatically tell you how many days remain until all your upcoming events. Alexa can also remind you about the exact date for a specific events.\nThis skill was created using a Skill Blueprint. Your requests to this skill are not shared with the skill developer.", "details": "Skill Details\nThis skill contains dynamic content.\nInvocation Name: how many days", "privacy_policy_href": ""}, "guida casa": {"review-count": "0", "description": "Description\nWelcome your guests with a guide to your home and neighborhood. They can open the skill and say \"Alexa, what are the best restaurants in Seattle?\nThis skill was created using a Skill Blueprint. Your requests to this skill are not shared with the skill developer.", "details": "Skill Details\nThis skill contains dynamic content.\nInvocation Name: guida casa", "privacy_policy_href": ""}, "Vaughan Waste Collection Schedule": {"review-count": "0", "description": "Description\nAn Alexa skill to tell you whether it is currently a blue week or a yellow week for waste collection in Vaughan, Ontario, Canada.", "details": "Skill Details\nThis skill contains dynamic content.\nInvocation Name: vaughan waste collection", "privacy_policy_href": ""}, "How Many Days until Lake Tahoe": {"review-count": "0", "description": "Description\nOpen the skill and Alexa will automatically tell you how many days remain until all your upcoming events. Alexa can also remind you about the exact date for a specific events.\nThis skill was created using a Skill Blueprint. Your requests to this skill are not shared with the skill developer.", "details": "Skill Details\nThis skill contains dynamic content.\nInvocation Name: how many days", "privacy_policy_href": ""}, "Chore Reminder": {"review-count": "0", "description": "Description\nUse this skill to keep track of chores that are assigned to each member of your household. You can ask Alexa to read the list of chores that are assigned to you each day, and you can log your chores as you complete them. Alexa automatically keeps score so you can complete with family members to see who finishes their chores first. Or last! The chore tracker it resets on Sunday each week.\n\nContact Me:\npremiumalexaskills@gmail.com", "details": "Skill Details\nThis skill contains dynamic content.\nInvocation Name: chore reminder", "privacy_policy_href": ""}, "Fertilizing Time": {"review-count": "0", "description": "Description\nOpen the skill and Alexa will automatically tell you how many days remain until feeding your plants every two weeks. Next date is set on Saturday August, 1st.", "details": "Skill Details\nThis skill contains dynamic content.\nInvocation Name: fertilizing time", "privacy_policy_href": ""}, "house guest": {"review-count": "6", "description": "Description\nWelcome your guests with a guide to your home and neighborhood. They can open the skill and say \"Alexa, what are the best restaurants in Seattle?\nThis skill was created using a Skill Blueprint. Your requests to this skill are not shared with the skill developer.", "details": "Skill Details\nRated: Mature.\nThis skill contains dynamic content.\nInvocation Name: house guest", "privacy_policy_href": ""}, "Master Manley": {"review-count": "0", "description": "Description\nWelcome your guests with a guide to your home and neighborhood. They can open the skill and say \"Alexa, what are the best restaurants in Seattle?\nThis skill was created using a Skill Blueprint. Your requests to this skill are not shared with the skill developer.", "details": "Skill Details\nThis skill contains dynamic content.\nInvocation Name: master manley", "privacy_policy_href": ""}, "We are Believers": {"review-count": "1", "description": "Description\nWe are Believers is a project run by Daria Hackenberg and Hollis P Monroe.\n\nThis podcast is rooted in philosophical theory, as well as real world practice, to be affirmed or challenged throughout our conversations.\n\nWe are believers in ideas, people, and the power of love.\n\nWe are not trying to change your mind. We only express what we believe as we do not claim to know. Along the way, we try to show how wonderful you are, in case you forget it and share with you our doubts and wonderings.\n\nDisagree? Have other interesting topic or question? Write to us!\n\nwww.instagram.com/wrbelievers", "details": "Skill Details\nFlash Briefing Skill\nThis skill contains dynamic content.\nDeveloper Privacy Policy\nDeveloper Terms of Use", "privacy_policy_href": "https://anchor.fm/s/1100f828/podcast/rss"}, "My Home Support": {"review-count": "0", "description": "Description\nMy Home Support skill will help you organize your daily routines so you will never forget an appointment, to take a medication or to be active.\n\nTo use this skill, you must have an Amazon account to be able to query your daily routines by the event name.\n\nWe will ONLY share this information with you or with My Home Support App if you have created an account with My Home Support App. We will NOT use this information for other purpose such as advertisement or analytics.\n\nAlso, to use this skill, you must give the following permissions requested by this skill when you enable the skill from the Alexa App:\n. Reminders to set up your daily routines so you could query them later by the event name.\n. Notifications so My Home Support App could send you suggested daily routines.\n\nAfter you open the skill by saying:\n\u201cAlexa, open My Home Support\u201d\n\nAlexa, will prompt you with things you could ask:\n\u201cHow may I make your Sunday morning better? Say, what is next, record or remind me.\n\nYou could respond back by saying:\n\u201cRemind me my doctor appointment tomorrow at 1:00 PM\u201d\n\u201cRemind me to walk 10 steps every day at 8:00 AM\u201d\n\u201cRecord walk routine 10 steps\u201d\n\u201cRecord doctor appointment\u201d\n\u201cWhat is next\u201d\n\u201cWhen is my next doctor appointment\u201d\n\nOptional, Alexa will prompt you to enter a note:\n\u201cIf you want to add a note, say add note.\u201d\n\nWe have a list of routines or tasks that will help you to add to your daily routine like walk, meditate, read, doctor appointment, and much more.\n\nBy using My Home Support skill you agree to our Terms of Service and Privacy Policy and expressly disclaims that:\nThis tool does not provide medical advice, and is for informational and educational purposes only, and is not a substitute for professional medical advice, treatment or diagnosis. Call your doctor to receive medical advice. If you think you may have a medical emergency, please dial your local emergency response phone number.", "details": "Skill Details\nRated: Guidance Suggested.\nThis skill contains dynamic content.\nInvocation Name: my home support\nDeveloper Privacy Policy\nDeveloper Terms of Use", "privacy_policy_href": "https://creator.voiceflow.com/creator/terms?name=Patricia%20Cuadros&skill=My%20Home%20Support&children=false"}, "My good time": {"review-count": "0", "description": "Description\nOpen the skill and ask Alexa for one of the pre-defined countdown timers. Alexa will read the into message and the countdown (10, 9, 8, ... 3, 2, 1), and then play a fun sound effect.\nThis skill was created using a Skill Blueprint. Your requests to this skill are not shared with the skill developer.", "details": "Skill Details\nThis skill contains dynamic content.\nInvocation Name: my good time", "privacy_policy_href": ""}, "Our Big Day": {"review-count": "0", "description": "Description\nOpen the skill and Alexa will automatically tell you how many days remain until all your upcoming events. Alexa can also remind you about the exact date for a specific events.\nThis skill was created using a Skill Blueprint. Your requests to this skill are not shared with the skill developer.", "details": "Skill Details\nThis skill contains dynamic content.\nInvocation Name: our big day", "privacy_policy_href": ""}, "Our Birthdays": {"review-count": "0", "description": "Description\nOpen the skill and Alexa will automatically tell you how many days remain until all your upcoming events. Alexa can also remind you about the exact date for a specific events.\nThis skill was created using a Skill Blueprint. Your requests to this skill are not shared with the skill developer.", "details": "Skill Details\nThis skill contains dynamic content.\nInvocation Name: our birthdays", "privacy_policy_href": ""}, "Lorenzo's Birthday": {"review-count": "0", "description": "Description\nOpen the skill and Alexa will automatically tell you how many days remain until all your upcoming events. Alexa can also remind you about the exact date for a specific events.\nThis skill was created using a Skill Blueprint. Your requests to this skill are not shared with the skill developer.", "details": "Skill Details\nThis skill contains dynamic content.\nInvocation Name: lorenzo's birthday", "privacy_policy_href": ""}, "My Trip": {"review-count": "0", "description": "Description\nOpen the skill and Alexa will automatically tell you how many days remain until all your upcoming events. Alexa can also remind you about the exact date for a specific events.\nThis skill was created using a Skill Blueprint. Your requests to this skill are not shared with the skill developer.", "details": "Skill Details\nThis skill contains dynamic content.\nInvocation Name: my trip", "privacy_policy_href": ""}, "To Do List": {"review-count": "4", "description": "Description\nThis skill was created to remind user what that have to do.", "details": "Skill Details\nThis skill contains dynamic content.\nInvocation Name: task tracker", "privacy_policy_href": ""}, "Yeet yeet": {"review-count": "0", "description": "Description\nHelp your babysitters remember important things. They can open the skill and say, \"Alexa, what is the baby's afternoon schedule?\"\nThis skill was created using a Skill Blueprint. Your requests to this skill are not shared with the skill developer.", "details": "Skill Details\nThis skill contains dynamic content.\nInvocation Name: yeet yeet", "privacy_policy_href": ""}, "Day Tracker": {"review-count": "1", "description": "Description\nAsk Alexa and she'll count down the days to Christmas, New Year or Saint Patrick's day! Just say \"Alexa, ask Day Tracker how many days until Christmas\"", "details": "Skill Details\nThis skill contains dynamic content.\nInvocation Name: day tracker", "privacy_policy_href": ""}, "Cake Bake": {"review-count": "0", "description": "Description\nAlexa asks for your birthday and remembers it. The next time you open the skill Alexa will tell you how many day are left till your next birthday. Then she wishes you a Happy Birthday on your special day.", "details": "Skill Details\nRated: Guidance Suggested.\nThis skill contains dynamic content.\nInvocation Name: cake bake\nDeveloper Privacy Policy", "privacy_policy_href": "https://drive.google.com/file/d/13OqtrCj27ugx7EZRuph5EX11QcjLorkB/view?usp=sharing"}, "The Towers Guide": {"review-count": "0", "description": "Description\nWelcome your guests with a guide to your home and area. They can open the skill and say \"Alexa, what are the best restaurants in North Wales?\nThis skill was created using a Skill Blueprint. Your requests to this skill are not shared with the skill developer.", "details": "Skill Details\nThis skill contains dynamic content.\nInvocation Name: the towers guide", "privacy_policy_href": ""}, "Activity Monitor": {"review-count": "2", "description": "Description\nActivity Monitor helps you to track your activities.\nActivities could be any phrases like \"watering my plants\", \"feeding kitty\", \"cleaning my bike\" etc.\nUsing Natural Language processing techniques namely, Stemming and tokenization, this skill infers the activity from the phrases.\n\nTo activate the skill, say, \"Alexa, open activity monitor\". Activating the skill is a pre-requisite before you start interacting with it to use the below features.\n\nThe skill currently supports the following features:\n1. Adding Activity: To note the occurrence of an activity, you can just say it out loud, for example, ''I am watering my plants\" or \"I am taking the red pill\" etc. This would note the time of occurrence of the specified activity.\n\n2. Getting the last occurrence of an activity: If you want to know when you last did an activity, ask using phrases like, \"When did I water my plants?\" or \"When did I feed my dog?\". This will tell you the exact time of latest occurrence of the activity requested.\n\n3. Getting the count of activity: You can also track the frequency of any activity. For example, to know how many times you watered your plants this week, say, \"number of times I watered my plants this week?\" or \"count of watering plants since yesterday\". If no starting time if specified, the default count is for the present day.\n\n4. Listing your activities: To know what activities you have been doing, phrase your sentences like \"List activities this week\" or \"List activities since yesterday\" or \"List all activities\".\n\n5. Deleting the activity: You can delete the last occurrence of an activity if you feel you added it accidentally, by phrasing your sentence like, \"Delete activity watering plants\". To delete all the occurrences of an activity phrase your sentence like \"Delete all feeding dog\" .\n\n6. Asking for help: At any point, if you need help with any of the features listed above, say \"need help\"\n\nYou can also combine skill activation with any feature listed above. For example, you can say \" Alexa, ask activity monitor to add activity watering plants\" or \"Alexa, ask activity monitor to list activities\" etc.\n\nThis skill is very useful to keep track and get better insights on your daily activities. It can also be useful in situations where more than one person is responsible for an activity. In this situation, one person can add the activity and the other person can know the last occurrence of activity (for example, I walked the dog when my wife is asleep and have to leave for the office. I can add the activity using this skill and when my wife wakes up, she can know when the dog was taken for a walk last time).\nThis skill is also useful for people needing memory assistance due to any medical condition or elderly people.\n\nNotes: This skill only stores the occurrences since last 7 days because of memory limitations. If you need to track activities for more than 7 days, please leave a comment and based on the demand a premium version of the skill might be made available in subsequent releases.\n\nMore power to you! Thanks for your support :)", "details": "Skill Details\nThis skill contains dynamic content.\nInvocation Name: activity monitor", "privacy_policy_href": ""}, "My sobriety time": {"review-count": "0", "description": "Description\nOpen the skill and Alexa will automatically tell you how many days remain until all your upcoming events. Alexa can also remind you about the exact date for a specific events.\nThis skill was created using a Skill Blueprint. Your requests to this skill are not shared with the skill developer.", "details": "Skill Details\nThis skill contains dynamic content.\nInvocation Name: my sobriety time", "privacy_policy_href": ""}, "Ask Front Office": {"review-count": "1", "description": "Description\nAsk Front Office, is the Alexa Voice Skill designed for Residents living in properties subscribed to Front Office, a Multifamily Property Management Solution. Residents can ask questions, submit problems, and listen to important messages from Front Office via Amazon Alexa. Residents use their own Amazon Echo Device or the Alexa App on their phone to link to Front Office at their Property.\n\nResidents can ask questions anytime via Alexa and get accurate answers that are provided by the property managers\nResidents can submit service requests via Alexa to report problems with their unit or the property itself\nResidents can listen to messages via Alexa sent from the Property Manager using our web and mobile administration tool\n\nProperty Managers can configure Front Office for their property via the Front Office Admin, our web and mobile administration tool. Once signed up Property Managers can add Residents directly or distribute the Voice Sign Up Code to residents so they can sign themselves in using Amazon Alexa. Now Property Managers can answer questions, respond to service requests, and send resident messages via the Front Office Admin, our web and mobile administration tool.\n\nMore information is available: https://www.voiced.us", "details": "Skill Details\nRated: Guidance Suggested.\nThis skill contains dynamic content.\nInvocation Name: front office\nDeveloper Privacy Policy\nDeveloper Terms of Use", "privacy_policy_href": "https://voiced.us/ask-front-office-privacy-policy/"}, "Aaron's Color Genie": {"review-count": "0", "description": "Description\nTakes your favorite color, and tells it back to you.", "details": "Skill Details\nThis skill contains dynamic content.\nInvocation Name: aarons color genie\nDeveloper Privacy Policy\nDeveloper Terms of Use", "privacy_policy_href": "https://docs.google.com/document/d/1c7BOScBYm1YPgKONb7wDoVk_-677DKREd4-0xraigqs/edit?usp=sharing"}, "Pet Sitter Guide": {"review-count": "1", "description": "Description\nHelp your petsitters remember important things. They can say, \"Alexa, what is Bandit's evening schedule?\"\nThis skill was created using a Skill Blueprint. Your requests to this skill are not shared with the skill developer.", "details": "Skill Details\nThis skill contains dynamic content.\nInvocation Name: pet sitter guide", "privacy_policy_href": ""}, "Our Home": {"review-count": "0", "description": "Description\nWelcome your guests with a guide to your home and neighborhood. They can open the skill and say \"Alexa, what are the best restaurants in Seattle?\nThis skill was created using a Skill Blueprint. Your requests to this skill are not shared with the skill developer.", "details": "Skill Details\nThis skill contains dynamic content.\nInvocation Name: our home", "privacy_policy_href": ""}, "Chore Task": {"review-count": "0", "description": "Description\nUse this skill to keep track of chores that are assigned to each member of your household. You can ask Alexa to read the list of chores that are assigned to you each day, and you can log your chores as you complete them. Alexa automatically keeps score so you can complete with family members to see who finishes their chores first. Or last! The chore tracker automatically resets on Sunday each week.\nThis skill was created using a Skill Blueprint. Your requests to this skill are not shared with the skill developer.", "details": "Skill Details\nThis skill contains dynamic content.\nInvocation Name: chore task", "privacy_policy_href": ""}, "gitstatus": {"review-count": "0", "description": "Description\nThe skill aims to provide quick information about github. Currently it supports giving the number of repositories owned by a certain user but will exapnd greatly in it's capabilities. The long term goal is to be able to provide detailed information about repositories to quickly and easily update consumers about the status of their repositories.", "details": "Skill Details\nThis skill contains dynamic content.\nInvocation Name: git status", "privacy_policy_href": ""}, "B. Day": {"review-count": "1", "description": "Description\nWhen you open for the first time, Alexa will ask for your birthday. Each time you open afterward, it will state the number of days until your birthday. Then on your special day, Alexa will wish you a Happy Birthday!!", "details": "Skill Details\nRated: Guidance Suggested.\nThis skill contains dynamic content.\nInvocation Name: b. day\nDeveloper Privacy Policy", "privacy_policy_href": "https://drive.google.com/open?id=1DlaBvC4oQAn0smYEiluk6_dWLz9NR2lc"}, "random burns": {"review-count": "0", "description": "Description\nTry these lighthearted burns to add more fun to your day. When using the skill, you can say \"Alexa, next\" to move to the next burn. At any point, you can say \"Alexa, stop\" to exit the skill.\nThis skill was created using a Skill Blueprint. Your requests to this skill are not shared with the skill developer.", "details": "Skill Details\nRated: Mature.\nThis skill contains dynamic content.\nInvocation Name: random burns", "privacy_policy_href": ""}, "Adult Compliments": {"review-count": "1", "description": "Description\nAsk Alexa for an adult compliment and she will choose from a list of compliments.\nThis skill was created using a Skill Blueprint. Your requests to this skill are not shared with the skill developer.", "details": "Skill Details\nRated: Guidance Suggested.\nThis skill contains dynamic content.\nInvocation Name: adult compliments", "privacy_policy_href": ""}, "Countdown Timer": {"review-count": "1", "description": "Description\nOpen the skill and ask Alexa for one of the pre-defined countdown timers. Alexa will read the into message and the countdown (10, 9, 8, ... 3, 2, 1), and then play a fun sound effect.\nThis skill was created using a Skill Blueprint. Your requests to this skill are not shared with the skill developer.", "details": "Skill Details\nRated: Guidance Suggested.\nThis skill contains dynamic content.\nInvocation Name: countdown timer", "privacy_policy_href": ""}, "Virtual Therapist": {"review-count": "5", "description": "Description\nDo you need someone to talk to? The virtual therapist will listen to you problems.", "details": "Skill Details\nThis skill contains dynamic content.\nInvocation Name: virtual therapist", "privacy_policy_href": ""}, "count my days": {"review-count": "0", "description": "Description\nHow many times were you curious to know the number of days you've lived till now? how many times you've surfed the internet manually for this? Why waste time when count my days could do it by just calling hey Alexa open count my days.Yes it's as simple as that.\nCount My days will ask for your birthday,just once. And it'll never forget your birthday! And Everytime you wish to know which day in your life is this, this alexa skill will say it for you with a wish at the end.\nWhy not start your day with a cute little wish?", "details": "Skill Details\nRated: Guidance Suggested.\nThis skill contains dynamic content.\nInvocation Name: count my days\nDeveloper Privacy Policy", "privacy_policy_href": "https://sites.google.com/view/privacypolicyforcountmydays/home"}, "big blue freediving advanture": {"review-count": "0", "description": "Description\nWe introduce an information of freediving news, skills you can practice and place you can enjoy it.\n\n[How to use]\nYou can say, \u201cAlexa, big blue freediving advanture\u201d to hear the latest stories. While listening to a story, you can say \u201dAlexa, stop\u201d to stop the story. You can continue to the next story by answering \u201cYes\u201d to the question \u201cWould you like to read the next post?\"\n\nExample phrase:\n\"Alexa, big blue freediving advanture\"\n\n[Dialogue flow]\na. The Skill will play its welcome message upon hearing the user\u2019s command, \u201cAlexa, big blue freediving advanture.\"\nb. The Skill will automatically play the most recent posting from the big blue freediving advanture board from wecast.ai.\nc.After playing the most recent post, the Skill will ask \u201cWould you like to read the next post?\u201d\n- If the listener says \u201cYes\u201d, the Skill will play the next posting\n- If the listener says \u201cNo\u201d, the Skill will exit the Skill", "details": "Skill Details\nThis skill contains dynamic content.\nInvocation Name: big blue freediving advanture\nDeveloper Privacy Policy\nDeveloper Terms of Use", "privacy_policy_href": "https://wecast.ai/ts/index.htm"}, "Daddy's Day": {"review-count": "2", "description": "Description\nCelebrate special occasions with your loved ones. When you open the skill, Alexa will play a slideshow with rich images and audio. You can say \"Alexa, stop\" to exit anytime.", "details": "Skill Details\nThis skill contains dynamic content.\nInvocation Name: daddy's day", "privacy_policy_href": ""}, "sonic brand answers": {"review-count": "9", "description": "Description\nLearn about sonic branding and the leading sonic agency, Sixi\u00e9me Son. Just say, \"Alexa, open Sonic Brand Answers\" and follow the prompts ask questions and learn more about sonic branding and Sixi\u00e9me Son. When you are finished asking questions, just say \"Stop\".", "details": "Skill Details\nThis skill contains dynamic content.\nInvocation Name: sonic brand answers\nDeveloper Privacy Policy", "privacy_policy_href": "https://docs.google.com/document/d/19A-xh1NiJdhqI6fckh72nK4LD4_LPkNA0tGIgXSTpRk/edit?usp=sharing"}, "Voice First Career Center": {"review-count": "1", "description": "Description\nWith the Voice First Career Center Alexa Skill, you can engage with the good guys at Voice First Career Center, the premier matchmaker for developers and hiring organizations. Just say, \"Alexa, open Voice First Career Center\" and you can interact with us.", "details": "Skill Details\nRated: Guidance Suggested.\nThis skill contains dynamic content.\nInvocation Name: voice first career center\nDeveloper Privacy Policy", "privacy_policy_href": "https://docs.google.com/document/d/1L2X7GiO2VcdSzitzQeVCjD2kn8dSxJiDnkhh8NBEQiM/edit?usp=sharing"}, "How Many More Days": {"review-count": "1", "description": "Description\nOpen the skill and Alexa will automatically tell you how many days remain until all your upcoming events. Alexa can also remind you about the exact date for a specific events.\nThis skill was created using a Skill Blueprint. Your requests to this skill are not shared with the skill developer.", "details": "Skill Details\nThis skill contains dynamic content.\nInvocation Name: how many days", "privacy_policy_href": ""}, "Birthday count downs": {"review-count": "0", "description": "Description\nOpen the skill and Alexa will automatically tell you how many days remain until all your upcoming events. Alexa can also remind you about the exact date for a specific events.\nThis skill was created using a Skill Blueprint. Your requests to this skill are not shared with the skill developer.", "details": "Skill Details\nThis skill contains dynamic content.\nInvocation Name: birthday count downs", "privacy_policy_href": ""}, "Daily Prayer": {"review-count": "17", "description": "Description\nSchedule reminders for daily prayer when you say setup and play Azaan when you say listen.", "details": "Skill Details\nThis skill contains dynamic content.\nInvocation Name: daily prayer\nDeveloper Privacy Policy\nDeveloper Terms of Use", "privacy_policy_href": "https://github.com/faizan-tariq"}, "Bin Day": {"review-count": "0", "description": "Description\nEnter your description for the skill Bin Day", "details": "Skill Details\nThis skill contains dynamic content.\nInvocation Name: bin day\nDeveloper Privacy Policy\nDeveloper Terms of Use", "privacy_policy_href": "https://creator.voiceflow.com/creator/privacy_policy?name=Ian%20Le%20Poidevin&skill=Bin%20Day"}, "Cleaning Time": {"review-count": "2", "description": "Description\nUse this skill to keep track of chores that are assigned to each member of your household. You can ask Alexa to read the list of chores that are assigned to you each day, and you can log your chores as you complete them. Alexa automatically keeps score so you can complete with family members to see who finishes their chores first. Or last! The chore tracker automatically resets on Sunday each week.\nThis skill was created using a Skill Blueprint. Your requests to this skill are not shared with the skill developer.", "details": "Skill Details\nThis skill contains dynamic content.\nInvocation Name: cleaning time", "privacy_policy_href": ""}, "My event tracker": {"review-count": "1", "description": "Description\nOpen the skill and Alexa will automatically tell you how many days remain until all your upcoming events. Alexa can also remind you about the exact date for a specific events.\nThis skill was created using a Skill Blueprint. Your requests to this skill are not shared with the skill developer.", "details": "Skill Details\nThis skill contains dynamic content.\nInvocation Name: my event tracker", "privacy_policy_href": ""}, "Chores Time": {"review-count": "1", "description": "Description\nUse this skill to keep track of chores that are assigned to each member of your household. You can ask Alexa to read the list of chores that are assigned to you each day, and you can log your chores as you complete them. Alexa automatically keeps score so you can complete with family members to see who finishes their chores first. Or last! The chore tracker automatically resets on Sunday each week.\nThis skill was created using a Skill Blueprint. Your requests to this skill are not shared with the skill developer.", "details": "Skill Details\nThis skill contains dynamic content.\nInvocation Name: chores time", "privacy_policy_href": ""}, "My Chore list": {"review-count": "0", "description": "Description\nUse this skill to keep track of chores that are assigned to each member of your household. You can ask Alexa to read the list of chores that are assigned to you each day, and you can log your chores as you complete them. Alexa automatically keeps score so you can complete with family members to see who finishes their chores first. Or last! The chore tracker automatically resets on Sunday each week.\nThis skill was created using a Skill Blueprint. Your requests to this skill are not shared with the skill developer.", "details": "Skill Details\nThis skill contains dynamic content.\nInvocation Name: my chore list", "privacy_policy_href": ""}}