{"Vaisnava Calender": {"review-count": "0", "description": "Description\nISKON based vaisnava calendar. Provides Dates and times for Vaisnava festivals.", "details": "Skill Details\nThis skill contains dynamic content.\nInvocation Name: vaisnava calender", "privacy_policy_href": ""}, "Jerk Quiz": {"review-count": "1", "description": "Description\nTake a short quiz of Yes or No quesions to see if you're a jerk.", "details": "Skill Details\nThis skill contains dynamic content.\nInvocation Name: jerk quiz", "privacy_policy_href": ""}, "My Bookmark": {"review-count": "4", "description": "Description\nKeep track of where you're at in any book, even if you loan it out or have to return it to a library.", "details": "Skill Details\nThis skill contains dynamic content.\nInvocation Name: my bookmark", "privacy_policy_href": ""}, "Reddit Life Pro Tips (Unofficial)": {"review-count": "0", "description": "Description\nLearn something new everyday! This skill reads the top life pro tip from reddit!", "details": "Skill Details\nFlash Briefing Skill\nRated: Guidance Suggested.\nThis skill contains dynamic content.", "privacy_policy_href": ""}, "Teen guide": {"review-count": "0", "description": "Description\nThis Alexa skill provides a guide for teens or parents with teens to cope with general teen problems and provides a general guidance on how to raise a healthy and mentally strong teen. Some on the general questions that users can ask are :-\n\nHow to have a hygienic teen?\nHow to have a healthy teen?\nHow to deal with teen acne?\nHow to have a mentally strong teen?\nHow to control teen hormones?\nHow to cope with a depressed teen?\nHow to treat depression in a teen?\nHow to cope with troubled teen?\nHow to mentor a teen?\nHow to be a mature teen?\nHow to sleep easier as a teen?\nHow to recognize a teen with ADHD?\nHow to motivate a teen?\nHow to treat ADHD in a teen?\nHow to create a teen resume?\nHow to cope with a lying teen?\nHow to cope with test anxiety in a teen?\nHow to build a healthy teen?\nHow to have a teen with a healthy mind?\nHow to be a socially healthy teen?\nHow to understand teen boys?\nHow to make a teen emotionally strong?", "details": "Skill Details\nRated: Guidance Suggested.\nThis skill contains dynamic content.\nInvocation Name: teen guide\nDeveloper Privacy Policy\nDeveloper Terms of Use", "privacy_policy_href": "https://www.kidzlearn.co/privacy-policy.html"}, "Sammamish Library Calendar": {"review-count": "0", "description": "Description\nThis skill help to check and search Sammamish WA Library calendar. It allows you to search by date or by keyword for events happening at Sammamish library WA.", "details": "Skill Details\nThis skill contains dynamic content.\nInvocation Name: sammamish library calendar", "privacy_policy_href": ""}, "Tamil Panchangam": {"review-count": "5", "description": "Description\nAccording to Hindu Tamil Calendar called Panchangam, it is best to avoid certain times within a day so you can save yourselves from troubles. for ex, starting a travel during a 'Raghu' kalam is said to bring difficulties reaching the destination and the purpose of travel.", "details": "Skill Details\nThis skill contains dynamic content.\nInvocation Name: tamil panchangam", "privacy_policy_href": ""}, "Simple Tooth Brushing Tips": {"review-count": "0", "description": "Description\nA skill that will give a variety of tips on oral hygiene health. Use this skill to help improve your oral hygiene.", "details": "Skill Details\nThis skill contains dynamic content.\nInvocation Name: tooth brushing tips", "privacy_policy_href": ""}, "Lens Tracker": {"review-count": "3", "description": "Description\nLens Trackers counts the number of days since you last changed contact lenses and lets you know when it's been more than two weeks and you need to change them.", "details": "Skill Details\nThis skill contains dynamic content.\nInvocation Name: lens tracker", "privacy_policy_href": ""}, "Break the Addict": {"review-count": "0", "description": "Description\nThis is the Stop Mantra mentioned on Episode 20 of the Relapse Prevention. You can learn more about their great program and more about Addiction Recovery.\nhttps://www.betrayedaddictedexpert.com/", "details": "Skill Details\nThis skill contains dynamic content.\nInvocation Name: break the addict", "privacy_policy_href": ""}, "SU Calendar": {"review-count": "0", "description": "Description\nAre you a kind of a student who always misses attending any interesting event you wanted to attend but being lazy to keep track of the event calendar or do you just want to know what's happening at Syracuse University? Just ask Alexa with cuse calendar about the events and get event details that you don't want to miss.", "details": "Skill Details\nThis skill contains dynamic content.\nInvocation Name: cuse calendar", "privacy_policy_href": ""}, "American Holidays": {"review-count": "0", "description": "Description\nUse this skill to see holidays during the year and confirm when they are.", "details": "Skill Details\nThis skill contains dynamic content.\nInvocation Name: american holidays", "privacy_policy_href": ""}, "Eclipse Shortcuts": {"review-count": "0", "description": "Description\nSearch for shortcuts to use with the Eclipse IDE.\n\nThis is an open-source Alexa Skill, ask \"Alexa, open eclipse shortcuts\" to know more details.", "details": "Skill Details\nThis skill contains dynamic content.\nInvocation Name: eclipse shortcuts", "privacy_policy_href": ""}, "Ego Boost": {"review-count": "3", "description": "Description\nDo you ever need a quick pick-me-up? Enable Ego Boost and receive a compliment any time you want. All you have to do is ask Alexa and she'll respond with candid praise.", "details": "Skill Details\nThis skill contains dynamic content.\nInvocation Name: ego boost", "privacy_policy_href": ""}, "Interact.io": {"review-count": "20", "description": "Description\nStay up to date on the latest news from Interact i.o.. With this skill you can...\n\n* Hear the latest Interact i.o. Facebook posts\n* Have any post texted to your phone\n\nA great way to keep informed using just your voice.", "details": "Skill Details\nRated: Guidance Suggested.\nThis skill contains dynamic content.\nInvocation Name: interact i. o.\nDeveloper Privacy Policy\nDeveloper Terms of Use", "privacy_policy_href": "http://www.witlingo.com/privacy-policy/"}, "Color Generator": {"review-count": "5,156", "description": "Description\nThis skill will return a color to you based upon criteria given.\nIf asked for a color, Alexa will return any random color from the list of all supported HTML colors.\nYou may also ask for Warm, Cool, or Neutral colors for colors that will fit those categories.\nYou can also ask for non-warm, non-cool, or non-neutral colors to get any color from the list excluding the type requested.\n\nGreat for getting HTML compatible colors for web design, or for any other usage where you may need a color name!", "details": "Skill Details\nThis skill contains dynamic content.\nInvocation Name: color generator", "privacy_policy_href": ""}, "Which One": {"review-count": "260", "description": "Description\nGive two possible options and allow Alexa to pick one of them", "details": "Skill Details\nThis skill contains dynamic content.\nInvocation Name: which one", "privacy_policy_href": ""}, "Japanese Lucky Day Calendar": {"review-count": "2", "description": "Description\nThis calendar is based on the Japanese rokuy\u014d, which predicts good or bad fortune on any particular day. Ask Alexa a date and she will respond with how lucky (or unlucky) that day is and will give suggestions on what activities to engage or avoid.", "details": "Skill Details\nThis skill contains dynamic content.\nInvocation Name: lucky day calendar", "privacy_policy_href": ""}, "OptOne": {"review-count": "1", "description": "Description\nWhen you can't decide what to opt for among the list of choices, let Alexa pick one for you.", "details": "Skill Details\nThis skill contains dynamic content.\nInvocation Name: opt one", "privacy_policy_href": ""}, "Thinkfulness": {"review-count": "0", "description": "Description\nTHINK to live a meaningful, purpose driven, happy and satisfied life by listening to teaching of some of the greatest philosophers, preachers and teachers in human civilization.", "details": "Skill Details\nThis skill contains dynamic content.\nInvocation Name: check thinkfulness", "privacy_policy_href": ""}, "Klahanie Calendar": {"review-count": "0", "description": "Description\nThis skill helps to check and search Klahanie Community Events. Klahanie is a Community located in Sammamish, WA. There are quite a few events organized by Klahanie HOA and this skill helps you to easily access the events calendar. Icon is Calendar by iconsphere from the Noun Project. Thanks", "details": "Skill Details\nThis skill contains dynamic content.\nInvocation Name: klahanie calendar", "privacy_policy_href": ""}, "WiFi Helper": {"review-count": "2", "description": "Description\nYou set the credentials via http://skill.wifi.properties to enter them. There for you need a number or link via QR Code, which you get by \"connection code\".\n\nAfter storing the credentials, you can ask for \"credentials\", \"WiFi Name\" (SSID) or the \"password\". On a device with Display or as a card in the App we will present the credentials also with a QR Code.", "details": "Skill Details\nRated: Guidance Suggested.\nThis skill contains dynamic content.\nInvocation Name: wifi helper\nDeveloper Privacy Policy\nDeveloper Terms of Use", "privacy_policy_href": "http://wifi.properties/privacy.html"}, "Simply Easier Acord Forms": {"review-count": "0", "description": "Description\nSimply Easier Acord Forms skill gives insurance agents the ability to email a certificate of insurance to themselves or to a certificate holder. This skill also provides the ability to get the certificate policy limits.", "details": "Skill Details\nRated: Guidance Suggested.\nThis skill contains dynamic content.\nInvocation Name: cap dat acord\nDeveloper Privacy Policy", "privacy_policy_href": "https://www.cap-dat-acord.com/acord/pub_portal/info/PrivacyStatement.faces"}, "Doomsday": {"review-count": "87", "description": "Description\nNow you can find out when the Internet will stop working! A common problem known in computer engineering is the Year 2038 problem. This problem describes how the Internet's \"time\" will be reset to January 1, 1970 - 12 AM due to the binary encoding of 32-bit integers. This special date is \"when\" the internet started.\n\nA lot of other computer systems build off this very fundamental date and time, but since this was implemented so long ago, an update would be required for nearly every computer system on the planet to continue working. This app tells you how much longer we have until the Internet (and pretty much any electronic device) stops working!", "details": "Skill Details\nThis skill contains dynamic content.\nInvocation Name: dooms day", "privacy_policy_href": ""}, "Simple Calculator": {"review-count": "3", "description": "Description\nThis is a very simple calculator used to solve basic addition, subtraction, multiplication, division, and it can also do square roots.", "details": "Skill Details\nThis skill contains dynamic content.\nInvocation Name: simple calculator", "privacy_policy_href": ""}, "Martin the Tweeter": {"review-count": "1", "description": "Description\nWaiting for Winds of Winter to be announced? Looking forward to Game of Thrones? This is a simple way to find out what George R.R. Martin is up to. Martin the Tweeter will read to you the last 5 tweets our favorite author has published. No longer will you miss the announcements we're all waiting for.", "details": "Skill Details\nThis skill contains dynamic content.\nInvocation Name: martin the tweeter", "privacy_policy_href": ""}, "Love You Languages": {"review-count": "52", "description": "Description\nThis skill tells you what the phrase \"I love you\" is in different languages. It is very easy to use, you just tell the skill I love you and it will read back the translation in a different language and tell you what language it chose.\n\nIt is worth noting that Alexa pronounces things in American so the pronunciation will be a bit off which is a funny and cute quirk.", "details": "Skill Details\nThis skill contains dynamic content.\nInvocation Name: love you languages", "privacy_policy_href": ""}, "City of Ottawa Garbage Pickup Schedule": {"review-count": "5", "description": "Description\nUPDATED for English-Canada as of January 26th, 2018! This skill was originally developed for English-US before Alexa was available in Canada and it had problems for people that were using English-Canada as their language. It now works for everyone. Huzah!\n\nYou can use the City of Ottawa Garbage Pickup Schedule to find out the date of your next pickup. Sometimes holidays will change the date of the pickup, or perhaps you just don't remember if you have to take out garbage or recycling this week. Now you can just ask Alexa to find out when you need to take out the garbage.\n\nPlease make sure to prefix your question with \"Alexa ask Ottawa Garbage\". You can also say \"Alexa, open Ottawa Garbage\" and the app will ask you if you want to know the next pick up date. You can't just say \"Alexa, when is garbage day\". I wish all skills worked like that but they don't. For many skills including this one, you need to address them by name.\n\nIf you're address isn't recognized, hit me up on twitter @stevemulligan or email steve@nonlocal.ca and I will do my best to get the skill working properly for you.", "details": "Skill Details\nRated: Guidance Suggested.\nThis skill contains dynamic content.\nInvocation Name: ottawa garbage\nDeveloper Privacy Policy", "privacy_policy_href": "http://ottawagarbage.nonlocal.ca/privacy.html"}, "Dish Tracker": {"review-count": "24", "description": "Description\n\"Dish Tracker\" can help you remember if the dishes in your dishwasher are clean or dirty.\n\nWhen you put dirty dishes into the dishwasher, just say, \"Alexa, tell Dish Tracker that the dishes are dirty.\"\n\nLater, when you forgot if those dishes are clean or dirty, just ask, \"Alexa, ask Dish Tracker for the status of my dishes.\" I'll reply with the clean/dirty status and time you last updated that status.\n\nUnfortunately, I can't talk directly to your dishwasher, so you'll have to keep me updated every time you load and unload.\n\nVisit www.jeffdelaney.com/contact/ with suggestions or errors", "details": "Skill Details\nThis skill contains dynamic content.\nInvocation Name: dish tracker", "privacy_policy_href": ""}, "Next Day": {"review-count": "0", "description": "Description\nThis skill finds the next occurrence of a given day. E.g. if you want to find on what date is next sunday, you would need to say - \"Hello Alexa, ask next day, when is next sunday\" and it will answer with the date.", "details": "Skill Details\nThis skill contains dynamic content.\nInvocation Name: next day", "privacy_policy_href": ""}, "What should I do today": {"review-count": "3", "description": "Description\nIf your bored or having trouble figuring out what to do this skill will help you make those decisions.", "details": "Skill Details\nThis skill contains dynamic content.\nInvocation Name: adventure awaits", "privacy_policy_href": ""}, "Quotes on Design": {"review-count": "0", "description": "Description\nStuck wondering how to succeed as a designer? Trying to decide how to balance between simplicity and features? Hear advice from a wide range of famous and successful individuals, courtesy of quotesondesign.com!", "details": "Skill Details\nThis skill contains dynamic content.\nInvocation Name: quotes on design", "privacy_policy_href": ""}, "Hello Sunshine": {"review-count": "11", "description": "Description\nAsk Hello Sunshine to greet a guest with a random inspirational quote. It can also get you a quote without a greeting.", "details": "Skill Details\nThis skill contains dynamic content.\nInvocation Name: hello sunshine", "privacy_policy_href": ""}, "Bouncer's Assistant": {"review-count": "0", "description": "Description\nThis is only a demo example of what the skill can do. Currently it checks a pre-set list of names, and responds accordingly if the person is cleared for entry to a specific event. This can be used by bouncers or security details, where the names are not to be disclosed to them, but still need to be verified.\n\nIn future updates, potentially expanded to include connections to databases, and further verification details such as full name and SSN/ID. Other potential features for the future include adding to list, verification of user, and updating or choosing specified list from server.", "details": "Skill Details\nThis skill contains dynamic content.\nInvocation Name: bouncer's assistant", "privacy_policy_href": ""}, "Canadian Holidays": {"review-count": "1", "description": "Description\nFind out if any upcoming day(s) contain Canadian holidays!", "details": "Skill Details\nThis skill contains dynamic content.\nInvocation Name: canadian holidays", "privacy_policy_href": ""}, "Inspirational Quote": {"review-count": "162", "description": "Description\nQuote teller gives you access to hundreds of different quotes on a range of categories such as movie quote and inspirational quotes. These quote are constantly update to ensure that you never run out of quotes to motivate you or entertain you. You can also ask quote teller for the quote of the day which will give you a random quote from one of the categories.", "details": "Skill Details\nThis skill contains dynamic content.\nInvocation Name: quote teller", "privacy_policy_href": ""}, "Pick One Between": {"review-count": "2", "description": "Description\nHave you been in any of the following situations?\n- Stuck with a friend that always says, \"I'm cool with anything\".\n- Can't decide if you want to go to the beach or a hike on a Saturday.\n- Can't make up your mind if you should gift your spouse an Amazon Echo or an Apple Watch for their birthday.\n\nBy the time you are faced with such a situation, you typically have two options that you or your group needs to decide on.\n\nLook no further! Just ask Alexa to \"Pick One Between\" the two options and voila!", "details": "Skill Details\nThis skill contains dynamic content.\nInvocation Name: pick one between", "privacy_policy_href": ""}, "Bail Bot": {"review-count": "0", "description": "Description\nNeed some me time? Bail Bot helps you find the excuses so you can stay home and go out next time. Our never-ending* supply of excuses will help you find that me time in-amongst all the other things you have going on.\n\n* Excuses have to end sometimes", "details": "Skill Details\nThis skill contains dynamic content.\nInvocation Name: bail bot", "privacy_policy_href": ""}, "Find Your Sport": {"review-count": "0", "description": "Description\nHelps you find your sport", "details": "Skill Details\nThis skill contains dynamic content.\nInvocation Name: find your sport", "privacy_policy_href": ""}, "GCP Status": {"review-count": "0", "description": "Description\nThis skill talks to the google status endpoint to check for current events and tells you if one is happening.", "details": "Skill Details\nThis skill contains dynamic content.\nInvocation Name: g. c. p. status", "privacy_policy_href": ""}, "Chinese Zodiac Calendar": {"review-count": "2", "description": "Description\nThis skill well well you what the current zodiac animal is for the Chinese calendar. It will also calculate the next occurrence of an animal. You can also give this skill any year and it will tell you which zodiac animal that year is according to the Chinese calendar.", "details": "Skill Details\nThis skill contains dynamic content.\nInvocation Name: chinese zodiac calendar", "privacy_policy_href": ""}, "Twin Lead Loss": {"review-count": "0", "description": "Description\nTwin Lead has fallen out of favor in the ham radio world. Coax is far less affected by the environment in which it is used. However, you may be surprised at how low twin lead losses are. All losses are approximations. Loss figures are taken from www.rfcafe.com. Thanks to Kirt Blattenberger.", "details": "Skill Details\nThis skill contains dynamic content.\nInvocation Name: twin lead loss", "privacy_policy_href": ""}, "Mosaic Growth": {"review-count": "0", "description": "Description\nStay up to date on the latest news from Mosaic Growth. With this skill you can...\n\n* Hear the latest Mosaic Growth Facebook posts\n* Have any post texted to your phone\n\nA great way to keep informed using just your voice.", "details": "Skill Details\nRated: Guidance Suggested.\nThis skill contains dynamic content.\nInvocation Name: mosaic growth\nDeveloper Privacy Policy\nDeveloper Terms of Use", "privacy_policy_href": "http://www.witlingo.com/privacy-policy/"}, "Black Friday Countdown": {"review-count": "0", "description": "Description\nTells the number of days until Black Friday. Just ask, \"Alexa, open Black Friday Countdown.\"", "details": "Skill Details\nThis skill contains dynamic content.\nInvocation Name: black friday countdown", "privacy_policy_href": ""}, "Charlottesville Tech Events": {"review-count": "0", "description": "Description\nFind out what tech lectures and meet-ups are coming up in Charlottesville!", "details": "Skill Details\nThis skill contains dynamic content.\nInvocation Name: charlottesville tech events", "privacy_policy_href": ""}, "Green Score": {"review-count": "2", "description": "Description\nThe skill is designed to help everyone get \"greenscore's\"(i.e, walk and bike scores) of their cities and random facts based on the score for their city to conserve energy and promote green environment. The score identifies if a city is walk-able, car-dependant and/or bike-able city and provides random fact/ideas based on green score of a city.\n\nAdapting to some of the ideas can have a huge impact and lead to more environmental friendly living. Small changes, each day, can help protect Earth and create a beautiful home for our future generations!\n\nScores powered by Walk Score\u00ae https://www.walkscore.com/\"", "details": "Skill Details\nThis skill contains dynamic content.\nInvocation Name: green score", "privacy_policy_href": ""}, "T.H. Widget": {"review-count": "0", "description": "Description\nA couple of measurements are all that is needed to calculate how tall or height of an object. Horizontal distance and angle to top of object are combined to give you an answer. Fancy equipment is not required, but ability to measure angle using either a dedicated clinometer or phone app. is preferred to get better results. Decimals may be used for both measurements, but not fractions (i.e. `ten point five feet`, but not `ten-and-a-half feet`).", "details": "Skill Details\nThis skill contains dynamic content.\nInvocation Name: t. h. widget", "privacy_policy_href": ""}, "Princeton Calendar": {"review-count": "2", "description": "Description\nThis skill tells you all academic events and deadlines on a given date for Princeton University starting from September 9th, 2015. Simply ask for events on a date or a period of time such as this month or year.", "details": "Skill Details\nThis skill contains dynamic content.\nInvocation Name: princeton calendar", "privacy_policy_href": ""}, "204th Drill Check": {"review-count": "0", "description": "Description\nThis skill will allow members of the NJ Air National Guard to confirm the dates of our monthly drills.", "details": "Skill Details\nThis skill contains dynamic content.\nInvocation Name: the golden owls", "privacy_policy_href": ""}, "Kenya Holidays Calendar": {"review-count": "0", "description": "Description\nThis skill tells you about holidays in Kenya", "details": "Skill Details\nThis skill contains dynamic content.\nInvocation Name: kenya holidays calendar", "privacy_policy_href": ""}, "Greece Holidays Calendar": {"review-count": "0", "description": "Description\nHoliday calendar for Greece. This skill tells you about holidays in Greece.", "details": "Skill Details\nThis skill contains dynamic content.\nInvocation Name: greece holidays calendar", "privacy_policy_href": ""}, "What Should You Do with Your Life": {"review-count": "24", "description": "Description\nTells you something you should do with your life", "details": "Skill Details\nThis skill contains dynamic content.\nInvocation Name: my life", "privacy_policy_href": ""}, "My Counter Ver2": {"review-count": "2", "description": "Description\nThis skill is for you only.\nThe counter will rise every time you call.\nBut that's it. :-)\n\nBy the way, what kinds of animals do you like?\nFinally the animals may hear barks", "details": "Skill Details\nRated: Guidance Suggested.\nThis skill contains dynamic content.\nInvocation Name: my counter\nDeveloper Privacy Policy", "privacy_policy_href": "https://s3-eu-west-1.amazonaws.com/earth-coordinates-skill/PrivacyPolicyForAlexaSkillsInUS.pdf"}, "Stork's Baby Decision": {"review-count": "0", "description": "Description\nStork's Baby Decision will determine if you are fit to be a parent by asking a set of yes or no questions", "details": "Skill Details\nThis skill contains dynamic content.\nInvocation Name: stork's baby decision", "privacy_policy_href": ""}, "Miami Bell Tower": {"review-count": "1", "description": "Description\nThis skill will tell you the time in Oxford, OH as might be told by the bell tower.", "details": "Skill Details\nThis skill contains dynamic content.\nInvocation Name: miami bell tower", "privacy_policy_href": ""}, "kind of coffee": {"review-count": "40", "description": "Description\nTells user what coffee they should try out", "details": "Skill Details\nThis skill contains dynamic content.\nInvocation Name: kind of coffee", "privacy_policy_href": ""}, "Hindu Calendar": {"review-count": "0", "description": "Description\nThis skill tells you about Hindu calendar events", "details": "Skill Details\nThis skill contains dynamic content.\nInvocation Name: hindu calendar", "privacy_policy_href": ""}, "Dubuque Chorale Calendar": {"review-count": "0", "description": "Description\nThis skill provides updated information from the web for the Dubuque Chorale's schedule of concerts and rehearsals. Information is gathered through their online live calendar and will be sent to your Alexa app upon request.", "details": "Skill Details\nThis skill contains dynamic content.\nInvocation Name: chorale calendar", "privacy_policy_href": ""}, "Browser Support": {"review-count": "91", "description": "Description\nBrowser support allows users to rapidly check browser support for modern web technologies. Just ask it to look up a feature, and it'll report a summary of supported browsers and versions.", "details": "Skill Details\nThis skill contains dynamic content.\nInvocation Name: browser support", "privacy_policy_href": ""}, "Heal Yourself": {"review-count": "7", "description": "Description\nEver experience the profound emptiness and isolation of human existence? Take a journey to positive mental health through daily affirmations. Simply ask to be inspired or uplifted for an enlightening quote to brighten your day. Myah!", "details": "Skill Details\nThis skill contains dynamic content.\nInvocation Name: heal yourself", "privacy_policy_href": ""}, "Things Successful People Do": {"review-count": "3", "description": "Description\nThese advices from successful people will help you become a successful person, become less stress and more productive.\nEver wondered why some people become CEO, it's because they do these things as a habit. You too can succeed in life by following these advices.", "details": "Skill Details\nThis skill contains dynamic content.\nInvocation Name: successful people facts", "privacy_policy_href": ""}, "How to be Canadian": {"review-count": "10", "description": "Description\nSo, Mr. Moose is a Canadian, eh. Like all Canadians he is very helpful, and he wants to help you be Canadian too.\nMr. Moose will share great tips, eh, on how best to become a part of one the most awesome nationalities that starts with C and ends with \u201ceh\u201d.", "details": "Skill Details\nThis skill contains dynamic content.\nInvocation Name: mister moose", "privacy_policy_href": ""}, "Sears Service": {"review-count": "0", "description": "Description\nThe Sears Service skill can be used to either to request service for a Sears appliance, or to request a refill of a product for a Sears appliance. The first time you use this skill, please login to the skill with the email you use for your Amazon account.\n\nIf you don't have an account in the Sears system using the same email that you use with your Amazon account, then Sears will contact you by email to get your contact information to process your request.", "details": "Skill Details\nRated: Guidance Suggested.\nThis skill contains dynamic content.\nInvocation Name: sears service\nDeveloper Privacy Policy", "privacy_policy_href": "http://www.sears.com/en_us/customer-service/policies/privacy-policy.html"}, "Kate's chores": {"review-count": "4", "description": "Description\nHappy life, happy life. This skill will give you a list of chores and when asked, will tell you what needs to be done in and around the house. Never forget a single chore and keep Kate happy. Just ask Alexa what Kate wants and she's sure to let you know.", "details": "Skill Details\nThis skill contains dynamic content.\nInvocation Name: kates chores", "privacy_policy_href": ""}, "ValidateMe": {"review-count": "0", "description": "Description\nAre you feeling down? Do you need someone to tell you that you're an amazing person? Have Alexa validate you! This skill is very easy to use with no account or hardware requirements needed. Simply ask Alexa to cheer you up, and she'll do just that for you!", "details": "Skill Details\nThis skill contains dynamic content.\nInvocation Name: validate me", "privacy_policy_href": ""}, "Pizza Calculator": {"review-count": "1", "description": "Description\nPizza Calculator helps you find the best bang for the buck.\n\nEnter the pizza information, such as price, size, and company. We will then tell you which of the two pizzas is cheaper per square inch.\n\nIf you enjoyed this skill or it helped you save money, feel free to leave an honest review below.", "details": "Skill Details\nThis skill contains dynamic content.\nInvocation Name: pizza calculator", "privacy_policy_href": ""}, "Pound Kilo": {"review-count": "1", "description": "Description\nQuickly convert Pounds to Kilos. You can simply ask \"Alexa ask Pound Kilo how much is the 15 pound\".\nYou can also launch the skill \"Pound Kilo\" and can ask \"Convert 15 pounds to kilo\" or \"How much is 15 pounds\".\nIt does 2 decimal point precision.", "details": "Skill Details\nThis skill contains dynamic content.\nInvocation Name: pound kilo", "privacy_policy_href": ""}, "Compliment me?": {"review-count": "1", "description": "Description\nMaybe you've had a rough day and just need a compliment. Just ask for one! But just know that it might not make you feel any better about yourself.", "details": "Skill Details\nThis skill contains dynamic content.\nInvocation Name: compliment me", "privacy_policy_href": ""}, "FortuneTelling": {"review-count": "9", "description": "Description\nThis skill tells your today's future.\nWhen you say 'tell me my fortune', then this skill tells you it.", "details": "Skill Details\nThis skill contains dynamic content.\nInvocation Name: fortune telling", "privacy_policy_href": ""}, "Me Chi": {"review-count": "0", "description": "Description\nThe user asks Alexa to inspire them. Alexa responds with encouragements.", "details": "Skill Details\nThis skill contains dynamic content.\nInvocation Name: me chi", "privacy_policy_href": ""}, "Dates Subtractor": {"review-count": "0", "description": "Description\nEasy to use calculator to subtract between 2 dates. Simply say \"Ask Dates Subtractor how many days are between <date 1> and <date 2>\"", "details": "Skill Details\nThis skill contains dynamic content.\nInvocation Name: dates subtractor", "privacy_policy_href": ""}, "ChalkTalk": {"review-count": "2", "description": "Description\nChalkTalk is a cross platform chat service that enables you to chat with other platforms such as other Amazon Echoes, Google Homes, iOS or Android devices.\n\nIt's quick and easy to setup -\n\n1. Download the 'ChalkTalk Messenger' companion app either on the Apple App Store or on the Google Play store and create an account.\n2. Use the Amazon Alexa App to link your account.\n3. Add some friends and contacts.\n\nFrom then on, you can send messages or check your messages on your Amazon Echo!\n\nIt's safe and secure:\n'ChalkTalk Messenger' uses direct asynchronous/real-time messages between users within the platform only. There are no additional outside numbers required; your phone number is required so your friends and contacts can find you to connect with. You can accept or decline any contact invites. You will only be able to message people that are within your connected contacts.", "details": "Skill Details\nRated: Guidance Suggested.\nThis skill contains dynamic content.\nInvocation Name: chalk talk\nDeveloper Privacy Policy", "privacy_policy_href": "http://lazilyinspired.com/chalktalk-message-privacy-policy/"}, "MyJournal": {"review-count": "12", "description": "Description\nMyJournal is a 7-day daily journal. You can tell MyJournal what you did today, yesterday, or any day of the week for recollection later. For example, you can say, \"I worked on ticket 3342\". You can tell MyJournal whom you did it with: \"I went to Wal-Mart with John\". MyJournal automatically creates a new Journal for each day of the week. You can clear your journal for the day by saying, \"Clear my journal,\" or clear the latest entry: \"Delete the last entry.\" To get your entries, say: \"What did I do today?\" or \"What did I do yesterday?\"", "details": "Skill Details\nRated: Guidance Suggested.\nThis skill contains dynamic content.\nInvocation Name: my journal\nDeveloper Privacy Policy", "privacy_policy_href": "http://games.something-magical.net/myjournal.html"}, "Bhagavad Gita Quotes": {"review-count": "2", "description": "Description\nBhagavad Gita Quotes provides users with inspirational quotes from sacred book he Bhagavad Gita. The user can hear motivating and inspiring quotes throughout the day. The quotes are based on spiritual wisdom, karma and life.", "details": "Skill Details\nThis skill contains dynamic content.\nInvocation Name: gita quotes", "privacy_policy_href": ""}, "Random Life Tips": {"review-count": "0", "description": "Description\nLife Tip will tell you a tip about a random topic. These tips are useful ideas to keep in mind when doing the things they relate to.", "details": "Skill Details\nRated: Guidance Suggested.\nThis skill contains dynamic content.\nInvocation Name: life tip", "privacy_policy_href": ""}, "Motivate Pal": {"review-count": "3", "description": "Description\nJust open the skill and ask it to tell you something, or ask it to motivate you, and it will reply will a motivating statement. No requirements needed.", "details": "Skill Details\nThis skill contains dynamic content.\nInvocation Name: motivate pal", "privacy_policy_href": ""}, "Track My Bills": {"review-count": "5", "description": "Description\nJust enable this skill on your device and start keep track of your monthly bills. No need to open an account, no need to use your mobile phone apps to manual enter the bills. Just talk to the skill\nand let the skill do the work for you.", "details": "Skill Details\nThis skill contains dynamic content.\nInvocation Name: track my bills", "privacy_policy_href": ""}, "Random Stoic Quote": {"review-count": "0", "description": "Description\nRandom Stoic Quote provides a dose of stoicism during your busy day. Just ask for a quote and one of hundreds of quotes will be random told to you.", "details": "Skill Details\nThis skill contains dynamic content.\nInvocation Name: stoic quote", "privacy_policy_href": ""}, "Virginia Democracy Forward": {"review-count": "2", "description": "Description\nStay up to date on the latest news from Virginia Democracy Forward. With this skill you can...\n\n* Hear the latest Virginia Democracy Forward Facebook posts\n* Have any post texted to your phone\n\nA great way to keep informed using just your voice.", "details": "Skill Details\nRated: Guidance Suggested.\nThis skill contains dynamic content.\nInvocation Name: virginia democracy forward\nDeveloper Privacy Policy\nDeveloper Terms of Use", "privacy_policy_href": "http://www.witlingo.com/privacy-policy/"}, "VoiceFirst.FM": {"review-count": "1", "description": "Description\nStay up to date on the latest news from VoiceFirst FM. With this skill you can...\n\n* Hear the latest VoiceFirst FM Facebook posts\n* Have any post texted to your phone\n\nA great way to keep informed using just your voice.", "details": "Skill Details\nRated: Guidance Suggested.\nThis skill contains dynamic content.\nInvocation Name: voice first f. m.\nDeveloper Privacy Policy\nDeveloper Terms of Use", "privacy_policy_href": "http://www.witlingo.com/privacy-policy/"}, "San Francisco Garbage Collection": {"review-count": "0", "description": "Description\nYou can register your garbage collection day. And after registration, you can ask WASTE COLLECTOR to your today's garbage. Supported garbage type is \"RECYCLE\", \"COMPOST\", and, \"TRASH\". Collection day of week is \"SUNDAY\" to \"SATURDAY\".\n\n[Registration]\n\nUser: \"Alexa, start WASTE COLLECTOR.\"\n\nSkill: \"Welcome to the San Francisco City WASTE COLLECTOR. You can REGISTER, DELETE and CHECK the trash collect schedule. To regist, \"REGISTER NEW DATA\". To delete, \"DELETE ALL DATA\". To check, \"WHAT IS TODAY'S GARBAGE?\"\n\nUser:\"Alexa, ask WASTE COLLECTOR regist new data.\"\n\nSkill:\"Register the garbage type and collect day of week. Garbage type is {RECYCLE | COMPOST | TRASH}.\"\nUser: \"Garbage type is RECYCLE.\"\n\nSkill: \"I remember collect garbage type is RECYCLE. Next, register the collect day of week, collect day of week is {SUNDAY | MONDAY | TUESDAY | WEDNESDAY | THURSDAY | FRIDAY | SATURDAY}.\"\n\nUser: \"Collect day of week is TUESDAY.\"\n\nSkill: \"I remember garbage type is RECYCLE, and collect day of the week is TUESDAY. Registration is finished.\"\n\n\n[Check]\n\nUser: \"Alexa, ask WASTE COLLECTOR what is today's garbage?\"\n\nSkill: \"RECYCLE.\"", "details": "Skill Details\nThis skill contains dynamic content.\nInvocation Name: waste collector", "privacy_policy_href": ""}, "Robin Sharma Quotes": {"review-count": "4", "description": "Description\nWelcome to the Robin Sharma Quotes.\n\nRobin Sharma is a Canadian writer and leadership speaker, best known for his The Monk Who Sold His Ferrari series.\n\nThis has collection of his few famous quotes. They will inspire you, motivate you to be the best you can be.\n\nYou can inspire yourself daily by just asking:\n\n\"Alexa open Robin Sharma Quotes and inspire me.\"\n\n\"Alexa open Robin Sharma Quotes and give me the quote of the day.\"", "details": "Skill Details\nThis skill contains dynamic content.\nInvocation Name: robin sharma quotes", "privacy_policy_href": ""}, "Working Mom Tip of the Day": {"review-count": "9", "description": "Description\nWelcome to the Working Mom Tip of the Day. You'll get daily tips, tricks, and advice on how to save time and your sanity while striking a better balance. Topics cover time management, planning and scheduling, meetings management, lists, meal preparation, logistics, setting goals, mindfulness, gratitude, and more, more, more. As a working mom, you have dozens of competing priorities. Your Working Mom Tip of the Day is the little spark of inspiration you need to be more effective and get more done. For more in-depth tips, working mom stories, and laughs, visit robincamarote.com. Have an idea you'd like to share? Contact me at robin@robincamarote.com. You got this, mama!", "details": "Skill Details\nFlash Briefing Skill\nThis skill contains dynamic content.", "privacy_policy_href": ""}, "Good Morning Buddy": {"review-count": "18", "description": "Description\nGreets user with Good Morning.\n\nIf Address (PostalCode and country code) is enabled, provides weather forecast\nIf List read access is enabled, reads Top 5 TODOs for users Alexa To-do list", "details": "Skill Details\nRated: Guidance Suggested.\nThis skill contains dynamic content.\nInvocation Name: good morning buddy\nDeveloper Privacy Policy", "privacy_policy_href": "http://alexa-skill-good-morning-buddy.s3-website-us-east-1.amazonaws.com/"}, "Daily Cup of Tea (Top Reddit Posts)": {"review-count": "30", "description": "Description\nDaily Cup of Tea is an skill that pulls the daily top posts from reddit and gives you gives you a little bit of everything you like each day.\n\nWhether it's news, jokes, facts, quotes, or pro-tips, we will brew up a perfect cup of content for you every day of the week!", "details": "Skill Details\nFlash Briefing Skill\nRated: Guidance Suggested.\nThis skill contains dynamic content.", "privacy_policy_href": ""}, "Mom Compliments": {"review-count": "21", "description": "Description\nMom, do ever get tired of not being appreciated? Mom Compliments gives you that small boost that makes you know that you are doing absolutely everything right. Sweet compliment to make moms' days.", "details": "Skill Details\nThis skill contains dynamic content.\nInvocation Name: mom compliments", "privacy_policy_href": ""}, "Guess what": {"review-count": "107", "description": "Description\nGuessWhat will ask you a few questions about the task you have in mind but you are not sure if you want to do it.\n\nBy answering the questions, GuessWhat will let you know whether you should do the task or not and when you should do it.", "details": "Skill Details\nThis skill contains dynamic content.\nInvocation Name: guess what", "privacy_policy_href": ""}, "Mister Compliments": {"review-count": "0", "description": "Description\nGives a random compliment", "details": "Skill Details\nThis skill contains dynamic content.\nInvocation Name: mister compliments", "privacy_policy_href": ""}, "Translate This": {"review-count": "2,427", "description": "Description\nTranslate This is an application that anyone can use to translate some of the most basic words in the most common and important languages. By going through the prompts, you can quickly and easily get approximate translations that can be used immediately. Support for more languages, more phrases, and native pronunciation will shortly be implemented.", "details": "Skill Details\nThis skill contains dynamic content.\nInvocation Name: translate this", "privacy_policy_href": ""}, "Filter Minder": {"review-count": "10", "description": "Description\nAir conditioner filters should be changed often to improve air quality and keep everything running efficiently. Now you can save and recall the last time you replaced your air conditioner filter so you are never in doubt.", "details": "Skill Details\nThis skill contains dynamic content.\nInvocation Name: filter minder", "privacy_policy_href": ""}, "GaryVee 365": {"review-count": "70", "description": "Description\nA series of daily motivational quotes, phrases and sayings from Gary Vaynerchuk, CEO and co-founder of VaynerMedia. Listen to Gary talk about Hustle, Self-Awareness, Self-Esteem, Empathy, Optimism, Gratitude, Patience, Legacy, Culture and more. Gary also celebrates various holidays for a unique surprise. Stay tuned and start listening today!\n\nDue to the nature of Gary's content, this Flash Briefing skill may contain profanity. That said, if you're not listening because of that, you're literally stopping at floor one instead of reaching the top ;)", "details": "Skill Details\nFlash Briefing Skill\nRated: Mature.\nThis skill contains dynamic content.\nDeveloper Privacy Policy\nDeveloper Terms of Use", "privacy_policy_href": "https://www.garyvaynerchuk.com/privacy-policy/"}, "remember this": {"review-count": "350", "description": "Description\nREMEMBER THIS allows you to create a list of items you want to remember. Start your list by saying ADD TO LIST followed by the text you wish to add. Use READ LIST to hear the list. A number is assigned to each item in the list. To remove an item from the list say DELETE NUMBER n, where n is the number of the item you wish to remove. You can clear the list by saying CLEAR LIST. You can also renumber the list (which may be helpful after deleting items). HELP and STOP are also available at any time.\n\nREMEMBER THIS was originally written for the visually impaired, who cannot use the standard Alexa To Do skill, because it requires seeing the list to delete items. The ability to verbally delete items easily was the primary driver for this skill.", "details": "Skill Details\nThis skill contains dynamic content.\nInvocation Name: remember this", "privacy_policy_href": ""}, "Coax Loss": {"review-count": "0", "description": "Description\nAll feedlines have losses but for your application are the losses a problem? This skill give the loss in dB per 100' for several popular coaxial feedlines at frequencies from 1 megahertz to 1000 megahertz. Losses are generally conservative approximations. For more accuracy please consult the ARRL handbook or similar publications.", "details": "Skill Details\nThis skill contains dynamic content.\nInvocation Name: coax loss", "privacy_policy_href": ""}, "Month Picker": {"review-count": "0", "description": "Description\nPicks a month from the year.", "details": "Skill Details\nThis skill contains dynamic content.\nInvocation Name: month picker", "privacy_policy_href": ""}, "Snowcone": {"review-count": "3", "description": "Description\nNeed a reminder to tune in to the weekly Alexa Developer Office Hours? Well, now we can help you with that.", "details": "Skill Details\nRated: Guidance Suggested.\nThis skill contains dynamic content.\nInvocation Name: snow cone", "privacy_policy_href": ""}, "Days Since": {"review-count": "4", "description": "Description\nDays Since calculates the number of days from a date in the past to today.", "details": "Skill Details\nThis skill contains dynamic content.\nInvocation Name: days since", "privacy_policy_href": ""}, "Start my morning": {"review-count": "298", "description": "Description\nHaving a rough morning? Or just need a quick pick me up. Alexa says something nice or a tip to get through the day.", "details": "Skill Details\nThis skill contains dynamic content.\nInvocation Name: good morning", "privacy_policy_href": ""}, "Quotation of the Day": {"review-count": "1", "description": "Description\nThis app is used for learning some advisory quotes while entertaining.\n\nGetting Started:\n- Open \"Daily Quotation\" skill page on Alexa app or alexa.amazon.com\n- Click Enable Skill button\n- Now, you can use skill with example phrases\n\nTo get daily quotation just say:\n- Alexa, ask daily quotation, what is the daily quotation", "details": "Skill Details\nThis skill contains dynamic content.\nInvocation Name: daily quotation", "privacy_policy_href": ""}, "Positive Thoughts": {"review-count": "1,208", "description": "Description\nGet a positive thought from some of the inspirational voices in history.", "details": "Skill Details\nThis skill contains dynamic content.\nInvocation Name: positive thoughts", "privacy_policy_href": ""}, "LoanPaymentCalculator": {"review-count": "1", "description": "Description\nCalculates monthly payment for a loan if principal, term in number of months and interest rate are provided.", "details": "Skill Details\nThis skill contains dynamic content.\nInvocation Name: payment calculator", "privacy_policy_href": ""}}