{"Captain Torch": {"review-count": "0", "description": "Description\nThis skill allows you to interact with Captain torch. He is a web developer. He created a few games which user can play on web site. The user can contact for business and some development work.", "details": "Skill Details\nThis skill contains dynamic content.\nInvocation Name: captain torch\nDeveloper Privacy Policy\nDeveloper Terms of Use", "privacy_policy_href": "https://docs.google.com/document/d/1vmWE3mZH5ZZ5Za8Un37qqtrr4FfhZem9rBcUkEOFz_s/edit?usp=sharing"}, "NRSC": {"review-count": "0", "description": "Description\nShort description of what NRSC is", "details": "Skill Details\nThis skill contains dynamic content.\nInvocation Name: n. r. s. c.", "privacy_policy_href": ""}, "Atlas MedStaff": {"review-count": "1", "description": "Description\nEnable this Skill to hear updates, company news, and important reminders.", "details": "Skill Details\nFlash Briefing Skill\nThis skill contains dynamic content.", "privacy_policy_href": ""}, "Tri-Cities Real Estate Flash Briefing": {"review-count": "1", "description": "Description\nThis skill is designed to provide a podcast style, top-level statistical overview of the Tri-Cities, Washington real estate market. It will provide information and direction on best practices for selling or buying your next home. The only hardware you'll need is Alexa and speakers.", "details": "Skill Details\nFlash Briefing Skill\nRated: Guidance Suggested.\nThis skill contains dynamic content.\nDeveloper Privacy Policy\nDeveloper Terms of Use", "privacy_policy_href": "http://www.kenmoreteam.com/privacy-policy.php"}, "NGauge": {"review-count": "0", "description": "Description\nThe NGauge skill allows you access to your all important business information stored on Infoveave via Alexa.\nYou can ask NGauge to send your reports, or even ask it queries on you business data.\n'Alexa, ask n gauge, what was my quarterly revenue this year from Japan for Cosmetics'\n'Alexa, ask n gauge, what product generated the highest revenue in the last 3 months'", "details": "Skill Details\nRated: Guidance Suggested.\nThis skill contains dynamic content.\nInvocation Name: n. gauge\nDeveloper Privacy Policy\nDeveloper Terms of Use", "privacy_policy_href": "http://infoveave.com/privacy-policy"}, "Voice of Home Buying": {"review-count": "0", "description": "Description\nThis skill has the details of the properties located in Austin city. So a user can ask use this skill for getting the details about the property of his/her choice. This skill would also help user to get the financing information as well.", "details": "Skill Details\nRated: Guidance Suggested.\nThis skill contains dynamic content.\nInvocation Name: real estate\nDeveloper Privacy Policy\nDeveloper Terms of Use", "privacy_policy_href": "https://www.dropbox.com/s/drqk2supc2vn86e/Privacy%20Policy%28Letter%29.PDF?dl=0"}, "Home Economics: Managing the business of your life": {"review-count": "0", "description": "Description\nEver wish your parents had taught you more about budgeting, managing your checkbook, credit and more? Each week, you'll learn a new skill to optimize your personal finances and daily habits with a goal of building prosperity over a lifetime.", "details": "Skill Details\nFlash Briefing Skill\nThis skill contains dynamic content.\nDeveloper Privacy Policy\nDeveloper Terms of Use", "privacy_policy_href": "https://www.loandepot.com/privacypolicy"}, "RQSI Info": {"review-count": "0", "description": "Description\nPerformance and Commentary from the RQSI GAA Program.", "details": "Skill Details\nThis skill contains dynamic content.\nInvocation Name: r. q. s. i.", "privacy_policy_href": ""}, "4-Day Work Week Entrepreneur Strategies": {"review-count": "1", "description": "Description\nHave you ever had a 3-day weekend and thought, \"Wow, I'd like to do this all the time?\" If so, then this is for you. I help entrepreneurs and business owners Make More Money... In Less Time... Doing What They Do Best... to create an abundant sustainable 4-day work week lifestyle so they can enjoy their family, friends and lives outside of work. It took me 7 years to go from employee to entrepreneur\u2026 and another 15 to consistently work an abundant 4-day work week lifestyle. There\u2019s a good chance I can help you get there faster. We discuss budgeting, freelancing, social media, avoiding common $10,000+ mistakes, time optimization, productivity, delegation, sales, cost-effective marketing & outsourcing, networking, how to get there step by step and a lot more. I'm committed to helping 4,444,444 people create their own 4-day work week lifestyle. These strategies will help you get started.", "details": "Skill Details\nFlash Briefing Skill\nThis skill contains dynamic content.", "privacy_policy_href": ""}, "Insureblocks - Blockchain for Insurance": {"review-count": "0", "description": "Description\nInsureblocks, a dedicated podcast & blog on blockchain and smart contracts in the insurance industry.\n\nHere are a few quick tips for navigating our skill. To get started, click the enable button. Then, tell your Alexa device, \"Alexa, open Insureblocks.\"When opening the skill you\u2019ll be offered the latest episode. But you can also browse recent episodes, and search for an episode with a keyword. Listen carefully to Alexa's instructions, and respond.\n\nFurthermore you have the ability to pause, fast forward, and rewind. For example:\n\nFast Forward/Back Within Episode\n\u2014 [While episode is playing] \u201cAlexa, tell Insureblocks to fast forward 2 minutes\u201d\n\u2014 [While episode is playing] \u201cAlexa, tell Insureblocks to rewind 45 seconds\u201d\n\nSelect Latest Episode\n\u2014 [While episode is playing] \u201cAlexa, tell The Insureblocks to play the newest episode\u201d\n\nThanks for listening!", "details": "Skill Details\nThis skill contains dynamic content.\nInvocation Name: insure blocks", "privacy_policy_href": ""}, "TechSpective": {"review-count": "0", "description": "Description\nThis Skill covers technology trends and breaking news in a meaningful way that brings value to the story, and provides you with information that is relevant to you. We offer in-depth reporting and long-form feature stories, as well as breaking news coverage, product reviews, and community content in plain English terms, and with a unique perspective on technology.", "details": "Skill Details\nFlash Briefing Skill\nRated: Guidance Suggested.\nThis skill contains dynamic content.", "privacy_policy_href": ""}, "How to Sell Your House in 30 Days": {"review-count": "1", "description": "Description\nLooking for what's really going on behind the scenes in the world of real estate? Madeline Dobbs of the More Brandywine Valley Homes team at Century 21 Emerald is here to update you on everything going on in today's housing market!", "details": "Skill Details\nFlash Briefing Skill\nThis skill contains dynamic content.", "privacy_policy_href": ""}, "Devparadox Crypto Watch": {"review-count": "1", "description": "Description\nDevparadox is a brand that documents Cryptocurrency and Tech trends. The Devparadox Crypto Flash Briefing brings you the top coins that are doing well in the last 24 hours as well as ones that are not doing so well. We will also have the trending news from the last 24 hours. Check back everyday for updated news.\n\nCheck out our other social media platform\n\nInstagram: https://www.instagram.com/realdevparadox/\nTwitter: https://twitter.com/realdevparadox\nFacebook: https://www.facebook.com/RealDevParadox\nWebsite: Devparadox.io", "details": "Skill Details\nFlash Briefing Skill\nRated: Guidance Suggested.\nThis skill contains dynamic content.", "privacy_policy_href": ""}, "Freedom First": {"review-count": "1", "description": "Description\nProvides basic information about Freedom First Credit Union, such as hours, website address, and branch locations.", "details": "Skill Details\nThis skill contains dynamic content.\nInvocation Name: freedom first\nDeveloper Privacy Policy", "privacy_policy_href": "https://www.freedomfirst.com/privacy-policy"}, "Sikich Flash Briefing": {"review-count": "0", "description": "Description\nAdd the latest in Technology, Accounting, Audit, Tax and Advisory to your weekly news. Discover events, hear important business topics and access a number of experts giving tips for transforming your business.", "details": "Skill Details\nFlash Briefing Skill\nThis skill contains dynamic content.\nDeveloper Privacy Policy\nDeveloper Terms of Use", "privacy_policy_href": "https://www.sikich.com/privacy-policy/"}, "Business, Marketing & Technology For Entrepreneurs": {"review-count": "3", "description": "Description\nCutToTheChase.fm Daily is a show that offers Business, Marketing & Technology News and Tips For Entrepreneurs and Digital Creators, on Creating, Selling and securely Delivering digital content like Audio, Video and PDF, creating a profitable Online Business, Content Marketing, Digital Marketing, promoting products & services online via Paid Ads, Social Media marketing on Facebook & Instagram, Podcasting tips, how to use Audio & Video to create an Online Course, Audiobooks, Video Courses, how and why to use WordPress. alternatives to WordPress, accept payments online, which payment processors to use, how to build an Email List, how to create and promote a Podcast, YouTube channel, Sales Videos, and all the best available Tools, Tricks, Tips and Techniques to build a long-term, profitable, online business.\n\nI publish 3 podcasts that can help you with learning digital marketing, content creation and building a long-term, profitable online business. My main show can be found at SubscribeMe.fm . And my two other shows can be found at CutToTheChase.fm.\n\nMy name is Ravi Jayagopal. I'm the host of SubscribeMe.fm, a podcast about Digital Marketing, Creating Membership Sites & Online Courses and building a profitable online business. I am also the Co-founder & Co-Developer of DigitalAccessPass - or DAP - a premium membership plugin for WordPress.\n\nI am a digital marketer, speaker (most recently presented at Podcast Movement 2018), author of 4 books, business owner, podcaster, online course creator, WordPress plugin creator, and eBusiness coach.\n\nI specialize in helping digital creators and net'repreneurs (online entrepreneurs) - from Bloggers to Course creators to Podcasters to YouTubers to Influencers - with creating, monetizing and delivering digital content and building an online business. I help cut short the learning curve, and teach what to do and what not to do, to build a scalable, successful, profitable online business.\n\nI love learning, executing and sharing about anything digital, online marketing, social media, selling online, digital content creation-, marketing and delivery, accepting payments, writing and marketing Kindle books, tools and technology for starting and running an online business, and pretty much anything digital - including current events happening in the online marketing space!\n\nI'm also a super-amateur Ventriloquist, and a full-time entrepreneur since 2010, living in San Diego California with my beautiful wife, 2 precious kids and a male dog inexplicably named Vanilla! :-)\n\nYou can read more about me at https://SubscribeMe.fm/about-ravi-jayagopal/\n\nAnd check out my main podcast at https://SubscribeMe.fm", "details": "Skill Details\nFlash Briefing Skill\nRated: Guidance Suggested.\nThis skill contains dynamic content.\nDeveloper Privacy Policy\nDeveloper Terms of Use", "privacy_policy_href": "https://cuttothechase.fm/privacy-and-terms/"}, "Three d. Capital": {"review-count": "0", "description": "Description\nThreeD Capital Inc. is a publicly-traded Canadian based venture capital firm trading on the Canadian Securities Exchange under the symbol IDK. Our investment strategy is fluid, agile and industry agnostic. Our primary interest is being lead financer in disruptive or leading edge technologies", "details": "Skill Details\nThis skill contains dynamic content.\nInvocation Name: three d. capital", "privacy_policy_href": ""}, "Sikich": {"review-count": "0", "description": "Description\nGet access to insights, articles and blogs from industry experts across an array of specializations.\n\n> Learn how to best implement ERP projects or get a comparison between NetSuite and Dynamics 365.\n\n> Get access to accounting best-practices and get alerted when new laws impact business.\n\n> Discover new optimizations or methodology from a number of advisory and consulting services\n\nSikich LLP is a leading professional services firm specializing in accounting, advisory, technology and managed services. Founded in 1982, Sikich now ranks as the country\u2019s 28th largest Certified Public Accounting firm and is among the top 10 of all enterprise resource planning solution partners in the country. From corporations and not-for-profits to state and local governments, we help our clients reach their long-term, strategic goals through a unique formula of products and services.", "details": "Skill Details\nRated: Guidance Suggested.\nThis skill contains dynamic content.\nInvocation Name: sikich\nDeveloper Privacy Policy\nDeveloper Terms of Use", "privacy_policy_href": "https://www.sikich.com/privacy-policy/"}, "Pandime": {"review-count": "0", "description": "Description\nEnable this Skill to hear the latest news, inspiration, and business updates from Pandime.", "details": "Skill Details\nFlash Briefing Skill\nRated: Guidance Suggested.\nThis skill contains dynamic content.", "privacy_policy_href": ""}, "Mastermind Moments": {"review-count": "1", "description": "Description\nMastermind Moments is a daily motivational or education clip to help home based entrepreneurs with their business. These clips are featured from the Mastermind Event stage, with speakers like Randy Gage, Sarah Robbins, Art Jonak, Tom \"Big Al\" Schreiter, and more!", "details": "Skill Details\nFlash Briefing Skill\nRated: Guidance Suggested.\nThis skill contains dynamic content.\nDeveloper Privacy Policy\nDeveloper Terms of Use", "privacy_policy_href": "https://www.dropbox.com/s/itcoapd8a16hytn/Mastermind%20Alexa%20Skills%20Privacy%20Policy.pdf?dl=0"}, "Foundations with Jeremy Streten": {"review-count": "1", "description": "Description\nAre you often confused by legal terms? Do you want to know more about why you need to take certain legal steps in your business? Do you want a plan for the future? This Alexa flash briefing will provide you with all of the above information as well as regular legal updates from around the World.", "details": "Skill Details\nFlash Briefing Skill\nThis skill contains dynamic content.", "privacy_policy_href": ""}, "Teach me about marketing": {"review-count": "0", "description": "Description\nWelcome and thank you for taking a look at this skill!\n\nIn this skill you can expect short audio marketing tips for Alexa Users only. You can implement the effective strategies I am going to share with you in your business.\n\nThis skill is value-packed, actionable, and easy to understand episodes ranging around the 1 to 3 minutes.\n\nHosted by digital marketing specialist, Justin Larson, young business owner.\n\nI got into marketing because I started working for my parents at a young age helping them post machinery and lumber products online to help them sell and reach to more people.\n\nAs I grew older I knew that\u2019s what I wanted to do with my life, help businesses grow their business I love the fact that I can help grow a business online no matter what the business is doing.\n\nI named my company Green Forest Marketing because it resembles what my parents sold and because of my philosophy on marketing. It\u2019s about planting the right seeds and nurturing your business in order to create a harvest that your business will become!\n\nPlease send me your questions about the show here\nJustin@greenforestmarketing.com", "details": "Skill Details\nFlash Briefing Skill\nThis skill contains dynamic content.", "privacy_policy_href": ""}, "Q AND A": {"review-count": "4", "description": "Description\nQ AND A is a skill to help you _____________________.\n\nYou can say:\n\n\"Alexa, open Q AND A\"\n\"Alexa, start Q AND A\"\n\"Alexa, launch Q AND A\"\n\nPlease leave a 5-star review if you love this skill, or send us an email with your suggestions at _____________. Your 5-star reviews encourage us to keep making more great skills, thanks!", "details": "Skill Details\nRated: Guidance Suggested.\nThis skill contains dynamic content.\nInvocation Name: q and a\nDeveloper Privacy Policy", "privacy_policy_href": "https://getstoryline.com/public/privacy.html"}, "Entrepreneurs On Fire with John Lee Dumas": {"review-count": "5", "description": "Description\nEntrepreneurs on Fire is an award winning Business Podcast where John Lee Dumas chats with todays most successful Entrepreneurs. Pat Flynn, Seth Godin, Tim Ferriss, Tony Robbins and Gary Vaynerchuk are just 5 of the over 2000 interviews to date. EOFire was created for YOU, the Entrepreneur, Side-Preneur, Solo-Preneur and Small Business Owner. If you're looking for ACTIONABLE advice during your daily commute, workout, or \u2018me\u2019 time, JLD brings the HEAT.", "details": "Skill Details\nRated: Guidance Suggested.\nThis skill contains dynamic content.\nInvocation Name: entrepreneurs on fire", "privacy_policy_href": ""}, "Marketing Minute With T. Allen Hanes": {"review-count": "0", "description": "Description\nMy name is T. Allen Hanes and I can help any business triple their leads, double their sales and add an additional $15,000 to $100,000 to their annuel revenue without spending an additional dime on marketing or advertising.\n\nMore Leads\n\nThe most expensive and difficult function of any business is acquiring new customers. The reason it's difficult has nothing to do with you, your business or your marketing. It has to do with the growth of the Internet and the tremendous number of scams and charlatans that lurk online offering every bogus product and service you can imagine.\nPeople today are often highly skeptical of any product, service or offer\u2026 both offline and online. Consider the last time you heard an offer that you thought sounded valuable. You more than likely discovered that the offer came with certain restrictions, mandatory conditions or a buyer beware non-guaranteed transaction. Prospects buy with their eyes\u2026 not their ears. They also need to know, like and trust you before they will buy what you're offering. Or they need to know and trust the person that's recommending what you sell.\nMany of today's top marketing professionals are calling it \"the single, most powerful lead generation and revenue-generating program\" available today.\n\nMore Conversions\n\nHow would you like to sell more of your products or services... without increasing your traffic?\nIf that's your goal, then you need to improve your conversion rate.\nBusiness owners are always looking for the magic formula that can optimize the performance of their lead generation efforts. Unfortunately, there is NO magic bullet\u2026 just a systemized process that can double or triple your current conversion rates.\nLet's face the facts. I've seen just a slight change to a headline, one item added to a bulleted list, or the placement of a video on a website pay off in massive ways.\nSometimes even seemingly tiny changes \u2014 the headline color or the words you use on your buy button \u2014 can instantly double your sales.\nGenerating a multitude of leads is worthless unless you can convert the vast majority of those leads into actual sales.\n\nSo how would you like to know the secrets to converting all of your leads into paying clients?\n\nMore Transactions\n\nIncreasing the number of times your customers purchase from you\nrepresents a profound and simple business-building strategy that\ncan easily double or triple your profits immediately,\nyet few businesses ever use it.\nIf you have a business that has current customers, then you already have a relationship established with them. You have already invested substantial marketing dollars and resources to attract and keep them as customers.\n\nNow is the time to put into place specific revenue-generating strategies to help them purchase more often so they benefit even greater from your product or service.\n\nHow would you like to see an immediate 15% increase in total revenue WITHOUT spending any additional time, money or effort to get it?\nWhat if we could give you a strategy that would practically FORCE these customers to not only come in for their oil change at 3000 miles\u2026 but to consistently come in BEFORE they reach that interval?\n\nListen in daily as I cover these and other little known marketing strategies.", "details": "Skill Details\nFlash Briefing Skill\nThis skill contains dynamic content.", "privacy_policy_href": ""}, "RoyalWood Media Messenger Marketing": {"review-count": "0", "description": "Description\nRoyalWood Media Messenger Marketing", "details": "Skill Details\nFlash Briefing Skill\nRated: Guidance Suggested.\nThis skill contains dynamic content.", "privacy_policy_href": ""}, "The Mandrell Company": {"review-count": "0", "description": "Description\nThis Flash Briefing brings you information on The Mandrell Company, local housing market updates, and helpful advice for buying or selling a home.", "details": "Skill Details\nFlash Briefing Skill\nRated: Guidance Suggested.\nThis skill contains dynamic content.", "privacy_policy_href": ""}, "Splint Snacks": {"review-count": "0", "description": "Description\nThis Flash Briefing provides company updates, new product information, and helpful tips for snack lovers everywhere!", "details": "Skill Details\nFlash Briefing Skill\nRated: Guidance Suggested.\nThis skill contains dynamic content.", "privacy_policy_href": ""}, "Matt Dydo Consulting": {"review-count": "0", "description": "Description\nProviding consulting tips, advice, and updates to the local New England area.", "details": "Skill Details\nFlash Briefing Skill\nRated: Guidance Suggested.\nThis skill contains dynamic content.", "privacy_policy_href": ""}, "Random FPV": {"review-count": "0", "description": "Description\nEnable this Flash Briefing to stay up-to-date on the latest news, information, highlights, and promotions from Random FPV!", "details": "Skill Details\nFlash Briefing Skill\nRated: Guidance Suggested.\nThis skill contains dynamic content.", "privacy_policy_href": ""}, "SoulPeople California": {"review-count": "0", "description": "Description\nThis Skill brings you the latest updates about SoulPeople California. We're a SoCal Vintage Vynal & Clothing Company, DJ/Radio Host, Event Marketing Company, and more!", "details": "Skill Details\nFlash Briefing Skill\nRated: Guidance Suggested.\nThis skill contains dynamic content.", "privacy_policy_href": ""}, "Streamlined.legal": {"review-count": "0", "description": "Description\nThis Flash Briefing brings you history of Streamlined.legal and it's founders, industry updates, and information on streamlining your legal business.", "details": "Skill Details\nFlash Briefing Skill\nRated: Guidance Suggested.\nThis skill contains dynamic content.", "privacy_policy_href": ""}, "My Real Estate Advisor": {"review-count": "2", "description": "Description\nA home buyer or home seller often face unexpected requirements in their real estate transaction that could become unexpected costs. They can manage money better by learning what to expect!\n\nMy Real Estate Advisor guides you through high level keys steps and can send you the Home Buyer Guide or the Home Seller Guide filled with details to prepare you.", "details": "Skill Details\nRated: Guidance Suggested.\nThis skill contains dynamic content.\nInvocation Name: my real estate advisor\nDeveloper Privacy Policy\nDeveloper Terms of Use", "privacy_policy_href": "https://www.voiceterpro.net/privacy"}, "Solcertain": {"review-count": "0", "description": "Description\nProviding certainty in a uncertain world of solar energy. Information is power.Unbiased consulting.", "details": "Skill Details\nFlash Briefing Skill\nRated: Guidance Suggested.\nThis skill contains dynamic content.", "privacy_policy_href": ""}, "Haze Ice Cream": {"review-count": "0", "description": "Description\nWe love what we do, and we know you love it too. Nothing tastes better than homemade ice cream. Freshly made on the premises with quality ingredients, but don't take out word for it, come and try it for yourself.", "details": "Skill Details\nFlash Briefing Skill\nRated: Guidance Suggested.\nThis skill contains dynamic content.", "privacy_policy_href": ""}, "Office Interiors Granger": {"review-count": "0", "description": "Description\nTo help understand our comapany's", "details": "Skill Details\nFlash Briefing Skill\nRated: Guidance Suggested.\nThis skill contains dynamic content.\nDeveloper Privacy Policy\nDeveloper Terms of Use", "privacy_policy_href": "http://dabbletab.com/privacy"}, "Dog Training College": {"review-count": "0", "description": "Description\nThe Dog Training College offers dog training classes, events and private training to clients throughout the UK.", "details": "Skill Details\nFlash Briefing Skill\nRated: Guidance Suggested.\nThis skill contains dynamic content.", "privacy_policy_href": ""}, "World Changers": {"review-count": "0", "description": "Description\nWorld changers offers the stories of individuals who through great effort changed the world. Learn the adversities they overcame and how they achieved there dreams.\n\nSee if you can guess who they are before they give you have all the clues!", "details": "Skill Details\nThis skill contains dynamic content.\nInvocation Name: world changers", "privacy_policy_href": ""}, "Journeys Travel Inc.": {"review-count": "1", "description": "Description\nJourneys Travel Inc. is a full service travel agency. Journeys agents strive to take care of every detail and ensure that your trip is stress-free.", "details": "Skill Details\nFlash Briefing Skill\nRated: Guidance Suggested.\nThis skill contains dynamic content.", "privacy_policy_href": ""}, "Gronde Photography": {"review-count": "0", "description": "Description\nThis Skill provides updates, helpful photography tips, tricks, and ideas from Gronde Photography.", "details": "Skill Details\nFlash Briefing Skill\nRated: Guidance Suggested.\nThis skill contains dynamic content.", "privacy_policy_href": ""}, "Sabrina Teplin - Douglas Elliman Real Estate": {"review-count": "0", "description": "Description\nDaily updates on Open Houses, Helpful Information on Selling Buying or Renting PLUS Area Events & Happenings in HUNTINGTON TOWNSHIP and on Long Island NY.\nI hope to help you discover Huntington Township and Long Island's endless choices of places to go and things to do. Its a great place to live, and it's a great place to have lived if you're \"moving on\" to other places\u2026\n\nI have been a licensed Realtor for 15+ years. (5,475 Days and Still PASSIONATE) I have guided first time home buyers purchase their first home, helped families move cross town and out of state, conducted rental transactions for both Landlord and Tenant, managed sales and purchases for celebrity, with discretion and privacy, ushered seasoned citizens move with few pain points, and have assisted distressed homeowners relieve their debt with dignity.\nEducation, Support and Trust are lacking in the Real Estate process. I aim to disrupt that.\n\neMail me for my FREE e-Books: \"A Buyer's Guide to Huntington\" or \"Moving On\u201d\nsteplin@elliman.com", "details": "Skill Details\nFlash Briefing Skill\nRated: Guidance Suggested.\nThis skill contains dynamic content.", "privacy_policy_href": ""}, "Jody Young - Realtor, Keller Williams Elite Realty": {"review-count": "0", "description": "Description\nNo hype. Just help finding the best houses for sale in Owensboro. #JodySoldMyHome #ItsYourMove", "details": "Skill Details\nFlash Briefing Skill\nRated: Guidance Suggested.\nThis skill contains dynamic content.", "privacy_policy_href": ""}, "Insomniacs": {"review-count": "1", "description": "Description\nInsomniacs are a bunch of sleep-deprived youngsters who thrive to make your brand remembered. We are a bunch of very lovable people, and our clients just can\u2019t seem to get enough of us. Maybe because we leave no stone unturned, and we swim through deserts, and trek across oceans to connect with your audience across the World of Wide Web. We firmly believe that no matter what anyone tells you, words and ideas can change the world. Say clients to know about our clients.", "details": "Skill Details\nThis skill contains dynamic content.\nInvocation Name: mumbai digital marketing company", "privacy_policy_href": ""}, "renmac's daily": {"review-count": "0", "description": "Description\nRenaissance Macro Research PodCast on Alexa", "details": "Skill Details\nFlash Briefing Skill\nThis skill contains dynamic content.", "privacy_policy_href": ""}, "The Early Days Podcast by DULO": {"review-count": "0", "description": "Description\nA podcast about the ups and downs of building a business from scratch. We interview fellow entrepreneurs about their experience of starting and building businesses. We go behind the scenes and try to unearth what their early days, weeks, months, and years were like.\n\nWe also share nearly daily updates on our process of building the company.", "details": "Skill Details\nFlash Briefing Skill\nThis skill contains dynamic content.", "privacy_policy_href": ""}, "MyAirbags.com": {"review-count": "0", "description": "Description\nMyAirbags Bot can help you to find out prices for services, ask questions about airbags and other automotive electronics.", "details": "Skill Details\nRated: Guidance Suggested.\nThis skill contains dynamic content.\nInvocation Name: my airbag\nDeveloper Privacy Policy\nDeveloper Terms of Use", "privacy_policy_href": "https://www.myairbags.com/about-the-team/terms-conditions/"}, "Skaled Sales Tips": {"review-count": "0", "description": "Description\nDaily sales tips delivered by Skaled", "details": "Skill Details\nFlash Briefing Skill\nThis skill contains dynamic content.", "privacy_policy_href": ""}, "ButtonPushApps": {"review-count": "0", "description": "Description\nBased in the great state of Texas, we are a leading innovator in Alexa Skill development.\n\nButtonPushApps launched into orbit in March of 2016. We help brands by bringing \"voice\" to their message, thrusting them to higher altitudes. Our team of creative programmers can code your Alexa skill or our engineers can assist with the integration of your cloud connected device to the Alexa voice service .\n\nWe\u2019re passionate about helping you create your Alexa skill in today's voice driven world.", "details": "Skill Details\nRated: Guidance Suggested.\nThis skill contains dynamic content.\nInvocation Name: button push apps\nDeveloper Privacy Policy\nDeveloper Terms of Use", "privacy_policy_href": "https://commandingechos.wordpress.com/button-push-apps/"}, "Rahul Gandhi News": {"review-count": "0", "description": "Description\ntells user in depth of the life of the congress president.", "details": "Skill Details\nFlash Briefing Skill\nRated: Guidance Suggested.\nThis skill contains dynamic content.", "privacy_policy_href": ""}, "Modi News": {"review-count": "0", "description": "Description\nTells the world about the happenings in the prime minister of India.", "details": "Skill Details\nFlash Briefing Skill\nThis skill contains dynamic content.", "privacy_policy_href": ""}, "GS On Marketing": {"review-count": "0", "description": "Description\nTake your marketing to the next level enabling to the GS On Marketing. Every day you will learn a new way to grow your business using SEO, Social Media, Paid Advertising, Amazon Marketing, Conversion Rate Optimization, Marketing Automation, and more!", "details": "Skill Details\nFlash Briefing Skill\nThis skill contains dynamic content.", "privacy_policy_href": ""}, "Fifty Beaches": {"review-count": "0", "description": "Description\nFifty Beaches is a skill to help you learn more about the beaches at Prince Edward Island, Canada.\nYou can say:\n\n\"Alexa, open Fifty Beaches\"\n\"Alexa, start Fifty Beaches\"\n\"Alexa, launch Fifty Beaches\"\n\nPlease leave a 5-star review if you love this skill, or send us an email with your suggestions at lyle@appsdeveloper.ca. Your 5-star reviews encourage us to keep making more great skills, thanks!", "details": "Skill Details\nRated: Guidance Suggested.\nThis skill contains dynamic content.\nInvocation Name: fifty beaches\nDeveloper Privacy Policy", "privacy_policy_href": "https://appsdeveloper.ca/alexa-privacy-policy/"}, "Heated Storage Edmonton": {"review-count": "0", "description": "Description\nHeated Storage Edmonton is a skill to help you learn more about Landmark Self Storage.\n\nYou can say:\n\n\"Alexa, open Heated Storage Edmonton\"\n\"Alexa, start Heated Storage Edmonton\"\n\"Alexa, launch Heated Storage Edmonton\"\n\nPlease leave a 5-star review if you love this skill, or send us an email with your suggestions at lyle@appsdeveloper.ca. Your 5-star reviews encourage us to keep making more great skills, thanks!", "details": "Skill Details\nRated: Guidance Suggested.\nThis skill contains dynamic content.\nInvocation Name: heated storage edmonton\nDeveloper Privacy Policy", "privacy_policy_href": "https://appsdeveloper.ca/alexa-privacy-policy/"}, "Landmark Storage": {"review-count": "0", "description": "Description\nLandmark Storage Edmonton is a skill to help you learn more about Landmark Self Storage.\n\nYou can say:\n\n\"Alexa, open Landmark Storage\"\n\"Alexa, start Landmark Storage\"\n\"Alexa, launch Landmark Storage\"\n\nPlease leave a 5-star review if you love this skill, or send us an email with your suggestions at lyle@appsdeveloper.ca. Your 5-star reviews encourage us to keep making more great skills, thanks!", "details": "Skill Details\nRated: Guidance Suggested.\nThis skill contains dynamic content.\nInvocation Name: landmark storage\nDeveloper Privacy Policy", "privacy_policy_href": "https://appsdeveloper.ca/alexa-privacy-policy/"}, "Small Business Owner Tip": {"review-count": "0", "description": "Description\nSmall Business Owner Tip of the day is a skill to hear a small business tip every day. You can come back every day for a small business tip\n\nYou can say:\n\n\"Alexa, open Small Business Owner Tip\"\n\"Alexa, start Small Business Owner Tip\"\n\"Alexa, launch Small Business Owner Tip\"\n\nPlease leave a 5-star review if you love this skill, or send us an email with your suggestions at renee@getpurposenow.com. Your 5-star reviews encourage us to keep making more great skills, thanks!", "details": "Skill Details\nRated: Guidance Suggested.\nThis skill contains dynamic content.\nInvocation Name: small business owner tip\nDeveloper Privacy Policy", "privacy_policy_href": "https://getstoryline.com/public/privacy.html"}, "C. S. N. Premier Collision": {"review-count": "0", "description": "Description\nC. S. N. Premier Collision is a skill to help you learn more about CSN Premier Collision Edmonton.\n\nYou can say:\n\n\"Alexa, open C. S. N. Premier Collision\"\n\"Alexa, start C. S. N. Premier Collision\"\n\"Alexa, launch C. S. N. Premier Collision\"\n\nPlease leave a 5-star review if you love this skill, or send us an email with your suggestions to lyle@appsdeveloper.ca. Your 5-star reviews encourage us to keep making more great skills, thanks!", "details": "Skill Details\nRated: Guidance Suggested.\nThis skill contains dynamic content.\nInvocation Name: c. s. n. premier collision\nDeveloper Privacy Policy", "privacy_policy_href": "https://appsdeveloper.ca/alexa-privacy-policy/"}, "Thrifty Tips": {"review-count": "0", "description": "Description\nNo matter how much money you make, you're probably wasting more than you should. Sometimes you just need a practical tip on how to end up with a little more in your account at the end of the month...and Thrifty Tips can help!", "details": "Skill Details\nThis skill contains dynamic content.\nInvocation Name: thrifty tips", "privacy_policy_href": ""}, "Edmonton Heated Storage": {"review-count": "0", "description": "Description\nEdmonton Heated Storage is a skill to help you learn more about Landmark Self Storage.\n\nYou can say:\n\n\"Alexa, open Edmonton Heated Storage\"\n\"Alexa, start Edmonton Heated Storage\"\n\"Alexa, launch Edmonton Heated Storage\"\n\nPlease leave a 5-star review if you love this skill, or send us an email with your suggestions at lyle@appsdeveloper.ca. Your 5-star reviews encourage us to keep making more great skills, thanks!", "details": "Skill Details\nRated: Guidance Suggested.\nThis skill contains dynamic content.\nInvocation Name: edmonton heated storage\nDeveloper Privacy Policy", "privacy_policy_href": "https://appsdeveloper.ca/alexa-privacy-policy/"}, "Gettin Geeky with Gina": {"review-count": "0", "description": "Description\nIf terms like blogging, live streaming, and SEO scare you, these tips are for you. Get tech tips each day to help you stop feeling as if you've been left in the dark. You'll not only learn what these terms are, but you'll learn how to implement them into your life right away! Come on, let's Get GEEKY!\n\nGina Schreck makes technology easy to understand and inspires you to implement the tips into your life to become digitally savvy! She has been helping people GET GEEKY for over 20 years. She owns a digital marketing agency, SocialKNX and helps companies magnify their brand and turn LIKES into LEADS that convert into DOLLARS! Connect with Gina on any social channel @GinaSchreck", "details": "Skill Details\nFlash Briefing Skill\nThis skill contains dynamic content.\nDeveloper Privacy Policy\nDeveloper Terms of Use", "privacy_policy_href": "http://socialknx.com/socialknx-privacy-policy/"}, "Construction Company": {"review-count": "0", "description": "Description\nConstruction Company is a skill to help you learn more about Synergy Projects Limited.\n\nYou can say:\n\n\"Alexa, open Construction Company\"\n\"Alexa, start Construction Company\"\n\"Alexa, launch Construction Company\"\n\nPlease leave a 5-star review if you love this skill, or send us an email with your suggestions at lyle@appsdeveloper.ca. Your 5-star reviews encourage us to keep making more great skills, thanks!", "details": "Skill Details\nRated: Guidance Suggested.\nThis skill contains dynamic content.\nInvocation Name: construction company\nDeveloper Privacy Policy", "privacy_policy_href": "https://appsdeveloper.ca/alexa-privacy-policy/"}, "Synergy Projects": {"review-count": "0", "description": "Description\nSynergy Projects is a skill to help you learn more about Synergy Projects Limited.\n\nYou can say:\n\n\"Alexa, open Synergy Projects\"\n\"Alexa, start Synergy Projects\"\n\"Alexa, launch Synergy Projects\"\n\nPlease leave a 5-star review if you love this skill, or send us an email with your suggestions at lyle@appsdeveloper.ca. Your 5-star reviews encourage us to keep making more great skills, thanks!", "details": "Skill Details\nRated: Guidance Suggested.\nThis skill contains dynamic content.\nInvocation Name: synergy projects\nDeveloper Privacy Policy", "privacy_policy_href": "https://appsdeveloper.ca/alexa-privacy-policy/"}, "Advertising Laws": {"review-count": "0", "description": "Description\nIf you ever struggle to sell a product that you know is truly great, then you can benefit from learning advertising laws. These laws were developed and perfected by some of the greatest salesmen-in-print, tested through profit and loss - dollars and cents.\n\nAsking Alexa about the Advertising Laws, will bring you over 100 years of accumulated advertising wisdom. Laws in this version come from these advertising greats:\n\n1. Claude Hopkins, who wrote the book on Scientific Advertising in 1923, helped billion-dollar brands like Pepsodent and Palmolive find their way into the mouths and hands of consumers for the first time.\n\n2. John E. Kennedy - of Lord & Thomas fame. The father of Reason Why advertising.\n\n3. David Ogilvy, founder of one of the great advertising agencies of modern times. Ogilvy wrote the advertising that helped make Dove the greatest selling soap in America.\n\n4. Gary Halbert - A direct marketing legend, whose company made $60 million dollars off just one of his sales letters, the \"Coat of Arms\" letter.\n\n5. John Caples - The man who wrote what is widely considered the greatest advertisement ever written, \"They Laughed When I Sat Down at the Piano - But When I started to Play!\"\n\nLet these advertising laws inspire you as you sit down to write, the next time you want to sell something, and when you decide to finally do something to get yourself rich.", "details": "Skill Details\nThis skill contains dynamic content.\nInvocation Name: advertising laws", "privacy_policy_href": ""}, "Peculiar TALEs": {"review-count": "0", "description": "Description\nThis skill is for Amazon employees only. The Amazon Life Experience (TALE) leverages short stories to illustrate various aspects of Amazon peculiar culture in interesting and relatable ways. Explore TALE 's growing library of compelling stories by Amazonians. You can play the latest TALE, play random TALE, or search for TALES by Leadership Principles or by topic or by speaker name. You can also play TALES that are inspiring, persuasive, or courageous. New TALES are available on an ongoing basis!\n\nAccount Linking: This skill requires account linking with your Amazon Employee account. Please use the alexa.amazon.com website within Amazon network to link your account.", "details": "Skill Details\nRated: Guidance Suggested.\nThis skill contains dynamic content.\nInvocation Name: peculiar tales\nDeveloper Privacy Policy", "privacy_policy_href": "https://www.amazon.com/gp/help/customer/display.html?nodeId=468496"}, "Semi Conductor Stock News": {"review-count": "0", "description": "Description\nIncludes popular semi-conductor stocks, such as AMD, INTC, AVGO, BCOM, ON, AMAT, MU, etc.", "details": "Skill Details\nFlash Briefing Skill\nThis skill contains dynamic content.", "privacy_policy_href": ""}, "Impact Training and Development": {"review-count": "0", "description": "Description\nHelping you perform at your highest level.", "details": "Skill Details\nFlash Briefing Skill\nThis skill contains dynamic content.", "privacy_policy_href": ""}, "Gratomic Inc.": {"review-count": "0", "description": "Description\nOur Alexa Flash Briefing will provide news and update from Gratomic Inc. Listed on the TSX Venture as GRAT.\n\nGratomic is a leader in the mining and commercialization of graphite products \u2013 specifically the valuable graphene-based nano material that can be used for a wide range of mass market elastomer and polymer products, including the US $222 billion* global tire market. We are also aggressively developing other industrial applications such as lubricants, special rust, and proof coatings.\n\n\nGraphene is simply one atomic layer of graphite \u2013 a layer of sp2 bonded carbon atoms arranged in a hexagonal or honeycomb lattice.\n\nExisting mine infrastructure (open pit and adits) allows for rapid restart of operations. The company has an existing production facility in Namibia.", "details": "Skill Details\nFlash Briefing Skill\nThis skill contains dynamic content.\nDeveloper Privacy Policy\nDeveloper Terms of Use", "privacy_policy_href": "https://gratomic.ca/legal/"}, "Landmark Self Storage": {"review-count": "0", "description": "Description\nLandmark Self Storage is a skill to help you learn more about Landmark Self Storage.\n\nYou can say:\n\n\"Alexa, open Landmark Self Storage\"\n\"Alexa, start Landmark Self Storage\"\n\"Alexa, launch Landmark Self Storage\"\n\nPlease leave a 5-star review if you love this skill, or send us an email with your suggestions at lyle@appsdeveloper.ca. Your 5-star reviews encourage us to keep making more great skills, thanks!", "details": "Skill Details\nRated: Guidance Suggested.\nThis skill contains dynamic content.\nInvocation Name: landmark self storage\nDeveloper Privacy Policy", "privacy_policy_href": "https://appsdeveloper.ca/alexa-privacy-policy/"}, "ThreeD Capital": {"review-count": "0", "description": "Description\nThreeD Capital Inc. is a publicly-traded Canadian based venture capital firm trading on the Canadian Securities Exchange under the symbol \u201cIDK\u201d.", "details": "Skill Details\nFlash Briefing Skill\nThis skill contains dynamic content.", "privacy_policy_href": ""}, "Nevada Zinc": {"review-count": "0", "description": "Description\nNevada Zinc\u2019s 100% owned Lone Mountain project is located within close proximity to Eureka, Nevada.\n\nNevada Zinc\u2019s 218 claims at Lone Mountain are spread out over 20 square kilometres and include the historic Mountain View Zinc Mine. Between 1942 and 1968, more than 5 million pounds of zinc, 650,000 pounds of lead and 4,000 oz. of silver were mined at Mountain View.", "details": "Skill Details\nThis skill contains dynamic content.\nInvocation Name: nevada zinc", "privacy_policy_href": ""}, "Edmonton Storage": {"review-count": "0", "description": "Description\nEdmonton Storage is a skill to help you learn more about Landmark Self Storage.\n\nYou can say:\n\n\"Alexa, open Edmonton Storage\"\n\"Alexa, start Edmonton Storage\"\n\"Alexa, launch Edmonton Storage\"\n\nPlease leave a 5-star review if you love this skill, or send us an email with your suggestions at lyle@appsdeveloper.ca. Your 5-star reviews encourage us to keep making more great skills, thanks!", "details": "Skill Details\nRated: Guidance Suggested.\nThis skill contains dynamic content.\nInvocation Name: edmonton storage\nDeveloper Privacy Policy", "privacy_policy_href": "https://appsdeveloper.ca/alexa-privacy-policy/"}, "Top Agent 365": {"review-count": "1", "description": "Description\nOur flash briefing is developed to update agents across the globe with the latest and greatest technology. We are tech geeks that have a passion for Real Estate and inspiring others to maximize their potential in this crazy and fast moving industry!", "details": "Skill Details\nFlash Briefing Skill\nThis skill contains dynamic content.", "privacy_policy_href": ""}, "Edmonton Heated Self Storage": {"review-count": "0", "description": "Description\nEdmonton Heated Self Storage is a skill to help you learn more about Landmark Self Storage.\n\nYou can say:\n\n\"Alexa, open Edmonton Heated Self Storage\"\n\"Alexa, start Edmonton Heated Self Storage\"\n\"Alexa, launch Edmonton Heated Self Storage\"\n\nPlease leave a 5-star review if you love this skill, or send us an email with your suggestions at lyle@appsdeveloper.ca. Your 5-star reviews encourage us to keep making more great skills, thanks!", "details": "Skill Details\nRated: Guidance Suggested.\nThis skill contains dynamic content.\nInvocation Name: edmonton heated self storage\nDeveloper Privacy Policy", "privacy_policy_href": "https://appsdeveloper.ca/alexa-privacy-policy/"}, "Blockverge": {"review-count": "0", "description": "Description\nOn Alexa, we are the leaders in providing the latest and most interesting news and value added content concerning everything Blockchain.\n\nKeep updated with changes to smart contracts, proof of work, regulations, ICO news and ratings, cryptocurrency projects, live streaming of events, founder ama\u00b4s, technical analysis and much more.", "details": "Skill Details\nFlash Briefing Skill\nThis skill contains dynamic content.\nDeveloper Privacy Policy\nDeveloper Terms of Use", "privacy_policy_href": "https://blockverge.com/privacy-policy/"}, "automotive news": {"review-count": "1", "description": "Description\nAutomotive Digest finds the best automotive direct mail agency.", "details": "Skill Details\nThis skill contains dynamic content.\nInvocation Name: automotive digest\nDeveloper Privacy Policy", "privacy_policy_href": "https://voicefirsttech.com/assets/pdf/privacy-policy.pdf"}, "Master Your Marketing": {"review-count": "0", "description": "Description\nMaster Your Marketing is a daily flash briefing of bite size, actionable, online marketing strategies, tips and hacks for small business owners who are desperate to demystify digital, improve leads and grow sales.\n\nMaster Your Marketing is brought to you by Dorothy Vernon-Brown of AKB\u00b2 Small Business Marketing.", "details": "Skill Details\nFlash Briefing Skill\nRated: Guidance Suggested.\nThis skill contains dynamic content.", "privacy_policy_href": ""}, "Remarkable TV with Kevin Eikenberry": {"review-count": "0", "description": "Description\nRemarkable TV is a weekly video series with Kevin Eikenberry that discusses leadership, communication, business, and life. This flash briefing is the audio of previous episodes coming to you every single week so you can listen wherever you are.", "details": "Skill Details\nFlash Briefing Skill\nThis skill contains dynamic content.\nDeveloper Privacy Policy", "privacy_policy_href": "https://www.kevineikenberry.com/privacy-policy/"}, "Veteran Transition Tips": {"review-count": "3", "description": "Description\nSuit Soldier's Veteran Transition Tips is designed to help you translate your military excellence into success after service. Taking off the uniform and finding a new purpose isn't always easy! But you can do it. There are veterans in every industry imagineable. It's time to put on a new uniform. Are you ready?", "details": "Skill Details\nFlash Briefing Skill\nThis skill contains dynamic content.\nDeveloper Privacy Policy\nDeveloper Terms of Use", "privacy_policy_href": "https://suitsoldier.com/privacy-policy/"}, "Storage Edmonton": {"review-count": "0", "description": "Description\nThis is a new description for the skill Storage Edmonton\n\nBe sure to leave a 5-star review!", "details": "Skill Details\nThis skill contains dynamic content.\nInvocation Name: storage edmonton\nDeveloper Privacy Policy\nDeveloper Terms of Use", "privacy_policy_href": "http://bit.ly/2GFvA2A"}, "Heated Self Storage Edmonton": {"review-count": "0", "description": "Description\nHeated Self Storage Edmonton is a skill to help you learn more about Landmark Self Storage.\n\nYou can say:\n\n\"Alexa, open Heated Self Storage Edmonton\"\n\"Alexa, start Heated Self Storage Edmonton\"\n\"Alexa, launch Heated Self Storage Edmonton\"\n\nPlease leave a 5-star review if you love this skill, or send us an email with your suggestions at lyle@appsdeveloper.ca. Your 5-star reviews encourage us to keep making more great skills, thanks!", "details": "Skill Details\nRated: Guidance Suggested.\nThis skill contains dynamic content.\nInvocation Name: heated self storage edmonton\nDeveloper Privacy Policy", "privacy_policy_href": "https://appsdeveloper.ca/alexa-privacy-policy/"}, "Boca Raton Real Estate Buzz with Michele Bee": {"review-count": "0", "description": "Description\nWondering what is going on in today's South Florida real estate market? I lighten and brighten my flash briefing up daily with entertaining tips for you if you are thinking of buying or selling a home in South Florida. Each day you can hear a homebuyer and a homeseller tip. Lets face it, buying or selling a home can be stressful...let me share some of my tips, techniques, resources, experiences and humor with you while you are pondering your next \"move\" ... get it LOL!\n\nMichele Bellisari is a Realtor with RE/Max Services and the founder of #SoooBoca Lifestyle & Media ...she blogs and vlogs in sunglasses, loves Instagram, live posts on FB and constantly shines the light on how fabulous Boca is and shares her life with her millennials. You never know when she will be \"buzz' about Boca, the Palm Beaches, South Florida and Beyond. Want to get to know #SoooBoca better and get random pop up special offers and info then subscribe to our blog www.soooboca.com/subscribe. See you somewhere in #SoooBoca!\n\nwww.instagram.com/soooboca\nwww.facebook.com/soooboca\nwww.youtube.com/michelebellisari\nwww.instagram.com/themichelebee (Real Estate)\nwww.callthebees.com (Real Estate)", "details": "Skill Details\nFlash Briefing Skill\nThis skill contains dynamic content.", "privacy_policy_href": ""}, "New Jersey Business": {"review-count": "1", "description": "Description\nNJBIZ, in its 31st year, is the preeminent business source throughout New Jersey. Covering everything from Health Care, Finance, Law, Real Estate/Construction, Education, Food/Hospitality, Manufacturing, Technology, Transportation and more, NJBIZ is where the business leaders of NJ consume business content.\nNJBIZ - where your business is our business", "details": "Skill Details\nRated: Guidance Suggested.\nThis skill contains dynamic content.\nInvocation Name: new jersey business\nDeveloper Privacy Policy\nDeveloper Terms of Use", "privacy_policy_href": "http://www.njbiz.com/article/99999999/INFO/110119980/-1/GEN"}, "Registration Technology Show Assistant": {"review-count": "1", "description": "Description\nLet Alexa work as your staff of help desk Assistants, in unattended kiosks at your Conference or Exhibit. Our Show Helper product will be available via Alexa For Business installation, this skill illustrates the capabilities of our full product which will be available through our Alexa For Business Network. For more info contact us at RegistrationTechnology.com.", "details": "Skill Details\nThis skill contains dynamic content.\nInvocation Name: show helper", "privacy_policy_href": ""}, "Soccer Academy Edmonton": {"review-count": "0", "description": "Description\nSoccer Academy Edmonton is a skill to help you learn more about the Archbishop O'Leary Soccer Academy.\nYou can say:\n\n\"Alexa, open Soccer Academy Edmonton\"\n\"Alexa, start Soccer Academy Edmonton\"\n\"Alexa, launch Soccer Academy Edmonton\"\n\nPlease leave a 5-star review if you love this skill, or send us an email with your suggestions at lyle@appsdeveloper.ca. Your 5-star reviews encourage us to keep making more great skills, thanks!", "details": "Skill Details\nRated: Guidance Suggested.\nThis skill contains dynamic content.\nInvocation Name: soccer academy edmonton\nDeveloper Privacy Policy", "privacy_policy_href": "https://appsdeveloper.ca/alexa-privacy-policy/"}, "Precious Metal Prices": {"review-count": "2", "description": "Description\nManhattan Gold & Silver (MGS) started in 1985 as a small, family-owned gold refinery. Since then, we\u2019ve grown into one of the country\u2019s leading precious metal refining firms. The London market fixings are internationally published benchmarks for precious metals prices. This Alexa skill can tell you the current London fix prices for gold, silver, platinum or palladium. You can also ask for the published closing price of any precious metal for a specific day to help you understand historical trends.\n\nThe MGS Alexa skill is now in version 1.0. Please let us know what features you\u2019d like to see added, or where we can make improvements.", "details": "Skill Details\nThis skill contains dynamic content.\nInvocation Name: manhattan gold", "privacy_policy_href": ""}, "Data Driven Daily Tip": {"review-count": "1", "description": "Description\nGrow your business revenue by optimizing and improving your digital presence. Data Driven Daily Marketing and Web Design Tips from Paul Hickey, CEO of Data Driven Design, a Digital Strategy Agency specializing in driving business results. Your Data Driven Daily Tip includes Google Analytics, Web Design, Social Media Ads, Search Engine Optimization and Conversion Optimization.", "details": "Skill Details\nFlash Briefing Skill\nThis skill contains dynamic content.\nDeveloper Privacy Policy\nDeveloper Terms of Use", "privacy_policy_href": "https://datadriven.design/privacy-policy/"}, "Marketing in Motion": {"review-count": "0", "description": "Description\nOur skill focuses on news and industry updates pertaining to digital marketing, technology, branding, creative work, and advertising. We provide cutting-edge news for people looking to educate themselves and keep informed on an ever growing and changing industry.", "details": "Skill Details\nFlash Briefing Skill\nThis skill contains dynamic content.", "privacy_policy_href": ""}, "Safety First Retirement": {"review-count": "0", "description": "Description\nInformation regarding the best safe retirement firm in the Pittsburgh area.", "details": "Skill Details\nRated: Guidance Suggested.\nThis skill contains dynamic content.\nInvocation Name: safe retirement options", "privacy_policy_href": ""}, "Portfolio Health": {"review-count": "0", "description": "Description\nThe data given is from the status of the health of ICP program project.", "details": "Skill Details\nThis skill contains dynamic content.\nInvocation Name: portfolio health", "privacy_policy_href": ""}, "Chain of Wealth - Money Minute": {"review-count": "1", "description": "Description\nDenis & Katie from Chain of Wealth talk about trending financial topics facing millennials. As a shorter version of the Chain of Wealth podcast, the money minute focuses on providing quick tips and tricks to give you real life actionable advice.", "details": "Skill Details\nFlash Briefing Skill\nThis skill contains dynamic content.\nDeveloper Privacy Policy\nDeveloper Terms of Use", "privacy_policy_href": "https://www.chainofwealth.com/privacy-policy/"}, "0xbitcoin": {"review-count": "2", "description": "Description\nWeb3 powered app to get realtime information about 0xbitcoin:\n- price (coinmarketcap api)\n- volume (coinmarketcap api)\n- circulating supply (web3)\n- marketcap (circulating supply * price)\n- estimated hashrate (web3)", "details": "Skill Details\nThis skill contains dynamic content.\nInvocation Name: zero x. bitcoin", "privacy_policy_href": ""}, "Clout Coffee: The start of something magical": {"review-count": "0", "description": "Description\nClout Coffee: The start of something magical. Bringing together my two favorite things - Coffee and Bourbon. The journey of starting a passion project. In the heart of the country - Omaha, Nebraska. A dream is coming true. Where every bean comes from a barrel and every barrel tells a story you will find Clout Coffee.", "details": "Skill Details\nFlash Briefing Skill\nThis skill contains dynamic content.", "privacy_policy_href": ""}, "Princeton Partners Marketing Insights": {"review-count": "4", "description": "Description\nProduced by Princeton Partners \u2013 your strategic, creative, data-powered brand marketing agency. Weekly Marketing Insights deliver stories, strategies, and solutions for your business. Includes commentary on what you can learn from current events and happenings in the marketing world, from company mergers to socially-charged campaigns. Our team delivers thoughtful observations and reflections in a quick, witty style, guaranteed to broaden your scope of marketing knowledge and awareness.\n\nSee all we do at www.PrincetonPartners.com\nInstagram and Facebook @PrincetonPartnersInc\nTwitter @PPIGargoyle\n\nFeel free to let us know what you would like to hear about next, and any thoughts you have on our past episodes. Your feedback and comments are always appreciated!", "details": "Skill Details\nFlash Briefing Skill\nThis skill contains dynamic content.", "privacy_policy_href": ""}, "Make Money Writing Tips": {"review-count": "1", "description": "Description\nMake Money Writing Tips is a skill to help you learn 25 ways to make money writing. One of the tips is randomly given by Alexa each time you open the skill. Open the skill every day to hear a tip.\n\nYou can say:\n\n\"Alexa, open Make Money Writing Tips\"\n\"Alexa, start Make Money Writing Tips\"\n\"Alexa, launch Make Money Writing Tips\"\n\"Alexa, play Make Money Writing Tips\"\n\nPlease leave a 5-star review if you love this skill, or send us an email with your suggestions at robertsreports@gmail.com. Your 5-star reviews encourage us to keep making more great skills, thanks!", "details": "Skill Details\nRated: Guidance Suggested.\nThis skill contains dynamic content.\nInvocation Name: make money writing tips\nDeveloper Privacy Policy", "privacy_policy_href": "https://getstoryline.com/public/privacy.html"}, "Ripple (XRP) Price Quote": {"review-count": "1", "description": "Description\nGets the current price of Ripple (XRP) cryptocurrency in US dollars, as well as the percentage change over the last 24 hours and last 7 days.\n\nJust open the skill! No further interaction is necessary.", "details": "Skill Details\nThis skill contains dynamic content.\nInvocation Name: ripple price", "privacy_policy_href": ""}, "Breakaway Agent for Real Estate Pros by OMH Agency": {"review-count": "0", "description": "Description\nBecoming a real estate agent is one thing, but standing out as a BREAKAWAY agent or broker means making the kind of profit you see only the few, select, high performing agents and brokers bring in.\n\nOn Breakaway Agent, we interview top producers, real estate coaches, and others who have the knowledge and experience to get you to where you want to be much sooner than by making all of the same mistakes many pros make in their careers.\n\nLearn from the best!\n\nYou can also find more marketing tips on our sister podcast, Chat and Grow Marketing MasterMinds.", "details": "Skill Details\nThis skill contains dynamic content.\nInvocation Name: breakaway agent", "privacy_policy_href": ""}, "Stellar (XLM) Price Quote": {"review-count": "0", "description": "Description\nGets the current price of Stellar (XLM) cryptocurrency in US Dollars, as well as the percentage change over the last 24 hours and last 7 days.\n\nJust say \"Alexa, open stellar price\"! No further commands are necessary.", "details": "Skill Details\nThis skill contains dynamic content.\nInvocation Name: stellar price", "privacy_policy_href": ""}, "Ethereum Price Quote": {"review-count": "0", "description": "Description\nEasier and faster to use than other crypto price skills to get an instant price for ethereum.\n\nJust say \"Alexa, open ethereum price\" and you get the exact info you need without having to say anything else.\n\nThis skill was built with love by VoiceApps.com. Visit us to create your own skill in minutes!", "details": "Skill Details\nThis skill contains dynamic content.\nInvocation Name: ethereum price", "privacy_policy_href": ""}, "Giyani Metals": {"review-count": "0", "description": "Description\nGiyani is a publically traded, vertically integrated, well managed junior resource company focused on building a superior mining company to supply manganese needed for the fast growing global battery technology industry.", "details": "Skill Details\nThis skill contains dynamic content.\nInvocation Name: giyani metals", "privacy_policy_href": ""}, "San Diego Real Estate Market Update": {"review-count": "0", "description": "Description\nLearn about inventory, stats, home sales, average days on market, buying and selling tips in the San Diego Real Estate Market.", "details": "Skill Details\nFlash Briefing Skill\nThis skill contains dynamic content.", "privacy_policy_href": ""}, "Beetle Moment Marketing Podcast (US)": {"review-count": "2", "description": "Description\nInsights and tips on the latest in marketing, business, and technology with Emily Binder. Listen to grow your brand or your brain. Answering to no one, always raw. Start the clock on your beetle moment... now!\n\nEmily Binder has a decade of experience in marketing, from startups to global brands. She is a consultant and marketing strategist who specializes in voice search and social media. Beetle Moment is a short weekly podcast hosted by Emily. Available on iTunes, Stitcher, and Amazon Alexa Skills.", "details": "Skill Details\nThis skill contains dynamic content.\nInvocation Name: marketing podcast\nDeveloper Privacy Policy", "privacy_policy_href": "https://beetlemoment.com/privacy-policy"}}