{"Magic Beans": {"review-count": "1", "description": "Description\nMagic Beans provides the latest trade prices for Bitcoin, Ether and Litecoin. Magic Beans is for entertainment purposes only and does not guarantee the accuracy of Bitcoin, Ether, or Litecoin price quotes.", "details": "Skill Details\nThis skill contains dynamic content.\nInvocation Name: magic beans", "privacy_policy_href": ""}, "Shopping Counselor": {"review-count": "3", "description": "Description\nThis skill will ask you several questions to determine whether you should buy an article or not. You should answer with a clear \"yes\" or \"no\" accordingly. You can always start again by saying \"start\".", "details": "Skill Details\nThis skill contains dynamic content.\nInvocation Name: my shopping counselor", "privacy_policy_href": ""}, "KmikeyM Share Price": {"review-count": "2", "description": "Description\nAdd this skill to your flash briefing to get an update on the current KmikeyM share price.", "details": "Skill Details\nFlash Briefing Skill\nThis skill contains dynamic content.", "privacy_policy_href": ""}, "Great-West Financial": {"review-count": "0", "description": "Description\nIntroducing Alexa, a genius when it comes to answering your questions about Great-West Financial\u00ae and our commitment to providing you with strategies designed to help your clients live the retirement they imagine. Simply set up the Great-West Financial skill to get started.\n\nYou can reach your Great-West wholesaler at 877-703-6980.", "details": "Skill Details\nThis skill contains dynamic content.\nInvocation Name: great west\nDeveloper Privacy Policy\nDeveloper Terms of Use", "privacy_policy_href": "http://www.greatwest.com/disclaimer/privacy-policy.shtml"}, "Currency Conversion": {"review-count": "3", "description": "Description\nCurrency conversion skill lets you know the converted currency value from Country A to Country B. For example, once you open currency conversion skill, you can ask currency conversion from USA to India.\nCurrency conversion skill is built using free web rest apis free.currencyconverterapi.com and fixer.io", "details": "Skill Details\nThis skill contains dynamic content.\nInvocation Name: currency conversion", "privacy_policy_href": ""}, "Dialpad": {"review-count": "5", "description": "Description\nRequires a Dialpad account.\nNOTE: Calls will use your Dialpad number to make calls from. Dialpad will will ring your desktop app and desk phones to initiate calls.\n\nDialpad is a modern cloud phone system for your business.\nJoin 45,000+ companies who have ditched the desk phone. Connect Everyone. Work Anywhere.\n\nAlexa Features include:\n\n-Initiate calls by number or first name.\n-Check new voicemails and texts.\n-Check your office leaderboard for the top 5 operators who had the most calls\n-Ask how many calls you placed/received for any date.\n-Ask how many calls your office placed/received for any date.\n-Turn on/off do not disturb\n-Turn on/off call recording while on a call.\n-Transfer an active call to someone by name or number.", "details": "Skill Details\nRated: Guidance Suggested.\nThis skill contains dynamic content.\nInvocation Name: dialpad\nDeveloper Privacy Policy", "privacy_policy_href": "https://dialpad.com/legal"}, "Swag Marketing Tips": {"review-count": "0", "description": "Description\nEach week the Swag Experts at ROBYN post tips and ideas for including promotional products in your marketing plan.\n\nBuild customer loyalty, awareness in your community and brand love with your team members with branded swag from ROBYN Promotions.\n\nVisit us at robynpromo.com", "details": "Skill Details\nFlash Briefing Skill\nThis skill contains dynamic content.", "privacy_policy_href": ""}, "Agent.ai Facts": {"review-count": "0", "description": "Description\nThis skill is a demonstration app for our company. It answers some basic trivia questions about us and serves to demonstrate basic Alexa capabilities.", "details": "Skill Details\nThis skill contains dynamic content.\nInvocation Name: agent dot a. i. trivia", "privacy_policy_href": ""}, "Seeker assistant": {"review-count": "0", "description": "Description\nSeeker Assistant helps our customers have a better product experience.", "details": "Skill Details\nThis skill contains dynamic content.\nInvocation Name: seeker assistant", "privacy_policy_href": ""}, "Bulletin Intelligence Briefings": {"review-count": "0", "description": "Description\nThe official Bulletin Intelligence Alexa skill. Listen to your daily intelligence briefing with any Alexa supported device. Easy to use voice commands let you control which stories and sections you want to listen to.\n\nYou must already be receiving a Bulletin Intelligence briefing before you can use the Bulletin Intelligence Alexa Skill.\n\nThis skill requires you verify the email address you use to receive your Bulletin Intelligence briefings.", "details": "Skill Details\nRated: Guidance Suggested.\nThis skill contains dynamic content.\nInvocation Name: bulletin intelligence\nDeveloper Privacy Policy", "privacy_policy_href": "https://alexaintegration.bulletinintelligence.com/privacy/alexa_privacy_policy.html"}, "NIFTY": {"review-count": "0", "description": "Description\nThis code will use Google finance URL to get NIFTY value. That value will be in speech when anyone will ask ''open NIFTY price'' or ''get NIFTY price''.", "details": "Skill Details\nThis skill contains dynamic content.\nInvocation Name: nifty price", "privacy_policy_href": ""}, "Cumulus Mortgage": {"review-count": "0", "description": "Description\nThis application allows you to interact with Cumulus Mortgage Demo. You can start off with \"Alexa ask cumulus mortgage for what is for sale\". This will allow you to look for any homes that are for sale within a specific city or what has changed.", "details": "Skill Details\nThis skill contains dynamic content.\nInvocation Name: cumulus mortgage", "privacy_policy_href": ""}, "Unofficial Tesla Facts": {"review-count": "0", "description": "Description\nUnofficial Tesla Facts", "details": "Skill Details\nThis skill contains dynamic content.\nInvocation Name: tesla facts", "privacy_policy_href": ""}, "Ethereum Price Checker": {"review-count": "1", "description": "Description\nThe Ethereum Price Checker skill easily allows Alexa to retrieve the current price of Ethereum (ETH) in US Dollars (USD). Current prices are retrieved from Crypto Compare.", "details": "Skill Details\nThis skill contains dynamic content.\nInvocation Name: ethereum price checker", "privacy_policy_href": ""}, "Sal the Spark Bot": {"review-count": "0", "description": "Description\nThis Alexa skill can help you manage your Cisco Spark rooms seamlessly.\n\n- Get a list of your Cisco Spark rooms\n- Create new rooms, and\n- Read messages from your rooms", "details": "Skill Details\nRated: Guidance Suggested.\nThis skill contains dynamic content.\nInvocation Name: sal the bot\nDeveloper Privacy Policy", "privacy_policy_href": "http://www.cisco.com/c/en/us/about/legal/privacy-full/spark-supplement.html"}, "Classmethod Members Reasons": {"review-count": "1", "description": "Description\nClassmethod Members Service is provided by AWS certified cloud engineers at Classmethod,Inc. This Service is assisting clients from various industries to improve their productivity and efficiency by implementing native cloud designs and DevOps.\n\nYou can see many reasons for joining the service.", "details": "Skill Details\nThis skill contains dynamic content.\nInvocation Name: class method members reasons", "privacy_policy_href": ""}, "Currency Convert": {"review-count": "2", "description": "Description\nThere are no additional hardware or software requirements. You must say the entire currency name like Chinese yuan or Canadian dollars. Alexa will not be able to tell the difference if you just say dollars to yen for example since multiple countries use the term dollar for their respective currencies.", "details": "Skill Details\nThis skill contains dynamic content.\nInvocation Name: convert currency", "privacy_policy_href": ""}, "Marketplace Tech": {"review-count": "8", "description": "Description\nMarketplace Tech\u00ae host Molly Wood helps listeners understand the business behind the technology that's rewiring our lives. From how tech is changing the nature of work to the unknowns of venture capital to the economics of outer space, this weekday show breaks ideas, telling the stories of modern life through our digital economy.", "details": "Skill Details\nFlash Briefing Skill\nRated: Guidance Suggested.\nThis skill contains dynamic content.\nDeveloper Privacy Policy\nDeveloper Terms of Use", "privacy_policy_href": "https://www.marketplace.org/privacy"}, "Asentech 2.0": {"review-count": "0", "description": "Description\nThe Asentech App is a voice based application designed to provide insight about Asentech industry vertical focus and core Business values. Asentech App also helps to establish a open communication channel with its users.The app functions via voice based input which are provided by the user. This app is designed to be very user friendly and functionality that are applied to this app very simple and flexible. So please go ahead and explore our universe of achievement and opportunities", "details": "Skill Details\nThis skill contains dynamic content.\nInvocation Name: asentech company", "privacy_policy_href": ""}, "Finite Wisdom": {"review-count": "0", "description": "Description\nThis skill is intended for customers of Finite Wisdom (www.finitewisdom.com). Using this skill, customers can ask questions like \"how many hours were billed last week?\" The valid time periods are:\n\n- this week, this month, this quarter, this year\n- last week, last month, last quarter, last year\n- today and yesterday\n\nIf you are not a customer of Finite Wisdom but would like to try the functionality yourself, you may use these test credentials when the skill asks who you are:\n\n- Client name: ACME Industries\n- Authorization code: foxtrot alpha india 9", "details": "Skill Details\nThis skill contains dynamic content.\nInvocation Name: finite wisdom", "privacy_policy_href": ""}, "WMP Room Finder": {"review-count": "0", "description": "Description\nBook rooms at West Monroe Partners Chicago offices right from Alexa! You will need to link your West Monroe Active Directory account the first time you use this skill.\n\nCurrently, you can book meetings up to 2 hours long on the same day for ten people or less.", "details": "Skill Details\nRated: Guidance Suggested.\nThis skill contains dynamic content.\nInvocation Name: west monroe rooms\nDeveloper Privacy Policy", "privacy_policy_href": "http://www.westmonroepartners.com/Privacy-Policy"}, "My Auction": {"review-count": "4", "description": "Description\nAn unofficial way to check the current bid value of your Ebay auctions by providing the Ebay ID number. Just give Alexa your Ebay auction ID by saying, \"Alexa, ask My Auction the price of 391751360258.\n\nDo not pause between numbers, such as 3917 (pause) 5136. Just tell the Alexa the digits one right after another.", "details": "Skill Details\nThis skill contains dynamic content.\nInvocation Name: my auction", "privacy_policy_href": ""}, "Growth Everywhere": {"review-count": "0", "description": "Description\nGrowth Everywhere is a weekly podcast by Eric Siu. Every Monday we interview world-class entrepreneurs and pull out actionable insights to help you grow.", "details": "Skill Details\nFlash Briefing Skill\nThis skill contains dynamic content.", "privacy_policy_href": ""}, "Blue Dollar Quote": {"review-count": "0", "description": "Description\nCurrency Exchange Rates Calculator between argentina's peso to parallel and official dollar.", "details": "Skill Details\nThis skill contains dynamic content.\nInvocation Name: blue dollar", "privacy_policy_href": ""}, "On The Dot Woman Flash Briefing": {"review-count": "5", "description": "Description\nStart each day with 4 minutes of rich, original content celebrating the advancement of women. By profiling relatable female role models and providing relevant statistics that women need to know to advance themselves in business and life, On The Dot is your go-to resource to start your day off right. Professionally recorded audio for your listening pleasure. For past episodes go to onthedotwoman.com. Follow us on social media @onthedotwoman.", "details": "Skill Details\nFlash Briefing Skill\nThis skill contains dynamic content.", "privacy_policy_href": ""}, "Digital Coins": {"review-count": "2", "description": "Description\nThis skill is an easy way to get the rate of cryptocurrencies like bitcoin and ethereum in US dollars.", "details": "Skill Details\nThis skill contains dynamic content.\nInvocation Name: digital coins", "privacy_policy_href": ""}, "Brightidea Breakroom": {"review-count": "0", "description": "Description\nWith this skill, employees can conveniently post ideas to your Brightidea platform without needing to be in front of a computer. Place your Alexa device in your company's breakroom and \"watercooler talk\" becomes \"innovation at work\" where ideas are sparked and can quickly be added to your innovation campaign.\n\nYou must have an existing Brightidea account to implement this skill.\n\nOnce the skill is linked with a Brightidea account, anyone can tell Alexa to post an idea using one of the example phrases above. After being prompted, Alexa will ask for an idea title and the name of the submitter. Alexa will then respond saying the idea has been posted. Now you can go online and check out the idea that was just posted through Alexa's voice service!", "details": "Skill Details\nRated: Guidance Suggested.\nThis skill contains dynamic content.\nInvocation Name: bright idea\nDeveloper Privacy Policy", "privacy_policy_href": "http://www.brightidea.com/privacy/"}, "Cryptocurrency Exchange Rate": {"review-count": "1", "description": "Description\nLook up the current Coinbase spot prices for the three most popular cryptocurrencies directly from the Coinbase API. Simply ask for the current price of Bitcoin, Litecoin, or Ether and optionally specify the fiat currency you would like (USD, GBP, or EUR).\n\nSource code available at https://github.com/jnowaczek/cryptoprice", "details": "Skill Details\nThis skill contains dynamic content.\nInvocation Name: crypto price", "privacy_policy_href": ""}, "Plant Bot": {"review-count": "1", "description": "Description\nPlant Bot enables following key features that are demonstrated in the video:\n\n* Real time alerts based on telemetry device data\n* Present contextual data, saving non-productive time of search and aggregate data\n* Voice enabled hands free interface\n\nIn order to test Plant Bot there is a software/simulator developed that emulates real hardware setup.\nPlease visit the link and go to Try it:\nhttp://servicebot.valueinnovation.co.in/plantbot/index.html\n\nDetailed instructions for using the skill along with Plant Bot simulator are provided on the web page.", "details": "Skill Details\nThis skill contains dynamic content.\nInvocation Name: plant bot", "privacy_policy_href": ""}, "Rupee Transfer": {"review-count": "1", "description": "Description\nThis skills helps you to get the current exchange rate between US Dollar and Indian Rupee. It also suggests top three money transfer agencies which provides best value for your money. Please check the reviews before doing your transfer", "details": "Skill Details\nThis skill contains dynamic content.\nInvocation Name: rupee transfer", "privacy_policy_href": ""}, "Daily Web Gems": {"review-count": "1", "description": "Description\nDaily Web Gems will provide you with a new 30 second web site marketing tip each day.", "details": "Skill Details\nFlash Briefing Skill\nThis skill contains dynamic content.\nDeveloper Privacy Policy\nDeveloper Terms of Use", "privacy_policy_href": "http://www.dailywebgems.com/Privacy"}, "The Atlanta Fed": {"review-count": "0", "description": "Description\nThe Atlanta Fed provides podcasts from Economy Matters, general information about the Federal Reserve Bank of Atlanta, and the latest forecast from GDPNow. GDPNow is a forecasting model provides a \"nowcast\" of the official GDP estimate prior to its release.\n\nHere are some ways to use the skill:\n\n- Alexa, open the Atlanta Fed\n\n- Get our forecast for the US GDP: \"Alexa, talk to the Atlanta Fed and get the GDPNow forecast\"\n\n- Listen to the most recent episode of our podcast, \u201cEconomy Matters\u201d: \"Alexa, tell the Atlanta Fed to play the latest podcast from Economy Matters\"\n\n- Find out more about the bank: \"Alexa, ask the Atlanta Fed to tell me about the bank president\"", "details": "Skill Details\nThis skill contains dynamic content.\nInvocation Name: the atlanta fed\nDeveloper Privacy Policy\nDeveloper Terms of Use", "privacy_policy_href": "https://www.frbatlanta.org/online-privacy-policy"}, "My Hotel - The Voice Automated Concierge": {"review-count": "1", "description": "Description\nYou can use My Hotel to interact with Amazon Echo devices installed in your hotel room. You can ask for housekeeping, for more towels, and to inquire about checkout time. New abilities will be added on a continuous basis.", "details": "Skill Details\nThis skill contains dynamic content.\nInvocation Name: my hotel", "privacy_policy_href": ""}, "Unofficial TRG Calculator": {"review-count": "0", "description": "Description\nUnofficial TRG calculator which supports Rent Vs Buy calculator and along with it supports 2 other calculator. This is an unofficial calculator and in no relation to TRG.", "details": "Skill Details\nThis skill contains dynamic content.\nInvocation Name: unofficial t. r. g. calculator", "privacy_policy_href": ""}, "Rates Tracker": {"review-count": "0", "description": "Description\nYou can ask Rates Tracker to list Euribor interest rates. For example, you can say: \"Alexa, ask Rates Tracker, what are the interest rates\". Alexa will then tell interest rates for Euribor 1, 3, 6 and 12 month interests.", "details": "Skill Details\nThis skill contains dynamic content.\nInvocation Name: rates tracker", "privacy_policy_href": ""}, "Virtual Currency": {"review-count": "0", "description": "Description\nWe get the Bitcoin quote from a public tracker, and read it out to you on demand.", "details": "Skill Details\nThis skill contains dynamic content.\nInvocation Name: virtual currency", "privacy_policy_href": ""}, "Imob.io": {"review-count": "0", "description": "Description\nGives real time information about imob.io service", "details": "Skill Details\nThis skill contains dynamic content.\nInvocation Name: imob service", "privacy_policy_href": ""}, "FlashCrypto": {"review-count": "1", "description": "Description\nFlashCrypto delivers current BTC and ETH prices with no nonsense. Prices are taken from https://ethereumwisdom.com's open API. Ping @swyx for support", "details": "Skill Details\nFlash Briefing Skill\nThis skill contains dynamic content.", "privacy_policy_href": ""}, "TVGla": {"review-count": "0", "description": "Description\nTalk with TVGla, and get the low down on an award-winning digital agency that connects people and brands moving at the speed of culture. Learn about us, find inspiration and get top trends by region. For visual inspiration, visit TVGla.com.", "details": "Skill Details\nThis skill contains dynamic content.\nInvocation Name: t. v. g. l. a.\nDeveloper Privacy Policy\nDeveloper Terms of Use", "privacy_policy_href": "http://www.tvgla.com/privacy-policy/"}, "Job Hunt": {"review-count": "1", "description": "Description\nNew Release !!!\n\nGet job posting in your email !!!\n\n<<< ACCOUNT LINKING OPTIONAL >>>\n\nIt's simple to configure. Just follow the 2 simple steps.\n\n1. Say \"Alexa, open Job Hunt and setup\"\n2. Now go to Amazon Alexa app in your smartphone and follow the instructions in Job Hunt Alexa card.\n\nhttps://s3.amazonaws.com/alexa-job-hunt/index.html\n\nYou can now save your preferred skills, location and email address. Your location and skills can be saved using the skill also.\n\nOr\n\nUse the power of LinkedIn to enhance your Job Search by linking your LinkedIn account.\n\nFeatures:\n\n- Search Jobs based on location and skills. Your preferred location and skills is saved. You can update it either through Alexa or through website\n- Search Jobs near you based on LinkedIn profile (optional)\n- Browse through the jobs available\n- Know details about a job opportunity\n- Receive email about job postings\n- Job Details are saved in Amazon Alexa app as cards for future reference.\n\nOptional Account Linking: This skill uses LinkedIn authentication to get details like job position and current location. Skill does not store your personal information collected from LinkedIn.\n\nVisit below link to update your location, skills and email address\n\nhttps://s3.amazonaws.com/alexa-job-hunt/index.html\n\nWebsite can be accessed easily from \"Developer Privacy Policy\" \u2193\u2193\u2193", "details": "Skill Details\nRated: Guidance Suggested.\nThis skill contains dynamic content.\nInvocation Name: job hunt\nDeveloper Privacy Policy", "privacy_policy_href": "https://s3.amazonaws.com/alexa-job-hunt/privacy-policy.html"}, "JCSGold": {"review-count": "0", "description": "Description\nA skill allows you to ask Alexa for the spot price of gold and silver. You simply ask JCSGold for the spot price and Alexa will tell you the current price. You can also ask JCSGold what they are currently paying for scrap gold.\n\nWe plan on adding more features in the future, so keep an eye out for new and exciting ways to interact with JCSGold and Alexa.", "details": "Skill Details\nThis skill contains dynamic content.\nInvocation Name: j. c. s. gold", "privacy_policy_href": ""}, "My Coin": {"review-count": "0", "description": "Description\n\"My Coin\" can get the recent values of mostly used crypto currencies in Indian Rupees (INR).\nBTC and around 64 alt coins are supported.\nData provided by CryptoCompare.com", "details": "Skill Details\nThis skill contains dynamic content.\nInvocation Name: my coin", "privacy_policy_href": ""}, "TestRDAM2": {"review-count": "12,097", "description": "Description", "details": "Skill Details\nThis skill contains dynamic content.", "privacy_policy_href": ""}, "check cryptomarket": {"review-count": "2", "description": "Description\nThe application checks crypto currency prices. currently only bitcoin is supported.", "details": "Skill Details\nThis skill contains dynamic content.\nInvocation Name: crypto market", "privacy_policy_href": ""}, "RateWatch": {"review-count": "0", "description": "Description\nInvocation name: rate watch\n\nPurpose: get MBS market movements data from RateWatch's API.\n\nPrerequisites: There is no requirements to use this skill. Customers only need to invoke the skill by \"ask ratewatch what is the price\" or other attributes. Alexa will then let you know the latest change of MBS market.", "details": "Skill Details\nThis skill contains dynamic content.\nInvocation Name: rate watch", "privacy_policy_href": ""}, "Coldwell Banker Home of the Week": {"review-count": "7", "description": "Description\nEvery week is a new adventure! From beach houses to mountain retreats, Coldwell Banker takes you inside some of the world\u2019s most luxurious homes with a weekly audio tour. Tune in each week to be transported to a new magnificent property listed by Coldwell Banker Real Estate.\n\nTo get started, simply ask to hear the Coldwell Banker Home of the Week and allow the skill to access your device address to receive information about your local Coldwell Banker office.\n\nOnce you\u2019ve enabled the skill, just ask Alexa to \u201cOpen Coldwell Banker.\u201d", "details": "Skill Details\nRated: Guidance Suggested.\nThis skill contains dynamic content.\nInvocation Name: coldwell banker\nDeveloper Privacy Policy\nDeveloper Terms of Use", "privacy_policy_href": "https://www.coldwellbankerrealestate.com/footer_pages/privacy.jsp"}, "Atlanta Fed News": {"review-count": "1", "description": "Description\nAtlanta Fed News contains announcements of general bank news, press releases, speeches, publications, and events, including workshops and conferences", "details": "Skill Details\nFlash Briefing Skill\nThis skill contains dynamic content.\nDeveloper Privacy Policy\nDeveloper Terms of Use", "privacy_policy_href": "https://www.frbatlanta.org/online-privacy-policy"}, "Q4 Desktop": {"review-count": "0", "description": "Description\nAccess the power of Q4 Desktop with Alexa for fast, accurate, and actionable market data, financial information and more.\n\nSkill Details:\n\nAll you need for set up is your Q4 Desktop credentials and an existing Q4 product subscription. If you're new to Q4, please contact sales@q4inc.com for assistance.\n\nHere are some examples of what you can do with Alexa:\n\nAnalytics: Alexa, ask Q4 about my recent web analytics.\nStock Information: Alexa, ask Q4 , how my stock is performing.\nActivity: Alexa, ask Q4 to log a meeting.\nNLP: Alexa, ask Q4 how the marketing is performing today.\n\nAbout Q4 Inc.:\n\nQ4 is a global leader in cloud-based investor relations and capital market solutions. Our full suite of IR products including websites, webcasting, CRM and workflow, and intelligence solutions arm our customers with the insights and tools they need to better understand the capital markets, engage with their investors, and experience a seamless workflow. Visit www.q4inc.com to learn more.", "details": "Skill Details\nRated: Guidance Suggested.\nThis skill contains dynamic content.\nInvocation Name: q. four\nDeveloper Privacy Policy", "privacy_policy_href": "https://www.q4desktop.com/help/alexa/privacy.html"}, "Cloud.in Flash briefings": {"review-count": "1", "description": "Description\nGet daily Cloud News and Updates briefing by Cloud.in. Stay up-to-date with latest Cloud Technology News. Learn about announcements, launches, news, innovation and more from various Cloud Platforms and Service Providers.", "details": "Skill Details\nFlash Briefing Skill\nThis skill contains dynamic content.", "privacy_policy_href": ""}, "Equities": {"review-count": "8", "description": "Description\nEquities for Alexa provides instant access to the latest US market news, stock quotes, company information all from your favorite Alexa device.\n\nOnce you\u2019ve enabled the skill, say \u201cAlexa, open Equities\u201d to hear the main menu.\n\nOr directly access functions by saying, \u201cAlexa, ask Equities\u2026\u201d\n\u2022 \u201cGive me the price for AMZN\u201d \u2013 which provides the latest stock quote for any US stock symbol\n\u2022 \u201cWhat is the information for TSLA\u201d \u2013 which provides a summary of the company\n\u2022 \u201cWhat is the latest news\u201d \u2013 which reads the latest news headlines\n\nWe welcome your comments and suggestions! Please send any feedback or questions to: support@equities.com", "details": "Skill Details\nRated: Guidance Suggested.\nThis skill contains dynamic content.\nInvocation Name: equities\nDeveloper Privacy Policy", "privacy_policy_href": "https://www.equities.com/privacy-policy"}, "Mental Gym": {"review-count": "0", "description": "Description\nPreparing for consulting interviews and need to practice your mental math? This skill focuses on practicing your ability to multiply by two numbers. You will be asked \"10 x 100\", \"5000 x 10000,\" and so on in random order. These are the kind of math questions you'll need to nail in your interviews\n\nMental Gym also tracks your accuracy so you can see your improvement in real time!\n\nTake a visit to the Mental Gym! Please leave a rating and send any feedback to jw1505@georgetown.edu.\n\n(graphic weightlifting by hopkins)", "details": "Skill Details\nThis skill contains dynamic content.\nInvocation Name: mental gym", "privacy_policy_href": ""}, "Founder Advice": {"review-count": "1", "description": "Description\nEach time you ask, you'll receive a new audio clip from one of Venrock's interviews on their podcast, \"Running Through Walls.\"\n\n----\n\nAbout Running Through Walls:\n\nRunning Through Walls is a Venrock podcast featuring candid conversations between investors and entrepreneurs. Each episode, we offer a behind-the-scenes look at the breakthroughs, challenges and nuttiness associated with building and growing companies. Venrock has been investing in entrepreneurs across technology and healthcare since 1969.\n\n----\n\nAbout Venrock:\n\nVenrock helps entrepreneurs build some of the world's most disruptive, successful companies. We partner with entrepreneurs who have grand ambitions - who want to tackle big, hard problems that most think not possible. Our collaboration - engagement, network, passion and experience - gives entrepreneurs the unfair advantage needed to win, and win big.", "details": "Skill Details\nThis skill contains dynamic content.\nInvocation Name: get founder advice", "privacy_policy_href": ""}, "Marketing School": {"review-count": "11", "description": "Description\nUnconventional marketing wisdom with Neil Patel & Eric Siu. Marketing School brings you 10 minutes of actionable marketing advice every single day. Get the right tips to take your business to the next level.", "details": "Skill Details\nFlash Briefing Skill\nRated: Guidance Suggested.\nThis skill contains dynamic content.", "privacy_policy_href": ""}, "National Tariff": {"review-count": "0", "description": "Description\nProvides user with the NHS tariff for the requested procedure", "details": "Skill Details\nThis skill contains dynamic content.\nInvocation Name: national tariff", "privacy_policy_href": ""}, "Mark Cuban Quotes": {"review-count": "7", "description": "Description\nRandom list of inspirational Mark Cuban Quotes for Entrepreneurs", "details": "Skill Details\nThis skill contains dynamic content.\nInvocation Name: mark cuban quote", "privacy_policy_href": ""}, "Voice Gopher": {"review-count": "0", "description": "Description\nVoiceGopher is designed to simplify and vocalize the routine work with spreadsheets.\nThis will be helpful for people who are away from their actual machines or running audio presentations or are interested in spot metrics. We also got great feedback from visually impaired users who volunteered to be engaged in our beta program. We realize that skill has long way till it's maturity, but we believe that it will add new way of work and communication with spreadsheets.", "details": "Skill Details\nRated: Guidance Suggested.\nThis skill contains dynamic content.\nInvocation Name: voice gopher\nDeveloper Privacy Policy\nDeveloper Terms of Use", "privacy_policy_href": "https://bitbucket.org/nkanayan/voicegopher-policy/src/b680eaaad9c8eeb81054c38d6682ab04e4dd3744/VoiceGopher.md?at=master&fileviewer=file-view-default"}, "Viable AF": {"review-count": "2", "description": "Description\nViable is designed to help users discover the \u201cviability,\u201d or availability, of their startup, app, business, or product name. Start by saying, \u201cAlexa, open Viable.\u201d After the instructions, say the name of your prospective business (Taylor\u2019s Tots, for example) and Viable will return the entry\u2019s viability score based on domain availability, trademarks, comparable products, and more. You'll receive a score between 0 and 100, the higher the better! You can also use the Viable mobile app on your iOS device! Head to viable.af to download the app.", "details": "Skill Details\nThis skill contains dynamic content.\nInvocation Name: viable", "privacy_policy_href": ""}, "DB Schenker Tracking": {"review-count": "0", "description": "Description\nTrack your shipment with the eSchenker booking id.\nYou can leave out the dash of the booking id. You can also leave out leading zero of the second group of numbers after the dash\nThe booking ID 123456-000012\nyou need to dictate 12345612.", "details": "Skill Details\nThis skill contains dynamic content.\nInvocation Name: schenker", "privacy_policy_href": ""}, "Elixirr": {"review-count": "0", "description": "Description\nInterested in innovation across financial services and/or retail? Listen to Editorials, the latest in opinion & insight across industries from our expert teams in London, Silicon Valley & South Africa, just say\u2026\n\n\u201cAlexa, ask Elixirr for their latest thinking\u201d\n\nThis skill is updated regularly with expert views, special guests, and advice on how to make change happen in business. Simply tell Alexa whether you\u2019d like to hear about - innovation, financial services or retail. Then, listen to the titles and when you hear one that takes your fancy, say \u2018Option\u2026\u2019, selecting the number. It\u2019s that easy.\n\nHow to get started\n\nLaunch the Amazon Alexa app on your mobile device\nTap the menu button\nTap on the Skills option\nSearch for \u2018Elixirr\u2019\nTap \u2018Enable Skill\u2019 and you\u2019re all set up\n\nAlternatively, just say to your Echo \"Alexa, enable Elixirr\"...\n\nFeedback is always welcome \u2013 do get in touch and let us know what you think.\n\nwww.elixirr.com\n\nTip: Enunciate. \u201cElixirr\u201d (like an elixir, a remedy, or a cure). Not to be confused with \u201cAlexa\u201d\u2026 \u263a", "details": "Skill Details\nThis skill contains dynamic content.\nInvocation Name: elixirr", "privacy_policy_href": ""}, "BenefitElect": {"review-count": "0", "description": "Description\nAsk Alexa to get more information about BenefitElect, its services and platform. Since 1998, BenefitElect has been providing a best-in-class experience to HR departments of all sizes.", "details": "Skill Details\nThis skill contains dynamic content.\nInvocation Name: benefit elect", "privacy_policy_href": ""}, "3dcart": {"review-count": "1", "description": "Description\nAllow 3dcart merchants to access their online store data right from Alexa.\nA 3dcart account is required. Visit https://www.3dcart.com to open an online store today.", "details": "Skill Details\nRated: Guidance Suggested.\nThis skill contains dynamic content.\nInvocation Name: three d. cart\nDeveloper Privacy Policy", "privacy_policy_href": "https://www.3dcart.com/privacy.html"}, "APub": {"review-count": "2", "description": "Description\nThe APub skill provides apub.com account holders with sales information about their Amazon Publishing books.\n\nTo use the APub skill, you must be using the same Amazon account used to log in to apub.com.\n\nReminder: The Amazon Sales Feed is an \u201cunfiltered\u201d snapshot of direct sales and borrows through Amazon websites and does not include all sales of your book(s).\n\nStay tuned\u2014there\u2019s more to come!", "details": "Skill Details\nThis skill contains dynamic content.\nInvocation Name: a pub\nDeveloper Privacy Policy\nDeveloper Terms of Use", "privacy_policy_href": "https://www.amazon.com/gp/help/customer/display.html?ie=UTF8&nodeId=201909010"}, "StockLookup": {"review-count": "2", "description": "Description\nStock quote lookup service\n\nLookup stock quote last price by company or by symbol.\n\nExample requests:\n* Alexa, open stock lookup\n* Alexa, ask stock lookup for help\n* Alexa, ask stock lookup for company apple\n* Alexa, ask stock lookup for company a\n* Alexa, ask stock lookup for symbol txn\n* Alexa, ask stock lookup for symbol MMM\n* Alexa, ask stock lookup for symbol A\n* Alexa, ask stock lookup for company ford\n* Alexa, ask stock lookup for company instruments\n\nTIPS:\n* Unless, and even if you know the symbol, you may want to look that up by asking for 'company' instead of 'symbol' and then selecting from the list of choices that Alexa will provide.\n\n* When looking up companies, try not including Corp or Incorporated, for example, lookup \"Citigroup\" instead of \"Citigroup Incorporated\"\n\nStock Lookup retrieves stock data from Markit On Demand and is not guaranteed to have real-time stock price information and is therefore only recommended to be used as a general reference and not for making stock trading decisions.\n\nIcon made by Vectors Market from flaticon.com and is licensed by CC 3.0", "details": "Skill Details\nThis skill contains dynamic content.\nInvocation Name: stock lookup", "privacy_policy_href": ""}, "Isobar Skill": {"review-count": "0", "description": "Description\nIsobar is a skill to learn about isobar's digital services, creative, strategic and technology capabilities.\n\nTo use this skill, enable isobar and then you can ask the following\n\nAlexa, ask isobar to tell me what they do\n\ntell me about their services\n\ntell me about their clients\n\nlist their locations", "details": "Skill Details\nThis skill contains dynamic content.\nInvocation Name: isobar\nDeveloper Privacy Policy\nDeveloper Terms of Use", "privacy_policy_href": "https://www.isobar.com/us/en/privacy/"}, "Market Insight by 451 Research": {"review-count": "3", "description": "Description\nEssential insight for leaders of the digital economy.\n\n451 Market Insight is your radar into the business of IT innovation. Whether you are a product manager investigating the competition, an IT decision-maker evaluating the impact of emerging technologies on your business, a service provider finding your place in an evolving industry, or a dealmaker fueling the digital economy, 451 Research gives you the inside track on your business and your markets.", "details": "Skill Details\nFlash Briefing Skill\nThis skill contains dynamic content.\nDeveloper Privacy Policy\nDeveloper Terms of Use", "privacy_policy_href": "https://451research.com/privacy-policy"}, "Smartwave Facts": {"review-count": "0", "description": "Description\nFacts about the company Smartwave SA", "details": "Skill Details\nThis skill contains dynamic content.\nInvocation Name: smartwave facts", "privacy_policy_href": ""}, "Real Smarts": {"review-count": "4", "description": "Description\nTake this quiz to measure up on how much you know about real estate and to help you prepare for the national real estate exam.\nA total of 10 questions will be asked by Alexa, final score will be concluded at the end of session. You can skip questions by saying \"skip\", start a new game by saying \"new game\".", "details": "Skill Details\nThis skill contains dynamic content.\nInvocation Name: real smarts", "privacy_policy_href": ""}, "Define Finance": {"review-count": "1", "description": "Description\nHave Alexa define confusing finance terms for you!", "details": "Skill Details\nThis skill contains dynamic content.\nInvocation Name: define finance", "privacy_policy_href": ""}, "TrustedListings": {"review-count": "0", "description": "Description\nTrustedListings\u2122 delivers an innovative new Local Search platform based on Natural Language and User Intent understanding. Just say \"Alexa, ask Trusted Listings for...\" a desired business using a natural phrase, business name, or category plus the city and state.\n\nTrustedListings\u2122 is designed to help you find relevant local businesses using your own words. Our extensive understanding of over 16 million businesses quickly provides relevant results based on your search intent.\n\nTry out some of these searches to get started:\n\u201cAlexa, ask Trusted Listings where I can get goat cheese pizza\u201d\n\u201cAlexa, ask Trusted Listings where I can get a espresso nearby\u201d", "details": "Skill Details\nThis skill contains dynamic content.\nInvocation Name: trusted listings", "privacy_policy_href": ""}, "Guess That Strat!": {"review-count": "5", "description": "Description\nGuess That Strat is sweeping the Wells Fargo Building as America's new favorite game. Which strategist will Alexa pick? Find out now.", "details": "Skill Details\nThis skill contains dynamic content.\nInvocation Name: strat guesser", "privacy_policy_href": ""}, "CDK Clarify": {"review-count": "0", "description": "Description\nCDK Clarify is intended for use by the CDK Clarify Team's project Coaches and Sponsor. It provides information about the Clarify Team's project including status updates, features coming soon, lessons learned and project challenges.", "details": "Skill Details\nThis skill contains dynamic content.\nInvocation Name: c. d. k. clarify", "privacy_policy_href": ""}, "Fan Muse Jobs": {"review-count": "1", "description": "Description\nThe purpose of this skill is to find the newest job postings from themuse.com. To start, enable the skill. Once linked you may now go ahead and use it with starting with \"Alexa, launch fan muse jobs.\". You can find jobs based on location, based on experience level, and based on category.\n\nThis skill is not sponsored or endorsed by themuse.\nThis skill is not sponsored or endorsed by Daily Muse, Inc.\nThis skill is not sponsored or endorsed by Amazon.\n\nAny questions or feedback about the skill email me at: antonio.cucciniello16@gmail.com\n\nCheck out the code for the skill here: https://github.com/acucciniello/the-muse-jobs\n\nCheck out videos of the skill working here: https://acucciniello.github.io/the-muse-jobs/", "details": "Skill Details\nThis skill contains dynamic content.\nInvocation Name: fan muse jobs", "privacy_policy_href": ""}, "Why RE/MAX": {"review-count": "14", "description": "Description\nThis simple Alexa skill was architected to give a few reasons why you should consider joining RE/MAX, one of the most powerful real estate brands in the world. Simply connect the skill to your Amazon Alexa or Echo and ask, \"Alexa, ask why RE/MAX?\" It's that easy.", "details": "Skill Details\nRated: Guidance Suggested.\nThis skill contains dynamic content.\nInvocation Name: why remax", "privacy_policy_href": ""}, "BizTalk Market Tips": {"review-count": "1", "description": "Description\nStock tips, market news and financial advice from financial guru Gary Kaltbaum, bringing you hard-hitting in-depth analysis after the closing bell.\nBe up-to-date and informed with the most recent information and breaking financial news on market sectors, stocks, currencies and commodities, what\u2019s moving, what\u2019s shaking, and what\u2019s trending.\nTo get started, enable the BizTalk Market Tips skill and say, Alexa, Open BizTalk Tips.'\nNavigate with instructions such as 'Alexa, Next' - 'Alexa, Previous' - 'Alexa, Pause' - 'Alexa, Resume.'", "details": "Skill Details\nRated: Guidance Suggested.\nThis skill contains dynamic content.\nInvocation Name: biztalk tips\nDeveloper Privacy Policy\nDeveloper Terms of Use", "privacy_policy_href": "https://www.audioburst.com/pages/privacy"}, "Digital Federal Credit Union": {"review-count": "6", "description": "Description\nDCU's Alexa skill enables you to get balance information and make transfers between your DCU checking, savings, and loan accounts. Get started today by enabling the skill, linking your account using your DCU Online Banking credentials, and establishing a unique 4 digit passcode that's different from your ATM PIN.\n\nJust say, \"Alexa, open DCU.\" Once you have opened the skill, here are some ways you can use to manage your DCU accounts:\nTo check your account balance for all accounts, say \"Account Balance\" or to check your account balance for a particular account, say \"What's my checking account balance?\"\nTo move funds, say \"Transfer\" or say \"Transfer $100 from my checking account to savings account\"\nFor the latest news at DCU, say \"What's new?\"", "details": "Skill Details\nRated: Guidance Suggested.\nThis skill contains dynamic content.\nInvocation Name: d. c. u.\nDeveloper Privacy Policy", "privacy_policy_href": "https://voice-registration.dcunet.org/content/webviews/privacy-policy-brochure.html"}, "Crane Credit Union": {"review-count": "0", "description": "Description\nFind out the latest news from Crane Credit Union, current share and loan rates, and find the location and hours of the branch closest to you.\n\nInformation about Crane Credit Union is available simply by asking. The Crane Credit Union skill gives branch locations and hours, contact information, rates, and our routing number. Find out the latest news from your credit union by asking, \u201cAlexa, what\u2019s new at Crane?\u201d.\n\nWe would love your feedback. If you have any comments or features that you\u2019d like to see added to our skill, contact us at alexa@cranecu.org.", "details": "Skill Details\nThis skill contains dynamic content.\nInvocation Name: crane credit union", "privacy_policy_href": ""}, "Eventelis": {"review-count": "4", "description": "Description\nThis skill will list worldwide biggest events.", "details": "Skill Details\nThis skill contains dynamic content.\nInvocation Name: my events", "privacy_policy_href": ""}, "Search Discovery": {"review-count": "0", "description": "Description\nGet the latest news, events and thoughts from the Search Discovery team. This skill will let you know when new content is published to Search Discovery's blog where they share the latest thinking on how to use data to transform your decision making across the enterprise.", "details": "Skill Details\nFlash Briefing Skill\nThis skill contains dynamic content.", "privacy_policy_href": ""}, "Micro Business Monday tips": {"review-count": "4", "description": "Description\nAre you starting a micro business? Micro Business Monday\u2122 tips curates content for starting microbusiness entrepreneurs. The skill is developed by the creative minds of Social Mediums, a white label digital marketing agency based in Los Angeles & Micro Business Monday\u2122, a resource for micro-business entrepreneurs. We share important marketing and startup insights with a taste of consumer psychology and behavioral economics.\n\nTo find more in-depth tips, visit our blog at MicroBusinessMonday.com or SocialMediums.design.", "details": "Skill Details\nThis skill contains dynamic content.\nInvocation Name: micro business monday tip", "privacy_policy_href": ""}, "WIRED Business": {"review-count": "1", "description": "Description\nWIRED's Business flash briefing bringing you in-depth coverage of business news and trends including technology, startups, and Silicon Valley. Updated daily with the latest stories from the business world.", "details": "Skill Details\nFlash Briefing Skill\nRated: Guidance Suggested.\nThis skill contains dynamic content.\nDeveloper Privacy Policy", "privacy_policy_href": "https://policies.spokenlayer.net/privacy-policy/alexa-skill/v1-wired-business"}, "Simple Dealer Suite": {"review-count": "2", "description": "Description\nSimple Dealer Suite's skill provides inventory updates for dealerships using Simple Recon to manage their inventory reconditioning process.\n\nManagers and owners can quickly get access to department's performance, daily updates and late items that are still open.\n\nWe also provide a variety of products for the auto dealership including SMS Bot, Video Reviews, Websites, CRM and Dealer Inventory Sharing.", "details": "Skill Details\nThis skill contains dynamic content.\nInvocation Name: dealer toolbox\nDeveloper Privacy Policy\nDeveloper Terms of Use", "privacy_policy_href": "http://www.simpledealersuite.com/Privacy-Policy.htm5"}, "GaryBot": {"review-count": "1", "description": "Description\nA fun skill, where you can ask Gary Bot 'what he thinks' and receive a random Gary Vaynerchuk quote as a response. The advice can be eerily helpful and makes for a good laugh during meetings.\n\n(Not a product of or endorsed by Gary Vaynerchuk)", "details": "Skill Details\nRated: Mature.\nThis skill contains dynamic content.\nInvocation Name: gary bot", "privacy_policy_href": ""}, "Rent Europe": {"review-count": "0", "description": "Description\nAsk for rent price in any city in Europe to plan your vacation or business trip", "details": "Skill Details\nThis skill contains dynamic content.\nInvocation Name: rent europe", "privacy_policy_href": ""}, "Exponea": {"review-count": "2", "description": "Description\nExponea integration with Alexa gives marketers screenless access to the Exponea marketing cloud. Now companies can get their own virtual marketing assistant as they ask Alexa questions such as \u201cWhat is our conversion rate?\u201d or \u201cWhat was our revenue for the past two weeks?\u201d\n\nTo get started, you will need a project at exponea.com tracking your business data. Then you can start linking with Alexa in Data & Assets - Integrations and follow the instructions. Once integrated, Alexa can provide quick access to metrics and dashboards defined in your project. Our experienced consulting team will be glad to help you with defining them should you need help.\n\nThe addition of Alexa to the Exponea marketing cloud enables clients to more quickly analyze and enhance marketing activities. Direct queries to Alexa can speed up the morning data reviews, level up meetings with fresh marketing intelligence, and accelerate the impact of AI on online campaigns.", "details": "Skill Details\nRated: Guidance Suggested.\nThis skill contains dynamic content.\nInvocation Name: exponea\nDeveloper Privacy Policy\nDeveloper Terms of Use", "privacy_policy_href": "https://exponea.com/privacy-policy/"}, "Northwest Federal Credit Union": {"review-count": "0", "description": "Description\nNorthwest Federal Credit Union's Alexa service is an informational resource, providing branch hours and addresses for all of the Northwest Federal branch locations in Northern Virginia. This skill also provides the Member Service Center phone number, website address and Credit Union's ABA routing number.", "details": "Skill Details\nThis skill contains dynamic content.\nInvocation Name: north west\nDeveloper Privacy Policy", "privacy_policy_href": "https://www.nwfcu.org/sites/nwfcu.org/files/2019-11/Privacy%20Notice%20%20Logo%20FINAL%207.19.pdf"}, "Rammas": {"review-count": "0", "description": "Description\nDEWA customers can interact with Rammas Skill \u2013 AI personal assistant - to enquire about any topics related to DEWA such as: bill enquiry, conservation tips for electricity and water consumptions, details of DEWA happiness centers, payment channels, and much more..", "details": "Skill Details\nRated: Guidance Suggested.\nThis skill contains dynamic content.\nInvocation Name: rammas\nDeveloper Privacy Policy\nDeveloper Terms of Use", "privacy_policy_href": "https://www.dewa.gov.ae/en/security-and-policy"}, "NGA HR": {"review-count": "1", "description": "Description\nAmazon Alexa and NGA HR combine, to help you prepare for your upcoming payroll. The NGA HR skill will update you on your payroll readiness ahead of the upcoming payroll process, and share with you an insight into happened during your last payroll run.\n\nOnce you have enabled the skill, simply say \"Alexa, ask payroll exchange for a payroll briefing\". The first time you will be prompted to sign in with your Amazon account.\n\nSkill Details\n\u2022 This skill contains dynamic content.\n\u2022 Invocation Name: payroll exchange", "details": "Skill Details\nRated: Guidance Suggested.\nThis skill contains dynamic content.\nInvocation Name: payroll exchange\nDeveloper Privacy Policy", "privacy_policy_href": "http://www.ngahr.com/privacy-policies"}, "Atlas Insights": {"review-count": "1", "description": "Description\nDo you love hearing about metrics when you tune into your favorite cable financial news show? Are you wondering what GDP is right now? Are you wondering what the latest Unemployment number is right now? Now you can ask Alexa and it will search our database of hundreds of publicly available metrics and let you know the latest number without having to wait for the TV new anchor.\n\nEnable the skill and get started: say \u201cAlexa, ask Atlas Insights. . . .\u201d Use the Skill to stay updated on publicly available data you would like to know about\n\nAnd, stay tuned\u2014we\u2019ll let you know as we add support for more public data and to your private metrics available through Atlas Insights.", "details": "Skill Details\nThis skill contains dynamic content.\nInvocation Name: atlas insights\nDeveloper Privacy Policy", "privacy_policy_href": "https://atlasbi.com/privacy.html"}, "Hank's Marketing and Business Tips": {"review-count": "2", "description": "Description\nHank will provide frequent tips on how to elevate your marketing efforts, grow your business and overcome obstacles whether you are just starting out or have been in business for a long time.", "details": "Skill Details\nFlash Briefing Skill\nThis skill contains dynamic content.", "privacy_policy_href": ""}, "Preseries": {"review-count": "1", "description": "Description\nThis skill aims to bring business intelligence to devices belonging to the Amazon Echo family of connected deviecs.\n\nAmong its main features are getting aggregate and detailed information about startups, technology areas, investors, patents, rounds of financing, and IPOs.\n\nTo start using this skill, just enable it and ask, e.g.:\n\n- Alexa, ask PreSeries how many startups were founded in New York in 2015.\n\nFor more use cases and detailed instructions, see our user guide.", "details": "Skill Details\nThis skill contains dynamic content.\nInvocation Name: pre series\nDeveloper Privacy Policy", "privacy_policy_href": "https://preseries.com/privacy_policy"}, "BizTalk Business Leaders": {"review-count": "2", "description": "Description\nBizTalk leaders is a continuous feed of in-depth interviews with CEOs, entrepreneurs and startup leaders shaking up traditional industries.\nGet inspired and informed listening to real life experiences from industry experts as they describe trailblazing and disrupting new paths to successful commercial enterprises.\nLearn about the latest products, technological innovations and secrets to success from enterprising pioneers!\nTo get started, enable the BizTalk Leaders skill and say, Alexa, Open BizTalk Leaders.'\nNavigate with instructions such as 'Alexa, Next' - 'Alexa, Previous' - 'Alexa, Pause' - 'Alexa, Resume.'", "details": "Skill Details\nRated: Guidance Suggested.\nThis skill contains dynamic content.\nInvocation Name: biztalk leaders\nDeveloper Privacy Policy\nDeveloper Terms of Use", "privacy_policy_href": "https://www.audioburst.com/pages/privacy"}, "Jobs Search": {"review-count": "2", "description": "Description\nSearch and listen to existing jobs by term, location, full time vs part time, or any combination of the three", "details": "Skill Details\nThis skill contains dynamic content.\nInvocation Name: jobs search", "privacy_policy_href": ""}, "ESi Jobs": {"review-count": "0", "description": "Description\nThis skill helps people find out about Engineering Solutions Inc. (ESi), its benefits, and to help find a job there. Asking about ESi or the company produces a brief description. Asking about benefits allows you to get a benefit overview and highlights, and to drill into the details on specific benefits. And finding a job actually performs an interview! After a few basic questions, you can filter jobs results using keywords to get the results you want. Then you can have a link to the results texted to your phone!", "details": "Skill Details\nThis skill contains dynamic content.\nInvocation Name: e. s. i. jobs\nDeveloper Privacy Policy", "privacy_policy_href": "https://s3.amazonaws.com/alexa-skills.enginsol.com/privacy.html"}, "FirstFleet": {"review-count": "2", "description": "Description\nDrivers can ask FirstFleet about their next load assignment or current hours of service information. Family members can check the current location and status of a driver.\n\nThese features require a FirstFleet, Inc. account.\n\nTo link your existing FirstFleet, Inc. account, simply follow the prompts when enabling the skill in your Alexa mobile app or website.", "details": "Skill Details\nRated: Guidance Suggested.\nThis skill contains dynamic content.\nInvocation Name: first fleet\nDeveloper Privacy Policy", "privacy_policy_href": "https://www.firstfleetinc.com/About.aspx"}, "Bitcoin Jesus": {"review-count": "1", "description": "Description\nThough we walk through the valley of the shadow of fiat and the Fed, we will fear no inflation: for thou art with us; thy blockchain and thy proof of work, they comfort us.", "details": "Skill Details\nThis skill contains dynamic content.\nInvocation Name: bitcoin jesus", "privacy_policy_href": ""}, "Marketing Tips": {"review-count": "0", "description": "Description\nTips about social media marketing.", "details": "Skill Details\nFlash Briefing Skill\nThis skill contains dynamic content.\nDeveloper Privacy Policy\nDeveloper Terms of Use", "privacy_policy_href": "https://www.virtualpioneer.net/privatepolicy/"}, "Cantor Injury Law": {"review-count": "2", "description": "Description\nAt Cantor Injury Law, we will protect your rights and win you all the available money after an injury from a car accident, truck accident, work injury, or other cause. We handle only serious injury cases and know how to win. You do not need any money for us to help you. When you choose Cantor Injury Law to help you, we will tenaciously fight for justice on your behalf and will work tirelessly in order to maximize your compensation.\n\nUse the Cantor Injury Law skill to get more information on what to do if you've been seriously hurt or want to know how the personal injury attorneys at Cantor Injury Law can help you.\n\nHere\u2019s some of the ways you can use the Cantor Injury Law skill:\n\nStart the skill by saying \"Alexa, start Cantor Injury Law.\" You will be greeted by welcome message and a menu. While engaged in the Cantor Injury Law skill menu, you can ask questions or statements like:\n\n- What should I do if involved in a car or motorcycle accident?\n- Tell me seven reasons why I should choose Cantor Injury Law.\n- How much do they charge?\n- Tell me what I should do when a dog bites me.\n- Tell me what I should do when I get injured on the job.\n- Tell me about the lawyers at Cantor Injury Law\n- Where is the office located?\n- Which St. Louis Law Firm had the best results?\n- Tell me more about the law firm\n\nIf you are not engaged in the menu system, you can engage the skill with the following questions:\n\n- Alexa, ask Cantor Injury Law what should I do if involved in a car or motorcycle accident?\n- Tell me seven reasons why I should choose Cantor Injury Law.\n- Alexa, Ask Cantor Injury Law how much do they charge?\n- Alexa, Ask Cantor Injury Law what I should do when a dog bites me.\n- Alexa, Ask Cantor Injury Law what I should do when I get injured on the job.\n- Alexa, Ask Cantor Injury Law to tell me about their lawyers.\n- Alexa, Ask Cantor Injury Law where is the office located?\n- Alexa, Ask Cantor Injury Law which St. Louis Law Firm had the best results?\n- Alexa, Ask Cantor Injury Law to tell me more about the law firm.\n\nFor more information, please call 314-628-9999 or visit the Cantor Injury Law website http://www.CantorInjuryLaw.com Cantor Injury Law is proud to be the first legal firm to use the Alexa platform to help victims get the information and justice they deserve!\n\nThis skill was developed by VoiceXP, Inc - http://www.voicexp.com", "details": "Skill Details\nRated: Guidance Suggested.\nThis skill contains dynamic content.\nInvocation Name: cantor injury law", "privacy_policy_href": ""}, "CAIS Flash Briefing": {"review-count": "0", "description": "Description\nCAIS regularly publishes content to inform independent advisors, broker-dealers and family offices regarding topics that span alternative investments, capital markets and fintech.\n\nAfter enabling this Alexa skill, say things like \u201cAlexa, what\u2019s new\u201d or \u201cAlexa, what\u2019s my flash briefing\u201d to hear CAIS content in your flash briefing.\n\nCAIS is the leading open-architecture financial product platform offering independent wealth management firms access to a diversified menu of alternative investment funds and capital markets offerings.\n\nThe platform provides streamlined workflow for an expanding list of offerings including hedge funds, private equity and debt, real estate, structured solutions, syndicate, trade execution and precious metals.\n\nThese offerings are complemented by a robust set of management and reporting tools, and fund offerings are further distinguished by independent due diligence provided by Mercer Investment Consulting LLC.", "details": "Skill Details\nFlash Briefing Skill\nThis skill contains dynamic content.", "privacy_policy_href": ""}, "DEWA": {"review-count": "4", "description": "Description\nDEWA customers can interact with DEWA Skill \u2013 AI personal assistant - to enquire about any topics related to DEWA such as: bill enquiry, conservation tips for electricity and water consumptions, details of DEWA happiness centers, payment channels, and much more..", "details": "Skill Details\nRated: Guidance Suggested.\nThis skill contains dynamic content.\nInvocation Name: deewa\nDeveloper Privacy Policy\nDeveloper Terms of Use", "privacy_policy_href": "https://www.dewa.gov.ae/en/security-and-policy"}, "Marketing Rich": {"review-count": "0", "description": "Description\nMarketing Rich Tips on how to market a small business with website SEO, Social Media, eMail Marketing, and other small business ideas.\n\nAsk for a daily marketing tip or ask whenever you need some inspiration for your small business. Topics cover a wide variety of marketing and business topics, some tips apply to all businesses and some apply to specific techniques you might apply to grow your business. All tips are rich on marketing content to make your marketing rich so you can make your business bloom.\n\nCreated and maintained by eRose Web with links to additional more in depth marketing lessons at the website MarketingRichWebsites.com.", "details": "Skill Details\nThis skill contains dynamic content.\nInvocation Name: marketing rich", "privacy_policy_href": ""}}