{"Oof Blue": {"review-count": "6", "description": "Description\nAsk Alexa yes/no questions any time, and she'll provide a randomly-selected response (some variation of yes, no, or maybe). You can ask as many questions as you want as often as you want. This skill was created using a Skill Blueprint. Your requests to this skill are not shared with the skill developer.", "details": "Skill Details\nThis skill contains dynamic content.\nInvocation Name: oof blue", "privacy_policy_href": ""}, "Random person picker": {"review-count": "0", "description": "Description\nNext time you're trying to decide whose turn it is pick something or perform a task, just ask Alexa for help. For example, if you're trying to decide whose turn it is to pick a movie on movie night, Alexa can randomly select someone's name from the list. Or if you're trying to decide who should take out the trash, Alexa can help with that too!", "details": "Skill Details\nThis skill contains dynamic content.\nInvocation Name: random person picker", "privacy_policy_href": ""}, "*CLICK* Nice": {"review-count": "0", "description": "Description\nPlays \"*Click* Nice\" by Michael Rosen", "details": "Skill Details\nThis skill contains dynamic content.\nInvocation Name: click sound", "privacy_policy_href": ""}, "Knowledge two six": {"review-count": "0", "description": "Description\nAlexa quizzes you on trivia topics. Provide the answer and try to achieve a high score.\nThis skill was created using a Skill Blueprint. Your requests to this skill are not shared with the skill developer.", "details": "Skill Details\nThis skill contains dynamic content.\nInvocation Name: knowledge two six", "privacy_policy_href": ""}, "Knowledge two four": {"review-count": "0", "description": "Description\nAlexa quizzes you on trivia topics. Provide the answer and try to achieve a high score.\nThis skill was created using a Skill Blueprint. Your requests to this skill are not shared with the skill developer.", "details": "Skill Details\nThis skill contains dynamic content.\nInvocation Name: knowledge two four", "privacy_policy_href": ""}, "My words": {"review-count": "0", "description": "Description\nPlay an interesting game of quiz with Alexa. While playing the quiz, you can say \"Alexa, next\" to move to the next question. At any point, you can say \"Alexa, stop\" to exit the quiz. This skill was created using a Skill Blueprint. Your requests to this skill are not shared with the skill developer.", "details": "Skill Details\nThis skill contains dynamic content.\nInvocation Name: my words", "privacy_policy_href": ""}, "Good Behavior Tracker": {"review-count": "1", "description": "Description\nYou can use the Good Behavior tracker to track how many stars your kids have for doing good behavior. We believe in cooperative good behavior. So if there are multiple children in your family, the children earn stars together, not individually. This encourages the children to help each other behave well, rather than being competitive with each other.", "details": "Skill Details\nThis skill contains dynamic content.\nInvocation Name: good behavior", "privacy_policy_href": ""}, "Owl Facts": {"review-count": "0", "description": "Description\nThis skill will tell you some interesting facts about owl\n\nJust ask Alexa 'Tell me a Owl Facts'", "details": "Skill Details\nThis skill contains dynamic content.\nInvocation Name: owl facts", "privacy_policy_href": ""}, "Mr Maze trivia": {"review-count": "0", "description": "Description\nIt's an trivia game show based on reindeer. In this there is questions and four options of each question and one is correct option. So, give answers and enjoy", "details": "Skill Details\nThis skill contains dynamic content.\nInvocation Name: mr maze trivia", "privacy_policy_href": ""}, "Mangalore Weather": {"review-count": "0", "description": "Description\nThis will tell you the Mangalore weather for next 5 days.\n\nThank You\nJyothi N", "details": "Skill Details\nFlash Briefing Skill\nThis skill contains dynamic content.", "privacy_policy_href": ""}, "A boy and his dog": {"review-count": "0", "description": "Description\nPlay an interactive personalized story of a boy and his dog with sound effects and prompts. Get ready for laughs and giggles as players fill in the blanks. At any point, you can say \"Alexa, stop\" to exit the skill. This skill was created using a Skill Blueprint. Your requests to this skill are not shared with the skill developer.", "details": "Skill Details\nThis skill contains dynamic content.\nInvocation Name: a boy's dog", "privacy_policy_href": ""}, "Legendary Lunnis": {"review-count": "4", "description": "Description\n\u201cLunnis de Leyenda\u201d es una skill interactiva en la que los ni\u00f1os y ni\u00f1as vivir\u00e1n junto a los Lunnis las maravillosas aventuras de personajes como H\u00e9rcules, Vel\u00e1zquez o Marie Curiede la serie de Clan Internacional.\n\nA lo largo de la narraci\u00f3n, los Lunnis pedir\u00e1n ayuda a los ni\u00f1os y ni\u00f1as para decidir qu\u00e9 debe hacer el protagonista de la leyenda en distintos momentos clave de su historia. \u00bfC\u00f3mo puede cruzar An\u00edbal el r\u00edo? \u00bfQu\u00e9 podr\u00eda pintar Vel\u00e1zquez para impresionar al Rey?.\n\nAl escoger una de las opciones planteadas, la historia se desarrolla por nuevos y divertidos caminos que pueden llevar a una canci\u00f3n original de Lucrecia\u2026 o a volverlo a intentar para lograr un final feliz.\n\nDe esta manera, cada leyenda puede jugarse de hasta 15 formas distintas, para aprender de forma activa la vida de algunos de los personajes m\u00e1s relevantes de la historia.\u201cLunnis de Leyenda\u201d, se basa en la reconocida serie de televisi\u00f3n del canal ClanInternacional de RTVE.\n\nLupita, Lucho, Lulila y Lubl\u00fa hacen de anfitriones de 10 historias originales protagonizadas por H\u00e9rcules, Cervantes, Mar\u00eda Pita, Gara y Jonay, An\u00edbal, Quevedo, Concepci\u00f3n Arenal, Tambor del Bruc, Marie Curie y Vel\u00e1zquez.", "details": "Skill Details\nThis skill contains dynamic content.\nInvocation Name: lunnis de leyenda", "privacy_policy_href": ""}, "sanskrit shloka": {"review-count": "0", "description": "Description\nThis is unique collection of Famous Sanskrit Shlokas with catchy music for children. You can play all the availables shloka in pre-defined order.\n\nYou can launch the skill with phrases like \u201cAlexa, open sanskrit shloka\u201d or \u201cAlexa, start sanskrit shloka\u201d, \u201cAlexa, play sanskrit shloka\u201d. You should be able to Pause & Resume the playing shloka and also navigate between Next and Previous shlokas.\n\nCurrently available famous shlokas are:\n\"Vakratunda Mahakaya\"\n\"Karagre Vasate Lakshmi\"\n\"Gurubrahma Guruvishnu\"\n\"Udaye Brahmaroop\"\n\"Vasudevasutam\"\n\"Saraswati Namasthubhyam\"\n\"Ya Kundendu\"\n\"Manojavam\"\n\"Buddhir Balam\"\n\"Shuklambharadharam\"", "details": "Skill Details\nThis skill contains dynamic content.\nInvocation Name: sanskrit shloka\nDeveloper Privacy Policy\nDeveloper Terms of Use", "privacy_policy_href": "https://github.com/shreeshsp/Stotra/blob/master/PrivacyPolicy.html"}, "Latitude longitude quiz": {"review-count": "0", "description": "Description\nPlay an interesting game of quiz with Alexa. While playing the quiz, you can say \"Alexa, next\" to move to the next question. At any point, you can say \"Alexa, stop\" to exit the quiz. This skill was created using a Skill Blueprint. Your requests to this skill are not shared with the skill developer. Play this fun and exciting game get your friends to help on the way.", "details": "Skill Details\nThis skill contains dynamic content.\nInvocation Name: latitude longitude quiz", "privacy_policy_href": ""}, "New York City School Calendar": {"review-count": "1", "description": "Description\nNew York City public school system is in the state of New York. Open the skill and Alexa will automatically tell you how many days remain until all your upcoming NYC school calendar. Alexa can also remind you about the exact date for a specific events.", "details": "Skill Details\nThis skill contains dynamic content.\nInvocation Name: new york city", "privacy_policy_href": ""}, "When is Diwali": {"review-count": "0", "description": "Description\nOpen the skill and Alexa will automatically tell you how many days remain until Diwali this year. According to Hindu and Islamic legend, 2019 Diwali is especially auspicious as it marks the day when Lord Kalki and Padmavati will first communicate their earthly desires to their families. This in turn will launch a global event to reunite Kalki with Padma on a day of their choosing. Will it happen within a week of Diwali? Stay tuned to find out!", "details": "Skill Details\nThis skill contains dynamic content.\nInvocation Name: when is diwali", "privacy_policy_href": ""}, "Regular verbs": {"review-count": "0", "description": "Description\nAlexa can help you learn new topics or study for your test. You can review the flash cards and then test your knowledge. At any point you can say \"Alexa, review mode\" to switch to review or say \"Alexa, test mode\" to start a test. You can say \"Alexa, next\" to move to the next card. At any point during the test, you can say \"Alexa, what's my score\" to get your current test score.\nThis skill was created using a Skill Blueprint. Your requests to this skill are not shared with the skill developer.", "details": "Skill Details\nThis skill contains dynamic content.\nInvocation Name: my flashcards", "privacy_policy_href": ""}, "Halloween countdown": {"review-count": "0", "description": "Description\nJust a countdown to one of the fun filled days of the year!", "details": "Skill Details\nThis skill contains dynamic content.\nInvocation Name: halloween countdown", "privacy_policy_href": ""}, "Would You Rather - Show Me!": {"review-count": "12", "description": "Description\nWould You Rather is a fun, educational experience designed to help families learn together through social play. By combining voice technology and tangible play, SayKid helps families learn together in a safe, natural, and engaging way - kids play the role of teacher.\n\nFor more screen-less, play-based learning, search \"SayKid\" on the Alexa Skill Store. By combining voice technology and real-world, tangible play, we help educators and families learn together in a safe, natural, and engaging way - without screens!\n\nWe\u2019re constantly striving to help kids learn. Please feel free to report bugs to support {at} saykid {dot} com. If you enjoyed this experience, we would REALLY appreciate your review!\n\nAwards\n- SayKid wins Grand Prize in the Amazon Alexa EdTech Competition\n- Harvard names SayKid a Finalist in the Saul Zaentz Early Education Competition\n- SayKid wins MN Cup \"Moonshot\" Prize at US Bank Stadium", "details": "Skill Details\nThis skill contains dynamic content.\nInvocation Name: would you rather\nDeveloper Privacy Policy\nDeveloper Terms of Use", "privacy_policy_href": "https://saykidlegal.s3.us-east-2.amazonaws.com/SayKid+Privacy+Policy.pdf"}, "Hot Lunch for Orchard Ranch": {"review-count": "1", "description": "Description\nWondering what's for lunch today, tomorrow, or for a specific date?\nJust say, \"Alexa, open Hot Lunch\".", "details": "Skill Details\nThis skill contains dynamic content.\nInvocation Name: hot lunch\nDeveloper Privacy Policy\nDeveloper Terms of Use", "privacy_policy_href": "https://creator.voiceflow.com/creator/privacy_policy?name=Michelle%20Joseph&skill=School%20Lunch"}, "Space Ship": {"review-count": "0", "description": "Description\nPlay an interactive adventure-themed story with sound effects and prompts. Get ready for laughs and giggles as players fill in the blanks.\nThis skill was created using a Skill Blueprint. Your requests to this skill are not shared with the skill developer.", "details": "Skill Details\nThis skill contains dynamic content.\nInvocation Name: space ship", "privacy_policy_href": ""}, "THE EXOTIC BUTTERS": {"review-count": "0", "description": "Description\nPlay an interesting game of quiz with Alexa about five nights at freddys. While playing the quiz, you can say \"Alexa, next\" to move to the next question. At any point, you can say \"Alexa, stop\" to exit the quiz. This skill was created using a Skill Blueprint. Your requests to this skill are not shared with the skill developer.", "details": "Skill Details\nThis skill contains dynamic content.\nInvocation Name: the exotic butters", "privacy_policy_href": ""}, "Economics Cards": {"review-count": "0", "description": "Description\nAlexa can help you learn new topics or study for your test. You can review the flash cards and then test your knowledge. At any point you can say \"Alexa, review mode\" to switch to review or say \"Alexa, test mode\" to start a test. You can say \"Alexa, next\" to move to the next card. At any point during the test, you can say \"Alexa, what's my score\" to get your current test score.\nThis skill was created using a Skill Blueprint. Your requests to this skill are not shared with the skill developer.", "details": "Skill Details\nThis skill contains dynamic content.\nInvocation Name: economics cards", "privacy_policy_href": ""}, "Full House TV Trivia": {"review-count": "4", "description": "Description\nAlexa quizzes you on tv quotes. Provide the answer and try to achieve a high score.\nThis skill was created using a Skill Blueprint. Your reviews to this skill are helpful and reflect more questions being added.", "details": "Skill Details\nThis skill contains dynamic content.\nInvocation Name: full house trivia", "privacy_policy_href": ""}, "Chris Jokes": {"review-count": "0", "description": "Description\nAsk Alexa to tell you corny Dad jokes when you need a laugh. When using the skill, you can say \"Alexa, next\" to move to the next joke. At any point, you can say \"Alexa, stop\" to exit the skill. This skill was created using a Skill Blueprint. Your requests to this skill are not shared with the skill developer.", "details": "Skill Details\nThis skill contains dynamic content.\nInvocation Name: chris jokes", "privacy_policy_href": ""}, "Dev AG": {"review-count": "0", "description": "Description\nIt tell about the names of cartoon heroes liked by kids. It works when said \" open imagine heroes\". It lets the kids know about cartoon heroes.", "details": "Skill Details\nThis skill contains dynamic content.\nInvocation Name: imagine heroes", "privacy_policy_href": ""}, "santhanam movie review": {"review-count": "0", "description": "Description\nno description", "details": "Skill Details\nFlash Briefing Skill\nThis skill contains dynamic content.\nDeveloper Privacy Policy\nDeveloper Terms of Use", "privacy_policy_href": "http://www.skilexa.com/doneforyou/privacy/"}, "Challenges Pro": {"review-count": "0", "description": "Description\nNext time you're trying to make a difficult decision, just ask Alexa for help. At any point, you can say \"Alexa, stop\" to exit the skill.\nPlz use monstertgamer.simplesite.com in your browser!", "details": "Skill Details\nThis skill contains dynamic content.\nInvocation Name: challenges pro", "privacy_policy_href": ""}, "Fruit Quiz": {"review-count": "0", "description": "Description\nPlay an interesting game of quiz with Alexa. While playing the quiz, you can say \"Alexa, next\" to move to the next question. At any point, you can say \"Alexa, stop\" to exit the quiz. This skill was created using a Skill Blueprint. Your requests to this skill are not shared with the skill developer.", "details": "Skill Details\nThis skill contains dynamic content.\nInvocation Name: fruit quiz", "privacy_policy_href": ""}, "Bed Time Picker": {"review-count": "0", "description": "Description\nPlz go to monstertgamer.simplesite.com and put it in your browser.", "details": "Skill Details\nThis skill contains dynamic content.\nInvocation Name: bed time", "privacy_policy_href": ""}, "Butler Family Generator": {"review-count": "0", "description": "Description\nNext time you're trying to decide whose turn it is pick something or perform a task, just ask Alexa for help. For example, if you're trying to decide whose turn it is to pick a movie on movie night, Alexa can randomly select someone's name from the list. Or if you're trying to decide who should take out the trash, Alexa can help with that too!", "details": "Skill Details\nThis skill contains dynamic content.\nInvocation Name: butler game", "privacy_policy_href": ""}, "Tom's Alien Story": {"review-count": "0", "description": "Description\nPlay an interactive science fiction-themed story with sound effects and prompts. Get ready for laughs and giggles as players fill in the blanks. This skill was created using a Skill Blueprint. Your requests to this skill are not shared with the skill developer.", "details": "Skill Details\nThis skill contains dynamic content.\nInvocation Name: tom's alien story", "privacy_policy_href": ""}, "Letter Game (Understanding Letters)": {"review-count": "5", "description": "Description\nThe Letter Game is designed to help parents teach early literacy skills in a safe, natural, and engaging way!\n\nThe Letter Game works on three important early literacy skills (3 levels per literacy skill and 10 questions per level) as follows:\n- Letter names (identify the names of letters)\n- Letter sounds (identify the sounds of letters)\n- Letter blends (identify combination of letters that make a sound)\n\nTo skip ahead:\n- Start Over -Say, \u201cNew Game\u201d\n- New Game - Say, \u201cLetter Names\u201d or \u201cLetter Sounds\u201d or \u201cLetter Blends\u201d\n- New Level - Say, \u201cNext Level\u201d or \u201cPrevious Level\u201d\n\nBy combining voice technology and real-world, tangible play, SayKid helps families learn together in a safe, natural, and engaging way. Search \"SayKid\" on the Alexa Skill store for additional learning experiences.\n\nIf you found the skill helpful, we greatly appreciate reviews!\n\nAwards\n- SayKid wins Grand Prize in the 2020 Alexa EdTech Competition\n- Harvard names SayKid a Finalist in the Saul Zaentz Early Education Competition\n- SayKid wins MN Cup \"Moonshot\" Prize at US Bank Stadium", "details": "Skill Details\nThis skill contains dynamic content.\nInvocation Name: letter game\nDeveloper Privacy Policy\nDeveloper Terms of Use", "privacy_policy_href": "https://saykidlegal.s3.us-east-2.amazonaws.com/SayKid+Privacy+Policy.pdf"}, "WoW Quiz": {"review-count": "0", "description": "Description\nPlay an interesting game of quiz with Alexa. While playing the quiz, you can say \"Alexa, next\" to move to the next question. At any point, you can say \"Alexa, stop\" to exit the quiz. This skill was created using a Skill Blueprint. Your requests to this skill are not shared with the skill developer.", "details": "Skill Details\nThis skill contains dynamic content.\nInvocation Name: wow quiz", "privacy_policy_href": ""}, "Toss The Names": {"review-count": "0", "description": "Description\nNext time you're trying to decide whose turn it is pick something or perform a task, just ask Alexa for help. For example, if you're trying to decide whose turn it is to pick a movie on movie night, Alexa can randomly select someone's name from the list. Or if you're trying to decide who should take out the trash, Alexa can help with that too!", "details": "Skill Details\nThis skill contains dynamic content.\nInvocation Name: toss the names", "privacy_policy_href": ""}, "Lynn's Kidnapping": {"review-count": "1", "description": "Description\nPlay an interactive adventure-themed story with sound effects and prompts. Get ready for laughs and giggles as players fill in the blanks.\nThis skill was created using a Skill Blueprint. Your requests to this skill are not shared with the skill developer.", "details": "Skill Details\nThis skill contains dynamic content.\nInvocation Name: lynn's kidnapping", "privacy_policy_href": ""}, "Tic Tac Toy Trivia": {"review-count": "7", "description": "Description\nTic Tac Toy Trivia questions.", "details": "Skill Details\nThis skill contains dynamic content.\nInvocation Name: tic tac toy", "privacy_policy_href": ""}, "UnIcOrN": {"review-count": "24", "description": "Description\nPlay an interactive prince and princess-themed story with sound effects and prompts. Get ready for laughs and giggles as players fill in the blanks. At any point, you can say \"Alexa, stop\" to exit the skill. This skill was created using a Skill Blueprint. Your requests to this skill are not shared with the skill developer. Do not contact.", "details": "Skill Details\nThis skill contains dynamic content.\nInvocation Name: the unicorn story", "privacy_policy_href": ""}, "Which Day": {"review-count": "0", "description": "Description\nOpen the skill and Alexa will automatically tell you how many days remain until all your upcoming events. Alexa can also remind you about the exact date for a specific events.\nThis skill was created using a Skill Blueprint. Your requests to this skill are not shared with the skill developer.", "details": "Skill Details\nThis skill contains dynamic content.\nInvocation Name: which day application", "privacy_policy_href": ""}, "Best Jokes For Kids By Scary Mommy": {"review-count": "7", "description": "Description\nHere\u2019s a skill that\u2019ll keep the kids cracking up, and give you a few minutes (at least 30!) of free time. Scary Mommy can help Alexa can tell hundreds of kids jokes, from tried-and-true classics to some brand new ones we made up ourselves! So Knock-Knock your way to big laughs, and find out why the kid crossed the playground. (To get to the other slide.) When using the skill, you can say \u201cAlexa, next\u201d to move to the next joke. Or at any point, you can say \u201cAlexa, stop\u201d to exit the skill.\nCheck out a few of the hundreds of jokes we curated to get your kids rolling with laughter, and to give you a (30 minute) sigh of relief:\n\n\"- What do you call two monkeys sharing an Amazon account?\n- PRIME-mates.\"\n\n\"- Why do ducks have tail feathers?\n- To cover their buttquacks.\"\n\n\"- What kind of music do balloons hate?\n- Pop.\"", "details": "Skill Details\nThis skill contains dynamic content.\nInvocation Name: scary mommy jokes\nDeveloper Terms of Use", "privacy_policy_href": ""}, "Saint Monica What's For Lunch": {"review-count": "2", "description": "Description\nDaily Lunch Menu for Saint Monica School, Dallas", "details": "Skill Details\nThis skill contains dynamic content.\nInvocation Name: what's on the menu", "privacy_policy_href": ""}, "Chore finder": {"review-count": "0", "description": "Description\nUse this skill to keep track of chores that are assigned to each member of your household. You can ask Alexa to read the list of chores that are assigned to you each day, and you can log your chores as you complete them. Alexa automatically keeps score so you can complete with family members to see who finishes their chores first. Or last! The chore tracker automatically resets on Sunday each week.\nThis skill was created using a Skill Blueprint. Your requests to this skill are not shared with the skill developer.", "details": "Skill Details\nThis skill contains dynamic content.\nInvocation Name: work week", "privacy_policy_href": ""}, "California Adventure Two": {"review-count": "0", "description": "Description\nPlay an interactive adventure-themed story with sound effects and prompts. Get ready for laughs and giggles as players fill in the blanks.\nThis skill was created using a Skill Blueprint. Your requests to this skill are not shared with the skill developer.", "details": "Skill Details\nThis skill contains dynamic content.\nInvocation Name: california adventure two", "privacy_policy_href": ""}, "Yo Rhymes": {"review-count": "0", "description": "Description\nLet your kids enjoy listening to the most popular nursery rhymes of all times. A selection of most popular and melodious rhymes to keep your kids enthralled. Listening to these will help improve their imagination, concentration and focus.\n\nHOW TO USE\nBefore first use, enable the skill by pressing the Enable button in the Skill Store, then say \"Alexa, open Yo Rhymes\" to begin.\nTo finish, say \"Alexa, stop\".\n\nGot a distraction or need a break? No problem. Simply say 'Alexa, Pause' and resume listening to the playlist when you return by saying 'Alexa, Resume'.\nTo move to next or previous song, you can say 'Alexa, Next', or 'Alexa, Previous' .\n\nList of Rhymes currently available:\n-------------------------------------------\n1. Baa Baa Black Sheep\n2. Chubby Cheeks\n3. Five Little Ducks\n4. Goosey Goosey\n5. Humpty Dumpty\n6. Hickory Dickory Dock\n7. Incy Wincy Spider\n8. Johny Johny\n9. Jack and Jill\n10. London Bridge\n11. Little Teapot\n12. Mary had a little Lamb\n13. Old MacDonald\n14.One Two Buckle My Shoe\n15. Rain Rain Go Away\n16. Ring a Ring a roses\n17. This is the way\n18. The Grand\n19. Three Blind Mice\n20. Twinkle Twinkle\n\nEvery time you leave an encouraging review for this skill, you can request your favorite rhyme in comments and we would surely add to our playlist.", "details": "Skill Details\nThis skill contains dynamic content.\nInvocation Name: yo rhymes", "privacy_policy_href": ""}, "Story OZ": {"review-count": "0", "description": "Description\nThis is a new description for the skill Final Test\n\nBe sure to leave a 5-star review!", "details": "Skill Details\nThis skill contains dynamic content.\nInvocation Name: story oz\nDeveloper Privacy Policy\nDeveloper Terms of Use", "privacy_policy_href": "https://creator.voiceflow.com/creator/privacy_policy?name=Stuart%20McGibbon&skill=Final%20Test"}, "winged animals": {"review-count": "0", "description": "Description\nListen to this interactive story with a timeless lesson. At any point, you can say \"Alexa, stop\" to exit the skill. This skill was created using a Skill Blueprint. Your requests to this skill are not shared with the skill developer.", "details": "Skill Details\nThis skill contains dynamic content.\nInvocation Name: winged animals", "privacy_policy_href": ""}, "Ezekiel Hero": {"review-count": "0", "description": "Description\nPlay an interactive science fiction-themed story with sound effects and prompts. Get ready for laughs and giggles as players fill in the blanks. This skill was created using a Skill Blueprint. Your requests to this skill are not shared with the skill developer.", "details": "Skill Details\nThis skill contains dynamic content.\nInvocation Name: ezekiel hero", "privacy_policy_href": ""}, "Farm Day Trip Adventure": {"review-count": "0", "description": "Description\nThis is an interactive story adventure of a young boy and a young girl, going on a day trip to the local farm in Ireland with their dad. They come across several animal noises and have to guess what they have encountered.\nWe hope you enjoy this story, if you do. Please leave a rating so we can continue to make many more adventures like this.\n\nParental approval required", "details": "Skill Details\nThis skill contains dynamic content.\nInvocation Name: farm day trip", "privacy_policy_href": ""}, "California Space Adventure": {"review-count": "0", "description": "Description\nPlay an interactive adventure-themed story with sound effects and prompts. Get ready for laughs and giggles as players fill in the blanks.\nThis skill was created using a Skill Blueprint. Your requests to this skill are not shared with the skill developer.", "details": "Skill Details\nThis skill contains dynamic content.\nInvocation Name: california space adventure", "privacy_policy_href": ""}, "Rose's Space Ride": {"review-count": "0", "description": "Description\nPlay an interactive adventure-themed story with sound effects and prompts. Get ready for laughs and giggles as players fill in the blanks.\nThis skill was created using a Skill Blueprint. Your requests to this skill are not shared with the skill developer.", "details": "Skill Details\nThis skill contains dynamic content.\nInvocation Name: rose's space ride", "privacy_policy_href": ""}, "Kaliq's Adventure": {"review-count": "0", "description": "Description\nPlay an interactive adventure-themed story with sound effects and prompts. Get ready for laughs and giggles as players fill in the blanks.\nThis skill was created using a Skill Blueprint. Your requests to this skill are not shared with the skill developer.", "details": "Skill Details\nThis skill contains dynamic content.\nInvocation Name: kaliq adventure", "privacy_policy_href": ""}, "tall tall ezekiel": {"review-count": "0", "description": "Description\nListen to this interactive story with a timeless lesson. At any point, you can say \"Alexa, stop\" to exit the skill. This skill was created using a Skill Blueprint. Your requests to this skill are not shared with the skill developer.", "details": "Skill Details\nThis skill contains dynamic content.\nInvocation Name: tall tall ezekiel", "privacy_policy_href": ""}, "rock paper scisssors": {"review-count": "1", "description": "Description\nFun kids game", "details": "Skill Details\nThis skill contains dynamic content.\nInvocation Name: rock paper scissors\nDeveloper Privacy Policy\nDeveloper Terms of Use", "privacy_policy_href": "https://drive.google.com/open?id=1ND1-_Y0HpPWI-SCbbiHOkCJ3HLNBCeBi"}, "Musical Games": {"review-count": "4", "description": "Description\nMusical Chairs, Freeze Dancers, Musical Bumps and More!\n\nBored? This compendium of active and super fun family games will keep everyone entertained for hours. Dance and sing to catchy tunes and throw your best shapes. Go on, go crazy!\n\nMusical games currently available include:\n\nMusical Chairs (Trip to Jerusalem)\nFreeze Dancers (Musical Statues)\nMusical Bumps (We All Fall Down)\n\nGames coming soon include:\n\nAnimal Dancers\nIf You're Happy and You Know It\nCopy Clap\nName the Instrument\nSpin The Microphone\nDizzy Dancers\nMusical Clothes\nHot Potato\nPass The Parcel\nRing Around The Rosie\n\nDance, hop, clap, walk, crawl, jump, sing and shout to lots of different music tracks.\n\nIf you love Musical Games, please let us know!\nFeedback is always welcome at hello@topvoiceapps.com", "details": "Skill Details\nThis skill contains dynamic content.\nInvocation Name: musical games\nDeveloper Privacy Policy", "privacy_policy_href": "https://topvoiceapps.com/privacy"}, "Born Superhero": {"review-count": "0", "description": "Description\nReady To Hear An Adventure Story, Good Enable This Skill To Use It.", "details": "Skill Details\nThis skill contains dynamic content.\nInvocation Name: born superhero", "privacy_policy_href": ""}, "Matteo's Story": {"review-count": "0", "description": "Description\nWelcome to MSJ Remember, This Skill Comes With The Book So This Is The First Part Of MSJ So Enable This Skill Cause It Is The \"Chapter 1\" Skill.", "details": "Skill Details\nThis skill contains dynamic content.\nInvocation Name: healthy story", "privacy_policy_href": ""}, "Secret secret": {"review-count": "1", "description": "Description\nAsk Alexa to compliment your favorite people (or even yourself!) and she will choose from a list of compliments.\nThis skill was created using a Skill Blueprint. Your requests to this skill are not shared with the skill developer.", "details": "Skill Details\nThis skill contains dynamic content.\nInvocation Name: secret secret\nDeveloper Terms of Use", "privacy_policy_href": ""}, "Matteo's Family Trivia": {"review-count": "0", "description": "Description\nWelcome back to MSJ, Remember This Comes With The Book And Chapter So Enable This Skill, To Find Out How I Made This Skill to go blueprints.amazon.com", "details": "Skill Details\nThis skill contains dynamic content.\nInvocation Name: matteo's family trivia", "privacy_policy_href": ""}, "Hannah's Next Case": {"review-count": "1", "description": "Description\nPlay an interactive adventure-themed story with sound effects and prompts. Get ready for laughs and giggles as players fill in the blanks.\nThis skill was created using a Skill Blueprint. Your requests to this skill are not shared with the skill developer.", "details": "Skill Details\nThis skill contains dynamic content.\nInvocation Name: hannah's next case", "privacy_policy_href": ""}, "My name's Ishmael": {"review-count": "0", "description": "Description\nNext time you're trying to decide whose turn it is pick something or perform a task, just ask Alexa for help. For example, if you're trying to decide whose turn it is to pick a movie on movie night, Alexa can randomly select someone's name from the list. Or if you're trying to decide who should take out the trash, Alexa can help with that too!", "details": "Skill Details\nThis skill contains dynamic content.\nInvocation Name: my name's ishmael", "privacy_policy_href": ""}, "Niani Fire": {"review-count": "0", "description": "Description\nPlay an interactive prince and princess-themed story with sound effects and prompts. Get ready for laughs and giggles as players fill in the blanks. At any point, you can say \"Alexa, stop\" to exit the skill. This skill was created using a Skill Blueprint. Your requests to this skill are not shared with the skill developer.", "details": "Skill Details\nThis skill contains dynamic content.\nInvocation Name: niani fire", "privacy_policy_href": ""}, "Ezekiel History": {"review-count": "0", "description": "Description\nListen to a personalized story that's all about ezekiel and narrated by Alexa.", "details": "Skill Details\nThis skill contains dynamic content.\nInvocation Name: ezekiel history", "privacy_policy_href": ""}, "Advanced Times Table": {"review-count": "0", "description": "Description\nWant to learn multiplication tables past 15 or brush up on your skills? Simply say Alexa, open Advanced Times Tables and answer the questions as quick as possible. See if you can memorize them all!", "details": "Skill Details\nThis skill contains dynamic content.\nInvocation Name: advanced times table", "privacy_policy_href": ""}, "Mommy's kids": {"review-count": "0", "description": "Description\nNext time you're trying to decide whose turn it is pick something or perform a task, just ask Alexa for help. For example, if you're trying to decide whose turn it is to pick a movie on movie night, Alexa can randomly select someone's name from the list. Or if you're trying to decide who should take out the trash, Alexa can help with that too!", "details": "Skill Details\nThis skill contains dynamic content.\nInvocation Name: mommy's kids\nDeveloper Terms of Use", "privacy_policy_href": ""}, "guess the number": {"review-count": "0", "description": "Description\nInitially, You should guess one number, then Alexa told six groups of numbers one by one. You should tell your guessed number is present or not. Finally, Alexa exposes your guessed number. Your feedback will help us.", "details": "Skill Details\nThis skill contains dynamic content.\nInvocation Name: guess the number", "privacy_policy_href": ""}, "Best Rhymes": {"review-count": "0", "description": "Description\nLet your kids enjoy listening to the most popular nursery rhymes of all times. A selection of most popular and melodious rhymes to keep your kids enthralled. Listening to these will help improve their imagination, concentration and focus.\n\nHOW TO USE\nBefore first use, enable the skill by pressing the Enable button in the Skill Store, then say \"Alexa, open best rhymes\" to begin.\nTo finish, say \"Alexa, stop\".\n\nGot a distraction or need a break? No problem. Simply say 'Alexa, Pause' and resume listening to the playlist when you return by saying 'Alexa, Resume'.\nTo move to next or previous song, you can say 'Alexa, Next', or 'Alexa, Previous' .", "details": "Skill Details\nThis skill contains dynamic content.\nInvocation Name: best rhymes", "privacy_policy_href": ""}, "Dhol Radio": {"review-count": "0", "description": "Description\nListen to the live stream of famous punjabi dhol radio from its official website. This skill is not official from dhol radio.", "details": "Skill Details\nThis skill contains dynamic content.\nInvocation Name: dhol radio", "privacy_policy_href": ""}, "Clan Tales": {"review-count": "0", "description": "Description\nLos \u201cCuentos de Clan\u201d es una skill interactiva con 100 cuentos para todos los gustos: de fantas\u00eda, de animales, de travesuras, historias divertidas o f\u00e1bulas del mundo.\n\nLos ni\u00f1os y ni\u00f1as pueden pedirle al asistente virtual qu\u00e9 cuento quieren escuchar y repetir sus favoritos de manera sencilla e intuitiva. De d\u00eda, el asistente contar\u00e1 dos cuentos seguidos, y de noche, uno ideal para ir a la cama.\n\nLos \u201cCuentos de Clan\u201d nace de las narraciones de Esther de Lorenzo para Radio 5 de RTVE y han sido cuidadosamente seleccionados para ofrecer un aporte educativo y equilibrado a los ni\u00f1os y ni\u00f1as.\n\nDe una forma tan sencilla como pedir \u2018Alexa, abre Cuentos de Clan\u2019, empieza una experiencia virtual en la que brujas, ogros, madrastras y lobos nos har\u00e1n pensar y reflexionar a lo largo de 100 historietas originales.\n\nUna vez haya empezado el cuento, de unos 4 minutos de duraci\u00f3n, nuestro joven oyente podr\u00e1 parar, seguir, salir o bien cambiar de cuento mediante sencillos comandos como \u201cAlexa pausa\u201d o \u201cAlexa continua\u201d.\n\nY tras el color\u00edn colorado hay mucho m\u00e1s. Con solo decir \u201cAlexa, quiero otro Cuento de Clan\u201d, la experiencia empezar\u00e1 otra vez con m\u00e1s cuentos por descubrir y disfrutar.", "details": "Skill Details\nThis skill contains dynamic content.\nInvocation Name: cuentos de clan", "privacy_policy_href": ""}, "Drippy Dip from the Deep": {"review-count": "2", "description": "Description\nThis is an educational skill that presents interesting facts about the deep sea through the eyes of Drippy Dip - a friendly and fun deep sea creature who has come to the surface to tell us about the place she is from. She uses simple language to describe fascinating facts about deep sea exploration, some history - and mainly, the wonderful creatures that live there.\n\nThe skill has a number of facts that are presented one after the other in a random order, as long as the user continues to ask for more. Just ask Alexa to open Drippy Dip - and let Drippy introduce herself and guide you through fascinating details.\n\nThe information will be refreshed periodically - so please do come back for new facts.\nThis skill is for curious kids of all ages - who we hope can learn something new about the mysterious deep sea.", "details": "Skill Details\nThis skill contains dynamic content.\nInvocation Name: drippy dip", "privacy_policy_href": ""}, "Choose someone's doom": {"review-count": "0", "description": "Description\nNext time you're trying to decide whose turn it is pick something or perform a task, just ask Alexa for help. For example, if you're trying to decide whose turn it is to pick a movie on movie night, Alexa can randomly select someone's name from the list. Or if you're trying to decide who should take out the trash, Alexa can help with that too!", "details": "Skill Details\nThis skill contains dynamic content.\nInvocation Name: choose someone's doom", "privacy_policy_href": ""}, "Animal categories": {"review-count": "2", "description": "Description\nAnimal categories shows various animal categories with examples and images. Upon selecting a particular animal category from Mammals, Fishes, Reptiles, Amphibians, Birds and Bugs, the skill not only provides information detail on the selected category but also provides information on the habitat, characteristics of a particular animal belonging to that category with images. The images in the main category have animal sound on touch/tap . This skill is designed for echo , echo show , echo dot and other large devices.", "details": "Skill Details\nThis skill contains dynamic content.\nInvocation Name: animal categories\nDeveloper Privacy Policy", "privacy_policy_href": "https://www.kidzlearn.co/privacy-policy.html"}, "Finding Lynn": {"review-count": "0", "description": "Description\nPlay an interactive adventure-themed story with sound effects and prompts. Get ready for laughs and giggles as players fill in the blanks.\nThis skill was created using a Skill Blueprint. Your requests to this skill are not shared with the skill developer.", "details": "Skill Details\nThis skill contains dynamic content.\nInvocation Name: finding lynn", "privacy_policy_href": ""}, "Countdown until payday": {"review-count": "0", "description": "Description\nOpen the skill and Alexa will automatically tell you how many days remain until all your upcoming events. Alexa can also remind you about the exact date for a specific events.\nThis skill was created using a Skill Blueprint. Your requests to this skill are not shared with the skill developer.", "details": "Skill Details\nThis skill contains dynamic content.\nInvocation Name: pay day countdown", "privacy_policy_href": ""}, "i am milkman": {"review-count": "0", "description": "Description\nmilk man is epic for many tools! he can cheer your kids up with one phrase and a crappy microphone! he is so amazing he can even tell your friends not to flex about their iphone x. this skill can help moms too! the milkman will take care of your kids while your are gone! if one child falls down the milkman will detect and shoot bullets at the kids head to cheer them up and finish with his famous words! take him home today with one simple click. (can help dads too)", "details": "Skill Details\nThis skill contains dynamic content.\nInvocation Name: i am milkman", "privacy_policy_href": ""}, "Bathroom count": {"review-count": "0", "description": "Description\nOpen the skill and ask Alexa for one of the pre-defined countdown timers. Alexa will read the into message and the countdown (10, 9, 8, ... 3, 2, 1), and then play a fun sound effect.\nThis skill was created using a Skill Blueprint. Your requests to this skill are not shared with the skill developer.", "details": "Skill Details\nThis skill contains dynamic content.\nInvocation Name: bathroom count", "privacy_policy_href": ""}, "Indian Quiz Challenge": {"review-count": "3", "description": "Description\nReading about different states of India and wondering about it's capital is very usual. If you think you know all, and can beat your friends with your perfect knowledge, do give it a shot!", "details": "Skill Details\nThis skill contains dynamic content.\nInvocation Name: quiz challenge", "privacy_policy_href": ""}, "Quiz of the Day Kids": {"review-count": "5", "description": "Description\n> What is Quiz of the Day Kids?\n\nQuiz of the Day Kids is a quiz designed to test and add to the knowledge of your kids by means of questions based on different subjects. It will ask you 5 questions daily, correct answers to which can earn you points.\n\n> Topics and Levels\n\nThere are two categories (3-5 years and 6-8 years) which involve 2 levels each. You can choose the levels of difficulty and the age group as per your convenience.\n\nAll the levels will include mixed questions from topics listed down below as per the difficulty level.\n\n1. Animals and Plants and seasons\n2. Our world\n3. Colours and Shapes\n4. Food\n5. Safety\n6. Etiquette\n7. Entertainment- Books, movies,cartoons\n8. Numbers and math for quiz\n9. Sports for kids\n10. Words and vocabulary for kids\n11. General\n\n> Who is Mr. ZOZO?\n\nMr. Zozo is a character that has been built to engage children and not make it a rather boring exercise for them. He is the quiz master and all interactions made with kids are by Mr. Zozo.", "details": "Skill Details\nThis skill contains dynamic content.\nInvocation Name: quiz of the day kids\nDeveloper Privacy Policy\nDeveloper Terms of Use", "privacy_policy_href": "https://www.letsalign.com/privacy"}, "Philippine Independence Day": {"review-count": "0", "description": "Description\nOpen the skill and Alexa will automatically tell you how many days remain until Philippine Independence Day. Alexa can also remind you about the exact date for a specific events.", "details": "Skill Details\nThis skill contains dynamic content.\nInvocation Name: philippine independence day", "privacy_policy_href": ""}, "Fortnite Dropper": {"review-count": "1", "description": "Description\nThis is used for picking where to land in Fortnite Battle Royale.", "details": "Skill Details\nThis skill contains dynamic content.\nInvocation Name: fortnite dropper", "privacy_policy_href": ""}, "Opposites opposites": {"review-count": "0", "description": "Description\nAlexa can help you learn new topics or study for your test. You can review the flash cards and then test your knowledge. At any point you can say \"Alexa, review mode\" to switch to review or say \"Alexa, test mode\" to start a test. You can say \"Alexa, next\" to move to the next card. At any point during the test, you can say \"Alexa, what's my score\" to get your current test score.\nThis skill was created using a Skill Blueprint. Your requests to this skill are not shared with the skill developer.", "details": "Skill Details\nThis skill contains dynamic content.\nInvocation Name: opposite words", "privacy_policy_href": ""}, "Barbie's visit Nashville": {"review-count": "0", "description": "Description\nPlay an interactive adventure-themed story with sound effects and prompts. Get ready for laughs and giggles as players fill in the blanks.\nThis skill was created using a Skill Blueprint. Your requests to this skill are not shared with the skill developer.", "details": "Skill Details\nThis skill contains dynamic content.\nInvocation Name: barbie's visit nashville", "privacy_policy_href": ""}, "Color Game": {"review-count": "0", "description": "Description\nColor Game Ask you some amazing question where you can learn something from it with Fun And Knowledge\n\n\nBe sure to leave a 5-star review!", "details": "Skill Details\nThis skill contains dynamic content.\nInvocation Name: color game\nDeveloper Privacy Policy\nDeveloper Terms of Use", "privacy_policy_href": "https://creator.voiceflow.com/creator/privacy_policy?name=Dev%20Rathod&skill=Color%20Game"}, "Love you dad": {"review-count": "0", "description": "Description\nListen to a personalized story that's all about dad and narrated by Alexa.", "details": "Skill Details\nThis skill contains dynamic content.\nInvocation Name: love you dad", "privacy_policy_href": ""}, "Alien Food Garden": {"review-count": "0", "description": "Description\nPlay an interactive science fiction-themed story with sound effects and prompts. Get ready for laughs and giggles as players fill in the blanks. This skill was created using a Skill Blueprint. Your requests this skill are not shared with the skill developer.", "details": "Skill Details\nThis skill contains dynamic content.\nInvocation Name: alien garden", "privacy_policy_href": ""}, "Inspirational Motivator": {"review-count": "1", "description": "Description\nThe Inspirational Motivator helps to simultaneously motivate and inspire users to provide a productivity boost, selecting from one of 100 carefully selected inspirational quotes. By promoting a healthy and positive motivated mindset, this skill aims to promote task productivity, support self-improvement, and improve mental health. Whether you are working, relaxing, or just going about your day, the Inspirational Motivator is here to give your mood a boost!\n\nNew in V2: More Inspiring and Motivational Quotes, and support for devices with displays!", "details": "Skill Details\nThis skill contains dynamic content.\nInvocation Name: inspirational motivator", "privacy_policy_href": ""}, "Three Wishes Cairo Book One": {"review-count": "0", "description": "Description\nThree Wishes Cairo: Book One is a totally immersive reading experience that tracks a young person's reading aloud, triggers sound effects, voice actors, narrators and Alexa herself in original exciting presentations that make reading fun again.\n\nYou simply purchase a Story Theater-enabled book on Amazon and then download the skill that matches the title of that book.\n\nYou'll never think of reading the same way again.\n\nYou've heard the tale of Aladdin and the Magic Lamp, but did you ever wonder how the genie got in the lamp in the first place?\n\nWhat if you had the power to grant anyone three wishes but were powerless to control your own Destiny? Khayri, a young prince is kidnapped by an evil being on the eve of his wedding and forced to live his life as a genie granting wishes to the keeper of the lamp.\n\nHis only hope? That one kind soul uses a wish to grant his freedom.\n\nThis is an exciting serial adventure tale from Immersive Publishing that uses our new Story Theater App and your Amazon Echo to help make you part of the adventure! You'll read, participate and enjoy this thrilling race through time.", "details": "Skill Details\nThis skill contains dynamic content.\nInvocation Name: three wishes cairo book one\nDeveloper Privacy Policy\nDeveloper Terms of Use", "privacy_policy_href": "http://immersive-publishing.com/privacy-policy/"}, "What Color for Kids": {"review-count": "4", "description": "Description\nThis educational color guessing game provides your kids with heaps of fun and learning.\n\nAlexa will ask what color an object or animal is and you need to guess the correct color. Alexa will ask 5 questions per game and you\u2019ll earn a gold star for each correct color!\n\nPlease share any suggestions you have and if you like this skill let us know by giving us a rating!\n\n\nMore info:\n- For preschool children\n- Provides a wonderful opportunity for family bonding\n- Games help children think strategically, solve problems creatively and develop social skills\n\n\nIn development:\n- Visual aids for the Amazon Echo Show and Spot", "details": "Skill Details\nThis skill contains dynamic content.\nInvocation Name: what color", "privacy_policy_href": ""}, "UnofficialDisneyCarsFacts": {"review-count": "0", "description": "Description\nGives Facts about all 3 Disney Pixar's Car's 3 movies, with over 40 random responses and more to come!", "details": "Skill Details\nThis skill contains dynamic content.\nInvocation Name: cool cars", "privacy_policy_href": ""}, "Math Facts Trainer": {"review-count": "2", "description": "Description\nMath facts fluency refers to the ability to recall the basic facts in all four operations accurately, quickly and effortlessly. When students achieve automaticity with these facts, they have attained a level of mastery that enables them to retrieve them for long-term memory without conscious effort or attention.\n\nBrain imaging studies have shown how the progression from effortful processes, such as finger counting, to automatized retrieval is associated with actual changes in the regions of the brain involved in mathematical computation.\n\nThis trainer starts off at grade 3 recommended math fluency level and then adjusts to higher or lower difficulties based on the answers to your last ten questions.\n\nThis is the initial version, made with the help of my two kids who are in elementary school. Please provide feedback on what you like or don't like and we'll incorporate that in future revisions.", "details": "Skill Details\nThis skill contains dynamic content.\nInvocation Name: math facts trainer", "privacy_policy_href": ""}, "Math Gate": {"review-count": "0", "description": "Description\nHave your children answer a different question each day to keep their basic math skills sharp. Use it as an independent and non-partisan gate before allowing them to participate in extra-curricular activities.", "details": "Skill Details\nThis skill contains dynamic content.\nInvocation Name: math gate\nDeveloper Privacy Policy\nDeveloper Terms of Use", "privacy_policy_href": "http://www.tindallmedia.com/speech-skill-policies/"}, "Tiny Giant": {"review-count": "1", "description": "Description\nPlay with your family, group of kids, friends or grown ups. You will share many laughs with your loving ones while playing this game together.\n\nThe game has up to 25 levels, changing the speed and amount of actions that the people has to do.\n\nWe hope you like it!\n\nTo open the skill say:\n\"Alexa open tiny giant\"\n\nTo start the game say:\n\"Alexa let's go\"\n\nTo move to the next level:\n\"Alexa next level\"\n\nTo move to the previous level:\n\"Alexa previous level\"\n\nTo set a specific level:\n\"Alexa set level to six\"\n\nTo exit the game:\n\"Alexa quit\"\n\nHave fun!", "details": "Skill Details\nThis skill contains dynamic content.\nInvocation Name: tiny giant", "privacy_policy_href": ""}, "Hot Potato": {"review-count": "57", "description": "Description\nIt's the classic Hot Potato game--gather the kids, grab a potato-esque object, and start playing! The kids pass the \"potato\" from person to person while the music plays, and whoever is holding the potato when the music stops is out. Then play another round by asking Alexa again (\"Alexa, play Hot Potato\") and keep going until there's only one person left!\n\nThis can also be used for Pass the Parcel, Musical Chairs, or any other game where someone is caught by a sudden stop of the music.", "details": "Skill Details\nThis skill contains dynamic content.\nInvocation Name: hot potato", "privacy_policy_href": ""}, "Bye Bye Cavities": {"review-count": "21", "description": "Description\n(For kids ages 2 to 8) The most funny and entertaining way to brush teeth! End stressful battles over getting your child to brush!\n\nDentists recommend children brush teeth twice daily, for 2 minutes.\n\nBut this is a painfully long time for kids, and they often become bored or distracted and give up.\n\nUsing this skill, they will now enjoy the experience, while developing a lifelong healthy habit!\n\nKids are carefully guided to brush their entire mouth (sides, tops and bottoms) so they can brush away ALL the cavities!\n\nWhen the last cavity is gone, a new and unique prize is waiting at the end. Can your child collect all the surprises?\n\nTo get started, click the \"Enable button\", then say:\n\n\u201cAlexa Play Bye Bye Cavities\u201d\n\u201cAlexa Start Bye Bye Cavities\u201d\n\u201cAlexa Open Bye Bye Cavities\u201d\n\nPlease leave a review if you found this useful! If we can get at least 50 - 5 star reviews, we'll expand this to add flossing, and other fun ways to help kids develop healthy habits!\n\nHappy Brushing!", "details": "Skill Details\nThis skill contains dynamic content.\nInvocation Name: bye bye cavities\nDeveloper Privacy Policy", "privacy_policy_href": "https://getstoryline.com/public/privacy.html"}, "Kiddie Jokes": {"review-count": "23", "description": "Description\nKiddie Jokes is a family friendly skill that will keep you entertained for hours! With a large selection of jokes, you and your kids will be entertained as Alexa takes center stage and delivers joke after joke the way only Alexa can. Simply ask \"Alexa, open Kiddie Jokes,\" and follow Alexa's simple yes or no prompts.\n\n5 STAR Reviews encourage us to further develop and enlarge our joke database! For every two 5 star reviews, we will add 20 new jokes!\n\nYou might also be interested in out other popular skills:\nSleep Helper\nHot or Not\nYou Might Be Ghetto Jokes\nPickup Line Of The Day", "details": "Skill Details\nThis skill contains dynamic content.\nInvocation Name: kiddie jokes\nDeveloper Privacy Policy", "privacy_policy_href": "https://getstoryline.com/public/privacy.html"}, "Preschool Phonics": {"review-count": "9", "description": "Description\nGame 1 - Word game\nAlexa will ask for a word starting with a random Alphabet. Once the user replies with the correct word, Alexa will then spell out the word. If uninterrupted Alexa will play with all the 26 English Alphabets.\nGame 2 - Spell bee\nAlexa will say a word. Once the user spell the word, Alexa will say whether the answer is correct or wrong. if uninterrupted the game goes on.\nUser have option to switch game at any moment by specifying the game names as per the format.", "details": "Skill Details\nThis skill contains dynamic content.\nInvocation Name: preschool phonics", "privacy_policy_href": ""}, "Dream machine": {"review-count": "1", "description": "Description\nJust before you go to sleep ask the dream machine about all kinds of funny and hilarious dreams that you will see tonight. Complete fun and laughing riot for you and your kids alike.", "details": "Skill Details\nThis skill contains dynamic content.\nInvocation Name: dream machine", "privacy_policy_href": ""}, "LEGO Duplo Stories": {"review-count": "77", "description": "Description\nTake development and roleplay to a whole new level of fun with the free LEGO\u00ae DUPLO\u00ae Stories on Alexa! Whether your toddler is the captain of a fishing boat or a bird travelling far and wide, they will experience the joy of learning with LEGO\u00ae DUPLO\u00ae through short, interactive stories involving animal play and vehicle play - using their very own DUPLO\u00ae bricks! And don\u2019t worry if your child does not have all of the pieces \u2013 they can use whatever they have on hand to act the story. The only limits are their creativity and imagination!\nLEGO\u00ae DUPLO\u00ae Stories encourage children to learn via creative play in a fun, safe atmosphere. Learning numbers and colors and developing language skills have never been more enjoyable!\nInteraction is easy!\n\nGo to the settings in your Alexa app and turn on Child Directed Skills\nTo start, say \"Alexa, open LEGO DUPLO Stories\u201d.\nTo select animal stories, say \u201cAnimal story\u201d\nTo select vehicle stories, say \u201cVehicle story\u201d.\nTo play the animal or vehicle story again, say \u201cYes\u201d at the end of the story.\nTo quit the animal or vehicle story, say \"Alexa, exit\" anytime during the story.\nTo learn more about LEGO\u00ae DUPLO\u00ae learning games and story starters, visit LEGO.com/DUPLO \u2013 and experience the joy of creative learning through development and roleplay!\n\nThe animals featured in this Skill include:\nBird\nCat\nCow\nDog\nRabbit\n\nThe vehicles featured in this Skill include:\nBoat\nCar\nPlane\nTrain\nTruck", "details": "Skill Details\nThis skill contains dynamic content.\nInvocation Name: lego duplo stories\nDeveloper Privacy Policy\nDeveloper Terms of Use", "privacy_policy_href": "https://www.lego.com/en-us/legal/legal-notice/privacy-policy-full"}, "popcorn": {"review-count": "11", "description": "Description\nTells how to make popcorn and will help your journey in the land of cooking. This skill is a very helpful in the situation when you forget how to make popcorn.", "details": "Skill Details\nThis skill contains dynamic content.\nInvocation Name: popcorn chef", "privacy_policy_href": ""}, "KidsBrushYourTeethSong": {"review-count": "1,730", "description": "Description\nEducational and fun audio song for kids on how they should brush their teeth.", "details": "Skill Details\nThis skill contains dynamic content.\nInvocation Name: kids brush your teeth song\nDeveloper Privacy Policy\nDeveloper Terms of Use", "privacy_policy_href": "https://projects.johnmarshallmedia.com/pages/privacy_policy/"}, "Herbert Sherberts": {"review-count": "0", "description": "Description\nAlexa can help you practice adding and subtracting with the 10 more and 10 less skill. Students should already be familiar with place value, addition and subtraction and the idea of adding 10 more or subtracting 10 less.", "details": "Skill Details\nThis skill contains dynamic content.\nInvocation Name: math flashcards", "privacy_policy_href": ""}}