{"AmericanJukebox": {"review-count": "0", "description": "Description\nThis skill will play several American patriotic songs. The songs included are in the public domain.", "details": "Skill Details\nThis skill contains dynamic content.\nInvocation Name: american jukebox", "privacy_policy_href": ""}, "GurgaonGuide !": {"review-count": "0", "description": "Description\nVisiting Gurgaon for the first time? Or even if your a resident but looking for new places to visit for the holidays, or over the weekend ? Well, don't worry !\nGurgaonGuide ! provides you with all the great places within Gurgaon City. It recommends you places based on ratings and new places will be updated regularly.", "details": "Skill Details\nThis skill contains dynamic content.\nInvocation Name: gurgaon guide", "privacy_policy_href": ""}, "Dragons Lunch": {"review-count": "0", "description": "Description\nDragons Lunch is a skill to entertain preschoolers.\n\nIt is a short rhyme that makes children giggle and want it played again.\n\nYou can say:\n\n\"Alexa, open Dragons Lunch\"\n\"Alexa, start Dragons Lunch\"\n\"Alexa, play Dragons Lunch\"\n\nPlease leave a 5-star review if you love this skill. Your 5-star reviews encourage us to keep making more great skills, thanks!", "details": "Skill Details\nThis skill contains dynamic content.\nInvocation Name: dragons lunch\nDeveloper Privacy Policy", "privacy_policy_href": "https://getstoryline.com/public/privacy.html"}, "Funny Animal Jokes": {"review-count": "3", "description": "Description\nAnimal Jokes allows you to hear over 65 different funny jokes. Both kids and adults will have fun listening to them.\n\nYou can say:\n\n\"Alexa, open Funny Animal Jokes\"\n\"Alexa, start Funny Animal Jokes\"\n\nPlease leave a 5-star review if you love this skill, it encourages me to keep making more great skills, thanks!", "details": "Skill Details\nThis skill contains dynamic content.\nInvocation Name: funny animal jokes\nDeveloper Privacy Policy", "privacy_policy_href": "https://getstoryline.com/public/privacy.html"}, "ABCD for Kids": {"review-count": "22", "description": "Description\nIt has been observed that ever since Alexa has entered our homes the kids have really taken to it.The idea of having a device which can speak to them is fascinating for the kids.\nThis skill aims to use this connect to teach basic alphabets & numbers to the kids.Invoking the skills and interacting with it is very easy.\n\nInvocation : Alexa launch learn alphabets\n\nInteractive phrases\nTell all alphabets -- Alexa will go through all of the English alphabets\n\nTell all numbers -- Alexa will tell all the numbers form 1 to 10 .Kids can join in\n\nTell us a poem -- Alexa sings a poem for the kids\n\nA for -- Alexa responds with A for apple.\n\nSimilarly for all other alphabets.\n\nThis is a fun skill which will make learning English very interesting for the kids", "details": "Skill Details\nThis skill contains dynamic content.\nInvocation Name: learn alphabets", "privacy_policy_href": ""}, "three little pigs": {"review-count": "0", "description": "Description\nmuch loved the three little pigs kids story", "details": "Skill Details\nThis skill contains dynamic content.\nInvocation Name: three little pigs", "privacy_policy_href": ""}, "Kevin's Jokes": {"review-count": "0", "description": "Description\nKevin's Jokes are for your enjoyment every day to pick up your spirits and change your mood to a happy one, It is a well known fact that when you laugh your whole body responds and you feel better.", "details": "Skill Details\nThis skill contains dynamic content.\nInvocation Name: kevin's jokes", "privacy_policy_href": ""}, "Noisy City": {"review-count": "1", "description": "Description\nMakes the sound of a city sound on request. Examples are car, bus, ambulance, traffic jam, airplane, motorcycle, subway car alarm or police car.", "details": "Skill Details\nThis skill contains dynamic content.\nInvocation Name: noisy city", "privacy_policy_href": ""}, "Bug Facts for Kids": {"review-count": "2", "description": "Description\nBug Facts is a skill to help your kids learn all about our friends of the insect world! Educational and fun facts, all told by Alexa.\n\nYou can say:\n\n\"Alexa, open Bug Facts\"\n\"Alexa, start Bug Facts\"\n\"Alexa, play Bug Facts\"\n\nPlease leave a 5-star review if you love this skill. Your 5-star reviews encourage us to keep making more great skills, thanks!", "details": "Skill Details\nThis skill contains dynamic content.\nInvocation Name: bug facts", "privacy_policy_href": ""}, "Nature Facts": {"review-count": "0", "description": "Description\nNature Facts is a skill to help your kids learn more about the wonderful and interesting world we live in!\n\nYou can say:\n\n\"Alexa, open Nature Facts\"\n\"Alexa, start Nature Facts\"\n\"Alexa, play Nature Facts\"\n\nPlease leave a 5-star review if you love this skill. Your 5-star reviews encourage us to keep making more great skills, thanks!", "details": "Skill Details\nThis skill contains dynamic content.\nInvocation Name: nature facts", "privacy_policy_href": ""}, "World Record Facts": {"review-count": "0", "description": "Description\nWorld Record Facts is a skill to help your kids learn interesting world record statistics! Some are funny and some are just plain weird!\n\nYou can say:\n\n\"Alexa, open World Record Facts\"\n\"Alexa, start World Record Facts\"\n\"Alexa, play World Record Facts\"\n\nPlease leave a 5-star review if you love this skill. Your 5-star reviews encourage us to keep making more great skills, thanks!", "details": "Skill Details\nThis skill contains dynamic content.\nInvocation Name: world record facts", "privacy_policy_href": ""}, "Toothbrush Time With Fun and Music": {"review-count": "244", "description": "Description\nToothbrush Time With Fun and Music is a skill that helps kids to enjoy brushing their teeth while listening to a fun toothbrush song. No more stressful battles and wrestling over getting your child to brush their teeth! May be good for bigger kids and adults too!\n\nYou can say:\n\n\"Alexa, start Toothbrush Time\"\n\"Alexa, open Toothbrush Time\"\n\"Alexa, launch Toothbrush Time\"\n\n\nMusic by:\n- Brushy Brush: by Sesame Street\n- Stop Zombie Mouth!: by Plants vs. Zombies\n- Silly Brushing Song (Brush 'Em Up!): by Laurie Berkner & Tom's of Maine\n- Brush Along with Budd: by Brush Up with Dr. Bob\n- Brush Your Teeth: by Super Simple Songs - Kids Songs\n- This is the Way We Brush Our Teeth: by Little Baby Bum - Nursery Rhymes & Kids Songs\n\nLogo by: Clean tooth background by Cornecoba from Freepik", "details": "Skill Details\nThis skill contains dynamic content.\nInvocation Name: toothbrush time\nDeveloper Privacy Policy", "privacy_policy_href": "https://voiceapps.rocks/privacy-policy.html"}, "Clever Count": {"review-count": "0", "description": "Description\nDo you want to train your brain? Do you want to improve your spelling, but don't like those boring and badly working spelling skills? Then Clever Count is the right skill for you! Clever Count is not only the perfect skill for children, but also for adults who enjoy giving their brain a small exercise session.\n\nClever Count has been developed to train the brain in translating simple to complex words into characters and help to improve our spelling.\nAlexa will tell you a word and you will have to count the number of letters it has.\nIt contains around 9000 different words and allows you to vary between three difficulty levels, easy, medium and hard.\nThere are some special features included into this brain trainer, such as occasionally asking you to count the number of vowels in a word when you are playing on difficulty level hard.\n\nTo start training, you will need to enable access to Kid Skills in your Alexa app, as this game is for both children and adults. After that, just say \"Alexa, start clever count.\" to start a new training session. Alexa will then set the difficulty level according to your preferences and start asking you for the number of letters in different words, and all you have to do is respond with a number. It is as simple as that!\nIf you are done training, just simply say \"stop\" and Alexa will not only tell you the number of words, of which you counted the number of letters correctly in this practise session, but also the total number across all sessions.\nThis is all you need to know to start training your brain. Go ahead and try it out!\n\nA few helpful features you should know about:\nIf you need help at any point, just say \"help\" and Alexa will explain to you the game mechanics.\nIf you didn't properly understand the word Alexa said, just ask her to repeat it.\nIf you feel like changing the difficulty level, feel free to tell Alexa to change it for you.\nIf you want to delete your statistics and want a fresh start, just say \"delete my profile\" and Alexa will obey your command.\n\nBe sure to rate Clever Count and tell us if you enjoyed it!", "details": "Skill Details\nThis skill contains dynamic content.\nInvocation Name: clever count", "privacy_policy_href": ""}, "Word Finder Flash Briefing": {"review-count": "0", "description": "Description\nImprove your English vocabulary by learning more about a word randomly chosen by Alexa", "details": "Skill Details\nFlash Briefing Skill\nThis skill contains dynamic content.", "privacy_policy_href": ""}, "Bedtime Prayers": {"review-count": "119", "description": "Description\nBedtime Prayers is a skill to help children develop the habit of saying prayers at the end of their day.\n\nWhen you launch the skill or ask it for a prayer, the skill selects one from a small library of prayers. Our prayers are all short and intended for children at bedtime. Alexa says the prayer slowly, so that children and their families can easily follow along and join in.\n\nBe sure to tell any babysitters about the skill too. It might help them keep children in their nighttime routine.\n\nAfter the first prayer, you can ask to repeat the same prayer, ask Alexa for another prayer, or just say goodnight.\n\nSome things you can say:\n\nTo start the skill:\n\n\"Alexa, open Bedtime Prayers.\"\n\"Alexa, launch Bedtime Prayers.\"\n\"Alexa, ask Bedtime Prayers to say a prayer.\"\n\nAfter hearing a prayer:\n\n\"Repeat the prayer.\"\n\"Say another prayer.\"\n\"Goodnight.\"\n\nParents can also say:\n\n\"Add my prayer\", to learn how to suggest your own prayer to add to the skill.\n\"I like this\", to hear how to send the skill's creator feedback.\n\nYou can also say \"Help\" for examples of things you can say to this skill.\n\nSome of our prayers are traditional, and some may be contributed by users of this skill.\n\nIf you have a favourite bedtime prayer that children in your family have enjoyed, why not send it to us and we may add it in a future update.\n\nPlease leave us a nice rating and a comment if you enjoy this simple skill. By the way, we'd love to add more prayers contributed by our faithful users. So if you'd like us to consider adding a family favourite of yours, just let us know by leaving a review in the Alexa app or skills store. Your contributions, ratings and reviews encourage us to keep improving this skill. Thanks!", "details": "Skill Details\nThis skill contains dynamic content.\nInvocation Name: bedtime prayers", "privacy_policy_href": ""}, "Chatty Cat": {"review-count": "5", "description": "Description\nThis skill will listen to what you say and will respond with different cat sounds. I built this skill so my kids could pretend that we still had a cat in the house. Speak to the Chatty Cat like she's your pet and listen to how she responds. I hope you enjoy using this skill. Icon illustrator Taniel Harvey (c)2018", "details": "Skill Details\nThis skill contains dynamic content.\nInvocation Name: chatty cat", "privacy_policy_href": ""}, "Song and Story": {"review-count": "1", "description": "Description\nA beautiful piece of music always comes with a story. From Opera to Classics, you\u2019ll find a wide variety of piano renditions that will be familiar to you here on this short podcast. It\u2019s a great way to learn a little more while listening to some of the most beautiful themes in our traditional musical library. Listen to the story that goes along with it, and do some research yourself. The history of music covers centuries, and the origins of some of these pieces can be understood through study of the life and times of the composer. Listen on!", "details": "Skill Details\nFlash Briefing Skill\nThis skill contains dynamic content.\nDeveloper Privacy Policy\nDeveloper Terms of Use", "privacy_policy_href": "https://www.nannatucket.com/"}, "Kinder Words": {"review-count": "0", "description": "Description\nThis is a simple Kinder Garden reading game. You will be provided with the spellings of simple words. You have to say the word to get a point.", "details": "Skill Details\nThis skill contains dynamic content.\nInvocation Name: kinder words", "privacy_policy_href": ""}, "Keys for Kids 60 Flash Briefing": {"review-count": "2", "description": "Description\nCheck out the daily devotional for kids presented by Keys for Kids Ministries! Read or listen online, download the mobile app, or get it in the mail! Just visit keysforkids.org/getkeys", "details": "Skill Details\nFlash Briefing Skill\nThis skill contains dynamic content.", "privacy_policy_href": ""}, "Money Math": {"review-count": "0", "description": "Description\nMoney Math is a game for kids and adults of all ages. Practice and improve your mental math and skills with money in this fun quiz game.\n\nQuestions include calculating change, taking percentages, and adding and subtracting money values. Compete for a high score and try and beat your family and friends.\n\nThe goal of Money Math is to help make math practical and enjoyable for kids, students, and even adults. Mental math skills with money are extremely important in day to day life. Spend some time with Money Math to improve your skills today!\n\nTo play the game, say 'Alexa, money math.' Then say 'play' and answer the questions by saying '10 dollars and 47 cents.'", "details": "Skill Details\nThis skill contains dynamic content.\nInvocation Name: money math", "privacy_policy_href": ""}, "Skyla's Unicorn": {"review-count": "0", "description": "Description\nThis skill provides detailed information of what phase the moon was in on the night of Skyla Beltran's birth", "details": "Skill Details\nThis skill contains dynamic content.\nInvocation Name: skylas unicorn\nDeveloper Privacy Policy\nDeveloper Terms of Use", "privacy_policy_href": "https://hacktorcreations.squarespace.com/privacy-policy-skills"}, "tennis facts": {"review-count": "0", "description": "Description\nHere are some amazing and interesting tennis facts that you must know whether you are a tennis explorer or not. Some facts are so amazing that you will laugh like hell after reading them. And some will force you to think hundred times that could it be possible. Read these interesting facts about tennis here.", "details": "Skill Details\nThis skill contains dynamic content.\nInvocation Name: tennis facts", "privacy_policy_href": ""}, "Watermelon Store": {"review-count": "9", "description": "Description\nHave you ever had a sudden urge to have a watermelon, but you lacked the transportation and/or funds to get to an actual store to buy and eventually taste a watermelon?\n\nYou will never have this problem again! With the brand new Alexa Watermelon Store, you can experience the purchasing and consumption process of watermelons, all from the comfort of your home.\n\nSimply ask the Watermelon Store for a watermelon, and you will receive a verbal watermelon! But what kind of watermelon did you get? Was it tasty? Delicious? Sweet? Or was it moldy? Alexa will answer that for you!\n\nWhat are you waiting for? Go get some watermelon.", "details": "Skill Details\nThis skill contains dynamic content.\nInvocation Name: watermelon store", "privacy_policy_href": ""}, "Football Genie": {"review-count": "0", "description": "Description\nAsk Football Genie for a fact or joke about football", "details": "Skill Details\nThis skill contains dynamic content.\nInvocation Name: football genie", "privacy_policy_href": ""}, "Daily Jokes!": {"review-count": "0", "description": "Description\nThis skill will tell you a joke each time you ask!", "details": "Skill Details\nThis skill contains dynamic content.\nInvocation Name: daily jokes", "privacy_policy_href": ""}, "foot buzz": {"review-count": "0", "description": "Description\nThe game of life is a lot like football. You have to tackle your problems, block your fears, and score your points when you get the opportunity. So let's know more about this sport via this skill", "details": "Skill Details\nThis skill contains dynamic content.\nInvocation Name: foot buzz", "privacy_policy_href": ""}, "Fun Facts for Kids": {"review-count": "7", "description": "Description\nFun Facts for Kids is a skill to help you learn new things about the world.\n\nYou can say:\n\n\"Alexa, open Kid's Fun Facts\"\n\"Alexa, start Kid's Fun Facts\"\n\"Alexa, play Kid's Fun Facts\"\n\nPlease leave a 5-star review if you love this skill. Your 5-star reviews encourage us to keep making more great skills, thanks!", "details": "Skill Details\nThis skill contains dynamic content.\nInvocation Name: kids fun facts", "privacy_policy_href": ""}, "Community Helpers": {"review-count": "0", "description": "Description\nCommunity Helpers is a fun trivia game developed to teach kids about the people in their neighborhood. The questions are sprinkled with sound effects, a little bit of humor, and a few hints. It's great for small children and for kids that need\na little more support in learning about the world around them. New helpers will be added regularly. So,\ndon't forget to visit us again.\n\nTo start, you can say:\n\"Alexa, open Community Helpers\"\n\"Alexa, start Community Helpers\"\n\nThe development of this Skill was sparked because we saw how my kids (who are on the Spectrum)\ngravitated to spontaneous conversations with Alexa. So, we decided to use their interest of engagement\nto our advantage (and theirs) by creating skills that will help them achieve their ABA and Social Skills\ngoals. And, if this can help our children, we're sure that it will help yours.", "details": "Skill Details\nThis skill contains dynamic content.\nInvocation Name: community helpers\nDeveloper Privacy Policy\nDeveloper Terms of Use", "privacy_policy_href": "https://mysmarticles.com/terms-of-service-and-privacy-policy/"}, "Elephant Bee Lion": {"review-count": "0", "description": "Description\nRock, Paper, Scissors? Or... Elephant, Bee, Lion! Rock, Paper, Scissors is a good 'ole game but it's about to move on over for a way more fun version. Elephant, Bee, Lion! Play it now!\n\nYou can say:\n\n\"Alexa, open Elephant Bee Lion\"\n\"Alexa, launch Elephant Bee Lion\"\n\"Alexa, start Elephant Bee Lion\"\n\nPlease leave a 5-star review if you love this skill. Your 5-star reviews encourage us to keep making more great skills, thanks!", "details": "Skill Details\nThis skill contains dynamic content.\nInvocation Name: elephant bee lion", "privacy_policy_href": ""}, "Cat or Dog Life": {"review-count": "3", "description": "Description\nCat or Dog Life is a skill to help you get familiar with some of the really cool information about cats and dogs you may not know. Do you want to own a cat or dog and learn some interesting facts about them before you are an owner? This skill will share the facts needed to not only learn things about cats and dogs but also this information can be used as school research to write essays, stories or even poems.\n\nYou can say:\n\n\"Alexa, open Cat or Dog Life\"\n\"Alexa, start Cat or Dog Life\"\n\"Alexa, start Cat or Dog Life\"\n\nPlease leave a 5-star review if you love this skill. Your 5-star reviews encourage us to keep making more great skills. For every five 5-star reviews, we will share more cool facts about life as a cat or dog, thanks!", "details": "Skill Details\nThis skill contains dynamic content.\nInvocation Name: cat or dog life", "privacy_policy_href": ""}, "The Amazing Ollie Fox": {"review-count": "2", "description": "Description\nOllie Fox is a character that has met Alexa in the cloud. While teamed up with Alexa,\nOllie Fox allows users of all ages to enjoy a different interaction. Designed for younger kids, Ollie Fox has an educational guessing game, a be silly function, short stories, and other short tidbits.", "details": "Skill Details\nThis skill contains dynamic content.\nInvocation Name: the amazing ollie fox", "privacy_policy_href": ""}, "Kids Exercise Like Farm Animals": {"review-count": "3", "description": "Description\nKids Exercise Like Farm Animals is a skill to help kids play and exercise like ten baby farm animals.\n\nYou can say:\n\n\"Alexa, open Kids Exercise Like Farm Animals\"\n\"Alexa, start Kids Exercise Like Farm Animals\"\n\"Alexa, start Kids Exercise Like Farm Animals\"\n\nPlease leave a 5-star review if you love this skill. Your 5-star reviews encourage us to keep making more great skills, thanks!", "details": "Skill Details\nThis skill contains dynamic content.\nInvocation Name: kids exercise like farm animals", "privacy_policy_href": ""}, "Animal Count": {"review-count": "0", "description": "Description\nAnimal Count is a skill to help younger kids learn to count from 1 to 10. In Animal Count, kids listen to a variety of animal sounds and count the number of sounds they hear. The game encourages active listening and, through repetition, teaches kids how to count from 1-10.\n\nYou can say:\n\n\"Alexa, open Animal Count\"\n\"Alexa, start Animal Count\"\n\"Alexa, launch Animal Count\"\n\nPlease leave a 5-star review if you love this skill. Your 5-star reviews encourage me to keep making more great skills. Thank you! I appreciate it!", "details": "Skill Details\nThis skill contains dynamic content.\nInvocation Name: animal count", "privacy_policy_href": ""}, "Pick A State": {"review-count": "1", "description": "Description\nPick a State will name a random U.S. State. You can then answer questions such as how to spell the state, name the states' capital, and what states border it?", "details": "Skill Details\nThis skill contains dynamic content.\nInvocation Name: pick a state\nDeveloper Privacy Policy", "privacy_policy_href": "https://devadigm.com/privacy-disclaimer/"}, "Superhero Jokes": {"review-count": "0", "description": "Description\nA simple skill that tells hilarious jokes about various superheroes! Simply ask it to tell you a joke and it will pick a random one in our database of over 50!\n\nPlease Note: Superhero Jokes is in no way affiliated with The Walt Disney Company, Disney World, Disneyland, 20th Century Fox, Marvel, DC, or any of its subsidiaries.", "details": "Skill Details\nThis skill contains dynamic content.\nInvocation Name: superhero jokes", "privacy_policy_href": ""}, "Kids Bible Verses": {"review-count": "9", "description": "Description\nKids Bible Verses is a skill to help kids learn and remember bible verses\n\nYou can say:\n\n\"Alexa, open Kids Bible Verses\"\n\"Alexa, start Kids Bible Verses\"\n\"Alexa, play Kids Bible Verses\"\n\nPlease leave a 5-star review if you love this skill. Your 5-star reviews encourage us to keep making more great skills, thanks!", "details": "Skill Details\nThis skill contains dynamic content.\nInvocation Name: kids bible verses\nDeveloper Privacy Policy", "privacy_policy_href": "https://getstoryline.com/public/privacy.html"}, "Kids Exercise Like African Animals": {"review-count": "1", "description": "Description\nKids Exercise Like African Animals is a skill to help you exercise like ten baby animals from Africa.\n\nYou can say:\n\n\"Alexa, open Kids Exercise Like African Animals\"\n\"Alexa, start Kids Exercise Like African Animals\"\n\"Alexa, start Kids Exercise Like African Animals\"\n\nPlease leave a 5-star review if you love this skill, or send us an email with your suggestions at _____________. Your 5-star reviews encourage us to keep making more great skills, thanks!", "details": "Skill Details\nThis skill contains dynamic content.\nInvocation Name: kids exercise like african animals", "privacy_policy_href": ""}, "Knock Knock Game": {"review-count": "156", "description": "Description\nNeed to keep your child busy for a few minutes while you get stuff done? Interactive Knock Knock Game is a great alternative to handing them a tablet or turning on the TV. Features 100 kid-friendly knock-knock jokes in engaging dialog format.\n\nAsk for more jokes by saying \"Play again\", \"Next\", \"Again\", \"Another joke\", \"More\", \"One more\", \"More jokes\", \"Another one\".\n\nSample Dialog:\nAlexa: Knock Knock!\nYou: Who is there?\nAlexa: Elmo!\nYou: Elmo who?\nAlexa: You don't know who Elmo is?\nYou: Again (if you would like another joke)", "details": "Skill Details\nThis skill contains dynamic content.\nInvocation Name: knock knock game", "privacy_policy_href": ""}, "Shopkins World": {"review-count": "3", "description": "Description\nShopkins World fetches internet results for your Shopkin searches powered by Bing search api, we troll through comprehensive list of website to get the best result for your Shopkins search and dynamically generate content from website text.You can ask about any Shopkins from any season and we will try and get the best definition and details about that Shopkin from the internet. Also the skill is optimized for Echo show so you get good visual display of your Shopkins.", "details": "Skill Details\nThis skill contains dynamic content.\nInvocation Name: shopkins world\nDeveloper Privacy Policy\nDeveloper Terms of Use", "privacy_policy_href": "https://www.starfishmint.com/policy/privacy.html"}, "Division Maths": {"review-count": "0", "description": "Description\nAnswer as many division questions from the 1 - 12 times table. For every question you get right, you get a point. You can always stop the game or start a new one at any time. Good luck.", "details": "Skill Details\nThis skill contains dynamic content.\nInvocation Name: division maths", "privacy_policy_href": ""}, "Kids Learn": {"review-count": "0", "description": "Description\nKids Learn is a skill app that parent can use to teach their kids how to read numbers using funny and cool songs. Young learners love to sing and dance to this song. If you use it once in your classes, the students will ask for it again!\nSee that you download this kids skill app now.", "details": "Skill Details\nFlash Briefing Skill\nThis skill contains dynamic content.", "privacy_policy_href": ""}, "Ivy's Impossible Dream": {"review-count": "0", "description": "Description\nFollow Ivy on a journey of big mistakes and many small wins in this short narrated story of \"Ivy's Impossible Dream.\" Or listen to a \"friends dream\" to explore the many possibilities for a dream from people around the world.", "details": "Skill Details\nThis skill contains dynamic content.\nInvocation Name: ivy's impossible dream", "privacy_policy_href": ""}, "Animal A B C's": {"review-count": "28", "description": "Description\nAnimal A B C's is a fun game for children who are learning the alphabet and the sounds that letters make. The game follows a pattern of Alexa stating a letter and a corresponding animal name which begins with that letter. Alexa spells the word, repeats the first phrase, and then invites the child to say the phrase.\n\nHere's an example:\n\n\"A is for alligator.\"\n\"Alligator is spelled a, l, l, i, g, a, t, o, r.\"\n\"A is for alligator.\"\n\"Now it is your turn. Say \"A is for alligator.\"\n\nAlexa listens for the response before moving to the next letter.\n\nThe game is loaded with three different animals (where available) for each letter.\nThese are presented randomly, so that there is an enormous number of unique variations for this game.\nYour child won't be bored by playing the same game over and over again!\n\nWhen Alexa reaches Z, she gives the child an option to play again. The child can choose to begin at the beginning, or anywhere from A to Z, just by choosing a letter.\n\nWe hope you will love Animal ABC's and let us know by leaving us a 5-star review. Your feedback gives us reason to keep developing more great skills for Alexa.\n\nTo begin, just say \"Alexa, open Animal ABC's.\"\n\nYou can also say, \"Alexa, play Animal ABC's\" or \"Alexa, start Animal ABC's.\n\nHappy learning!", "details": "Skill Details\nThis skill contains dynamic content.\nInvocation Name: animal a. b. c.'s\nDeveloper Privacy Policy", "privacy_policy_href": "https://getstoryline.com/public/privacy.html"}, "Whales Singing": {"review-count": "0", "description": "Description\nWhales Singing is a skill to help you _____________________.\n\nYou can say:\n\n\"Alexa, open Whales Singing\"\n\"Alexa, start Whales Singing\"\n\"Alexa, start Whales Singing\"\n\nThis is a free app and you can help us with a 5-star review if you love this skill. Your 5-star reviews encourage us to keep making more great skills, thanks!", "details": "Skill Details\nThis skill contains dynamic content.\nInvocation Name: whales singing", "privacy_policy_href": ""}, "Find Fidget": {"review-count": "5", "description": "Description\nThe Find Fidget skill is a fun guessing game for younger kids. In the game, kids follow the adventures of Fidget, a small creature who just can't stay still!\n\nKids are given a sound clue followed by two answers (some are just plain silly, others are very obvious!) Kids then try to guess the right answer so they can find Fidget.\n\nTo open the skill, you can say:\n\n\"Alexa, open Find Fidget\"\n\"Alexa, start Find Fidget\"\n\"Alexa, launch Find Fidget\"\n\nPlease leave a 5-star review if you love this skill. Your 5-star reviews encourage us to keep making more great skills, thanks!", "details": "Skill Details\nThis skill contains dynamic content.\nInvocation Name: find fidget", "privacy_policy_href": ""}, "abc BINGO": {"review-count": "15", "description": "Description\nabc BINGO is a skill designed to help children develop and practice alphabet recognition.\nAlexa is the bingo caller and will call out random LETTERs of the alphabet.\n\nPhysical game requirements: a prepared bingo card and playing pieces to cover the letter squares.\n\nAn abc BINGO card can be purchased or prepared at home or in the classroom. It is typically composed of sixteen squares, with one letter of the alphabet in each space. The game offers both regular bingo as well as a blackout version.\n\nMoms and preschool teachers - you can mix it up a bit and EASILY ADJUST this game to your child's or pupil's learning level by preparing a variety of different Bingo cards.\n\nExamples - make it more difficult by preparing bingo cards with twenty-five squares or less difficult by preparing cards with nine to twelve squares.\nOther Variations - prepare bingo cards using all capital letters, using all lower case letters, or using a random selection of upper and lower case letters.\n\nLet\u2019s make abc BINGO even better! When we reach TEN, 5-Star reviews for this skill in the Alexa app, the developer promises to upgrade the skill by adding MORE variations of ABC Bingo. Possible enhancements include 1) Alexa calling out specific upper or lower case letters, such as Capital A, a little k, a capital M, etc., 2) Alexa calling out words that begin with the letter required.\n\nSo, by leaving a 5-star review you tell the developer it\u2019s worth putting in more time and effort into development. It's a win-win, right? It costs you nothing but a little time, and inspires further development.\nSo that's how you can easily do your part to help improve and motivate the development of this skill...where else can you do that?\n\nNow, go enjoy playing abc BINGO and we'll get to work developing some cool enhancements. Let's make learning FUN!\n\nJust say, \"Alexa, open abc BINGO\", to start playing.\nYou can also say:\n\n\"Alexa, start abc BINGO\"\n\"Alexa, launch abc BINGO\"\n\nPlease leave a 5-star review if you love this skill. Your 5-star reviews encourage us to keep making more great skills, thanks!", "details": "Skill Details\nThis skill contains dynamic content.\nInvocation Name: a. b. c. bingo", "privacy_policy_href": ""}, "Nursery Rhyme Trivia": {"review-count": "0", "description": "Description\nRemember \"Old MacDonald had a farm...\" or \"...the cow jumped over the moon\". All of those bedtime stories are about to pay off. That's if you can avoid being tricked by Alexa. This fun game of trivia will have you humming nursery rhymes in no time, trying to figure out the answers to Alexa's questions. Like...\n\nWho ran away with the dish after watching the cow jump over the moon?\n...Its fleece was white as snow\nWonder...High...Diamond????\n\nSeems easy, right? Well, good luck because Alexa has some creative ways of asking a question.\n\nThis game is great at any age. So, play with your family and have fun.\n\nDon't forget to rate and leave a comment.", "details": "Skill Details\nThis skill contains dynamic content.\nInvocation Name: nursery rhyme trivia\nDeveloper Privacy Policy", "privacy_policy_href": "https://getstoryline.com/public/privacy.html"}, "Science History of The Day": {"review-count": "3", "description": "Description\nScience History of The Day keeps you informed in your flash briefing of an important science event that happened in history. For the science, technology, and history fan, it will help you impress friends and family with your knowledge. Great for kids, too!", "details": "Skill Details\nFlash Briefing Skill\nThis skill contains dynamic content.", "privacy_policy_href": ""}, "Which Animal": {"review-count": "2", "description": "Description\nWhich animal is a very simple quiz that plays out various animal sound and your job is to guess the correct animal.", "details": "Skill Details\nThis skill contains dynamic content.\nInvocation Name: which animal\nDeveloper Privacy Policy", "privacy_policy_href": "https://getstoryline.com/public/privacy.html"}, "Kitchen Safety": {"review-count": "5", "description": "Description\nKitchen Safety is a skill to help you if this is your first time in the kitchen to help mom or dad cook by stirring, pouring, measuring or anything needed to create a meal.\nThis skill will help you avoid having a terrible accident in the kitchen as you learn the three C's to kitchen safety before you start to cook to be germ and burn free.\n\nYou can say:\n\n\"Alexa, open Kitchen Safety\"\n\"Alexa, start Kitchen Safety\"\n\n\nPlease leave a 5-star review if you love this skill. For every five 5-star rating, we will update the skillset with more ways to avoid germs and burns. Your 5-star reviews encourage us to keep making more great skills, thanks!", "details": "Skill Details\nThis skill contains dynamic content.\nInvocation Name: kitchen safety", "privacy_policy_href": ""}, "Children Rainbow Song": {"review-count": "4", "description": "Description\nThis is a fun and easy children rainbow song that can be learned and sung by children and adults. Alexa teaches children to learn the song when they say help. If they do not want to learn the song, it can just be listened to by saying yes. The song has a catchy and fun tune that can be sang at parties, at school, or just for fun.", "details": "Skill Details\nThis skill contains dynamic content.\nInvocation Name: children rainbow song", "privacy_policy_href": ""}, "Unicorns Rock": {"review-count": "560", "description": "Description\nDo you love fun and silly stories about unicorns? Then enable Unicorns Rock and say \"Alexa, Open Unicorns Rock.\" Then, listen to an interactive story about a unicorn in the Magic Glen. Make choices throughout the story and decide what the character will do or say.\n\nThe current story is about Super Selena the Unicorn. More silly unicorn stories to come.", "details": "Skill Details\nThis skill contains dynamic content.\nInvocation Name: unicorns rock", "privacy_policy_href": ""}, "Riddley Ree": {"review-count": "1", "description": "Description\nRiddley Ree asks a rhyming riddle. Each time, you have to think of something that starts with a different letter of the alphabet!\n\nFor example, Riddley Ree will ask, \"Riddley riddley riddley ray, can you think of something that starts with a K?\" Then it gives you a few seconds to think of something that starts with the letter K!\n\nI hope you like playing Riddley Ree!\n\nTo open Riddley Ree, you can say:\n\n\"Alexa, open Riddley Ree\"\n\"Alexa, start Riddley Ree\"\n\"Alexa, launch Riddley Ree\"\n\nPlease leave a 5-star review if you love this skill! Your 5-star reviews encourage us to keep making more great skills, and be sure to recommend it to your friends and family!\n\nThanks!", "details": "Skill Details\nThis skill contains dynamic content.\nInvocation Name: riddley ree", "privacy_policy_href": ""}, "My Pretend Pal": {"review-count": "0", "description": "Description\nAre you a roaring lion?\nAre you an oinking pig?\nAre you a funky monkey?\n\nFor whatever you want to be, My Pretend Pal can help! Just tell My Pretend Pal what you are and you'll instantly have some audio enhancements! There are currently over 30 animals and things you can be, with more on the way!\n\nDon't see what you want to be? Leave a review and request it!", "details": "Skill Details\nThis skill contains dynamic content.\nInvocation Name: my pretend pal", "privacy_policy_href": ""}, "Would You Rather for Kids": {"review-count": "143", "description": "Description\nWould You Rather for Kids is a simple but addicting game where you make a choice between two lighthearted and silly situations. Will the rest of the world agree with your decision? You have to try the skill to find out! Enjoy hundreds of fun, family-friendly questions to keep all ages entertained for hours.\n\nWith multiplayer mode, you can enjoy the game with your entire family or play by yourself.\n\nPlay Would You Rather at a sleepover, at a party, on family game night or simply to pass time. Questions are continually added so check back often for updates.\n\nEditions include:\n-Standard\n-Magic\n-Hogwarts\n-Animals\n-Superhero\n-Christmas\n\nPoints and Leaderboard:\nEarn two points for each question you play. It doesn't matter if your response matches the majority. There is one account for the family, so points for your parents, siblings count towards your account and help you climb the leaderboard faster. More reason to play with family.\n\nRemember Tuesday and Thursday are double point days. Earn 4 points for each question you play.\n\nWhile playing you can access the leaderboard by saying \"Alexa, show my leaderboard\"\n\nBadges:\nYou can earn the Explorer and Expert badges for each edition. You can get an \"Explorer\" badge on completing the first round of an edition. You earn the \"Expert\" status once you play 5 rounds of the same editions.\n\nWhile playing you can access the badges by saying \"Alexa, my badges\"", "details": "Skill Details\nThis skill contains dynamic content.\nInvocation Name: would you rather\nDeveloper Privacy Policy", "privacy_policy_href": "http://voicegames.ai/privacy/"}, "Math Tutor": {"review-count": "8", "description": "Description\nMath Tutor can read out the multiplication tables between 1 and 10. For example, you could say \"Alexa, ask Math Tutor for 6 times table.\" Alexa will then read the answer, which is also available to view on the Home page of the Echo App.", "details": "Skill Details\nThis skill contains dynamic content.\nInvocation Name: math tutor", "privacy_policy_href": ""}, "Filipino Nursery Rhymes": {"review-count": "4", "description": "Description\nWith this skill, kids will surely enjoy listening and dancing to old time favorite Filipino nursery rhymes, while learning in Tagalog about counting, animals, colors, vegetables, and many more, in a fun way!\n\nThe skill content contains nursery rhymes in Tagalog language from the Philippines. Watch out for Alexa trying to also speak in Tagalog at the end! With the nature of this skill, it is obviously intended for those who want to teach their kids to speak or understand Tagalog/Filipino language through classic Filipino nursery rhymes. We all know that humans can easily remember words through songs.\n\nTo start, say:\n\"Alexa, open Filipino Nursery Rhymes\" or\n\"Alexa, open Filipino Nursery Rhymes and play all songs\" or\n\"Alexa, open Filipino Nursery Rhymes and play a random song\" or\n\"Alexa, open Filipino Nursery Rhymes and play shuffle\"\n\nTo play song(s), say:\n\"<song title>\"\n\"Give me the list of songs\"\n\"Play all\"\n\"Play a random song\"\n\"Shuffle\"\n\nTo ask for help, say:\n\"Help\"\n\"Give me the list of songs\"\n\nWhen a song ends or while it is playing, you can say:\n\"Alexa, change song\"\n\nHere's the list of available songs. English translations included which you can also use to tell Alexa.\n\"Bahay Kubo\" (Nipa Hut)\n\"Tatlong Bibi\" (Three Ducks)\n\"Tong Tong Pakitong Kitong (Crab Song)\n\"Leron Leron Sinta\"\n\"Pen Pen De Sarapen\"\n\"Jack en Poy\" (Jack and Poy)\n\"Sampung Mga Daliri\" (Ten Fingers)\n\"Ako ay may Lobo\" (I have a Balloon)\n\"Maliliit na Gagamba\" (Itsy Bitsy Spider)\n\"Nang si Lolo ay Mangisda\" (When Grandpa Goes Fishing)\n\"Amang Daliri\" (Father Finger)\n\"Isa Dalawa Tatlo\" (One Two Three)\n\"Limang Palaka\" (Five Frogs)\n\"Kulay\" (Color)\n\"Isa Dalawa Tatlong mga Ibon\" (One Two Three Birds)\n\"Pitsel\" (Pitcher)\n\"Limang Bibi\" (Five Ducks)\n\"Isa Dalawa Tatlong Mga Bata (One Two Three Children)\n\"Munting Biik\" (Small Pigs)\n\"Sipilyo\" (Toothbrush)\n\n\nLogo by: Freepik from Flaticon (Modified to add musical notes)\nMusic by: Awiting Pambata TV", "details": "Skill Details\nThis skill contains dynamic content.\nInvocation Name: filipino nursery rhymes\nDeveloper Privacy Policy", "privacy_policy_href": "https://voiceapps.rocks/privacy-policy.html"}, "Word Rally": {"review-count": "0", "description": "Description\nChallenge Alexa in this fun word pairing game that can be played with family and friends.\n\nAlexa will suggest a random word. It's your job to shout out the first word that comes into your head. Then swap with Alexa and see what she comes up with!", "details": "Skill Details\nThis skill contains dynamic content.\nInvocation Name: word rally", "privacy_policy_href": ""}, "Kids Jokes": {"review-count": "0", "description": "Description\nKids Jokes is a alexa app that has 100 Yo Mama Clean Jokes for Kids - Ft. Batman, Spongebob, Pokemon, Transformers, TMNT and more!\n\nLearn the best jokes about your favorite superheroes, cartoons, toys and movies!", "details": "Skill Details\nFlash Briefing Skill\nThis skill contains dynamic content.", "privacy_policy_href": ""}, "Noisy Jungle": {"review-count": "0", "description": "Description\nMakes the sound of a jungle animal on request. Examples are monkey, gorilla, tiger, jaguar, bat, snake, elephant or parrot.", "details": "Skill Details\nThis skill contains dynamic content.\nInvocation Name: noisy jungle", "privacy_policy_href": ""}, "Math Exam": {"review-count": "0", "description": "Description\nTeach your kids basic math, by using this skill. They are taught basic addition and subtraction. The children or even adults using this skill are encouraged to do mental addition and subtraction. The skill offer three difficulty levels and thoroughly exercises your brain.\n\nHappy Addiing... or Subtracting!!!", "details": "Skill Details\nThis skill contains dynamic content.\nInvocation Name: math exam", "privacy_policy_href": ""}, "Soccer Factz": {"review-count": "0", "description": "Description\nFor all you Soccer Geeks out there, Soccer Factz tells you Fascinating, Rare and Interesting Facts about Soccer, or Football, as you might call it.\nStay Tuned for more Amusing once the skill gets updated !", "details": "Skill Details\nThis skill contains dynamic content.\nInvocation Name: soccer facts", "privacy_policy_href": ""}, "Singing Whales": {"review-count": "6", "description": "Description\nListen to the peaceful sounds of the singing humpback whales. Each whale has a unique song which changes every year. These beautiful songs are courtesy of the Oceania Project, a non-profit organization organized for the awareness and protection of our precious oceans and cetacea that occupy its fragile waters.\n\nThis particular whale is named Gabriel. If you enjoy what you hear, please leave a 5-star review. Your reviews encourage us to release more whale songs in the future. The skill can also help with sleep and meditation. It's also a great teaching tool for our children to create awareness of these beautiful beasts.\n\nWhale Song recording and master engineering for The Oceania Project by Mark Franklin. Used with permission and in full accordance with Creative Commons of Australia.", "details": "Skill Details\nThis skill contains dynamic content.\nInvocation Name: singing whales\nDeveloper Privacy Policy\nDeveloper Terms of Use", "privacy_policy_href": "http://www.smartspeakerskills.com/"}, "Farm Yard": {"review-count": "1", "description": "Description\nuess the sounds that Alexa plays, if you guess right you will be able to move on to the next farm yard sound. When Alexa asks are you ready, reply by saying \"YES\", \"NEXT\" or \"OKAY\". If you want to stop say \"QUIT\", STOP\"or \"NO\". For help with the skill say \"HELP\".Please give me a review, more reviews I get the more skills I will develop.", "details": "Skill Details\nThis skill contains dynamic content.\nInvocation Name: farm yard", "privacy_policy_href": ""}, "US History Facts": {"review-count": "3", "description": "Description\nGet United states history facts to help you or your kids understand US history. Over 100 Facts, from George Washington To Donald Trump!Ask for your fact today...", "details": "Skill Details\nThis skill contains dynamic content.\nInvocation Name: u. s. history facts", "privacy_policy_href": ""}, "Lazy Life": {"review-count": "0", "description": "Description\nThis skill packs awesome life hacks for lazy people. Just ask alexa ask lazy life to give me a life hack.\nIf you need help just say Alexa, ask lazy life to help.", "details": "Skill Details\nThis skill contains dynamic content.\nInvocation Name: lazy life", "privacy_policy_href": ""}, "Fast Drill State Capitals": {"review-count": "0", "description": "Description\nThis is a helpful tool for school children to learn, memorize or practice capitals of US states. In this skill, Alexa will go through each state alphabetically, give the student 3 seconds to name the state capital before she does. Alexa then moves to the next state. This allows students to practice as many times as they need - or hear as many times as they need to hear - the information. It is perfect for preparing for quizzes, tests or exams, contests - or impressing friends.", "details": "Skill Details\nThis skill contains dynamic content.\nInvocation Name: fast drill state capitals", "privacy_policy_href": ""}, "Amazing Cat Facts": {"review-count": "1", "description": "Description\nWith this skill, you learn a new, amazing, unusual and sometimes troubling little-known fact about cats every single day.", "details": "Skill Details\nThis skill contains dynamic content.\nInvocation Name: cat facts\nDeveloper Privacy Policy", "privacy_policy_href": "https://getstoryline.com/public/privacy.html"}, "happy birthday in many languages": {"review-count": "0", "description": "Description\nEnable alexa skill \"Birthday wisher\" and wish your friends and family in different languages like Hindi, Tamil, Punjabi, Bhojpuri, English. You can ask \"Alexa ask birthday wisher, wish shashank in Bhojpuri\" and place a phone call or video call to enjoy the birthday wish with your friend. Many more languages to be added soon. Watch out the space.Alexa, open birthday wisher", "details": "Skill Details\nThis skill contains dynamic content.\nInvocation Name: birthday wisher", "privacy_policy_href": ""}, "Eco Hacks": {"review-count": "5", "description": "Description\nMeet Eco Hacks, a fun game that provides environmental hacks in the form of truth or dare. It is estimated that with the current rate of population growth and use of natural resources, we will reach the limits of our planetary system by 2100. Eco Hacks is an engaging way to inspire kids and adults to make simple changes that have positive effects on the planet.\n\nFor more information or to contact us, visit www.impactfulplay.com or email impactfulplay@gmail.com.", "details": "Skill Details\nThis skill contains dynamic content.\nInvocation Name: eco hacks\nDeveloper Privacy Policy", "privacy_policy_href": "https://getstoryline.com/public/privacy.html"}, "Ghost Game": {"review-count": "0", "description": "Description\nChallenging word game to train your gray matter and extend your vocabulary.\n\nRules are simple: you tell the letter, app tells next letter, who ends with a complete word loose the round.\n\nSo far it plays only with single words (so it will never guess an Old English Sheepdog or a Whale Shark for instance). You can use only nouns and never names, cities or else.\n\nIf you face problems with one letter recognition, try to use NATO phonetic alphabet: : Alfa, Bravo, Charlie, Delta, etc. Or just try saying any word starting with your letter.", "details": "Skill Details\nThis skill contains dynamic content.\nInvocation Name: ghost game", "privacy_policy_href": ""}, "Math Puzzles": {"review-count": "2", "description": "Description\nThis Alexa skill is about enhancing and sharpening your ability to solve math puzzles. It aims to improve mathematics problem solving skill of people. It can even be played as a game.\n\nIt works as: Alexa asks math puzzles which include questions on basic addition, subtraction, multiplication and division. Example, Alexa will ask example, What is 1 + 2. The person can reapond back with: Answer is 3", "details": "Skill Details\nThis skill contains dynamic content.\nInvocation Name: math puzzle", "privacy_policy_href": ""}, "Find the Animal game": {"review-count": "0", "description": "Description\nFind the animal game is an interactive game for kids to know about animals. Kids can learn about animal behaviour as part of the game.\nAlexa will provide the first and last letter of an animal's name and kids can try to guess the animal. They can ask for clues to find the answer.\nSteps to play the game:\n1. Start new game by selecting game level - Beginner or Expert.\n2. Question will give the start and end letter of an animal\n3. Try to guess the answer. If you need a clue, say 'give me a clue'\n4. Say 'Next Question' to start with a new question", "details": "Skill Details\nThis skill contains dynamic content.\nInvocation Name: find the animal game", "privacy_policy_href": ""}, "Times Tables Trainer": {"review-count": "0", "description": "Description\nTrain the times tables for your kids.", "details": "Skill Details\nThis skill contains dynamic content.\nInvocation Name: times tables trainer\nDeveloper Privacy Policy\nDeveloper Terms of Use", "privacy_policy_href": "https://flow.ai/privacy-policy"}, "Three Wishes Cairo Book 2: Story Theater Enabled": {"review-count": "0", "description": "Description\nThe Adventure Continues...\n\nAladdin is a thief. After a chance meeting with a young princess, his life spirals out of control when it is revealed that dark forces control the power of the throne. By chance, he discovers the magic lamp and three wishes that could either save his life or doom him forever.\n\nMore immersive reading for young adventurers!\n\nStory Theater is an exciting new system that makes you part of the adventure. You'll read along, read aloud and eagerly anticipate the next turn of the page. You can try the system for free. Just say \"Alexa, play Three Wishes Cairo Book Two.\" When the narrator says, \"It's your turn to read,\" just say \"Next\". You'll instantly become part of an exciting serial adventure tale that will make everyone eager to see what happens next.\n\nIf you enjoy the experience, you can explore the entire system by purchasing the companion illustrated book here on Amazon.\nhttps://www.amazon.com/dp/B07C4R51WH\n\nParents: Story Theater is designed for kids. We make it so that your child develops a lifelong love of reading. The system moves forward using prompts read by your child which trigger narration, sound effects, music, background sounds...even Alexa herself in an age appropriate exciting adventure.\n\nBut we think you'll enjoy the ride as well.", "details": "Skill Details\nThis skill contains dynamic content.\nInvocation Name: three wishes cairo book two\nDeveloper Privacy Policy\nDeveloper Terms of Use", "privacy_policy_href": "http://immersive-publishing.com/privacy-policy/"}, "Not Imposter": {"review-count": "0", "description": "Description\nAre you scared of being exposed as a \"fraud\"? Are you procrastinating always just because you think somebody is better than you are or because you're not the first person to do something you value a lot in your life? Take the test and see if you're one amongst them.\n\nIf this syndrome does not get properly addressed, one can end up being depressed or get social anxiety. This skill aids you in educating yourself about the syndrome, test yourself and potentially aid you or advise you on how to overcome this syndrome.", "details": "Skill Details\nThis skill contains dynamic content.\nInvocation Name: not imposter", "privacy_policy_href": ""}, "Kids Trivia Comp": {"review-count": "0", "description": "Description\nKids Trivia Comp.This skill allows you to answer some questions.You can test your knowledge and have some fun with your friends. Play it now.", "details": "Skill Details\nThis skill contains dynamic content.\nInvocation Name: kids trivia comp\nDeveloper Privacy Policy", "privacy_policy_href": "https://getstoryline.com/public/privacy.html"}, "Career Path": {"review-count": "0", "description": "Description\nThis skill expands users' horizons by exposing them to careers at random from all occupations documented by the Bureau of Labor Statistics.", "details": "Skill Details\nThis skill contains dynamic content.\nInvocation Name: career path", "privacy_policy_href": ""}, "Calculator Quiz Game": {"review-count": "0", "description": "Description\nGuess a number, and Alexa will tell you if you need to guess higher or lower", "details": "Skill Details\nThis skill contains dynamic content.\nInvocation Name: calculator quiz", "privacy_policy_href": ""}, "You and the Beanstalk": {"review-count": "29", "description": "Description\nAre you ready climb the beanstalk to find your mother a birthday gift above the clouds? We hope you enjoy this Earplay interactive audio fairytale adaptation co-produced with WBUR, Boston's NPR station.\n\nWith Earplay, you can enjoy audio stories you play with your voice, featuring voice acting and sound effects like in a radio drama. Experience this exciting new storytelling medium where you become part of the story, interacting with characters to affect how the events unfold.", "details": "Skill Details\nThis skill contains dynamic content.\nInvocation Name: beanstalk\nDeveloper Privacy Policy", "privacy_policy_href": "https://earplay.com/privacy"}, "Mobile Facts": {"review-count": "0", "description": "Description\nThis skill is related to amazing facts about Mobile OS which helps user to learn new facts about the Mobile OS. This skill is a collection of unheard and unknown facts about the Mobile OS.", "details": "Skill Details\nThis skill contains dynamic content.\nInvocation Name: mobile facts", "privacy_policy_href": ""}, "Camera facts": {"review-count": "0", "description": "Description\nThis skill has basic information how dslr works.", "details": "Skill Details\nThis skill contains dynamic content.\nInvocation Name: d. s. l. r. is fun", "privacy_policy_href": ""}, "Scratch Tips": {"review-count": "0", "description": "Description\nWith Scratch, you can program your own interactive stories, games, and animations. Scratch helps young people learn to think creatively, reason systematically, and work collaboratively. This skill tells you some cool tips and tricks for scratch. You can say \"Open scratch tips\" to ask for tips", "details": "Skill Details\nThis skill contains dynamic content.\nInvocation Name: scratch tips", "privacy_policy_href": ""}, "Rapid Quiz": {"review-count": "0", "description": "Description\nThere will be positive and negative scoring for correct and wrong answers. You can initiate the quiz by just saying keyword.", "details": "Skill Details\nThis skill contains dynamic content.\nInvocation Name: rapid quiz", "privacy_policy_href": ""}, "Goldilocks": {"review-count": "5", "description": "Description\nRevisit the classic story of Goldilocks and the Three Bears, and help the characters make decisions along the way.", "details": "Skill Details\nThis skill contains dynamic content.\nInvocation Name: goldi locks\nDeveloper Privacy Policy\nDeveloper Terms of Use", "privacy_policy_href": "https://www.felixvoice.com/privacy-policy/"}, "Kid's Color Identification Game": {"review-count": "7", "description": "Description\nThe Kid's Color Identification Game will ask your child to name the color of objects to help them recall an image of an object and its associated color. This will also help build on their listening and speaking skills.\n\nThis game will ask questions for 5 rounds each time and also confirm the correct color for the object asked so your child can learn.\n\nTo get started, say \"Alexa, open Kid's Color Game\" and say \"yes\" once you are ready to start. Alexa will ask for the color of a certain object and all your child will have to do is name the color.\n\nWe are constantly working on adding more objects to the game!", "details": "Skill Details\nThis skill contains dynamic content.\nInvocation Name: kid's color game", "privacy_policy_href": ""}, "Say Boom Kids": {"review-count": "1", "description": "Description\nSay Boom Kids is an easier version of Say Boom. Say Boom is a fast-paced word game. In this game, you will need to reply with a BOOM at on any number that is a multiple of 7 or contains the digit 7. Stimulate your grey matter in this engaging game!\n\nHOW TO PLAY:\nAlexa: \"2\"\nYou: \"3\"\nAlexa: \"4\"\nYou: \"Boom!\"\nAlexa: \"6\"\nAnd so on...\n\nFEEDBACK:\nIf you like the game, please leave a review. If something is wrong or you've had a bad experience, please write us before leaving a negative review at info@vertolab.com, thank you!\n\nEnjoy playing", "details": "Skill Details\nThis skill contains dynamic content.\nInvocation Name: say boom kids", "privacy_policy_href": ""}, "Beano": {"review-count": "0", "description": "Description\nWOAH! Beano is on Alexa! Just say \u2018Open Beano\u2019 to play the Ultimate True or False or listen to some of the Best Beano Jokes ever! All brought to you by the bonkers Beano hosts!\n\nBeano True or False is the ULTIMATE True or False quiz, with loads of questions ranging from Slime to Star Wars! Stuffed full of sound effects and tricky trivia you just have to complete each round of five questions to find out your score!\n\nWhat does a sassy horse eat? Heyyyyyyyyyyy!!! If you LOL\u2019d at that one check out the Beano skill for loads more\u2026. we\u2019ve got a bunch of the best jokes ever and got the brilliant Beano hosts to tell them!\n\nWe\u2019ve love to get your feedback about how we can make the Beano skill even more EPIC! So get in touch at hello@beano.com\n\nTry Saying Things like;\n\nAlexa, open Beano\nAlexa, ask Beano for a joke\nAlexa, ask Beano to play True or False", "details": "Skill Details\nThis skill contains dynamic content.\nInvocation Name: beano", "privacy_policy_href": ""}, "Would You Rather Family": {"review-count": "143", "description": "Description\nOptional2 Echo Buttons\nPlayers1 or more\nAre you ready to answer the most ludicrous and silly questions ever created for Alexa that are written especially for kids?\n\nWould you rather Cuddle a Walrus or Tickle an Elephant?\n\nWould you rather have Hair for Teeth or Teeth for Hair?\n\nPlay alone or with friends and family and burst out in laughter over their answers\n\nIt's excruciating fun for everyone!", "details": "Skill Details\nThis skill contains dynamic content.\nInvocation Name: would you rather", "privacy_policy_href": ""}, "Today's special": {"review-count": "3", "description": "Description\nWant to know what is special about today?\nor,\nWhat was special on 10 December 2016?\nand even,\nWhat will be special on 15 June 2018?\nThen just enable this amazing skill in the Alexa app. Now, never miss any of the important things about today. It is developed specially for children and senior citizens to keep them up to date with their knowledge about every day of the year.\n\nHow does it works?\nWe have enriched this skill with an extra ordinary , high tech calendar data base that remains up to the minute. All you need to do is ask \"Alexa, What special today? \". And, she will get you the everything related to today, on the go.\nOne of the many astonishing features of this skill , is that you can even know about the specialty of previous and the upcoming dates.\nFor an instance, if you ask \"Alexa, what was special on 22 March 2018?\"\nShe will reply you that it was \"World Water Day\".\nSimilarly , for 5 June 2018, she will say \"World Environment Day\".\n\nWhat you will need for this Skill?\nFollowing is the prerequisites for this great skill:\n\u2022 Amazon Alexa App.\n\u2022 Amazon Echo device.\n\u2022 A valid Amazon ID and Password.\n\u2022 A proficient Wi-Fi network.\n\u2022 Device to operate the Alexa app such as phone, tablet or PC.\n\nHow to enable the skill?\nTo enable the Skill, go through these steps:\n\n\u2022 Click on the enable the skill above.\n\u2022 And, follow the onscreen instructions.\n\nOr,\n\u2022 Open your Alexa app with your Amazon credentials.\n\u2022 Navigate to \"Settings\".\n\u2022 Click on \"Skills\".\n\u2022 Type and search for \"What special today?\"\n\u2022 Select the appropriate Skill.\n\u2022 Click on enable, then enable now.\nAnd, you're good to go.", "details": "Skill Details\nThis skill contains dynamic content.\nInvocation Name: today's special", "privacy_policy_href": ""}, "State Facts": {"review-count": "1", "description": "Description\nThe purpose of this skill is to help children and adults become more familiar with the United States. The randomized nature of the facts allows everyone to learn and think, and not get bored with the same mundane facts.\n\nAsk Alexa for a State Fact and it will tell you a fun fact about one of the American states. Use it to start the day in your household, classroom, and more!", "details": "Skill Details\nThis skill contains dynamic content.\nInvocation Name: state facts", "privacy_policy_href": ""}, "Middle School Science": {"review-count": "0", "description": "Description\nMiddle School Science is a multiple choice quiz app which gives multiple choice questions and lets students choose an answer and provides some useful science related facts.", "details": "Skill Details\nThis skill contains dynamic content.\nInvocation Name: middle school science", "privacy_policy_href": ""}, "Bodybuilding Nutrition": {"review-count": "0", "description": "Description\nYou can ask this skill how much protein in your food is and If you can eat a special food (If there is enough protein in it --> yes, otherwise --> no)", "details": "Skill Details\nThis skill contains dynamic content.\nInvocation Name: bodybuilding nutrition", "privacy_policy_href": ""}, "Easy english for kids": {"review-count": "2", "description": "Description\nSkill developed for beginners in english language. Echo device just says simple phrase and user listen it.", "details": "Skill Details\nThis skill contains dynamic content.\nInvocation Name: easy english", "privacy_policy_href": ""}, "Arithmetic": {"review-count": "0", "description": "Description\nExercise your basic arithmetic skills by solving a variety of math problems. Alexa will ask you questions like:\n\n\u2022 What is 2 + 3?\n\u2022 What is 4 - 2 + 5?\n\u2022 What is 9 \u00f7 3 \u00d7 8 + 11?\n\nYou\u2019ll start off with simple addition and subtraction, and the problems will gradually get longer and more difficult the more you answer correctly. Challenge yourself by getting as many correct answers in a row as you can!", "details": "Skill Details\nThis skill contains dynamic content.\nInvocation Name: math exercise", "privacy_policy_href": ""}, "Silly Sentence": {"review-count": "1", "description": "Description\nGet entertained with some silly sentences.", "details": "Skill Details\nThis skill contains dynamic content.\nInvocation Name: silly sentence", "privacy_policy_href": ""}, "Cricket Duniya": {"review-count": "1", "description": "Description\n'A true batsman should in most of his strokes tell the truth about himself.'\nNeville Cardus, these great cricketer make cricket a great sports. So, let's know about cricket more with this app. Warning: \"this app may give you nostagia\"", "details": "Skill Details\nThis skill contains dynamic content.\nInvocation Name: cricket ki duniya", "privacy_policy_href": ""}, "Easter Bunny Egg Hiding Game": {"review-count": "2", "description": "Description\nThis is a game that simulates the fun of hiding easter eggs. Just answer a few simple questions to find a great spot to hide out in the yard or in a room in your home.", "details": "Skill Details\nThis skill contains dynamic content.\nInvocation Name: egg hiding game", "privacy_policy_href": ""}, "WHSTheHoot": {"review-count": "0", "description": "Description\nJust a Skill for the Windsor C-1 High School. It will take the websites RSS feed to give you the news. It gives you the 4 latest articles from the hoot website.", "details": "Skill Details\nFlash Briefing Skill\nThis skill contains dynamic content.", "privacy_policy_href": ""}, "kindergarten": {"review-count": "16", "description": "Description\nThis will teach kids some basic things like, Alphabets, Numbering, Vegetable name, Fruits name, Animals name, Flowers name, Trees name, Weather name, Seasons name.", "details": "Skill Details\nThis skill contains dynamic content.\nInvocation Name: kindergarten school", "privacy_policy_href": ""}}