{"Dental News": {"review-count": "0", "description": "Description\nGet the latest Dental News from around the world.", "details": "Skill Details\nFlash Briefing Skill\nThis skill contains dynamic content.", "privacy_policy_href": ""}, "The Quad Cities Marathon": {"review-count": "2", "description": "Description\nThe Quad Cities Marathon skill will answer all your questions about signing up, race day, and what to expect!", "details": "Skill Details\nThis skill contains dynamic content.\nInvocation Name: the quad cities marathon", "privacy_policy_href": ""}, "Mind Guru": {"review-count": "1", "description": "Description\nMind Guru is a skill that tells you relaxing phrases to help you find positive thoughts and brighten your day. Our minds are powerful and have a great influence in the way we see and feel the world around us. Mind Guru helps you boost your mood.\nTo use this skill, enable it. The you can ask the following:\n\n'Alexa, ask Mind guru a relaxing quote'", "details": "Skill Details\nThis skill contains dynamic content.\nInvocation Name: mind guru", "privacy_policy_href": ""}, "Which Workout": {"review-count": "1", "description": "Description\nDiscover which workout regime suits you and your lifestyle through a series of questions. Which Workout will highlight which type of workout is more beneficial to you, with regards to health, fitness and mindfulness.", "details": "Skill Details\nThis skill contains dynamic content.\nInvocation Name: which workout", "privacy_policy_href": ""}, "Diamonds Of Dialogue": {"review-count": "0", "description": "Description\nThe Yoga Moves You Podcast is proud to present, \"Diamonds Of Dialogue\". Everyday, we will bring you a gem of wisdom, inspiration, humor, or all of the above! The Diamonds Of Dialogue are excavated from full episodes of The Yoga Moves You Podcast.\n.", "details": "Skill Details\nFlash Briefing Skill\nRated: Guidance Suggested.\nThis skill contains dynamic content.\nDeveloper Privacy Policy\nDeveloper Terms of Use", "privacy_policy_href": "https://anchor.fm/privacy"}, "FIT for LIFE with Joey Atlas": {"review-count": "6", "description": "Description\nFitness, nutrition and MINDSET information for real people with real lives in the real world. I've traveled the hard miles on the fitness journey with many ups and downs, victories and defeats. And now I've reached a level of success that anyone can replicate. This is where I share my insights, thoughts and unique perspectives on being your best in a world that wants to pull you in so many bad directions.", "details": "Skill Details\nFlash Briefing Skill\nThis skill contains dynamic content.", "privacy_policy_href": ""}, "Happy Quote": {"review-count": "0", "description": "Description\nFeeling bored on a busy day while working constantly? Need a motivation and inspiration? Well, you can hear the best quotes of the day through your Alexa devices. Let\u2019s Nurture has developed their own Alexa Skill called \u2018Happy Quotes\u2019. You only have to enabled this Alexa Skill on Amazon Alexa App and say \u2018Alexa, tell happy quote or what is quote of the day.\u201d Alexa will read you the best quotes available and perk you up. Enjoy!!", "details": "Skill Details\nThis skill contains dynamic content.\nInvocation Name: happy quote\nDeveloper Privacy Policy", "privacy_policy_href": "https://www.letsnurture.com/privacy-policy.html"}, "Home Care by CareDrum": {"review-count": "0", "description": "Description\nAbility to find and dispatch the right caregivers closest to home care patients means better patient care and allows health organisations to reduce cost and provide quicker response.\n\nDisclaimer: This tool does not provide medical advice, and is for informational and educational purposes only, and is not a substitute for professional medical advice, treatment or diagnosis. Call your doctor to receive medical advice. If you think you may have a medical emergency, please dial your local emergency response phone number.", "details": "Skill Details\nThis skill contains dynamic content.\nInvocation Name: home care\nDeveloper Privacy Policy\nDeveloper Terms of Use", "privacy_policy_href": "http://caredrum.webs.com/health-watch-privacy"}, "Rainmaker": {"review-count": "6", "description": "Description\nRainmaker plays a relaxing rain recording for an arbitrary number of hours. The rain helps you fall asleep, and also helps with learning and work because rain can increase your productivity and focus. Rain sounds are natural white noise and therefore an ideal fit for this purpose.", "details": "Skill Details\nThis skill contains dynamic content.\nInvocation Name: rain maker", "privacy_policy_href": ""}, "Chakra Guide": {"review-count": "23", "description": "Description\nChakra Guide is the skill for learning all about the 7 Chakra Guide. It's important to understand each chakra, what they represent and how to clear blocked energy. There are many aspects to the chakras, such as :-\nthe corresponding colours.\nWhere they are located in your body.\nThe sensory experience connected to each Chakra.\nThe essential oils best used for each Chakra.\nThe associated plants, metals, elements and music for each Chakra.\n\nGet to know your Chakra Guide, align your senses and tune in for maximum benefits for your health and well-being.", "details": "Skill Details\nThis skill contains dynamic content.\nInvocation Name: chakra guide", "privacy_policy_href": ""}, "Do I have the Flu?": {"review-count": "2", "description": "Description\nDo you wonder if you have the flu?\n\nUse this skill to walk through a series of Yes or No questions to determine whether or not you have the flu. This skill is not a replacement for a doctor. If you have any concerns, please contact your health provider.\n\nThanks for using the Flu Clu skill. If you benefited from Flu Clue, please take a moment to leave a 5 star review and tell your friends", "details": "Skill Details\nThis skill contains dynamic content.\nInvocation Name: flu clue", "privacy_policy_href": ""}, "Drink coach": {"review-count": "0", "description": "Description\nThe actual skill of Fitbit allows only the query of the data, but no transmission of information about weight or drunk amount of water to Fitbit. Since I was too cumbersome to enter data via the app or website, this skill was created.\n\nThe following is possible:\n\"Alexa open drink coach and I drank a glass.\"\n\"Alexa open drink coach and I drank two glasses.\"\n\nAny number of glasses can be specified. The glass number is multiplied by 150ml and transferred to Fitbit. The glass size can be adjusted, initially 150ml are given. The time does not matter, only the day is considered. You can also directly specify the amount in milliliters that you have drunk.\n\nThe same goes for bottles. So it is possible \"Alexa open drink coach and I drank a bottle\". One bottle is equivalent to 700ml.\n\nIn addition, the body weight can also be transferred to Fitbit.\n\nIt can be \"Alexa open drink coach and my weight is 173 pound\". The data is stored per day. That you can transfer the weight as often as you like, the last one is always stored per day.", "details": "Skill Details\nRated: Guidance Suggested.\nThis skill contains dynamic content.\nInvocation Name: drink coach\nDeveloper Privacy Policy", "privacy_policy_href": "https://saschaabraham.github.io/Datenschutzerkl%C3%A4rung_trinkcoach_EN.html"}, "a Moment of Silence": {"review-count": "1", "description": "Description\na Moment of Silence is chance to take command of the sound around you, like a Jedi master. Invoke the beauty of nothingness! The ultimate in minimalism, if only for a while. Repeat as necessary.", "details": "Skill Details\nThis skill contains dynamic content.\nInvocation Name: a moment of silence", "privacy_policy_href": ""}, "Relaxing Sounds: Sleep, Study or Meditate": {"review-count": "12", "description": "Description\nWith nearly 1/3rd of the American population suffering from sleep deprivation, lack of focus and living in a fast and busy city life has made everything hectic with no time to relax.\nThis skill will help you rejuvenate the soul, mind, and body.\nThese sounds are played in a way that they will help you lighten your brain and help you sleep better or even help you in attaining a better concentration level. Some of the sounds are composed by sleep the therapists and psychiatrists.\nSo, just try them out and if you like what you listen, make sure to leave a review and a rating.\n\nCurrently, there are 11 different sounds:\nto begin the playlist just say \"Alexa, open relaxing sounds\"\nOr to open a particular sound, say \"Alexa, ask relaxing sounds to play <Name_of_the_sound>\n\nNames of the sounds are:\n1. Babbling Brook\n2. Fire\n3. Jungle Safari\n4. Piano\n5. Clock\n6. Train\n7. Thunderstorm\n8. Hypnosis\n9. baby\n(Mother's womb sound- provenly good relax a weeping baby)\n10. fan\n11. fan on medium\nAlso, try the other similar skill: sleeping sounds\nhttps://www.amazon.com/Sleeping-Sounds-Relax-Study-Meditate/dp/B0795B4MG1/ref=cm_cr_arp_d_product_top?ie=UTF8\n\nTry them out!\nMake a request for more relaxing sounds at apooos3@gmail.com", "details": "Skill Details\nThis skill contains dynamic content.\nInvocation Name: relaxing sounds", "privacy_policy_href": ""}, "Cape Fear SORBA": {"review-count": "1", "description": "Description\nThis skill checks the feed on the Cape Fear SORBA website and tells you which of the local trails is open.", "details": "Skill Details\nThis skill contains dynamic content.\nInvocation Name: cape fear sorba", "privacy_policy_href": ""}, "My Advice Nurse": {"review-count": "2", "description": "Description\n***Important disclaimer: This tool does not provide medical advice, and is for informational and educational purposes only, and is not a substitute for professional medical advice, treatment or diagnosis. Call your doctor to receive medical advice. If you think you may have a medical emergency, please dial your local emergency response phone number. ***\n\nMy Advice Nurse helps users learn about common causes of wellness problems, like feeling tired, depressed, anxious, or sleeping problem.\n1. Invoke this app by \"Alexa, ask my advice nurse\"\n2. This is a binary decision tree application. All prompts are Yes No questions. Answer the prompt by speaking Yes or No.\n3. When the decision tree reaches the end node, Alexa speaks the description and prompts to repeat or not. If yes, the description is spoken again, if no, the app ends.", "details": "Skill Details\nRated: Guidance Suggested.\nThis skill contains dynamic content.\nInvocation Name: my advice nurse\nDeveloper Privacy Policy\nDeveloper Terms of Use", "privacy_policy_href": "http://www.visiondelmar.com/vdmllc_privacy.html"}, "Squash Facts": {"review-count": "0", "description": "Description\nHave you wanted to learn more about squash, or squash? This skill has dozens of fun and interesting facts to broaden your knowledge of squash.", "details": "Skill Details\nThis skill contains dynamic content.\nInvocation Name: squash facts", "privacy_policy_href": ""}, "Dr. G's Daily Health Tip": {"review-count": "1", "description": "Description\nA series of health tips you can use to improve your health by applying them consistently to your routine.\n\nBrought to you by Dr. Guevara, founder of PainFreeInstitute.net\n\nDr. G cover's nutrition, fitness, wellness, pain-relief, and many topics in the health and wellness space.\n\nThese health tips are for educational purposes only. Always consult your physician first.", "details": "Skill Details\nFlash Briefing Skill\nRated: Guidance Suggested.\nThis skill contains dynamic content.\nDeveloper Privacy Policy", "privacy_policy_href": "https://painfreeinstitute.net/privacy-alexa-skill"}, "Your Daily Zen Practice": {"review-count": "16", "description": "Description\nThis daily Zen meditation can be a famous Zen quote, or the daily message might be a short version of a classic Zen story. Often, you will get advice or a suggestion to enhance your experience of Zen.", "details": "Skill Details\nRated: Guidance Suggested.\nThis skill contains dynamic content.\nInvocation Name: daily zen", "privacy_policy_href": ""}, "Gong-Meditation": {"review-count": "6", "description": "Description\nMeditation with regular gong chimes\n\nTo-do lists, tasks and responsibilities may sometimes feel like they're taking our breath away. A short break from the stressful everyday life can be a helping and strengthening experience for everyone. For your gong-meditation session you can freely choose a length that fits your needs and time constraints. Customizable intermediate gongs give you clues as to how much time has passed on the journey into yourself.\n\nThis way, you can tailor the meditation session for you individually: For example, you could start a 15-minute session with a gong every 5 minutes. The session starts with the first gong. In the next 5 minutes, you could do some breathing exercises first. After the 5-minute gong, you follow up with some stretching exercises. After the 10-minute gong, your quiet meditation phase could follow, in which you try to clear your head. The session ends after 15 minutes with two consecutive gong tones. By now, you feel refreshed and strengthened.\n\nOf course, you can split your meditation session in a completely different way. The skill adapts to your wishes.\n\nDo you have questions or suggestions? Write us to hello@dave42.com!", "details": "Skill Details\nThis skill contains dynamic content.\nInvocation Name: gong meditation", "privacy_policy_href": ""}, "My Dietitian": {"review-count": "1", "description": "Description\nMy Dietitian provides science-based dietary and lifestyle guidance for the most common chronic illnesses. It identifies the most helpful and the most harmful choices for a given health issue. The safest path to prevent or tackle health concerns is through proper diet and lifestyle. Let our e-dietitian (a powerful expert system) help YOU!\n\nMy Dietitian can answer the following types of questions:\n\n- Dietary guidance for <chronic illness>? e.g., \u201cask My Dietitian for dietary guidance for high blood pressure\u201d; or What are the best foods for <condition>? e.g., \u201cask My Dietitian what are the best foods for diabetes?\u201d The response to this type of request will be a list of helpful items. My Dietitian knows about 34 most common chronic illnesses and their alternate names e.g., hypertension for high blood pressure.\n\n- What are the worst things for <condition>? e.g., \u201cask My Dietitian what are the worst things for gout?\u201d. The response will be a list of harmful items to avoid.\n\n- What are the best <food group> for <condition>? Examples: \u201cask My Dietitian what are the best fish for breast cancer?\u201d; \"ask my dietitian what are the best nuts (or best fruits, or best snacks) for ulcers (or polycystic ovary syndrome, or cancer prevention)?\" My Dietitian recognizes eighteen different food groups. The answer to this type of request will be a list of most helpful items within the selected food group for the specified condition.\n\n- You can ask for the list of supported chronic illnesses via \u201cask my Dietitian to list the conditions\u201d. My Dietitian will respond by listing the conditions, one small group at a time. The complete list is as follows: Alzheimer\u2019s Disease, Breast Cancer, Calcium oxalate kidney stones, Cancer Prevention, Celiac Disease, Cervical Cancer, Chronic Kidney Disease, Colon Cancer, Crohn\u2019s disease, Depression, Diabetes Type 2, Esophageal Cancer, Excess Weight (or obesity), Genital Herpes, Gout, Heart Disease (Hardening of the arteries), High Blood Pressure, High Cholesterol, High Triglycerides, Irritable Bowel Syndrome (IBS), Lung Cancer, Lupus (SLE), Macular Degeneration, Osteoarthritis, Osteoporosis, Ovarian Cancer, Painful Bladder Syndrome (or Interstitial Cystitis), Pancreatic Cancer, Polycystic Ovary Syndrome (PCOS), Prostate Cancer, Rheumatoid Arthritis, Stomach Cancer, Ulcers (Peptic ulcer) and Vitamin D Deficiency.\n\n- You can ask for the list of food groups via \u201cask My Dietitian to list the food groups\u201d. The list of food groups: fish & seafood; meat; poultry & fowl; eggs; beans & legumes; nuts & seeds; fruits & juices; vegetables; breads, grains, cereals & pasta; dairy products; fats & oils; sweets & snacks; beverages; herbs, spices & sauces; fast & prepared foods; alternative therapies (e.g., Yoga); vitamins & minerals; and herbal supplements (e.g., Psyllium).\n\nThe serving size assumption for all food groups is 100 grams or 3.5 ounces except for the following: 30 grams or one ounce for nuts, seeds and dried fruits; one cup for juices and soups; 20 grams or one TBS for fats, oils, sauces and condiments; one cup or can for drinks, five ounces for wine and 1.5 ounces for hard liquor; and two grams or a pinch for dried herbs and spices. Please consult your provider for alternative therapies and herbal supplements.\n\nThis skill is provided by Personal Remedies, the creator of the world's first e-dietitian, and the largest knowledgebase on food-disease interactions. Please visit our web site for complete details on our references and the science. We welcome your feedback and suggestions via apps@personalremedies.com.\n\nThis skill does NOT provide medical advice and does NOT store your personal information. It is for informational and educational purposes only, and is not a substitute for professional medical advice, treatment or diagnosis. Call your doctor to receive medical advice. If you think you may have a medical emergency, please dial your local emergency response phone number.", "details": "Skill Details\nRated: Guidance Suggested.\nThis skill contains dynamic content.\nInvocation Name: my dietitian\nDeveloper Terms of Use", "privacy_policy_href": ""}, "What Pace": {"review-count": "2", "description": "Description\nAsk the What Pace skill to calculate the run pace given a specific distance and finish time. You can also ask it to calculate the finish time, given the distance and a specific pace.\n\nYou can provide all the information in a single sentence via:\n\nUser: Alexa, ask What Pace to calculate pace for 26.2 miles in 4 hours.\nWhat Pace: Running 26.2 miles in 4 hours requires a pace of 9 minutes and 9 seconds per mile.\n\nYup, that is a mouthful. Want a more interactive style ? Try the following:\n\nUser: Alexa, ask What Pace to calculate pace.\nWhat Pace: Please specify distance.\nUser: marathon.\nWhat Pace: Please specify total duration.\nUser: 4 hours.\nWhat Pace: Running a marathon in 4 hours requires a pace of 9 minutes and 9 seconds per mile.\n\nIf you invoke What Pace with just the invocation phrase, it will begin by asking you to specify if you want to calculate pace or time and continue as in the example above.\n\nUser: Alexa, open What Pace.\nWhat Pace: Begin by saying: calculate pace, or, calculate time.\nUser:Calculate pace.\nWhat Pace: Please specify distance.\nUser: 10 kilometers.\nWhat Pace: Please specify total duration.\nUser: 45 minutes.\nWhat Pace: Running 10 kilometers in 45 minutes requires a pace of 7 minutes and 14 seconds per mile.\n\nDistances can be specified in miles, or kilometers. To make things easier, some popular run distances are recognized: \"marathon\", \"half marathon\".\n\nDuring the interactive mode of What Pace, you can say \"Help\" to hear information and examples on how to specify the proper input. You can also say \"Stop\" to exit the skill.\n\nAt this time, the only pace unit supported is minutes per mile.", "details": "Skill Details\nThis skill contains dynamic content.\nInvocation Name: what pace", "privacy_policy_href": ""}, "Leg Workout": {"review-count": "0", "description": "Description\nWork out with Alexa throughout the week. Once you open the skill, just ask Alexa to start the workout. You can also ask Alexa for your progress.\nThis skill was created using a Skill Blueprint. Your requests to this skill are not shared with the skill developer.", "details": "Skill Details\nThis skill contains dynamic content.\nInvocation Name: leg workout", "privacy_policy_href": ""}, "NyQuil and DayQuil Flu Report": {"review-count": "0", "description": "Description\nThe Nyquil\u2122 & Dayquil\u2122 flu flash briefing will provide you with your weekly report (with up-to-date data sourced from the CDC) so you can track flu cases throughout the season. As part of the flash briefing, you\u2019ll be able to get access not just to the National briefing which covers the entire U.S., but also choose up to 10 regional feeds.\n\nRegional Flu Report Feeds:\n-- Central Southern Region Flu Report (AR/LA/NM/OK/TX)\n-- Great Lakes Region Flu Report (IL/IN/MI/MN/OH/WI)\n-- Mid Atlantic Region Flu Report (DE/MD/PA/WV/VA)\n-- Mid West Region Flu Report (IA/MO/KS/NE)\n-- New England Region Flu Report (CT/ME/MA/NH/RI/VT)\n-- New York & New Jersey Region Flu Report (NY/NJ)\n-- North West Region Flu Report (AK/WA/OR/ID)\n-- Rocky Mountains Region Flu Report (CO/MT/SD/ND/UT/WY)\n-- South Eastern Region Flu Reports (AL/FL/GA/KY/MS/NC/SC/TN)\n-- South Western Region Flu Report (CA/AZ/NV/HI)", "details": "Skill Details\nFlash Briefing Skill\nRated: Guidance Suggested.\nThis skill contains dynamic content.\nDeveloper Privacy Policy\nDeveloper Terms of Use", "privacy_policy_href": "https://www.pg.com/en_US/privacy_notice/index.shtml"}, "a Moment of Ringtones": {"review-count": "0", "description": "Description\na Moment of Ringtones, allows you a brief relaxation in a busy schedule. Repeat as necessary. Find more in the A Moment... series from AirPeacock.com", "details": "Skill Details\nThis skill contains dynamic content.\nInvocation Name: a moment of ringtones", "privacy_policy_href": ""}, "Rain Falling Through a Chemtrail": {"review-count": "1", "description": "Description\nRain Falling Through a Chemtrail, explores the adventure of nature dealing with pollution, through music. Composed and performed by AirPeacock.com", "details": "Skill Details\nThis skill contains dynamic content.\nInvocation Name: rain falling through a chemtrail", "privacy_policy_href": ""}, "Home Remedies Natural": {"review-count": "38", "description": "Description\nNatural home remedies are safe and useful for common ailments. Most of the disease is not life threatening and they can be treated at home.\n\nLearn how to use natural remedies to replace many of the over-the-counter drugs most commonly used in the treatment of common diseases. If you are using home remedies wisely, you will be saving your time and money. We hope this application helps you find your own way of healing through natural remedies.\n\nBenefits of Home Remedies\n- Composed of herbs, spices, fruits, and vegetables\n- It can cure 100 of ailments such as acne, common cold, cough, flu, hair loss, back pain , stress, diabetes and high blood pressure\n- Effective to increase your child's immunity\n- Helps to recover faster in the elderly\n- Natural and joy of self healing\n\nTo use this skill say Alexa, ask home remedies and add your symptoms like: \"Alexa, ask home remedies how to reduce stress\", \"Alexa, ask home remedies how to cure headache\", and many more.\n\nCheck this skill against 100+ day to day symptoms you want to cure naturally. For the complete list of symptoms this skill covers, say \"Alexa, ask home remedies for list of symptoms\".\n\n\"Let your food be your medicine and your medicine be your food\". - Hippocrates\n\nDisclaimer:\nThis information is not a substitute for professional medical advice or health information, examination, diagnosis or treatment. This app disclaims any liability for the decisions you make on this information.", "details": "Skill Details\nThis skill contains dynamic content.\nInvocation Name: home remedies\nDeveloper Privacy Policy\nDeveloper Terms of Use", "privacy_policy_href": "https://tashiqa.org/privacy.html"}, "CareRinger Companion (care ringer)": {"review-count": "0", "description": "Description\nCareRinger Companion (care ringer) is an app to be used with the CareRinger service for telephone reassurance. You can use it to cancel your next check-in call from CareRinger by simply saying \u201cAlexa, ask care ringer to cancel.\u201d When there is no pending check-up call, Alexa will respond \u201cNo pending check-up call found.\u201d\n\nYou can also use it to initiate a check-in call anytime when you need help from your designated-contact(s). Just say, \u201cAlexa, ask care ringer to check on me\u201d or \u201cAlexa, ask care ringer to call me in 10 minutes.\u201d Depending on the set up, CareRinger may call more then once if the first call is not answered, to be sure. Your designated-contact will be notified when none of the calls are answered.\n\nTo begin, you need to register for the CareRinger service. For information about CareRinger and details to complete the sign-up forms, please visit www.careringer.com . You can also contact support@careringer.com for assistance.\n\nTo use the CareRinger Companion (care ringer), you must enable the companion skill and link the skill to your CareRinger account to activate the companion app. When asked, you must provide the CareRinger participant phone number and one designated-contact phone number specified in the CareRinger sign-up form for the check-in call.\n\nExamples:\n\n\u201cAlexa, ask care ringer to check on me\u201d to initiate the next check-up call immediately\n\u201cAlexa, ask care ringer to call me in 5 minutes\u201d to initiate the next check-up call in 5 minutes\n\u201cAlexa, ask care ringer to cancel\u201d to cancel any pending check-up call", "details": "Skill Details\nRated: Guidance Suggested.\nThis skill contains dynamic content.\nInvocation Name: care ringer\nDeveloper Privacy Policy", "privacy_policy_href": "https://careringer.com/privacy-policy/"}, "CareRinger Companion (medicine man)": {"review-count": "2", "description": "Description\nYour medication is important to you. Use CareRinger\u2122 to set daily reminders so you and your loved ones can be more mindful of your medication routines. Now with CareRinger Companion (medicine man), you can do more with your reminder calls.\n\n\u201cmedicine man\u201d can help you manage your medication reminders. It allows you to cancel the next reminder call when you don\u2019t really need one this time. When you are not sure if you have taken your medication, just ask medicine man. It will tell you if you have one or more reminder pending. If there is a pending reminder when you check, you know it\u2019s time for your medication. After you have taken your medication, just cancel the reminder and there will be no more reminder call until the next medication period. It\u2019s that simple.\n\nYour medicine man skill is more than a reminder. When you are in the middle of something and would like to postpone your reminder for another hour or so, you can reschedule your reminder call by simply canceling the next reminder and setting a new reminder at a future time in its place. It offers feelings of comfort and peace of mind to you and everyone involved.\n\nTake advantage of your Amazon Echo today!\nTo get started, you must enable this companion skill in your Alexa app and link the skill to your CareRinger account. When asked for your credentials, you must provide the registered CareRinger participant phone number and one designated-contact phone number specified in the CareRinger sign-up form.\n\nIf you do not have a CareRinger Account already, you need to register for the CareRinger service first. *** For information about CareRinger and how to complete the sign-up forms, please visit www.careringer.com . You can also contact support@careringer.com for assistance.\n\nExamples:\n\u201cAlexa, ask medicine man\u201d. \u2013 To check for your reminder status\n\u201cAlexa, ask medicine man to add a reminder for 3 hours.\u201d - To set up a new reminder (one shot)\nremind me in 30 minutes\u201d - To set a new reminder (interactive)\ncancel\u201d - To remove any pending reminder (interactive)\n\nDisclaimer:\nThe information in this skill is provided for informational and educational purposes only. It is not a substitute for professional medical advice, treatment or diagnosis. Call your doctor to receive medical advice. If you think you may have a medical emergency, please dial your local emergency response phone number.", "details": "Skill Details\nRated: Guidance Suggested.\nThis skill contains dynamic content.\nInvocation Name: medicine man\nDeveloper Privacy Policy\nDeveloper Terms of Use", "privacy_policy_href": "https://careringer.com/privacy-policy/"}, "QuickFit Workout": {"review-count": "13", "description": "Description\nQuickFit Workout is a perfect skill for getting some quick and randomized exercises in for the day at home! There's an arsenal of different exercises depending on what you want to do! Just ask Alexa to \"Start Quick Fit Workout.\" Each set provides an always randomized order of exercises to follow and will track reps for you per workout. Each exercise is proven to increase energy levels, improve metabolism, lower stress levels, and helps to burn fat. So why not!! do a QuickFit workout when you're bored or don't have enough time to go to the gym!!\n\nAt any point if you need a break, need to take phone call, or anything, you can always tell Alexa to pause and the skill will close and save where you left off. Upon opening Alexa will ask whether you finished your workout, and continue on from there! The Alexa Companion app is used with this skill, and can be found here:\n\nhere are IOS and Android Links,\nAndriod: https://play.google.com/store/apps/details?id=com.amazon.dee.app&hl=en\nIOS (Iphone): https://itunes.apple.com/us/app/amazon-alexa/id944011620?mt=8\n_________________________________________\nUpdate:\nThe Leaderboard was found to be slowing down QuickFit Workout's performance and will be in rework! It will return next update!\n_________________________________________\nFeatures:\n\nTo hear all commands, just say,\n-\"Alexa, show me all commands\"\n-\"Alexa, hear all commands\"\n-\"Alexa, tell me the commands\"\n\nSkips (Upto 3 skips allowed)\n-\"Alexa, Skip this workout\"\n-\"Skip this\"\n-\"Alexa, Skip that workout!\"\n\nQuick Mode - Shortens Alexa's pre workout phrases\nMusic Mode - turns music on/off\nWorkout Mode - changes workout from 16 to 8 (or vice versa) exercises\n\n_________________________________________\n\nMusic Credit:\nDrops of H2O ( The Filtered Water Treatment ) by J.Lang (c) copyright 2012 Licensed under a Creative Commons Attribution (3.0) license. http://dig.ccmixter.org/files/djlang59/37792 Ft: Airtone\n\nDrops of H2O (The filtered Water Treatment) by J.Lang was cut in 30 second intervals and implemented in this skill; the work was derived from its original", "details": "Skill Details\nThis skill contains dynamic content.\nInvocation Name: quick fit workout", "privacy_policy_href": ""}, "a Moment of Timber Wolves": {"review-count": "0", "description": "Description\na Moment of Timber Wolves, allows you a brief relaxation in a busy schedule. Repeat as necessary. Find more in the A Moment... series from AirPeacock.com", "details": "Skill Details\nThis skill contains dynamic content.\nInvocation Name: a moment of timber wolves", "privacy_policy_href": ""}, "My Willpower": {"review-count": "1", "description": "Description\nBased on a study about breaking bad habits, the following three steps help accelerate quitting.\nSTEP 1: Becoming aware (e.g. asking Alexa whether you should do it or not)\nSTEP 2: Observing the behavior from an outside perspective\nSTEP 3: Finding rewards that are more rewarding than the habitual activity\nThis skill is intended to walk you through these three steps, which will hopefully contribute to your journey in getting rid of bad habits. DISCLAIMER: This tool does not provide medical advice, and is for informational and educational purposes only, and is not a substitute for professional medical advice, treatment or diagnosis. Call your doctor to receive medical advice. If you think you may have a medical emergency, please dial your local emergency response phone number.\u201d", "details": "Skill Details\nRated: Guidance Suggested.\nThis skill contains dynamic content.\nInvocation Name: my willpower\nDeveloper Privacy Policy\nDeveloper Terms of Use", "privacy_policy_href": "https://nashprice.com/privacy-policy-mywillpower.php"}, "My Weight Loss Coach": {"review-count": "3", "description": "Description\nMy Weight Loss Coach is a skill that helps support healthy eating and exercise to help you reach your weight loss goal. It not only provides supportive feedback when you log your weight, but tracks exercise, both aerobic and strength training, and gives you coaching messages on exercise or healthy eating whenever you wish. The healthy eating coaching is matched to the time of day in your time zone. In other words, if you ask for healthy eating coaching in the morning, the message will be appropriate for breakfast or a morning snack.\n\nTo get started just take these two steps:\n1. Register your name\n2. Create your Weight Loss Plan by giving your starting weight, starting date, goal weight, goal date and time zone. The time zone allows healthy eating coaching to be coordinated with your time of day. So, for example, tips in the morning focus on breakfast or morning snacking.\n\nOnce you have registered and created a Weight Loss Plan, you can:\n\u2022 Log your weight. My Weight Loss Coach will log your weight and give you feedback on how you are doing compared to your last weigh-in.\n\u2022 Log your exercise, either aerobic or strength training.\n\u2022 Ask for coaching on healthy eating or exercise whenever you need it.\n\u2022 Ask for a progress report any time along the way.\n\nThe information in this skill is provided for informational and educational purposes only. It is not a substitute for professional medical advice, treatment, or diagnosis. Call your doctor to receive medical advice. If you think you may have a medical emergency, please dial your local emergency response phone number.\n\nCheck out this Demo on YouTube: https://youtu.be/p8EfiQdLU5w", "details": "Skill Details\nRated: Guidance Suggested.\nThis skill contains dynamic content.\nInvocation Name: my weight loss coach\nDeveloper Privacy Policy", "privacy_policy_href": "http://www.insightsforhealth.com/My_Weight_Loss_Coach.html"}, "Aikido Thoughts": {"review-count": "1", "description": "Description\nThe Aikido Thoughts skill speaks quotes from Dare to Tenkan - Thoughts on Aikido Training by Mary C. Eastland, 7th Dan.", "details": "Skill Details\nThis skill contains dynamic content.\nInvocation Name: aikido thoughts", "privacy_policy_href": ""}, "Squats Workout": {"review-count": "15", "description": "Description\nSquats Workout is a progressive daily workout designed to help you achieve a superior posterior. And strong quads and core, too.\n\nEach day builds on the previous workout and includes motivational messages to keep you engaged, on track, and disciplined. In no time at all, you'll gain strength, stamina, and an improved bottom line.", "details": "Skill Details\nThis skill contains dynamic content.\nInvocation Name: squats workout", "privacy_policy_href": ""}, "a Moment of San Francisco": {"review-count": "1", "description": "Description\na Moment of San Francisco, allows you a brief relaxation in a busy schedule. Repeat as necessary. Find more in the A Moment... series from AirPeacock.com", "details": "Skill Details\nThis skill contains dynamic content.\nInvocation Name: a moment of san francisco", "privacy_policy_href": ""}, "a Moment of Clocks": {"review-count": "1", "description": "Description\na Moment of Clocks, allows you a brief relaxation in a busy schedule. Repeat as necessary. Find more in the A Moment... series from AirPeacock.com", "details": "Skill Details\nThis skill contains dynamic content.\nInvocation Name: a moment of clocks", "privacy_policy_href": ""}, "MyDoctorFinder": {"review-count": "1", "description": "Description\nMyDoctorFinder from MyVoyce enables a user to find the contact information of physicians and major healthcare providers, including most specialists, near one's postal code location anywhere in the United States. When enabling this skill, a user must provide permissions for MyDoctorFinder to access the postal code of the Alexa device location and ensure that the Settings section of the companion Alexa phone all has the zip code populated. The skill does not require access to the full address information. The invocation phrase is \"doc finder\" and after launch a help is available. A typical example is \"find a gynecologist near me\" which will provide name, phone number and practice address of up to three gynecologists, sorted by distance, from the location. When pronouncing the specialist type, please speak slowly and distinctly, as some words sound similar - such as neurologist and urologist. When Doc Finder cannot match requested specialization with doctors, it will provide names of closest internal medicine professionals. The skill can help locate such medical providers when in need. The accuracy of any information is provided on a best efforts basis only and is not a medical advice or referral. More information on MyDoctorFinder can be found at www.myvoyce.com", "details": "Skill Details\nThis skill contains dynamic content.\nInvocation Name: doc finder\nDeveloper Privacy Policy", "privacy_policy_href": "http://www.myvoyce.com/privacypolicy.html"}, "The Walsh Wake Up": {"review-count": "9", "description": "Description\nThe Healthy Entrepreneur, Jennifer Walsh\u2019s morning, The Walsh Wake Up\n\nEach morning, you can start your day with a morning mantra to help guide you to be a healthy / mindful / thoughtful leader within your business, within your team, or within your community.\n\nKnown for her online video and podcast series called Walk with Walsh, Jennifer discusses what it means to be a healthy leader with Founders, CEO\u2019s, Innovators, Philanthropists, and all of those that are making an impact within their communities, as she walks through iconic Central Park. Jennifer was an early female founder in the late 90\u2019s with her creation of Beauty Bar and pioneered the way we shopped for beauty going forward.\n\n2018 marks her 20th year as an entrepreneur and creating new business ventures all along the way. With her 20th year as an entrepreneur, she has launched her 3rd business, Walsh Media Group, which is a tech, data, science and wellness platform using all that she has learned over the past 20 years in business and creating a fully involved media group tying together the importance of health / wellness / business in a very unique way.\n\nJennifer fully believes that a healthy business depends on healthy leadership. She also is a strong advocate for the health and healing benefits of walking in nature and what it does for the health of your brain. This is also why she conducts her interviews while walking in nature. We must truly walk the walk to be able to talk the talk.", "details": "Skill Details\nThis skill contains dynamic content.\nInvocation Name: the walsh wake up\nDeveloper Privacy Policy\nDeveloper Terms of Use", "privacy_policy_href": "https://www.freshdigitalgroup.com/privacy-policy-for-bots"}, "a Moment of Lonely Beach": {"review-count": "1", "description": "Description\nA Moment of Lonely Beach, allows you a brief relaxation in a busy schedule. Repeat as necessary. Find more in the A Moment...\" series from AirPeacock.com", "details": "Skill Details\nThis skill contains dynamic content.\nInvocation Name: a moment of lonely beach", "privacy_policy_href": ""}, "a Moment of Popcorn": {"review-count": "0", "description": "Description\nA Moment of Popcorn, allows you a brief relaxation in a busy schedule. Repeat as necessary. Find more in the A Moment...\" series from AirPeacock.com", "details": "Skill Details\nThis skill contains dynamic content.\nInvocation Name: a moment of popcorn", "privacy_policy_href": ""}, "a Moment of Desert Trains": {"review-count": "0", "description": "Description\nA Moment of Desert Trains, allows you a brief relaxation in a busy schedule. Repeat as necessary. Find more in the A Moment...\" series from AirPeacock.com", "details": "Skill Details\nThis skill contains dynamic content.\nInvocation Name: a moment of desert trains", "privacy_policy_href": ""}, "a Moment of Bubbles": {"review-count": "0", "description": "Description\nA Moment of Bubbles, allows you a brief relaxation in a busy schedule. Repeat as necessary. Find more in the A Moment... series from AirPeacock.com", "details": "Skill Details\nThis skill contains dynamic content.\nInvocation Name: a moment of bubbles", "privacy_policy_href": ""}, "Provo Air Quality": {"review-count": "2", "description": "Description\nWhat's the current air quality in Provo, Utah today? Open Provo Air Quality to find out.\n\nAir quality ratings: Good, Moderate, Unhealthy for Sensitive Groups, Unhealthy, Very Unhealthy, and Hazardous.\n\nAir quality reports pulled from the World Air Quality Index.", "details": "Skill Details\nThis skill contains dynamic content.\nInvocation Name: provo air quality", "privacy_policy_href": ""}, "a Moment of Partying": {"review-count": "0", "description": "Description\nA Moment of Partying, allows you a brief jolt in a busy schedule. Repeat as necessary. Find more in the A Moment... series from AirPeacock.com", "details": "Skill Details\nThis skill contains dynamic content.\nInvocation Name: a moment of partying", "privacy_policy_href": ""}, "a Moment of Distant Thunder": {"review-count": "1", "description": "Description\nA Moment of Distant Thunder, allows you a brief relaxation in a busy schedule. Repeat as necessary. Find more in the A Moment... series from AirPeacock.com", "details": "Skill Details\nThis skill contains dynamic content.\nInvocation Name: a moment of distant thunder", "privacy_policy_href": ""}, "a moment of More Purring": {"review-count": "0", "description": "Description\nA Moment of More Purring, allows you a brief relaxation in a busy schedule. Repeat as necessary. Find more in the A Moment...\" series from AirPeacock.com", "details": "Skill Details\nThis skill contains dynamic content.\nInvocation Name: a moment of more purring", "privacy_policy_href": ""}, "a Moment of Whales": {"review-count": "1", "description": "Description\nA Moment of Whales, allows you a brief relaxation in a busy schedule. Repeat as necessary. Find more in the A Moment...\" series from AirPeacock.com", "details": "Skill Details\nThis skill contains dynamic content.\nInvocation Name: a moment of whales", "privacy_policy_href": ""}, "Sleeping Sounds: Relax, Study or Meditate": {"review-count": "41", "description": "Description\nWith nearly 1/3rd of the American population suffering from sleep deprivation, low concentration of students towards more valuable things and living in a fast and busy city life has made everything hectic with no time to relax.\nThis skill will help you rejuvenate the soul, mind, and body.\nThese theme songs are played in a way that they will help you lighten your brain and help you sleep better or even help you in better concentration. Some of the sounds are composed by sleep the therapists and psychiatrists.\nSo, just try them out and if you like what you listen, make sure to leave a review and a rating.\n\nCurrently, there are 14 different sounds:\nto begin the playlist just say \"Alexa, open sleeping sounds\"\nOr to open a particular sound, say \"Alexa, ask sleeping sounds to play <Name_of_the_sound>\n\nNames of the sounds are:\n1. Fire\n2. Crystal\n(Sound of Chinese Crystal Bowl)\n3. Flute\n4. Car Journey\n5. Underwater\n6. Whale\n7. Wind\n(Windchime sound)\n8. Birds\n9. Waterfall\n10. Rainfall\n11. Universe\n12. Rain on roof\n13. Ocean\n14. Meditation\n(Om Sound)\n\nTry them out!\nMake a request for more relaxing sounds at apooos3@gmail.com", "details": "Skill Details\nThis skill contains dynamic content.\nInvocation Name: sleeping sounds", "privacy_policy_href": ""}, "Daybreak Yoga": {"review-count": "156", "description": "Description\nDo you find it difficult to get out of bed in the morning? This skill can help! This skill will give you some yoga poses to do while you are still in bed. It talks you through a routine designed to ease you out of your bed and into your day. It will keep providing yoga poses until you are ready to get out of bed.", "details": "Skill Details\nThis skill contains dynamic content.\nInvocation Name: daybreak yoga", "privacy_policy_href": ""}, "a moment of Purring": {"review-count": "0", "description": "Description\nA Moment of Purring, allows you a brief relaxation in a busy schedule. Repeat as necessary. Find more in the A Moment...\" series from AirPeacock.com", "details": "Skill Details\nThis skill contains dynamic content.\nInvocation Name: a moment of purring", "privacy_policy_href": ""}, "Daily baby update": {"review-count": "90", "description": "Description\nHow big is baby today? Is she a grape or a grapefruit?\n\nThis skill will you give you a daily update on the size of your baby and how much longer until your due date.\n\nThis skill does not provide medical advice, and is for informational and educational purposes only, and is not a substitute for professional medical advice, treatment or diagnosis. Call your doctor to receive medical advice. If you think you may have a medical emergency, please dial your local emergency response phone number.\n\nIcon made by Twitter from www.flaticon.com. Licensed by CC 3.0 BY", "details": "Skill Details\nThis skill contains dynamic content.\nInvocation Name: daily baby update", "privacy_policy_href": ""}, "Flu Tool": {"review-count": "3", "description": "Description\nSometimes it\u2019s hard to know if the aches and pains you are feeling might be the flu or something else. Use the Flu Tool to evaluate your symptoms and help determine if you might have the flu and should seek medical care.\n\nAlthough Alexa is not a doctor, her questions and suggestions were written by an expert Vanderbilt physician to help you decide when to seek care. They should not be used to replace recommendations of your own doctor or other healthcare provider.\n\nIf your symptoms change or you have any concerns at all, seek medical attention immediately.", "details": "Skill Details\nRated: Guidance Suggested.\nThis skill contains dynamic content.\nInvocation Name: flu tool\nDeveloper Privacy Policy\nDeveloper Terms of Use", "privacy_policy_href": "https://www.vanderbilthealth.com/main/23526"}, "Food Box": {"review-count": "13", "description": "Description\nThe Food Box skill is designed to help you quickly check the important facts about food, such as its macro ratios, health benefits and its potential side effects (cited from books, research paper, or other academic sources).\n\nSimply ask: \"Tell me about ...\", such as \"Tell me about apple\", the skill will respond with: \"One average-sized Apple, roughly 182g, contains around 95 calories, 0.5g of protein, 0.3g of fat, and 25g of carbohydrates. one average-sized Apple contains about 19g of sugar, in other words, around 10 percent of every apple is made up of sugar. apple is medium in sugar compared to other fruits.\"\n\nStudies have shown that many of health issues are the results of personal imbalances. Each food has its unique nutritional ratios, some contain more sugar, some contain less calories, some contain more starchy carbohydrates, etc. Research has shown marked improvements (in weight loss, energy increase, building muscle, joints pain elimination, etc) when individuals make appropriate dietary changes. The skill does not provide any medical advice. But it helps you learn more about our foods.\n\nDISCLAIMER: This skill does not provide medical advice, and is for informational and educational purposes only, and is not a substitute for professional medical advice, treatment or diagnosis. Call your doctor to receive medical advice. If you think you may have a medical emergency, please dial your local emergency response phone number.", "details": "Skill Details\nRated: Guidance Suggested.\nThis skill contains dynamic content.\nInvocation Name: food box", "privacy_policy_href": ""}, "a Moment of Monks": {"review-count": "0", "description": "Description\nA Moment of Monks, allows you a brief relaxation in a busy schedule. Repeat as necessary. Find more in the A Moment...\" series from AirPeacock.com", "details": "Skill Details\nThis skill contains dynamic content.\nInvocation Name: a moment of monks", "privacy_policy_href": ""}, "a Moment of Rain": {"review-count": "0", "description": "Description\nA Moment of Rain, allows you a brief relaxation in a busy schedule. Repeat as necessary. Find more in the \"A Moment of...\" series from AirPeacock.com", "details": "Skill Details\nThis skill contains dynamic content.\nInvocation Name: a moment of rain", "privacy_policy_href": ""}, "The Burpee Challenge": {"review-count": "3", "description": "Description\nBurpees are an intense full-body workout. Often regarded as one of the most effective exercises (and one of the most difficult), completing this challenge will get you in the best shape of your life! To win the challenge and get your name put on the leader boards, do 10,000 burpees within 100 days!\n\n\"Brace yourselves, burpees are coming!\"\n\n~Help~ (say these commands within the skill for additional features)\n-To log burpees manually \"Log Burpees\" or you could say \"Log X burpees\" where X is any number.\n-For high scores \"What are the high scores?\"\n-To reset the challenge \"Reset Challenge.\"\n\nDisclaimer: This is an intense workout. Please speak to a medical doctor before performing this challenge.", "details": "Skill Details\nThis skill contains dynamic content.\nInvocation Name: the burpee challenge", "privacy_policy_href": ""}, "Heal Me": {"review-count": "4", "description": "Description\nHeal Me\n-----------\n\nDesigned to help you get on a positive track in life and deal with issues such as stress and anxiety using guided meditation, which will walk you through. Start your access to treatments by saying:\n\nbegin treatment\n\nTo select subject to work on Stress, Hurt, Confidence, Esteem, Motivation, Fear, Anxiety and Illness, say:\n\nI want to work on <stress>\nI want to work on <hurt>\nI want to work on <confidence>\nI want to work on <esteem>\nI want to work on <motivation>\nI want to work on <fear>\nI want to work on <anxiety>\nI want to work on <illness>\n\nTo select a meditation difficulty level from one of the three (easy, medium, hard). An easier level might be less complex and less involved than a harder one, say:\n\nselect <easy> level\nselect <medium> level\nselect <hard> level\n\nTo navigate through the guided meditation you can move through the steps as follows by saying:\n\nnext\nback\n\nBe really grateful for feedback. We want to hear comments and suggestions and if you like this Alexa Skill, please rate it and review it. Please also realise, we are going to be working and continually update this skill, so if you there is something you want to include, please let us know by emailing us on healme@jelt.com\n\nDisclaimer\n\nThis tool does not provide medical advice, and is for informational and educational purposes only, and is not a substitute for professional medical advice, treatment or diagnosis. Call your doctor to receive medical advice. If you think you may have a medical emergency, please dial your local emergency response phone number.", "details": "Skill Details\nThis skill contains dynamic content.\nInvocation Name: heal me\nDeveloper Privacy Policy\nDeveloper Terms of Use", "privacy_policy_href": "http://www.epochventures.com/alexa-privacy/"}, "CareRinger Companion (check on me)": {"review-count": "0", "description": "Description\nCareRinger Companion (check on me) is an application to be used with the CareRinger service for telephone reassurance. You can use it to cancel your next check-in call from CareRinger by simply saying \u201cAlexa, ask check on me to cancel.\u201d When there is no pending check-in call, Alexa will respond \u201cNo pending check-in call found.\u201d\n\nYou can also use it to initiate a check-in call anytime when you need help from your designated-contact(s). Just say, \u201cAlexa, ask CHECK ON ME to call me now\u201d, or \u201cAlexa, ask CHECK ON ME to call me in 30 minutes.\u201d Depending on the set up, CareRinger will call at the time of your choosing. It may call more than once depending on the set-up. Your designated-contact will be notified when none of the calls are answered.\n\nTo begin, you need to register for the CareRinger service. For information about CareRinger and details to complete the sign-up forms, please visit www.careringer.com . You can also contact support@careringer.com for assistance.\n\nTo use the CareRinger (check on me) Companion, you must enable the companion skill and link the skill to your CareRinger account to activate the companion app. When asked, you must provide the CareRinger participant phone number and one designated-contact phone number specified in the CareRinger sign-up form for the check-up call.\n\nExamples:\n\n\u201cAlexa, ask CHECK ON ME to call now\u201d to initiate the next check-in call immediately\n\u201cAlexa, ask CHECK ON ME to call me in 2 hours\u201d to initiate the next check-in call in 2 hours\n\u201cAlexa, ask CHECK ON ME to cancel\u201d to cancel any pending check-in call", "details": "Skill Details\nRated: Guidance Suggested.\nThis skill contains dynamic content.\nInvocation Name: check on me\nDeveloper Privacy Policy", "privacy_policy_href": "https://careringer.com/privacy-policy/"}, "Five Minute Pushups": {"review-count": "15", "description": "Description\nFive minutes? Can you really build a strong chest, arms and core in a commercial break? One session of Five Minute Pushups and you'll amazed by what's possible!\n\nFive Minute Pushups is a fun, difficult, and effective pushup workout designed to maximize returns. It's the most bang for your buck that you can get when it comes to working out. (FYI - It's actually a little closer to seven minutes, but it was important that we include all the movements we did, as well as leave some ample time for rest between sets!)\n\nDISCLAIMER: Five Minute Pushups is NOT an easy workout! That's because it produces results. You'll be coached through the exercises and encouraged along the way, but you've got to give it your all. If you haven't done pushups before it will seem HARD at first. Keep at it though and you'll be surprised with how fast you are improving!\n\nIf you like this skill we would love it if you could drop us a nice review. A 5 star review goes a long way in helping us improve our product and bring you more free content!\n\nWe plan to expand and build many more workout skills for you to enjoy, so please let us know what you would like to see next.\n\nAny suggestions, questions, or bug reports are welcome at support@stokedskills.com. We'd love to hear all your feedback so we can continue to improve our skills. Enjoy!", "details": "Skill Details\nThis skill contains dynamic content.\nInvocation Name: five minute pushups", "privacy_policy_href": ""}, "Taking care of your breasts \u2014 Breast Cancer Care": {"review-count": "2", "description": "Description\nThe lifetime risk of a woman developing breast cancer is 1 in 8. So it's vital to check your breasts regularly for signs and symptoms of breast cancer.\n\nThis tool guides you through what changes and signs to look for.\n\nThis tool is for informational purposes only. The content and information are not a substitute for professional medical advice, diagnosis, or treatment. Always talk to your doctor or other qualified healthcare professional if you have questions about a medical condition. Never disregard professional medical advice or delay in seeking it because of information you have received through this skill.", "details": "Skill Details\nRated: Mature.\nThis skill contains dynamic content.\nInvocation Name: breast cancer care\nDeveloper Privacy Policy\nDeveloper Terms of Use", "privacy_policy_href": "https://www.breastcancercare.org.uk/privacy-cookies"}, "Page the PA": {"review-count": "1", "description": "Description\nVoice updates from Stephen aka Page the PA regarding PA school, medicine, clinical rotations, and more. The content presented is intended for PAs, PA students, pre-PAs, pre-meds, physicians, pharmacists, nurses, nurse practitioners, or anyone else interested in learning more about the PA profession and medicine.\n\nThis briefing is for informational and entertainment purposes only. There is no medical advice provided. If you have questions about your health or medical conditions please consult your physician or PA.", "details": "Skill Details\nFlash Briefing Skill\nThis skill contains dynamic content.\nDeveloper Privacy Policy\nDeveloper Terms of Use", "privacy_policy_href": "http://pagethepa.com/privacy-terms-of-use/"}, "GRCF-WOD": {"review-count": "1", "description": "Description\nThis skill fetches the WOD for Grassroots Crossfit from Beyond the Whiteboard. It can also handle requests for specfic dates.", "details": "Skill Details\nThis skill contains dynamic content.\nInvocation Name: grassroots crossfit", "privacy_policy_href": ""}, "Food Pal": {"review-count": "1", "description": "Description\nFoodpal gives you all the nutrition information about any food.\nFoodpal gives you how much calories are present in any food per quantity.\nFoodpal also gives you how much protein,fats are present in any food per quantity.\nJust say alexa ask foodpal for nutrition information", "details": "Skill Details\nThis skill contains dynamic content.\nInvocation Name: food pal", "privacy_policy_href": ""}, "Meditation Myth Buster": {"review-count": "1", "description": "Description\nA handful of wrong ideas keep some people from trying out or sticking with a daily meditation practice. You can turn to Meditation Myth Buster whenever you feel insecure or need a gentle and mindful kick in the pants.", "details": "Skill Details\nRated: Guidance Suggested.\nThis skill contains dynamic content.\nInvocation Name: meditation myth buster", "privacy_policy_href": ""}, "Boulder Bike Trails": {"review-count": "0", "description": "Description\nGet mountain biking trail closures and restrictions for Boulder, Colorado and the surrounding area. Includes Apex Park, Betasso Preserve, Centennial Cone, the Buffalo Creek area, sections of the Colorado Trail between Denver and Breckenridge, and many more.", "details": "Skill Details\nThis skill contains dynamic content.\nInvocation Name: boulder bike trails", "privacy_policy_href": ""}, "Tea House Meditations": {"review-count": "41", "description": "Description\nEnjoy a re-set moment that changes your whole day. Short meditations that can be enjoyed anytime. Every Tea House meditation is under 5 minutes.\n\nIn our often hurried, always-connected world, we could all use a little refreshing of the mind.\n\nEnjoy expertly-crafted experiences brought to you by the Pure Leaf Tea House Collection. Try Relax, Happy, Focus, Energize, and unlock hidden meditations.\n\nPure Leaf. Our Thing is Tea.", "details": "Skill Details\nRated: Guidance Suggested.\nThis skill contains dynamic content.\nInvocation Name: teahouse meditations", "privacy_policy_href": ""}, "Kenpo Buddy": {"review-count": "1", "description": "Description\nKenpo Buddy is your own personal encyclopedia of Ed Parker's American Kenpo techniques and forms. Ask Kenpo Buddy about any technique to learn about the attack it defends against, which belt it is required for, and even a step-by-step guide to executing the technique. Like most things Kenpo, this information presented by this skill is not authoritative; you may have learned certain techniques slightly differently, but the principles remain the same. If Kenpo buddy doesn't know a skill, check back later, since more are being added every day!", "details": "Skill Details\nRated: Guidance Suggested.\nThis skill contains dynamic content.\nInvocation Name: kenpo buddy", "privacy_policy_href": ""}, "Smart Doctor": {"review-count": "4", "description": "Description\nSmart Doctor is a fact skill that gives different 'smart' health tips from its bank of tips each time it is invoked. For example you can say any of the following to get Smart Doctor to give you a new tip:\nAlexa, ask Smart Doctor for a tip\nAlexa, ask Smart Doctor for a health tip\nAlexa, ask Smart Doctor to tell me a tip\nAlexa, ask Smart Doctor to tell me a health tip\nAlexa, ask Smart Doctor to give me a tip\nAlexa, ask Smart Doctor to give me a health tip\n\nThis tool does not provide medical advice, and is for informational and educational purposes only, and is not a substitute for professional medical advice, treatment or diagnosis. Call your doctor to receive medical advice. If you think you may have a medical emergency, please dial your local emergency response phone number.", "details": "Skill Details\nRated: Guidance Suggested.\nThis skill contains dynamic content.\nInvocation Name: smart doctor\nDeveloper Privacy Policy\nDeveloper Terms of Use", "privacy_policy_href": "http://www.smart-assist.co/privacy.html"}, "Indian Meditation": {"review-count": "6", "description": "Description\nIndian Meditation is your ultimate go to for meditation music that helps you relax and reach your inner soul. We have a collection of Indian instrumental music that will help you focus on meditating. Included Instruments include:\n\n\nFlute Music : \"Indian Flute\"\nSitar Music : \"Indian Sitar\"\nVeena Music: \"Indian Veena\"\n\n\n\n\nIf you like our skill, please give us a 5-star rating and an awesome review. If you are less than fully satisfied with the skill, please give us a chance to fix it by telling us more about it at nilaypatel044@gmail.com.", "details": "Skill Details\nThis skill contains dynamic content.\nInvocation Name: indian meditation", "privacy_policy_href": ""}, "Seattle Mama Doc Message": {"review-count": "1", "description": "Description\nPediatrician Dr. Wendy Sue Swanson, Chief of Digital Innovation and author of the Seattle Mama Doc Blog uses her voice to translate science to the public.\n\nThis flash briefing will be updated weekly and highlight current events, what\u2019s new in pediatrics, inspiration, resources she loves and lessons she's learned throughout her career.", "details": "Skill Details\nFlash Briefing Skill\nThis skill contains dynamic content.\nDeveloper Privacy Policy\nDeveloper Terms of Use", "privacy_policy_href": "http://www.seattlechildrens.org/terms-of-use/"}, "Sentara CarePlex Hospital Maternity Services": {"review-count": "0", "description": "Description\nSentara Baby is a custom skill by Sentara Healthcare that not only provides voice responses, it provides unique details about the Sentara CarePlex Family Maternity Center(cafeteria, hospital services and more).", "details": "Skill Details\nThis skill contains dynamic content.\nInvocation Name: sentara baby\nDeveloper Privacy Policy\nDeveloper Terms of Use", "privacy_policy_href": "https://www.sentara.com/hampton-roads-virginia/policies-and-agreements/privacy-policy/sentara.com-privacy-statement.aspx"}, "oy vey": {"review-count": "0", "description": "Description\nDeclare an Oy situation for my users. Oy situation can be Oy red Oy green or Oy Yellow\n\nThis is for spouse to declare Red (hungry) or Green (OK) situations", "details": "Skill Details\nThis skill contains dynamic content.\nInvocation Name: oy vey", "privacy_policy_href": ""}, "Meal Prep": {"review-count": "8", "description": "Description\nTake the guesswork out of your diet, and let Alexa prep your meals for you!\n\nNo more expensive food systems, no more wasted produce. Simply tell Alexa your preferences (calories, macros, snack option, dessert option, food allergies, budget option), and Alexa will design a customized 3 to 5 day meal plan for you. Print your complete meal plan, shopping list, recipes, and instructions FREE from the website ActualCalorie.com\n\nYou will be given a Meal Code after you set your preferences. The Meal Code can be used at ActualCalorie.com. Go to ActualCalorie.com, click on the \"Meal Prep\" skill, and use your code. It's that simple!\n\nPlease leave feedback in the comments below on how to improve this skill! More foods / recipes will be added weekly.\n\nDisclaimer: Please speak with a medical doctor before starting a new diet. This skill is for entertainment purposes only and should not be used in replace of medical advice. There is no guarantee the food allergy setting will always be 100% accurate. We will do our best to ensure foods with allergens are filtered out, but please do not rely on this skill for that entirely. Please check the labels of your foods.", "details": "Skill Details\nThis skill contains dynamic content.\nInvocation Name: meal prep", "privacy_policy_href": ""}, "NBC News Radio: Health": {"review-count": "0", "description": "Description\nA one-minute health news summary from NBC News Radio. Updated daily.\n\nAfter enabling this skill, say \u201cAlexa, what\u2019s my flash briefing\u201d or \u201cAlexa, what\u2019s in the news\u201d to hear NBC News Radio content in your flash briefing.\n\nGo to Settings in your Alexa app and find \u201cFlash Briefing\u201d to edit the order of content feeds in your news update.\n\nThe information in this skill is provided for informational and educational purposes only.", "details": "Skill Details\nFlash Briefing Skill\nThis skill contains dynamic content.\nDeveloper Privacy Policy\nDeveloper Terms of Use", "privacy_policy_href": "https://www.iheart.com/content/privacy-and-cookie-notice/"}, "Withings Health Mate": {"review-count": "114", "description": "Description\nNow your voice can help you manage your health and fitness.\n\nIf you use Withings Health Mate, adding this Alexa Skill is an easy way to up your motivation or simply check in with progress you\u2019ve made. Just ask Alexa about your weight trends, how you slept last night, or ask for stats about your activity. If you\u2019re looking to stay in the know without picking up your phone, Alexa can be there for you to tell you how you\u2019re doing and how you\u2019ve done by the day, week, or year.\n\nDon't have the Withings Health Mate app yet? No worries, you can download it now on the App Store or on the Play Store and start tracking your activity with your phone or manually entering data.\n\nNote: Alexa and Amazon, Inc. do not store or retain your Health data, but voice interactions associated with your Amazon account may contain your Withings Health Mate data.", "details": "Skill Details\nRated: Guidance Suggested.\nThis skill contains dynamic content.\nInvocation Name: nokia\nDeveloper Privacy Policy\nDeveloper Terms of Use", "privacy_policy_href": "https://www.withings.com/legal/privacy-policy"}, "Fire Safety Tip of the Day": {"review-count": "2", "description": "Description\nFire Safety Tip Of The Day adds a tip to help protect you, your loved ones, belongings from fire several times each week. In the United States on average Fire Departments across the country respond to more than 1000 residential fires and more than 7 people are killed and 32 are injured in fires every day. Make your family just a little safer by making Fire Safety Tip Of The Day part of your daily flash briefing.", "details": "Skill Details\nFlash Briefing Skill\nThis skill contains dynamic content.", "privacy_policy_href": ""}, "Balanced Running": {"review-count": "1", "description": "Description\nThe best running tips from World-Ranked and all-American track athlete, Tina Klein. Expert advice from Tina Klein herself, to be your best runner.\n\nAsk Tina for:\n-this week's tip\n-how to get started\n-injury prevention advice\n-random tip\n\nThis skill does not provide medical advice, and is for informational and educational purposes only, and is not a substitute for professional medical advice, treatment or diagnosis. Call your doctor to receive medical advice. If you think you may have a medical emergency, please dial your local emergency response phone number.", "details": "Skill Details\nRated: Guidance Suggested.\nThis skill contains dynamic content.\nInvocation Name: balanced running", "privacy_policy_href": ""}, "Holiday Chill": {"review-count": "11", "description": "Description\nThe holidays are stressful. With this Alexa skill, Jack Frost is here to spread some holiday chill. Zen-out with a Jack Frost guided meditation session or relax with the sounds of winter and have a happy, healthy holiday.", "details": "Skill Details\nThis skill contains dynamic content.\nInvocation Name: holiday chill", "privacy_policy_href": ""}, "My Doctor Discussion": {"review-count": "1", "description": "Description\nThis is an Alexa skill that allows a user to obtain basic information on hundreds of diseases, illnesses and health conditions. The user invokes the skill to get information on a particular condition and the user has the option to receive more information on the condition via SMS. To get the information, the user just has to say \"Alexa, ask my doctor\" and then follow the prompts.\n\nDisclaimer: The information provided is for informational and for educational purposes only and it is not a substitute for advice from a medical professional.", "details": "Skill Details\nRated: Guidance Suggested.\nThis skill contains dynamic content.\nInvocation Name: my doctor discussion\nDeveloper Privacy Policy\nDeveloper Terms of Use", "privacy_policy_href": "http://xreach.io/privacy-policy/"}, "Boulder Bike Trail Status": {"review-count": "0", "description": "Description\nAs part of your flash briefing, get mountain biking trail closures and restrictions for Boulder, Colorado and the surrounding area. Includes scheduled and temporary closures for Apex Park, Betasso Preserve, Centennial Cone, and many more.", "details": "Skill Details\nFlash Briefing Skill\nThis skill contains dynamic content.", "privacy_policy_href": ""}, "QCFORC Trail Status": {"review-count": "4", "description": "Description\nCheck the trails before you go mountain biking or hiking. QC FORC Trail Status checks the QC FORC web page for the status of all of the trails it maintains in the Quad Cities. It can provide the status of any park or just let you know what is open.", "details": "Skill Details\nThis skill contains dynamic content.\nInvocation Name: q. c. fork", "privacy_policy_href": ""}, "Ultrasignup": {"review-count": "1", "description": "Description\nThis skill looks up the address your Amazon device and then uses that to find ultra marathon races near your location in the next 12 months. You can ask for a specific ultramarathon distance by providing a distance code such as 7 for a 100 mile run or 6 for a 100K run.", "details": "Skill Details\nRated: Guidance Suggested.\nThis skill contains dynamic content.\nInvocation Name: ultra signup\nDeveloper Privacy Policy", "privacy_policy_href": "https://sites.google.com/bhasin.in/ultrasignup-alexa-skill/home"}, "HOSA Health Tips": {"review-count": "6", "description": "Description\nHealth Literacy across the world is at an all time low and my group members and I would like, in a joint partnership with the Dallas MRC, to do our part as HOSA members to change this. All of the statements are true and verified by the Dallas Area MRC.\n\nDISCLAIMER:This tool does not provide medical advice, and is for informational and educational purposes only, and is not a substitute for professional medical advice, treatment or diagnosis. Call your doctor to receive medical advice. If you think you may have a medical emergency, please dial your local emergency response phone number.", "details": "Skill Details\nThis skill contains dynamic content.\nInvocation Name: health tips\nDeveloper Privacy Policy\nDeveloper Terms of Use", "privacy_policy_href": "https://www.dropbox.com/s/rfh8nxv05a7l0e2/Alexa%20App%20Privacy%20Policy.pdf?dl=0"}, "Om meditation": {"review-count": "14", "description": "Description\nThis skill plays the Om 21 times along with melodious sounds from nature. Listen to this to relax and soothe your senses.", "details": "Skill Details\nThis skill contains dynamic content.\nInvocation Name: om recital", "privacy_policy_href": ""}, "Fitwell": {"review-count": "0", "description": "Description\nI am your smart fitness coach. I am here to help you reach your fitness goal and have fun doing it. I adapt and learn from you. I realise life sometimes gets in the way, but don\u2019t worry, you are not alone.", "details": "Skill Details\nRated: Guidance Suggested.\nThis skill contains dynamic content.\nInvocation Name: fit well\nDeveloper Privacy Policy", "privacy_policy_href": "https://www.fitwell.co/privacy/"}, "beauty facts": {"review-count": "0", "description": "Description\nThe skill simply helps you to stay beautiful by giving u suggestion through a fact.", "details": "Skill Details\nThis skill contains dynamic content.\nInvocation Name: beauty facts", "privacy_policy_href": ""}, "AIDSinfo News": {"review-count": "0", "description": "Description\nAIDSinfo News has information related to content on our website and other resources. Content is intended for both providers and patients. News is provided by AIDSinfo under the U.S. National Institutes of Health.\n\nThis tool does not provide medical advice, and is for informational and educational purposes only, and is not a substitute for professional medical advice, treatment or diagnosis. Call your doctor to receive medical advice. If you think you may have a medical emergency, please dial your local emergency response phone number.", "details": "Skill Details\nFlash Briefing Skill\nThis skill contains dynamic content.\nDeveloper Privacy Policy", "privacy_policy_href": "https://aidsinfo.nih.gov/privacy-policy"}, "Disaster Health News": {"review-count": "0", "description": "Description\nDisaster Health News provides you with the latest disaster health information related news. News is provided by the Disaster Information Management Research Center at the U.S. National Library of Medicine and the U.S. National Institutes of Health.", "details": "Skill Details\nFlash Briefing Skill\nThis skill contains dynamic content.", "privacy_policy_href": ""}, "Cleveland Clinic Tip of the Day": {"review-count": "12", "description": "Description\nGet a daily health tip from Cleveland Clinic. Why should you drink lemon water? What are the worst diet mistakes? Need a natural cure for insomnia?\n\nCleveland Clinic is a nonprofit, multispecialty academic medical center and the No. 2-ranked hospital in the nation by U.S. News & World Report. Our experts offer trusted advice on health, wellness and nutrition for the whole family.\n\nOur health tips are for informational purposes only and should not be relied upon as medical advice. They are not been designed to replace a physician\u2019s medical assessment and medical judgment. Always consult first with your physician about anything related to your personal health.", "details": "Skill Details\nFlash Briefing Skill\nThis skill contains dynamic content.\nDeveloper Privacy Policy\nDeveloper Terms of Use", "privacy_policy_href": "https://my.clevelandclinic.org/about/website/privacy-security?_ga=2.132222926.1783256238.1508372542-1717183206.1497019420"}, "Crossfit 353 WOD": {"review-count": "1", "description": "Description\nFind out what the workout of the day (WOD) is at the Crossfit 353 Box in Dublin, Ireland", "details": "Skill Details\nThis skill contains dynamic content.\nInvocation Name: crossfit three five three", "privacy_policy_href": ""}, "Make Me Smile Daily": {"review-count": "4", "description": "Description\nMake Me Smile Daily offers a fun fact to bring a smile to your face or even a laugh, every day of the year. There are 366 fun facts in all, so you're even covered in a Leap Year! Examples:\n\nElvis Presley's manager sold I Hate Elvis buttons as a way to make money from people who weren't buying Elvis merchandise.\n\nThe cat at the Prime Minister's residence in England holds the title of Chief Mouser to the Cabinet Office.", "details": "Skill Details\nFlash Briefing Skill\nThis skill contains dynamic content.", "privacy_policy_href": ""}, "Nutrition Info": {"review-count": "2", "description": "Description\nThis skill will tell you the amount of sodium in food.", "details": "Skill Details\nThis skill contains dynamic content.\nInvocation Name: nutrition info", "privacy_policy_href": ""}, "leads health": {"review-count": "0", "description": "Description\nCurrent digital healthcare trend information provided by Leads Health", "details": "Skill Details\nThis skill contains dynamic content.\nInvocation Name: leads health", "privacy_policy_href": ""}, "Everblossom Holistic Wellness": {"review-count": "2", "description": "Description\nEverblossom shares education and inspiration for those looking to live a holistic, positive lifestyle. Learn what's new in the wellness world.", "details": "Skill Details\nFlash Briefing Skill\nRated: Guidance Suggested.\nThis skill contains dynamic content.", "privacy_policy_href": ""}, "Focus Word Daily": {"review-count": "2", "description": "Description\nFocus Word Daily brings the popular Focus Word Alexa skill to your daily Flash Briefing. Each day you'll an inspirational word along with a brief statement about the word to serve as a point of focus you can use during meditation, or as a touchstone throughout the day. There are 70 unique messages in all, and they cycle in order throughout the year.\n\nFor example: Optimism. When you look for the good you will always find it. Today, focus on optimism.", "details": "Skill Details\nFlash Briefing Skill\nThis skill contains dynamic content.", "privacy_policy_href": ""}, "Hu-Friedy Sharpening Assistant": {"review-count": "2", "description": "Description\nWith the Hu-Friedy Sharpening Assistant, keeping your dental instruments sharp is easy! Dental professionals now have a simple educational tool which can walk them through the step-by-step instructions for sharpening any Hu-Friedy scaler or curette.\nStart by saying saying \u201cAlexa, open Hu-Friedy Sharpening Assistant\u201d. Once the skill is launched, this will trigger the welcome menu and let you choose what instrument you would like to sharpen. The Hu-Friedy Sharpening Assistant recognizes all Hu-Friedy part numbers. If you don\u2019t know the exact part number, you can say the type of instrument such as sickle scaler, universal curette, or Gracey curette. Then, follow along with all the sharpening steps! On video enabled Echo devices, you can watch sharpening video tutorials by using voice command \u201cvideo\u201d.\nSome additional voice commands accepted by the skill are:\n\u2022 \u201cPause\u201d to stop mid-step\n\u2022 \u201cRepeat\u201d to listen the sharpening step again\n\u2022 \u201cGo back to Step [X]\u201d to return to any previous step you\u2019ve already listened too\n\u2022 \u201cNext\u201d to listen to the following step\n\u2022 \u201cSharpen Another Instrument\u201d to begin sharpening a different Hu-Friedy scaler or curette\n\n**Keep in mind that the Hu-Friedy Sharpening Assistant is not a substitute for using professional judgment as a dental health-care provider in the safe use of a dental instrument that has a limited life.", "details": "Skill Details\nThis skill contains dynamic content.\nInvocation Name: hu friedy sharpening assistant", "privacy_policy_href": ""}, "Five Minute Abs": {"review-count": "2", "description": "Description\nGet fit with Alexa! Nikki, your instructor, will provide you with her workout routine to get you fit in just 5 minutes a day!\n\n\n** How To Use**\nTo use Five Minute Abs, start the skill by saying \"Alexa, open Five Minute Abs\". The first launch will introduce you to Nikki, your instructor.\nStick your favourite music on and follow along with her routine!\n\n**Suggestions / Feedback**\nIn order to make Five Minute Abs the best skill it can be, we want your feedback! Have a suggestion for a different routine? For any additional features you'd like to see? Email your thoughts to liamsorta+fiveminuteabs@gmail.com !\n\n**Ratings**\nEnjoying Five Minute Abs? If so, it would mean a great deal if you left us a 5-star review!", "details": "Skill Details\nRated: Guidance Suggested.\nThis skill contains dynamic content.\nInvocation Name: five minute abs", "privacy_policy_href": ""}, "HiMirror": {"review-count": "10", "description": "Description\nHiMirror Voice Assistant (V3.2) can help you easily perform many HiMirror functions. You can say :\n\n- What is my skin overview? You can also say, what is my HiSkin or body overview? (If you have the HiSkin or Smart Body Scale)\n- How about my pores, fine lines, weight and hydration ? (There are many other factors you can try. Just ask Alexa but pick one topic at a time!)\n- Start skin/body/hiskin measurement.\n- Turn on makeup light. Increase or decrease the brightness. Set the brightness level to 1 ~ 4\n- Add the product into BeautyBox\n- How do I contact HiMirror Customer Service?\n- But that\u2019s not all! We created some surprising content for you to explore with HiMirror. Treat HiMirror and Alexa as your best friend and best beauty consultant.\n\nGETTING STARTED:\n\nThis HiMirror custom Alexa feature is dedicated for the Alexa-enabled HiMirror models. To access full functionality of this feature, you must have the \"HiMirror Plus +\" (Device) or newer model to interact with HiMirror products by Alexa. If you have the \"HiMirror or HiMirror Plus\", you can find your historical skin scores and other definitive questions without controlling functions via voice or other Echo device.\n\nIf you would like to get this HiMirror feature, please click the \"Enable\" bottom and then complete the \"Account Linking\" procedure. Please enter your HiMirror account which you registered when you first purchased your HiMirror on the HiMirror official website. (https://www.himirror.com/)\n\n\nTo find out more product usage information and additional Help, please visit the HiMirror official website : https://www.himirror.com/support/Help\n\n\nDisclaimer:\nThis feature does not provide medical advice, and is for informational and educational purposes only. It is not a substitute for professional medical advice, treatment or diagnosis. Contact your doctor to receive medical advice. If you think you may have a medical emergency, please dial your local emergency response phone number.", "details": "Skill Details\nRated: Guidance Suggested.\nThis skill contains dynamic content.\nInvocation Name: hi mirror\nDeveloper Privacy Policy\nDeveloper Terms of Use", "privacy_policy_href": "https://www.himirror.com/us_en/policy"}, "My Gym Angel": {"review-count": "1,099", "description": "Description\nStart every morning by saying, \"Alexa, open My Gym Angel.\" Gathered from Pinterest and Instagram, these motivational quotes will give you the extra push you need to get up and get moving on days when you really need it. Geared towards body builders, power lifters and cross fitters, these quotations target those who are serious about health and fitness, but who sometimes need a little extra motivation for those 5:30am workouts.", "details": "Skill Details\nRated: Guidance Suggested.\nThis skill contains dynamic content.\nInvocation Name: my gym angel", "privacy_policy_href": ""}}