{"improvised vanilla french toast": {"review-count": "0", "description": "Description\nThis skill will teach you how to make french toast out of snack food, for those times that you've run out of bread.", "details": "Skill Details\nThis skill contains dynamic content.\nInvocation Name: toastless toast", "privacy_policy_href": ""}, "New Wines": {"review-count": "0", "description": "Description\nThis skill provides updates on the latest news on wines.", "details": "Skill Details\nFlash Briefing Skill\nThis skill contains dynamic content.\nDeveloper Privacy Policy\nDeveloper Terms of Use", "privacy_policy_href": "https://vinepair.com/privacy-policy/"}, "Cupcake in a cup": {"review-count": "0", "description": "Description\nStep by step instructions on how to bake a personal cupcake in a cup, from scratch, in your microwave, ready to eat in under two minutes. Results may be comparable in texture, moistness, and taste to oven-baked cupcake-brownies.", "details": "Skill Details\nThis skill contains dynamic content.\nInvocation Name: cupped cake", "privacy_policy_href": ""}, "Office Lunch": {"review-count": "1", "description": "Description\nOffice lunches can turn into a stress-inducing bummer when you spend half of your morning '\"slacking\" with the team about where to head for lunch. Travis wants Mexican and Brent insists on a nicoise salad -- so how do you make a decision without starting a food fight? Enter the Office lunch Alexa skill. Enable the skill and say, \"Alexa, ask Office Lunch where should we go for lunch today?\" You'll receive one final answer, no arguments allowed. The first person who suggests a different option, pays the tip.\n\nOnce you know the type of food you're looking for, use Amazon's Alexa (no specific skill required) to find the closest match near you. \"Alexa, where can I find the nearest Mexican restaurant?\"\n\nLooking for more Amazon Alexa tips, news, and how-to's? Join the dedicated Facebook group: bit.ly/AlexaNews", "details": "Skill Details\nThis skill contains dynamic content.\nInvocation Name: office lunch", "privacy_policy_href": ""}, "Menu of the Day": {"review-count": "0", "description": "Description\nFind out the menu for any of Rice's six serveries!\n\nThe menus are constantly updated to the upcoming menu for the day at each of the serveries: North, South, West, Baker, Sid, and Seibel.\n\nSo what are you waiting for? Ask Menu of the Day about what's being served at any of the serveries so that you can always make the best decision about which servery to go to!", "details": "Skill Details\nThis skill contains dynamic content.\nInvocation Name: menu of the day", "privacy_policy_href": ""}, "Mongolian beef to go": {"review-count": "0", "description": "Description\nDirections on how to make your own delicious mongolian beef dinner.", "details": "Skill Details\nThis skill contains dynamic content.\nInvocation Name: mongolian beef", "privacy_policy_href": ""}, "Pizza Suggestor": {"review-count": "1", "description": "Description\nMamma mia! Pizza Suggestor is a skill to help you decide on a type of pizza order.\n\nYou can say:\n\n\"Alexa, open Pizza Suggestor\"\n\"Alexa, start Pizza Suggestor\"\n\"Alexa, launch Pizza Suggestor\"\n\nPlease leave a 5-star review if you love this skill. Your 5-star reviews encourage us to keep making more great skills, thanks!", "details": "Skill Details\nRated: Guidance Suggested.\nThis skill contains dynamic content.\nInvocation Name: pizza suggestor\nDeveloper Privacy Policy", "privacy_policy_href": "https://getstoryline.com/public/privacy.html"}, "Cocktail Lookup": {"review-count": "0", "description": "Description\nYou are able to choose from a common list of cocktails: Martini, Old Fashioned, Rum and Coke, or Margarita.", "details": "Skill Details\nRated: Mature.\nThis skill contains dynamic content.\nInvocation Name: cocktail database", "privacy_policy_href": ""}, "New Orleans Foodie": {"review-count": "1", "description": "Description\nNew Orleans Foodie is a skill that gives exciting and mouth-watering breakfast, lunch, and dinner selections. Every week, we surprise you with a new dish that will make your adventures in food heaven much more memorable.\n\nTo hear one of our suggestions, just say:\n\n\"Alexa, open New Orleans Foodie\"\n\"Alexa, ask New Orleans Foodie what's for breakfast\"\n\"Alexa, ask New Orleans Foodie what's for lunch\"\n\"Alexa, ask New Orleans Foodie what's for dinner\"\n\nPlease leave a 5-star review if you love this skill, or send us an email with your suggestions at brfoodie@gmail.com. Your 5-star reviews encourage us to keep making more great skills, thanks!", "details": "Skill Details\nRated: Guidance Suggested.\nThis skill contains dynamic content.\nInvocation Name: new orleans foodie\nDeveloper Privacy Policy", "privacy_policy_href": "https://getstoryline.com/public/privacy.html"}, "Recipe Race": {"review-count": "1", "description": "Description\nRecipe Race is a skill game that will walk you step-by-step through a recipe. You'll be challenged to go find an ingredient or complete an instruction to get to the next step of the recipe.\n\nYou'll never know exactly how much time you have for each step, so don't dally - you have to keep up the pace to win the race. If you successfully complete all the steps, you'll receive a large helping of lukewarm praise while you enjoy the delicious dish you just created.\n\nSteps are peppered with musical interludes, stories, bad jokes and various snarky comments. Who says cooking has to be so serious? If only Julia Child had invoked the power of Grayskull more often...\n\nYou can say:\n\n\"Alexa, open Recipe Race\"\n\"Alexa, start Recipe Race\"\n\"Alexa, launch Recipe Race\"\n\nPlease leave a 5-star review if you love this skill. Your 5-star review will encourage us to add more recipe choices in the future. Thanks!", "details": "Skill Details\nRated: Guidance Suggested.\nThis skill contains dynamic content.\nInvocation Name: recipe race\nDeveloper Privacy Policy", "privacy_policy_href": "https://getstoryline.com/public/privacy.html"}, "Galveston Beach Fun and Food Guide": {"review-count": "0", "description": "Description\nThe Galveston Beach Guide is a custom skill intended to share the favorite spots of a frequent traveler to Galveston Beach Texas. Whether you have vacationed to the area for years, are new to the gulf island community or are just passing through, we have all the best spots at Galveston Beach curated into one handy resource. Check it out and we hope you enjoy a little food and fun in our favorite vacation spots at Galveston Beach!", "details": "Skill Details\nThis skill contains dynamic content.\nInvocation Name: galveston beach guide", "privacy_policy_href": ""}, "Whiskey Fact": {"review-count": "1", "description": "Description\nTells you random facts about whiskeys.", "details": "Skill Details\nRated: Mature.\nThis skill contains dynamic content.\nInvocation Name: whiskey fact", "privacy_policy_href": ""}, "Beer Dex": {"review-count": "0", "description": "Description\nBeer dex defines common types of beers, such as ciders, ales, and lagers. It also can name certain styles of beers, such as dark beers, cream beers, and strong beers.", "details": "Skill Details\nRated: Mature.\nThis skill contains dynamic content.\nInvocation Name: beer dex", "privacy_policy_href": ""}, "Spicy Boi": {"review-count": "2", "description": "Description\nUnsure of whether the spice in your cabinet will be a good addition to your dish? Just ask Spicy Boi if your spice can work with the meat in your meal. He can also give you a number of spices to consider adding to your meal.", "details": "Skill Details\nThis skill contains dynamic content.\nInvocation Name: spicy boy", "privacy_policy_href": ""}, "Nordeast Brewers Alliance Happenings": {"review-count": "0", "description": "Description\nGet information from Minneapolis home brew club, the Nordeast Brewers Alliance. Brewing, tap rooms, barrels, events, all of it will be here.", "details": "Skill Details\nFlash Briefing Skill\nThis skill contains dynamic content.", "privacy_policy_href": ""}, "BBQ wood facts": {"review-count": "0", "description": "Description\nEach day a new tip for BBQ and grilling enthusiasts. Learn which woods are best, which woods are worst, and fun facts along the way!", "details": "Skill Details\nFlash Briefing Skill\nThis skill contains dynamic content.", "privacy_policy_href": ""}, "Galveston Food & Fun Guide": {"review-count": "1", "description": "Description\nThe Galveston Guide is a custom skill intended to share the favorite spots of a frequent traveler to Galveston Texas. Whether you have vacationed to the area for years, are new to the gulf island community or are just passing through, we have all the best spots in Galveston curated into one handy resource. Check it out and we hope you enjoy a little food and fun in our favorite vacation spots in Galveston!", "details": "Skill Details\nThis skill contains dynamic content.\nInvocation Name: galveston guide", "privacy_policy_href": ""}, "Cookie Recipe": {"review-count": "1", "description": "Description\nAlexa can help you with recipe instructions when your hands are messy.", "details": "Skill Details\nThis skill contains dynamic content.\nInvocation Name: cookie recipe", "privacy_policy_href": ""}, "Cup of Joy": {"review-count": "0", "description": "Description\nOn a cold winter night, snuggle up with a warm throw and a hot cup of joy!\nLearn how to make -\n*Ginger chai\n*Masala tea\n*Hot chocolate\n*Turmeric milk", "details": "Skill Details\nThis skill contains dynamic content.\nInvocation Name: cup of joy", "privacy_policy_href": ""}, "Yummy Breakfast Suggestions": {"review-count": "1", "description": "Description\nThis skill will help you decide what to eat for breakfast!\n\nAsk me where you should go for breakfast.", "details": "Skill Details\nThis skill contains dynamic content.\nInvocation Name: yummy breakfast suggestions", "privacy_policy_href": ""}, "New Orleans Eats": {"review-count": "0", "description": "Description\nNew Orleans Eats is a skill that gives exciting and mouth-watering breakfast, lunch, and dinner selections.\n\nPlease leave a 5-star review if you love this skill, or send us an email with your suggestions at brfoodie@gmail.com. Your 5-star reviews encourage us to keep making more great skills, thanks!", "details": "Skill Details\nFlash Briefing Skill\nThis skill contains dynamic content.", "privacy_policy_href": ""}, "Pick my dinner": {"review-count": "225", "description": "Description\nAlways having trouble deciding what to eat friday night? Or out of ideas for fun things to do?\n\nFeel free to ask away!", "details": "Skill Details\nThis skill contains dynamic content.\nInvocation Name: pick my dinner", "privacy_policy_href": ""}, "Indianola Eats": {"review-count": "0", "description": "Description\nSuggests places to eat in Indianola, Iowa", "details": "Skill Details\nThis skill contains dynamic content.\nInvocation Name: indianola eats", "privacy_policy_href": ""}, "Mission Viejo Eats": {"review-count": "0", "description": "Description\nSupport our local businesses and make deciding where to eat at in Mission Viejo easy. New restaurants are added as we try them. In the future we'll be adding the ability to pick what type of food you want (or get suggestions).", "details": "Skill Details\nThis skill contains dynamic content.\nInvocation Name: mission viejo eats", "privacy_policy_href": ""}, "Snack Master": {"review-count": "1", "description": "Description\nHungry and don't know what to eat? Let alexa be the \"snack master\" and tell you what to eat!", "details": "Skill Details\nThis skill contains dynamic content.\nInvocation Name: snack master", "privacy_policy_href": ""}, "SanDiegoFood": {"review-count": "0", "description": "Description\nGet a random list describing a type of food and a location to try it at.", "details": "Skill Details\nThis skill contains dynamic content.\nInvocation Name: san diego food facts", "privacy_policy_href": ""}, "Taco Database": {"review-count": "0", "description": "Description\nSimply \"Ask taco database for a taco\" and we'll get you a randomized taco configuration that you can try out.", "details": "Skill Details\nThis skill contains dynamic content.\nInvocation Name: taco database", "privacy_policy_href": ""}, "Baton Rouge Foodie": {"review-count": "1", "description": "Description\nBaton Rouge Foodie is a skill that gives exciting and mouth-watering breakfast, lunch, and dinner selections. Every week, we surprise you with a new dish that will make your adventures in food heaven much more memorable\n\nTo hear one of our suggestions, just say:\n\n\"Alexa, open Baton Rouge Foodie\"\n\"Alexa, ask Baton Rouge Foodie what's for breakfast\"\n\"Alexa, ask Baton Rouge Foodie what's for lunch\"\n\"Alexa, ask Baton Rouge Foodie what's for dinner\"\n\nPlease leave a 5-star review if you love this skill, or send us an email with your suggestions at batonrougefoodie@gmail.com. Your 5-star reviews encourage us to keep new dishes, thanks!", "details": "Skill Details\nRated: Guidance Suggested.\nThis skill contains dynamic content.\nInvocation Name: baton rouge foodie\nDeveloper Privacy Policy", "privacy_policy_href": "https://getstoryline.com/public/privacy.html"}, "How to Make Mochi": {"review-count": "0", "description": "Description\nThis skill shows how to make to sugar coated rice mochi, green tea mochi and peanut mochi.", "details": "Skill Details\nThis skill contains dynamic content.\nInvocation Name: make mochi", "privacy_policy_href": ""}, "Palak Paratha Recipe": {"review-count": "1", "description": "Description\nThe skills gives the recipe to make palak paratha, a healthy and tasty dish from Indian cuisine, which can be done with easily available ingredients. The skill features repeating a step, and going to a particular step, or to continue or resume the recipe for a particular user.", "details": "Skill Details\nThis skill contains dynamic content.\nInvocation Name: palak paratha recipe", "privacy_policy_href": ""}, "juice bar": {"review-count": "1", "description": "Description\nJuice Bar gives you recipes for creative Juices, Shakes and Smoothies. Juice Bar uses funny and out of the box names and you'll love to try them out. Juice Bar provides you with a variety of fun recipes for Green Juices and Protein Shakes; the recipes include superfood ingredients.", "details": "Skill Details\nRated: Guidance Suggested.\nThis skill contains dynamic content.\nInvocation Name: juice bar", "privacy_policy_href": ""}, "Taco Randomizer": {"review-count": "0", "description": "Description\nAre you in the mood for a taco but can't decide which type of taco to order? Have your tacos become dull and boring because you keep ordering the same old taco? If you need some taco-spiration let Taco Randomizer suggest a taco for you! Just say, \"Alexa, ask Taco Randomizer to make a taco.\"\n\nAlexa will build you a custom taco from a variety of ingredients. Will it be a soft taco, a crunchy taco, or maybe a crunchy taco wrapped in a soft taco? Will your taco have chicken, carne asada, carnitas, or seasoned ground beef? How about some cheese, onions, cilantro, or even bacon and barbeque sauce? Or, maybe something a bit unconventional like shredded kale, crushed tortilla chips, or cole slaw? You never know, the results might be delicious!\n\nPro tip: Add a squeeze of lime and some hot sauce to your taco for a delectable meal!", "details": "Skill Details\nThis skill contains dynamic content.\nInvocation Name: taco randomizer", "privacy_policy_href": ""}, "Zoup Florence": {"review-count": "1", "description": "Description\nLove Zoup, I do. So add this skill to be able to ask Alexa whats on Zoup Florence's Menu today.", "details": "Skill Details\nThis skill contains dynamic content.\nInvocation Name: zoup florence", "privacy_policy_href": ""}, "Cafe Arielle": {"review-count": "0", "description": "Description\nAlexa introduces you to the delightful Cafe Arielle at the Stabin Museum in Jim Thorpe, Pennsylvania. Cafe Arielle is a destination restaurant housed in an old wireworks Factory that the Washington Post described as, \"Beautifully rebuilt and completely contemporary, it feels urban enough to be in New York or London.\" Ask about the hours, the menu or even the weather - in case you'd like to grab a drink at the bar and then sit outside with dramatic sculptural elements in the \"Avant Garden.\"", "details": "Skill Details\nRated: Guidance Suggested.\nThis skill contains dynamic content.\nInvocation Name: cafe arielle", "privacy_policy_href": ""}, "Breakfast of the World": {"review-count": "0", "description": "Description\nCereal everyday? Try something different? Breakfast Auntie will tell you delicious stories about the breakfast of the world. Why not be adventurous the minute you wake up in the morning? If it is too good to be true, go back and enjoy the breakfast in your dream.", "details": "Skill Details\nFlash Briefing Skill\nThis skill contains dynamic content.", "privacy_policy_href": ""}, "Rochester Bar Hop": {"review-count": "0", "description": "Description\nJust ask Rochester Bar Hop to find a bar, and it will search for all currently open bars/lounges in Rochester.", "details": "Skill Details\nRated: Mature.\nThis skill contains dynamic content.\nInvocation Name: rochester bar hop", "privacy_policy_href": ""}, "Palo Alto Vegan": {"review-count": "1", "description": "Description\nList of vegetarian and vegan restaurant options in Palo Alto. Includes addresses, phone number, and brief descriptions which can be heard from Alexa, and read in the companion Alexa app. To enable, say \"Alexa, enable Palo Alto Vegan.\" Then to use, simply say, \"Alexa, ask Palo Alto Vegan for a fact.\"", "details": "Skill Details\nThis skill contains dynamic content.\nInvocation Name: palo alto vegan", "privacy_policy_href": ""}, "MR.RECIPE": {"review-count": "0", "description": "Description\nWhen you are having a hard time choosing what to eat, ask alexa!\nIf you don't like that, ask alexa more!", "details": "Skill Details\nThis skill contains dynamic content.\nInvocation Name: fantastic recipe", "privacy_policy_href": ""}, "Random plant-related sites": {"review-count": "0", "description": "Description\nUpdates the rss/flash briefing for this skill daily, with new posts coming from websites such as: lazy cat kitchen, vegan richa", "details": "Skill Details\nFlash Briefing Skill\nThis skill contains dynamic content.", "privacy_policy_href": ""}, "Seasoning Advice": {"review-count": "0", "description": "Description\nThis skill features 12 different regional spice combinations made from 22 common herbs and spices, most of which you probably have in your spice cabinet right now! Perfect for the beginner to intermediate cook learning to experiment with seasonings and spice up their life!\n\nTo ask for seasoning advice, simply say the kind of food you are cooking once Alexa prompts you:\n\"Italian\"\n\"Cajun\"\n\"Latin American\"\n\nOther regions include Caribbean, French, Spanish, North African, Eastern European, Mediterranean, Middle Eastern, Indian, and Asian.\n\nPlease leave a 5-star review if you love this skill, or send me an email with your suggestions at herbandspiceadvice@gmail.com. I appreciate all feedback.\n\nMore regions and features coming soon!", "details": "Skill Details\nThis skill contains dynamic content.\nInvocation Name: seasoning advice\nDeveloper Privacy Policy", "privacy_policy_href": "https://getstoryline.com/public/privacy.html"}, "Vietnamese Food": {"review-count": "3", "description": "Description\nVietnamese Food is a skill that allows you to ask any questions regarding Vietnamese cuisine.\nWhether you are looking for the best Vietnamese restaurant in town for a heartwarming and tummy-filling bowl of Pho noodle soup, learning some fun facts about Vietnamese food and culture, or trying to impress your family and friends with awesome Vietnamese recipes for the season, this skill will delight you with plenty of its fascinating answers.", "details": "Skill Details\nThis skill contains dynamic content.\nInvocation Name: vietnamese food", "privacy_policy_href": ""}, "Meatless Protein": {"review-count": "0", "description": "Description\nHave you ever wondered how much protein there is in meatless sources. Never fear: This skill is here to help! Let it help you choose your next meatless meal!\n\nThis tool does not provide medical advice, and is for informational and educational purposes only, and is not a substitute for professional medical advice, treatment or diagnosis. Call your doctor to receive medical advice. If you think you may have a medical emergency, please dial your local emergency response phone number.", "details": "Skill Details\nThis skill contains dynamic content.\nInvocation Name: meatless protein", "privacy_policy_href": ""}, "Trick Or Treat": {"review-count": "1", "description": "Description\nA fun Halloween party starter skill which gives great random ideas for Halloween snacks. It will randomly select new ideas for making Halloween more spooky and special!", "details": "Skill Details\nThis skill contains dynamic content.\nInvocation Name: trick or treat", "privacy_policy_href": ""}, "Asheville Vegan": {"review-count": "0", "description": "Description\nList of vegetarian and vegan restaurant options in and around Asheville, North Carolina. Includes addresses, phone number, and brief descriptions which can be heard from Alexa, and read in the companion Alexa app. To enable, say \"Alexa, enable Asheville Vegan.\" Then to use, simply say, \"Alexa, ask Asheville Vegan for a fact.\"", "details": "Skill Details\nRated: Guidance Suggested.\nThis skill contains dynamic content.\nInvocation Name: asheville vegan", "privacy_policy_href": ""}, "nearby grub": {"review-count": "3", "description": "Description\nGives a random restaurant in neighborhood. Currently limited to nearby hard-coded restaurants.", "details": "Skill Details\nThis skill contains dynamic content.\nInvocation Name: nearby grub", "privacy_policy_href": ""}, "QuickCook": {"review-count": "0", "description": "Description\nThis skill teaches how to make some really simple snacks.It contains a total of fifteen recipes.All the recipes are fairly simple to make and can be considered a good starting point for learning cooking.After the skill is launched, the user will be given five recipes to choose. The user can select one of the recipes by saying 'the first one' or 'the second one' or 'the third one' or 'the fourth one' or 'the fifth one' depending on their choice.If they want to see another list of recipes then they must say 'more recipes' to get another list. Once the user chooses a recipe, the list of ingredients to make the recipe will be given. Next, when the user says 'proceed ' or 'continue' the procedure to make the snack is given. If the user wants to continue learning more recipes they can say 'more recipes' then they can choose another recipe to learn. The user can ask alexa to repeat an instruction if they want to listen again. If a user wants to choose another recipe from the same list given then they can say 'another recipes' to choose another recipe from the same list given.", "details": "Skill Details\nThis skill contains dynamic content.\nInvocation Name: quick cook", "privacy_policy_href": ""}, "Potomac Mills Restaurants": {"review-count": "0", "description": "Description\nAlexa will select a restaurant in or around the Potomac Mills area for you. This includes places like the mall, Stonebridge, or the prince william parkway. Most of these restaurants are dine in while a couple are quick-service. You can search by area by asking \"Alexa, ask potomac mills restaurants to pick a restaurant in stonebridge\" or by type of food such as \"Alexa, ask potomac mills restaurants to pick a restaurant with mexican food.\"", "details": "Skill Details\nThis skill contains dynamic content.\nInvocation Name: potomac mills restaurants", "privacy_policy_href": ""}, "What's Your Pizza Personality?": {"review-count": "1", "description": "Description\nGet your pizza personality type here", "details": "Skill Details\nThis skill contains dynamic content.\nInvocation Name: what type of pizza", "privacy_policy_href": ""}, "Best Fudge Brownie Recipe": {"review-count": "1", "description": "Description\nChocolate brownie is a world widely well-known desert that many people love. I love making a brownie from scratch and this recipe is the best by far out of the number of brownies I have made. The cooking time only takes 20 mins. Please enjoy this amazingly delicious brownie recipe! The recipe is referenced to Tasty Japan.", "details": "Skill Details\nThis skill contains dynamic content.\nInvocation Name: brownie recipe", "privacy_policy_href": ""}, "New Navarro Products": {"review-count": "0", "description": "Description\nOur family has been growing grapes, making wine and producing non-alcoholic grape juices in the Anderson Valley in coastal Mendocino since 1974. Since we are small, you probably will not find our wine in your local store, the majority of our production is sold directly out of our tasting room and through phone and web orders.", "details": "Skill Details\nFlash Briefing Skill\nThis skill contains dynamic content.\nDeveloper Privacy Policy\nDeveloper Terms of Use", "privacy_policy_href": "https://www.navarrowine.com/policy/#privacy"}, "Food Trivia": {"review-count": "1", "description": "Description\nSee if you know everything about food around the world. Take this trivia for a spin.", "details": "Skill Details\nRated: Guidance Suggested.\nThis skill contains dynamic content.\nInvocation Name: food trivia", "privacy_policy_href": ""}, "Syracuse Vegan": {"review-count": "0", "description": "Description\nList of vegetarian and vegan restaurant options in Syracuse. Includes addresses, phone number, and brief descriptions which can be heard from Alexa, and read in the companion Alexa app. To enable, say \"Alexa, enable Syracuse Vegan.\" Then to use, simply say, \"Alexa, ask Syracuse Vegan for a fact.\"", "details": "Skill Details\nThis skill contains dynamic content.\nInvocation Name: syracuse vegan", "privacy_policy_href": ""}, "Three Ingredient Meal": {"review-count": "0", "description": "Description\nThe idea is to give people some super simple recipes that they can copy or add additional ingredients to. This can be used to have an easy recipe or just as an idea generator for meal planning.", "details": "Skill Details\nThis skill contains dynamic content.\nInvocation Name: three ingredient meal", "privacy_policy_href": ""}, "Choose my meal": {"review-count": "0", "description": "Description\nChoose My Meal helps you decide what to eat so you won't be stuck at home or in your car trying to find something to eat. We can help you choose what type of food so you're one step closer to filling your hungry belly up.\n\nThis skill was built with love by VoiceApps.com. Visit us to create your own skill in minutes!", "details": "Skill Details\nThis skill contains dynamic content.\nInvocation Name: choose my meal", "privacy_policy_href": ""}, "chocofacts": {"review-count": "0", "description": "Description\nGet interesting information about chocolates", "details": "Skill Details\nRated: Guidance Suggested.\nThis skill contains dynamic content.\nInvocation Name: choco facts\nDeveloper Privacy Policy\nDeveloper Terms of Use", "privacy_policy_href": "http://www.jashtec.com/privacy-policy/"}, "What's Poppin?": {"review-count": "2", "description": "Description\nIf you love popcorn but aren't sure what kind to have, ask this skill for a popcorn flavor suggestion.", "details": "Skill Details\nThis skill contains dynamic content.\nInvocation Name: what's poppin", "privacy_policy_href": ""}, "Places To Dine": {"review-count": "0", "description": "Description\nNow you can ask Alexa to find some nearby restaurants or places to dine in. Not just that, you can also control the number of restaurants you want Alexa to find for you.\nUsage:(Example)\n1) User: Alexa, Open \"eat nearby\"\n2) Alexa: Hey..I can tell you some nearby places to dine in..... How many restaurants would you like to know?\n3) User: Five\n4) Alexa: Here are some places I could find....Carolina Brothers Pit Barbecue.....Mediterranean Breeze.....Urban Bar-B-Que.....Opa! mezze Grill.....Tokyo Sushi.....", "details": "Skill Details\nThis skill contains dynamic content.\nInvocation Name: eat nearby", "privacy_policy_href": ""}, "Easiest Peanut Butter Cookie Recipe": {"review-count": "1", "description": "Description\nEasiest Peanut Butter Cookie Recipe is a skill to help you make quick, easy peanut butter cookies. You will be able to whip up a batch cookies in no time!\nYou can say:\n\n\"Alexa, open Easiest Peanut Butter Cookie Recipe\"\n\"Alexa, start Easiest Peanut Butter Cookie Recipe\"\n\"Alexa, launch Easiest Peanut Butter Cookie Recipe\"\n\nPlease leave a 5-star review if you love this skill, or send us an email with your suggestions at ugotabigmouth@gmail.com. Your 5-star reviews encourage us to keep making more great skills, thanks!", "details": "Skill Details\nRated: Guidance Suggested.\nThis skill contains dynamic content.\nInvocation Name: easiest peanut butter cookie recipe\nDeveloper Privacy Policy", "privacy_policy_href": "https://getstoryline.com/public/privacy.html"}, "Amman Restaurants": {"review-count": "0", "description": "Description\nThis skill will provide you with a flash briefing of our best picks for restaurants in Amman Jordan.", "details": "Skill Details\nFlash Briefing Skill\nThis skill contains dynamic content.", "privacy_policy_href": ""}, "Lunch Dice": {"review-count": "0", "description": "Description\nRecommends lunch options for days when you just can't decide. We'll handle the hard work!", "details": "Skill Details\nThis skill contains dynamic content.\nInvocation Name: lunch dice\nDeveloper Privacy Policy\nDeveloper Terms of Use", "privacy_policy_href": "https://www.triadadvertising.com/privacy"}, "Candy of the Day": {"review-count": "0", "description": "Description\nCandy of the Day is a skill to help you eat more candy.\n\nPlease leave a 5-star review if you love this skill. Your 5-star reviews encourage us to keep making more great skills, thanks!", "details": "Skill Details\nFlash Briefing Skill\nThis skill contains dynamic content.", "privacy_policy_href": ""}, "My Freezer": {"review-count": "13", "description": "Description\nThere are several new products on the market today that can produce Clear Ice at home in your own freezer. Clear Ice doesn't have air bubbles, making it totally transparent, and perfect for very special cocktails. Feel free to run a web search via your favorite search engine for: \"clear ice\".\n\nTo get started you should first set your time zone. The default time zone is Eastern. You can change the current time zone at any time by saying [Alexa, tell my freezer set time zone to pacific]. The Time zones currently supported are [Eastern, Central, Mountain, Mountain Standard, Pacific, Alaska and Hawaii).\n\nThe \"my freezer\" skill provides the ability to calculate when your clear ice will be ready. The built in Alexa timer function is limited to a maximum of 24 hours. The typical time it takes to make clear ice can easily exceed this 24 hour limitation. The clear ice freeze time is set to a default of 28 hours. This setting can be adjusted at any time by saying [Alexa, tell my freezer to set clear ice freeze time to 26 hours.]. The time value will vary depending on the product you use, and your freezer temperature settings. Feel free to adjust this freeze time setting to your specific needs.\n\nWhen you start your clear ice say [Alexa, tell my freezer that I started the clear ice]. This will set the start date/time of when you started. If you don't want the current date/time, you can also say [Alexa, tell my freezer that I started the clear ice at 2 pm] or [Alexa, tell my freezer that I started the clear ice at 2 pm yesterday] or [Alexa, tell my freezer I started the clear ice 20 minutes ago].\n\nOnce you have started your clear ice, you can ask when it will be ready by saying [Alexa, ask my freezer when will the clear ice be ready]. Alexa will calculate the estimated finish time based on when you started, the current freeze time setting, and the current time zone.\n\nPlease note: You will not be notified when the clear ice is ready, but you can say [Alexa, ask my freezer when will the clear ice be ready] at any time.\n\nI Hope you find this skill useful.\n\nDave M.", "details": "Skill Details\nThis skill contains dynamic content.\nInvocation Name: my freezer", "privacy_policy_href": ""}, "Indian Recipes: Dosa": {"review-count": "0", "description": "Description\nThis skill will show you how to make an authentic restaurant styled Indian Dosa.\n\nTo start the skill ask or say..\nAlexa, make dosa or Alexa, start make dosa.\n\nYou can ask for the list of ingredients, or just say begin cooking if you are ready. Once you are cooking, just say Next to advance to the next step in the recipe. You can also pause the recipe at any time by saying Pause.", "details": "Skill Details\nThis skill contains dynamic content.\nInvocation Name: make dosa", "privacy_policy_href": ""}, "My Maggi": {"review-count": "0", "description": "Description\nIf you are a maggi lover, this skill will teach you how to cook delicious vegetable maggi in 10 minutes.", "details": "Skill Details\nThis skill contains dynamic content.\nInvocation Name: my maggi", "privacy_policy_href": ""}, "Vegan Kitchen Replacers": {"review-count": "1", "description": "Description\nAre you in the kitchen looking at recipes all the time, and you can't figure out how to make them vegan? This skill will help you find the right replacer for the kind of recipe you are working on.", "details": "Skill Details\nThis skill contains dynamic content.\nInvocation Name: vegan kitchen", "privacy_policy_href": ""}, "Mr Chef": {"review-count": "0", "description": "Description\nMr Chef gives user some cool egg recipes as he currently specializes in the egg domain. The experience he has, led him to know some crazy kitchen life hacks. Make sure to know about it. Soon he will be getting into other domain also. Stay hungry!\n\nYou can say:\n\n\"Alexa, open Mr Chef\"\n\"Alexa, talk to Mr Chef\"\n\"Alexa, launch Mr Chef\"\n\nPlease leave a 5-star review if you love this skill, or send us an email with your suggestions at _____________. Your 5-star reviews encourage us to keep making more great skills, thanks!", "details": "Skill Details\nThis skill contains dynamic content.\nInvocation Name: mr chef\nDeveloper Privacy Policy\nDeveloper Terms of Use", "privacy_policy_href": "https://sites.google.com/view/mr-chef/home"}, "bengal special": {"review-count": "1", "description": "Description\nbengal special tells us about various food items of bengal one should try. It tells us about the special sweets of bengal", "details": "Skill Details\nThis skill contains dynamic content.\nInvocation Name: bengal special", "privacy_policy_href": ""}, "Kiwilimon Recipes": {"review-count": "3", "description": "Description\nEncuentra las mejores recetas con base a los ingredientes que tienes en casa entre m\u00e1s de 16,000 recetas y convi\u00e9rtete en un mejor cocinero en un instante.\n\nPuedes escuchar los ingredientes, seguir las instrucciones paso a paso, ideas extras para cada receta, y ver el video de la receta cuando tu dispositivo tiene pantalla.\n\nLa skill guarda el paso donde estaba cuando entras de nuevo para poder seguir la receta paso a paso a\u00fan cuando un paso es muy tardado realizar.\n\n\u00a1Descubre la mejor skill de cocina en espa\u00f1ol y disfruta las Recetas de Kiwilim\u00f3n!", "details": "Skill Details\nRated: Guidance Suggested.\nThis skill contains dynamic content.\nInvocation Name: kiwilim\u00f3n\nDeveloper Privacy Policy (Spanish, US)\nDeveloper Privacy Policy (Spanish, MX)", "privacy_policy_href": "https://www.kiwilimon.com/informacion/aviso-de-privacidad"}, "Punk Beer": {"review-count": "1", "description": "Description\nHave a craving for a ice cold beer, but want to try something new? Let Punk Beer do the work for you!\n\nAsk Punk Beer for a new beer, and Alexa will happily suggest something new and exciting for you to try. You will get to hear all about the inspiration behind the brew and flavors, and will also be told the ABV content so you can see if this beer is for you.\n\nHave an old favorite that Punk Beer suggested? Simply use the ID that Alexa includes with every beer suggestion to recall that exciting choice in the future!", "details": "Skill Details\nRated: Mature.\nThis skill contains dynamic content.\nInvocation Name: punk beer", "privacy_policy_href": ""}, "The Dirty Martini": {"review-count": "1", "description": "Description\nNeed a cocktail recipe? Ask the Dirty Martini. She'll give you the recipe, and a hard time.", "details": "Skill Details\nRated: Mature.\nThis skill contains dynamic content.\nInvocation Name: the dirty martini", "privacy_policy_href": ""}, "Jersey Beers": {"review-count": "1", "description": "Description\nYour gateway to informed beer enjoyment! Now find out what is on tap at select local breweries in North Jersey.", "details": "Skill Details\nRated: Mature.\nThis skill contains dynamic content.\nInvocation Name: jersey beers", "privacy_policy_href": ""}, "blueberry skill": {"review-count": "3", "description": "Description\nThis app tells you all of the useful information you need to know about the superfood that is the blueberry!\n\nThe information in this skill is provided for informational and educational purposes only.", "details": "Skill Details\nThis skill contains dynamic content.\nInvocation Name: blueberry facts", "privacy_policy_href": ""}, "Best Ramen in Boston": {"review-count": "0", "description": "Description\nAsk Alexa for the best ramen stores in Boston! It will feature some of the best ramen stores known in Boston so that you will never have to worry twice about where to get your ramen!", "details": "Skill Details\nThis skill contains dynamic content.\nInvocation Name: best boston ramen", "privacy_policy_href": ""}, "Cocktail Builder": {"review-count": "0", "description": "Description\nAsk Cocktail Builder what is in a Moscow Mule. Current Cocktails available are: Moscow Mule, Negroni, Old Fashioned, Manhattan, Margarita. More to Come!", "details": "Skill Details\nRated: Mature.\nThis skill contains dynamic content.\nInvocation Name: cocktail builder", "privacy_policy_href": ""}, "Stockholm Restaurants": {"review-count": "0", "description": "Description\nLooking to try some place new? Get recommendations on some of the best restaurants in Stockholm with the Stockholm Restaurants skill.", "details": "Skill Details\nFlash Briefing Skill\nRated: Guidance Suggested.\nThis skill contains dynamic content.", "privacy_policy_href": ""}, "The Growler Guys": {"review-count": "0", "description": "Description\nFind out what wonderful beverages your local Growler Guys fill station has on tap.\n\nTap lists are updated about every four hours to keep them fresh.\n\nAnother intoxicating skill from www.thomptronics.com", "details": "Skill Details\nRated: Guidance Suggested.\nThis skill contains dynamic content.\nInvocation Name: the growler guys\nDeveloper Privacy Policy\nDeveloper Terms of Use", "privacy_policy_href": "https://www.thomptronics.com/about/privacy-policy"}, "flushing tour": {"review-count": "0", "description": "Description\nThis skill is your personal tour guide for things to do and eat in Flushing, NY. Some samples includes, local restaurants, attractions and etc.", "details": "Skill Details\nThis skill contains dynamic content.\nInvocation Name: flushing tour", "privacy_policy_href": ""}, "Thanksgiving Appetizer Recipe Ideas": {"review-count": "0", "description": "Description\nThis skill provides Thanksgiving appetizer recipe ideas. Simply open the app and ask Alexa for a recipe idea.", "details": "Skill Details\nThis skill contains dynamic content.\nInvocation Name: thanksgiving appetizer recipe ideas", "privacy_policy_href": ""}, "Pizza Buddy": {"review-count": "2", "description": "Description\nThis is a simple skill for generating random pizzas.", "details": "Skill Details\nThis skill contains dynamic content.\nInvocation Name: pizza buddy\nDeveloper Privacy Policy", "privacy_policy_href": "http://www.machonesoftware.com/general-privacy-policy.html"}, "Whiskey Wizard": {"review-count": "0", "description": "Description\nWhiskey Wizard is the only Whiskey resource you need. It\u2019s your one stop shot for information on the finest (and not so fine) Whiskeys on the planet. Alexa can provide Whiskey origins, price points or randomly select a Whiskey to get nice and toasty. Whiskey Wizard will put a spell on you.\n\nYou can say:\n\n\"Alexa, open Whiskey Wizard\"\n\"Alexa, start Whiskey Wizard\"\n\"Alexa, launch Whiskey Wizard\"\n\nPlease leave a 5-star review if you love this skill.", "details": "Skill Details\nRated: Mature.\nThis skill contains dynamic content.\nInvocation Name: whiskey wizard\nDeveloper Privacy Policy\nDeveloper Terms of Use", "privacy_policy_href": "http://www.morethanrewards.com/privacy.htm"}, "Restaurant Roulette": {"review-count": "3", "description": "Description\nRestaurant Roulette is a simple but useful app that can help you decide on a place to eat. All you have to do is tell it what restaurants you're considering or craving, and it will randomly generate a restaurant name based on the choices you're considering.", "details": "Skill Details\nThis skill contains dynamic content.\nInvocation Name: restaurant roulette", "privacy_policy_href": ""}, "How to make a sandwich?": {"review-count": "42", "description": "Description\nThis app teaches you how to make grilled cheese, banh mi, and club sandwhiches.", "details": "Skill Details\nThis skill contains dynamic content.\nInvocation Name: minecraft helper", "privacy_policy_href": ""}, "Waste Less Food": {"review-count": "0", "description": "Description\nWith 1.3 billion tons of food wasted each year, the annual cost of worldwide food waste has now reached $1 trillion! With over 90% of food wasted in the United States ending up in landfills, food waste has become one of the biggest contributors to greenhouse gases. If you're concerned about the environment, how about doing your part to reduce food waste? You can say \"Alexa, open Waste Less Food\" to launch the skill, and then you can ask Waste Less Food to recommend ways to reduce your own food waste when dealing with specific issues. For example, you can say \"How closely should I follow expiration dates?\" or \"What are some ideas to reduce food waste?\" or \"How do I know if food is spoiled?\" or \"What are some ideas to use up food?\" If the Waste Less Food skill hasn't been opened yet, you can also say in one shot, \"Alexa, ask Waste Less Food how closely should I follow expiration dates?\" or \"Alexa, ask Waste Less Food how do I know if food is spoiled?\" By following the recommendations provided by Waste Less Food, you can reduce your own food waste and do your part to reduce greenhouse gases and help the environment.", "details": "Skill Details\nThis skill contains dynamic content.\nInvocation Name: waste less food", "privacy_policy_href": ""}, "recipe organiser": {"review-count": "1", "description": "Description\nUsing this skill, the user can add a recipe, delete a recipe, look for a specific recipe and list all recipes. The user can store their recipes in specific locations and find them later.", "details": "Skill Details\nThis skill contains dynamic content.\nInvocation Name: recipe organiser", "privacy_policy_href": ""}, "My Daily Beer Flash Briefing": {"review-count": "1", "description": "Description\nA different beer reviewed daily. 2 minute listen.", "details": "Skill Details\nFlash Briefing Skill\nRated: Mature.\nThis skill contains dynamic content.", "privacy_policy_href": ""}, "Indian Food Facts": {"review-count": "0", "description": "Description\nThis is fun fact alexa skill. You can ask for a new fact about Indian cuisine and food. It replies with an interesting and less known fact.", "details": "Skill Details\nThis skill contains dynamic content.\nInvocation Name: indian food facts", "privacy_policy_href": ""}, "Lunch Recommender": {"review-count": "0", "description": "Description\nHave you ever had trouble deciding where to go for lunch? Have you ever been faced with decision fatigue because there are just too many choices? Fear no more! Lunch Recommender is here to save the day. Just ask where to go, and it will recommend a choice for you. Let it do the heavy thinking so you don't have to.", "details": "Skill Details\nThis skill contains dynamic content.\nInvocation Name: lunch recommender", "privacy_policy_href": ""}, "Lunch Lady": {"review-count": "0", "description": "Description\nFor Parents to find out what their school is serving.", "details": "Skill Details\nThis skill contains dynamic content.\nInvocation Name: lunch lady", "privacy_policy_href": ""}, "Purdue Dining Menu": {"review-count": "0", "description": "Description\nAsk Purdue Dining Menu skill lets you find out what food is offered at one of Purdue's dining courts. You can ask for the menu at one location, and it will recite the food items at closest mealtime.\nThe skill requires no account and does not use any personal information.", "details": "Skill Details\nThis skill contains dynamic content.\nInvocation Name: purdue dining", "privacy_policy_href": ""}, "Illinois Menu Checker": {"review-count": "0", "description": "Description\nStudents can request menus from all on-campus dining halls. There are also options to limit to vegetarian, vegan, and gluten-free options.", "details": "Skill Details\nThis skill contains dynamic content.\nInvocation Name: menu checker", "privacy_policy_href": ""}, "Le Donne Cucina": {"review-count": "0", "description": "Description\nEnable this Flash Briefing to hear the latest news and updates from Le Donne Cucina in Palm Desert, California.", "details": "Skill Details\nFlash Briefing Skill\nRated: Guidance Suggested.\nThis skill contains dynamic content.", "privacy_policy_href": ""}, "CDK Bagel Day": {"review-count": "2", "description": "Description\nUses the http://bagels.today site to check if there are bagels at CDK Global for the day. You can also check when the next bagel day will be.", "details": "Skill Details\nThis skill contains dynamic content.\nInvocation Name: c. d. k. bagels", "privacy_policy_href": ""}, "Kitchen Life Hacks": {"review-count": "0", "description": "Description\nGet life hacks, facts and tips for easy kitchen maneuver.", "details": "Skill Details\nThis skill contains dynamic content.\nInvocation Name: kitchen life hacks\nDeveloper Privacy Policy\nDeveloper Terms of Use", "privacy_policy_href": "https://docs.google.com/document/d/1f2ZZhNvTmVwR_NYv82ZswMs85t-Qp4bW3i0xm5nKetk/edit?usp=sharing"}, "Baba G Recipe": {"review-count": "0", "description": "Description\nRecipe for Baba G's DIY Candy Kit. Add this skill and invoke it by saying \"Start Baba G recipe\".", "details": "Skill Details\nThis skill contains dynamic content.\nInvocation Name: baba g. recipe", "privacy_policy_href": ""}, "Full Stein Brewing Supply": {"review-count": "0", "description": "Description\nEnable this Flash Briefing to hear the latest updates, brewing tips, and ideas from Full Stein Brewing Supply.\n\nOur mission is to provide quality equipment and ingredients for home brewing, wine and cider making, and a place where members of the community can both gain new knowledge and share their experiences through the common language of beer.", "details": "Skill Details\nFlash Briefing Skill\nRated: Mature.\nThis skill contains dynamic content.", "privacy_policy_href": ""}, "Meat Temp": {"review-count": "1", "description": "Description\nBy asking Meat Temp you can find out the suggested temperature to cook different meats to. Currently we support Shell Fish, Fish, Ground Beef, Steak, Turkey and Chicken. Please note that we are not liable for any consumption of raw or undercooked meats, these are just suggestions from the internet.\n\nIcon image from: https://creativemarket.com/BomSymbols", "details": "Skill Details\nThis skill contains dynamic content.\nInvocation Name: meat temp", "privacy_policy_href": ""}, "Happy Hour Toasts": {"review-count": "2", "description": "Description\nLet Alexa add a bit of fun to your party with Happy Hour Toasts skill.\n\nKeep the toasts going and the wine flowing with these phrases:\n- Say a toast\n- Lets drink\n- Say a funny toast\n- Toast me\n- Give me a toast\n- More\n- Next\n- Again\n- Another one\n- Another toast\n- What should we drink to\n- What should we drink for\n- Drink with me\n\nYou can also ask Alexa to repeat the last toast by saying \"Repeat\" or \"Say it again\" or \"Repeat the last toast\".\n\nIf you have enjoyed this skill, kindly rate it and leave me a review!\n\nHave lots of laughs and drink responsibly! Cheers!", "details": "Skill Details\nRated: Mature.\nThis skill contains dynamic content.\nInvocation Name: happy hour toasts", "privacy_policy_href": ""}, "Dish of the Day": {"review-count": "0", "description": "Description\nNeed inspiration for a weekend cooking session? Just ask Alexa - Dish of the Day.", "details": "Skill Details\nThis skill contains dynamic content.\nInvocation Name: dish of the day", "privacy_policy_href": ""}, "Detroit Bar Hop": {"review-count": "1", "description": "Description\nJust ask Detroit Bar Hop to find a bar and it will search for all currently open bars/lounges that are in Downtown Detroit. It will also provide you with the rating, number of reviews, address, and a scope of price!", "details": "Skill Details\nRated: Mature.\nThis skill contains dynamic content.\nInvocation Name: detroit bar hop", "privacy_policy_href": ""}, "New Day New Drink": {"review-count": "0", "description": "Description\nEnable this Skill to hear a new drink every single day of the week.", "details": "Skill Details\nFlash Briefing Skill\nRated: Mature.\nThis skill contains dynamic content.", "privacy_policy_href": ""}}