{"What's for lunch at GF": {"review-count": "0", "description": "Description\nWeekly canteen lunchmenu at GF", "details": "Skill Details\nThis skill contains dynamic content.\nInvocation Name: can tina", "privacy_policy_href": ""}, "Meal Plan Checker for GVSU Students": {"review-count": "0", "description": "Description\nCheck the balance of your GVSU meal plan. You can view the meal count as well as how many dining dollars you have left. This is one of the fastest and easiest ways to do this.", "details": "Skill Details\nRated: Guidance Suggested.\nThis skill contains dynamic content.\nInvocation Name: grand valley meal plan\nDeveloper Privacy Policy", "privacy_policy_href": "http://gvsulogin.azurewebsites.net/privacypolicy.htm"}, "Sanjeev Kapoor Smart Recipes": {"review-count": "0", "description": "Description\nSanjeev Kapoor Smart Recipes is an Alexa skill, where you will find step by step voice instructions to prepare a great dish from a selection of over thousands of recipes across Indian and international cuisines. No more rewinding videos or turning pages with greasy hands. All you have to do is ask.\n\nJust say, \"Alexa, enable Sanjeev Kapoor Recipes\" on your device, and ask for a recipe you like.\n\nWith voice guided cooking that is interactive and intelligent, Sanjeev Kapoor Recipes comes with helpful Chef Tips to make your cooking easier, more fun and definitely delicious.\n\nAccount Linking is optional in Sanjeev Kapoor Smart Recipes\n\nSanjeev Kapoor Smart Recipes is powered by tinychef.", "details": "Skill Details\nRated: Guidance Suggested.\nThis skill contains dynamic content.\nInvocation Name: sanjeev kapoor recipes\nDeveloper Privacy Policy\nDeveloper Terms of Use", "privacy_policy_href": "https://www.sanjeevkapoor.com/Privacy-Policy.aspx"}, "Recipe Organizer": {"review-count": "8", "description": "Description\nRecipe organizer helps to manage all recipies", "details": "Skill Details\nThis skill contains dynamic content.\nInvocation Name: recipe organizer", "privacy_policy_href": ""}, "Bar Finder": {"review-count": "0", "description": "Description\nWant to go out but can't decide on a bar to go to? Use Bar Finder to ask Alexa for random bar recommendations! Just ask her for a random bar and she'll give you the name of a bar within 1 mile of your location. You can ask her follow up questions about the bar, how expensive it is, its yelp rating, how far away it is and its hours! All bar information is taken from Yelp\n\nCurrently supported bar types: wine bars, sports bars, dive bars, gay bars, karaoke bars, irish pubs, night clubs and dance clubs", "details": "Skill Details\nRated: Mature.\nThis skill contains dynamic content.\nInvocation Name: bar finder\nDeveloper Privacy Policy", "privacy_policy_href": "https://s3.amazonaws.com/voice-tickets.com/Privacy+Notice+BF.docx"}, "Lunchbot": {"review-count": "0", "description": "Description\nLunchbot can help you answer a difficult question: where should I go to get lunch? Lunchbot will suggest a restaurant for you in the Fishtown neighborhood of Philadelphia based on what kind of food you're craving. It will give you the address as well, so all you need to focus on is getting there.", "details": "Skill Details\nThis skill contains dynamic content.\nInvocation Name: lunch bot", "privacy_policy_href": ""}, "Innit": {"review-count": "3", "description": "Description\nInnit is your culinary GPS for everyday eating. With the use of the companion Innit mobile app, users can now control their cooking experience hands-free\u2014from navigating personalized cooking instructions to controlling smart appliances from across the room.", "details": "Skill Details\nRated: Guidance Suggested.\nThis skill contains dynamic content.\nInvocation Name: innit\nDeveloper Privacy Policy\nDeveloper Terms of Use", "privacy_policy_href": "http://innit.com/privacy"}, "Hideaway Pizza": {"review-count": "5", "description": "Description\nFor people who are in an Oklahoma or Arkansas city served by Hideaway Pizza, this skill offers the convenience of ordering food from Hideaway Pizza by voice, regardless of where you find yourself. This intuitive skill features the flexibility of being able to add names to your favorite orders from your order history. Then you can quickly place the order using the favorite order name. You can also just say \u201clast order\u201d to re-order your most recently placed order at Hideaway Pizza.\n\nThis skill is powered by Vocinate, Inc. To create or update your Vocinate account and preferences, visit http://app.vocinate.com/accounts/\n\nThis skill requires account linking.", "details": "Skill Details\nRated: Guidance Suggested.\nThis skill contains dynamic content.\nInvocation Name: hideaway pizza\nDeveloper Privacy Policy\nDeveloper Terms of Use", "privacy_policy_href": "http://www.vocinate.com/privacy-policy/"}, "Food Finder": {"review-count": "9", "description": "Description\nFood Finder has a list of common food/cuisine types, such as burgers, pizza, Mexican, Sushi, Thai, and more. If you need some ideas for your next meal, just ask Food Finder to suggest something. If you don't like its response, keep asking until it suggests something you like. Once you know what you want, you can always ask Alexa to find that kind of restaurant (\"Alexa, find a Sushi restaurant near me\").", "details": "Skill Details\nThis skill contains dynamic content.\nInvocation Name: food finder", "privacy_policy_href": ""}, "PJ's Deli": {"review-count": "0", "description": "Description\nGet PJ's Deli current specials", "details": "Skill Details\nFlash Briefing Skill\nThis skill contains dynamic content.", "privacy_policy_href": ""}, "Where Should I Get Pizza": {"review-count": "1", "description": "Description\nIf you've ever been hungry for pizza but didn't know where to get it, this skill is perfect for you. Simply say \"Alexa ask pizza finder where should I get pizza\", and you will be a step closer to eating pizza.", "details": "Skill Details\nThis skill contains dynamic content.\nInvocation Name: pizza finder", "privacy_policy_href": ""}, "My Kitchen": {"review-count": "21", "description": "Description\nI find myself asking Alexa what's for dinner all the time. She always has a stock response, but it's not really an actionable answer, unless I want to order pizza every night. (Shout out to the Domino's skill.) And recipe skills are too complicated over voice--the search functionality and deliverance method just isn't optimized for Alexa yet. I needed a skill that would just get me started. \"Beef arrabiata with spaghetti.\" \"Sesame ginger chicken.\" Sounds great, Alexa, thanks for reminding me. There's about 20 of them and I'll add anything with suggestions! This is my very first skill, so it's a simple one-time interaction model right now. I'm hoping to add a feature that allows you to pull from your OWN database, or, maybe in the far future, refine her suggestions based on what's in your fridge. In the near future, I'd like a feature that ensures that you won't be given the same suggestion twice in at least two weeks.And, just maybe, list sides and proteins separately and mix them up FOR you. I will absolutely take requests, comments, inputs, and dinner win/fail stories!", "details": "Skill Details\nThis skill contains dynamic content.\nInvocation Name: my kitchen", "privacy_policy_href": ""}, "Beer Buddy": {"review-count": "0", "description": "Description\nOffers information on beer, breweries, and events. Beer Buddy will tell you about local beers you can try in your region.\n\nYou can ask about the following:\n\n* for a random beer\n* for a beer local to you, and where you can go drink it.\n\n\nThis skill is powered by brewerydb.com.", "details": "Skill Details\nRated: Mature.\nThis skill contains dynamic content.\nInvocation Name: beer buddy\nDeveloper Privacy Policy", "privacy_policy_href": "https://brettswift.wixsite.com/alexa"}, "Three Steps Curried Eggs": {"review-count": "0", "description": "Description\nThree Steps Curried Eggs.Three steps to make delicious curried eggs using three ingredients. You will need eggs, butter or margarine or sour cream and curry powder. They are very easy to make and can be used as finger food for parties, barbeques, or snacks.", "details": "Skill Details\nRated: Guidance Suggested.\nThis skill contains dynamic content.\nInvocation Name: three steps curried eggs\nDeveloper Privacy Policy", "privacy_policy_href": "https://getstoryline.com/public/privacy.html"}, "perfect egg": {"review-count": "2", "description": "Description\nperfect egg tells you how to cook the perfect soft boiled egg.", "details": "Skill Details\nRated: Guidance Suggested.\nThis skill contains dynamic content.\nInvocation Name: perfect egg\nDeveloper Privacy Policy", "privacy_policy_href": "https://getstoryline.com/public/privacy.html"}, "Waukesha County Custard": {"review-count": "1", "description": "Description\nThe Waukesha County Custard assistant will let you know of the Flavors of the Day at various custard shops all over Waukesha County, including Brookfield, Waukesha, and other local towns. You can also get info about each of the stores, including locations and hours. Need help? Just ask \"Waukesha County Custard, what can you tell me?\"", "details": "Skill Details\nThis skill contains dynamic content.\nInvocation Name: waukesha county custard\nDeveloper Privacy Policy\nDeveloper Terms of Use", "privacy_policy_href": "https://sites.google.com/view/wcc-privacy-terms"}, "Grain Free Recipes": {"review-count": "2", "description": "Description\nThis is a skill that provides you with a variety of tasty grain free recipes. Check back often to find new recipes.", "details": "Skill Details\nRated: Guidance Suggested.\nThis skill contains dynamic content.\nInvocation Name: grain free recipes\nDeveloper Privacy Policy", "privacy_policy_href": "https://getstoryline.com/public/privacy.html"}, "Zien Hong Restaurant": {"review-count": "4", "description": "Description\nZien Hong is a Chinese and Vietnamese restaurant located in Portland, Oregon.\n\nYou can find out what some of the popular dishes are on our menu, our address, and open and close times.\n\nAlso find out what our daily specials are!\n\nSome questions you can ask are:\n\nWhat's on your menu?\n\nWhat are your house specials?\n\nTell me today's specials.\n\nWhat are your lunch specials?\n\nWhat's Zien Hong's address?\n\nWhat time are you open tomorrow?\n\nWhat's your phone number?", "details": "Skill Details\nThis skill contains dynamic content.\nInvocation Name: zien hong", "privacy_policy_href": ""}, "ChocoLa": {"review-count": "0", "description": "Description\nThe skill gives some interesting chocolate facts", "details": "Skill Details\nThis skill contains dynamic content.\nInvocation Name: chocolate facts", "privacy_policy_href": ""}, "Mimi, the Hipster Cat Bot": {"review-count": "1", "description": "Description\nMimi, the Hipster Cat Chat Bot is a venue recommendation bot. Just tell a city name e.g. \u201cVienna\u201d or \"London\" and Mimi tells you the best restaurants or coffee shops close by.", "details": "Skill Details\nRated: Guidance Suggested.\nThis skill contains dynamic content.\nInvocation Name: hipster cat\nDeveloper Privacy Policy\nDeveloper Terms of Use", "privacy_policy_href": "https://hipstercatbot.com/terms-and-conditions/"}, "Huntsville On Tap": {"review-count": "2", "description": "Description\nFind out what's on tap in real-time at your favorite breweries in Huntsville, AL! The skill will provide you with three options: which breweries are in the area, what's on tap at your selected brewery, and what's new/popular. If you know which brewery you want to ask about, simply include it when you ask Alexa e.g. \"Alexa, ask Huntsville On Tap what's at Straight to Ale\".", "details": "Skill Details\nRated: Mature.\nThis skill contains dynamic content.\nInvocation Name: huntsville on tap", "privacy_policy_href": ""}, "Cheeseburger Facts": {"review-count": "4", "description": "Description\nThis skill provides several facts about cheeseburgers, including what it is and its rich history.", "details": "Skill Details\nThis skill contains dynamic content.\nInvocation Name: cheeseburger facts", "privacy_policy_href": ""}, "Keto Skillet Recipes": {"review-count": "14", "description": "Description\nKeto Skillet gives you a random keto recipes to cook right away", "details": "Skill Details\nThis skill contains dynamic content.\nInvocation Name: keto skillet", "privacy_policy_href": ""}, "Engineers choice": {"review-count": "0", "description": "Description\nFacts about famous drink \"OLD MONK\"", "details": "Skill Details\nRated: Mature.\nThis skill contains dynamic content.\nInvocation Name: cheers life", "privacy_policy_href": ""}, "Grilled Cheese Recipes": {"review-count": "2", "description": "Description\nLove grilled cheese? Grilled Cheese Recipes is the skill for you! Sara Lee Artesano Bread serves up mouthwatering creations to satisfy your ooey gooey cravings. Receive a recipe card with ingredients and step-by-step instructions for every recipe. And get ready to wow your taste buds. To get started, say, Alexa, Open Grilled Cheese Recipes.\n\nFEATURES\n\u2022 Variety of unique grilled cheese recipes\n\u2022 Options for vegetarians and meat lovers\n\u2022 Easy-to-follow steps\n\u2022 Corresponding recipe cards with photos, ingredients and directions sent to your Alexa companion app", "details": "Skill Details\nThis skill contains dynamic content.\nInvocation Name: grilled cheese recipes\nDeveloper Privacy Policy\nDeveloper Terms of Use", "privacy_policy_href": "https://saraleebread.com/privacy-policy"}, "Quik Bites": {"review-count": "0", "description": "Description\nQuik Bites takes the novice cook through a few dishes in the breakfast, lunch, dinner, or snack category.\n\nTo enable the skill, say \"Alexa, open Quik Bites\". From there you can pick a meal type and from there you can pick a recipe.\n\nAfter selecting the recipe, the user can navigate the recipe with commands like \"next\" to move on, or \"repeat\" to hear the current step again.", "details": "Skill Details\nThis skill contains dynamic content.\nInvocation Name: quick bites", "privacy_policy_href": ""}, "Peaberry Assistant": {"review-count": "1", "description": "Description\nPeaberry provides a suite of coffee tools and brewing information", "details": "Skill Details\nThis skill contains dynamic content.\nInvocation Name: peaberry assistant", "privacy_policy_href": ""}, "Meal Chooser": {"review-count": "1", "description": "Description\nEver not had any idea what you want to have for food?\nThen this is the skill for you\n\n03/23 Update - Now featuring vegan, vegetarian and gluten free options, with more food items on the way\n\nThis skill will run you through some options, and will choose the item of food for you based on your responses.", "details": "Skill Details\nThis skill contains dynamic content.\nInvocation Name: meal chooser", "privacy_policy_href": ""}, "Should I Eat It": {"review-count": "0", "description": "Description\nDo not know if you should eat fish. Just ask.", "details": "Skill Details\nThis skill contains dynamic content.\nInvocation Name: should i eat it", "privacy_policy_href": ""}, "MinRecipe": {"review-count": "0", "description": "Description\nImproved version!! include real recipes with the recommended dish.\n\nLike our favorite brother skill MinRecipe LowFat, but with a wider range of dishes.\nFrom time to time, you might be too lazy or busy to think about the food you want to cook. This skill will exactly help you. This skill helps you search through a wide variety of recipes by looking at ingredients you have.\n\nInstruction\n1. You can add an ingredient to the list by saying \"add chicken\" or \"I have eggs\".\n2. Ask MinRecipe to surprise you with the recipe by saying \"surprise me\" or \"I am hungry\".\n3. You can remove an ingredient from the list by saying \"remove flour\" or remove everything from the list with \"clear list\" order.\n4. You can listen what ingredients you already added to the list by saying \"what's on my list\".", "details": "Skill Details\nThis skill contains dynamic content.\nInvocation Name: min recipe", "privacy_policy_href": ""}, "RandomLunch": {"review-count": "0", "description": "Description\nCan't decide what cuisine to eat for lunch? This will randomly tell you what cuisine to try.", "details": "Skill Details\nThis skill contains dynamic content.\nInvocation Name: random lunch", "privacy_policy_href": ""}, "Cocktail Roulette": {"review-count": "0", "description": "Description\nHow to play:\nSay, \"Alexa open Cocktail Roulette.\"\nAlexa will provide a cocktail name, ingredients, and instructions.\nYou are to make the cocktail as instructed by Alexa.\nFun for a 21+ game night.", "details": "Skill Details\nRated: Mature.\nThis skill contains dynamic content.\nInvocation Name: cocktail roulette", "privacy_policy_href": ""}, "MinRecipe LowFat": {"review-count": "1", "description": "Description\nFor tried days, you might be too lazy or busy to think about a low fat dish you want for your dinner. This skill will exactly help you. This skill helps you to pick up a good choice of low fat foods. You can ask the skill to note a list of ingredients you have. Then you can ask them to offer a list of dishes combined your healthy ingredients. You can even ask them to surprise you to pick up a random food.", "details": "Skill Details\nThis skill contains dynamic content.\nInvocation Name: min low fat recipe", "privacy_policy_href": ""}, "Ono Brewing Company": {"review-count": "1", "description": "Description\nDelicious Craft Beer * Tropical Tasting Room * Self-Serve Beer Wall\n\nOno Brewing Company is a family business in Chantilly, Virginia owned by husband and wife team, Scott and Cyndi Hoffman. \u201cOno\u201d means \u201cdelicious\u201d or \u201ctasty\u201d in Hawaiian and was chosen because of Scott and Cyndi\u2019s deep connections to Hawaii.\n\nOur goal is to brew delicious craft beer on site and serve it to our patrons in our relaxing, tropical-themed tasting room. Our 7,000 square foot facility includes a 15 barrel brewhouse, an expansive tasting room, and features a unique self-serve beer wall that will put our customers in total control of their craft beer tasting experience.", "details": "Skill Details\nRated: Mature.\nThis skill contains dynamic content.\nInvocation Name: ono brewing", "privacy_policy_href": ""}, "Alcohol Calculator": {"review-count": "0", "description": "Description\nThis skill will calculate the alcohol content (ABV) of beer, mead, sake, wine, etc. based on the beginning and ending specific gravity, brix or plato. The skill works in conversational mode and will prompt you for input. Ask Alexa to open the skill with \"Alexa, open alc calc\" and then just say \"calculate\" and she'll ask you for each input value.\n\nYou can also change the units between SG, brix and plato by saying \"change units.\" The units setting will be retained across invocations of the skill.\n\nNote that all plato and brix calculations will be converted to/from SG to perform the actual ABV calculation. The \"Lincoln\" formula is used for unit conversions.\n\nThe following formula is used to determine ABV:\n\nABV = (76.08 * (OG-FG) / (1.775-OG)) * (FG / 0.794)", "details": "Skill Details\nRated: Mature.\nThis skill contains dynamic content.\nInvocation Name: alc calc", "privacy_policy_href": ""}, "What's at Val": {"review-count": "4", "description": "Description\nAre you ever in a rush to class but want to know what to expect for lunch? Do you want to quickly know if you want to go to Val or Grab 'n Go? The \"What's at Val\" Alexa skill can help!\n\nSimply say \"Alexa, open What's at Val\" and you'll get a rundown of the day's menu.\n\nThis skill gets menu info for Valentine dining hall in Amherst College.", "details": "Skill Details\nRated: Guidance Suggested.\nThis skill contains dynamic content.\nInvocation Name: what's at val", "privacy_policy_href": ""}, "BeanandBackpack": {"review-count": "0", "description": "Description\nBean and Backpack was born out of passion of travelling, coffee, and vegan food. When you love something so much, you have to do everything you can to make it a reality. So, follow along with us as we eat and caffeinate our way around the world.", "details": "Skill Details\nFlash Briefing Skill\nThis skill contains dynamic content.", "privacy_policy_href": ""}, "Famous Dishes": {"review-count": "0", "description": "Description\nAlexa would select and read a famous dish from around the world. Ask Alexa for a famous dish and Alexa would read a mouth-watering description.", "details": "Skill Details\nThis skill contains dynamic content.\nInvocation Name: famous dishes", "privacy_policy_href": ""}, "Chug! Buddy": {"review-count": "1", "description": "Description\nDo you need an extra person for drinking chants? Are you always stuck for whose turn it is to drink?\n\nOr are you drinking alone and need a partner?\n\nChug! is exactly what you need, just tell her to chant you and she'll get to her chant. Great party starter and pre-drink must have.\n\nUpdated: Just ask \u201cwho turn is it to drink\u201d and she\u2019ll let you know.", "details": "Skill Details\nRated: Mature.\nThis skill contains dynamic content.\nInvocation Name: chug buddy", "privacy_policy_href": ""}, "Se\u00f1or Sisig Finder": {"review-count": "1", "description": "Description\nSe\u00f1or Sisig is a Filipino Fusion Food Truck located in the San Francisco Bay Area. There are multiple trucks spread out across the city every day -- find out if there's one near you today!", "details": "Skill Details\nThis skill contains dynamic content.\nInvocation Name: senor sisig finder", "privacy_policy_href": ""}, "Egg Test | how to tell if eggs are fresh": {"review-count": "265", "description": "Description\nIt's sunday morning. I'm excited for my egg breakfast. But: are the eggs still good to eat? I better do the egg test...\n\nBut should the egg float to the top or should it lay at its side on the bottom? I am not sure.\n\n=> Just ask the Egg Test skill!\n\nDo you want a short answer:\n- Alexa, ask Egg Test \"up or down\"\n- Alexa, tell Egg Test the egg floats to the top\n- Alexa, tell Egg Test the egg lays at the bottom\n\nDo you want to know more details:\n- Alexa, start Egg Test!\n- Test instructions!\n- Why does this method work?\n\n\n>>> Enjoy your meal!\n\n---------------------------------------------\nWarning: This skill is for your information only. We are not responsible for whether your eggs are fresh or already spoiled. The information of this skill is no health advice. If in doubt, dispose the eggs rather than spoiling your stomach.", "details": "Skill Details\nThis skill contains dynamic content.\nInvocation Name: egg test\nDeveloper Privacy Policy\nDeveloper Terms of Use", "privacy_policy_href": "https://oxnkeen.com/privacy-policy-alexa-skills/"}, "Barman": {"review-count": "4", "description": "Description\nDo you want to learn to make your own drinks, but don\u2019t feel like flipping through a book of recipes? Want to be able to better entertain your friends in your at-home bar? With the Barman skill, learn how to make your favorites, or be more adventurous and try something new. Each drink is complete with the ingredients and instructions necessary to create them. There are hundreds of cocktails to try so be your own bartender today!\n\nWe are adding new features every week, so stay tuned for updates!", "details": "Skill Details\nRated: Mature.\nThis skill contains dynamic content.\nInvocation Name: bar man", "privacy_policy_href": ""}, "Cocktail Maker": {"review-count": "2", "description": "Description\nTo open the Cocktail Maker say\n\nopen cocktail maker\n\nTo learn how to make a cocktail given its name and search the Cocktail Maker Database\n\ntell me how to make <cocktail>\ntell me how to make a Gin and Tonic\n\nTo search cocktails by all ingredients\n\nsearch for cocktails that include <ingredient>\ncocktail containing <ingredient>\ncocktail containing bourbon\n\nTo search cocktails by its base or main ingredient\n\ncocktails with main ingredient <ingredient>\ncocktails with main ingredient bourbon\n\nTo hear instructions and help:\n\nhelp\n\nOne you have selected a cocktail, to hear these ingredients and instructions again\n\nplease repeat", "details": "Skill Details\nRated: Mature.\nThis skill contains dynamic content.\nInvocation Name: cocktail maker", "privacy_policy_href": ""}, "Happy Hour": {"review-count": "101", "description": "Description\nThis skill will give recipes for over 170 popular bar drinks. The drink list includes all of the standard fare plus others like Sidecar, Singapore Sling, Sex on the Beach, Apple Martini, Blue Kamikaze, and more.\n\nThe Bar Maid can be asked for specific drink recipes, types of drinks, and recipes for a specific type of alcohol.\n\nInvoke this skill by saying, with several variations and allowances for 'a' and 'an\u2019. A complete list is on the instructions card:\n\n\"Alexa, ask the Bar Maid how do I make a godfather\u201d\n\"Alexa, ask the Bar Maid how do you make a sea breeze\u201d\n\"Alexa, ask the Bar Maid how is a blaster made\u201d\n\"Alexa, ask the Bar Maid recipe for a side car\u201d\n\"Alexa, ask the Bar Maid what are the ingredients for a blaster\u201d\n\"Alexa, ask the Bar Maid what do I need for a fuzzy navel\u201d\n\"Alexa, ask the Bar Maid what do I need to make a frozen daquiri\u201d\n\"Alexa, ask the Bar Maid what do you need for a screwdriver\u201d\n\"Alexa, ask the Bar Maid what ingredients are in an bahama mama\u201d\n\"Alexa, ask the Bar Maid what is in a chocolate cake\u201d\n\"Alexa, ask the Bar Maid what is the recipe for a cadillac margarita\u201d\n\"Alexa, ask the Bar Maid what's in a purple hooter\u201d\n\"Alexa, ask the Bar Maid what's the recipe for a purple haze\u201d\n\"Alexa, ask the Bar Maid how to make a black russian\u201d\n\"Alexa, ask the Bar Maid what kind of rum recipes do you have\u201d\n\"Alexa, ask the Bar Maid what kind of whiskey recipes are available\u201d\n\"Alexa, ask the Bar Maid what kind of vodka drinks do you have\u201d\n\"Alexa, ask the Bar Maid to name the brandy drinks available\u201d\n\"Alexa, ask Bar the Maid to name the bourbon drinks\u201d\n\"Alexa, ask the Bar Maid to list the rum recipes\u201d\n\"Alexa, ask the Bar Maid to list the brandy recipes you have\u201d\n\"Alexa, ask the Bar Maid to list the whiskey drinks you have\u201d\n\"Alexa, ask the Bar Maid to list the bourbon drinks available\u201d\n\"Alexa, ask the Bar Maid to list the brandy recipes you have\u201d\n\"Alexa, ask the Bar Maid to list the whiskey drinks you have\u201d\n\"Alexa, ask the Bar Maid to list the bourbon drinks available\u201d\n\u201cAlexa, ask the Bar Maid to send me a recipe card for a Manhattan\u201d\n\u201cAlexa, ask the Bar Maid to send me a Mai Tai recipe card\u201d\n\u201cAlexa, ask the Bar Maid to send a Singapore Sling card\u201d\n\"Alexa, ask the Bar Maid what types of drinks can you make\u201d\n\"Alexa, ask the Bar Maid what types of drinks you have\u201d\n\"Alexa, ask the Bar Maid what types of drinks do you have\u201d\n\"Alexa, ask the Bar Maid what types of drinks do you have on file\u201d\n\"Alexa, ask the Bar Maid what type of drink recipes do you have\u201d\n\"Alexa, ask the Bar Maid to name the type of drink recipes you have\u201d\n\"Alexa, ask the Bar Maid name the types of drink recipes\u201d\n\u201cAlexa, ask the Bar Maid what drink types start with the letter a\u201d\n\u201cAlexa, ask the Bar Maid what drink types she has starting with the letter a\u201d\n\u201cAlexa, ask the Bar Maid what drink types start with the letter a\u201d\n\u201cAlexa, ask the Bar Maid for drink types starting with the letter a\u201d\n\"Alexa, ask the Bar Maid to list the drink types starting with the letter a\"\n\n\"Alexa, ask the Bar Maid for help\"\n\u201cAlexa, ask the Bar Maid to send and instructions card\u201d\n\"stop\"\n\"cancel\"\n\nNote: This skill is not intended for use by anyone not legally old enough to enjoy alcoholic beverages and will be periodically refined and updated.", "details": "Skill Details\nRated: Mature.\nThis skill contains dynamic content.\nInvocation Name: the bar maid", "privacy_policy_href": ""}, "Texas Roadhouse": {"review-count": "47", "description": "Description\nAlexa makes it easy to get on the waitlist at Texas Roadhouse!\n\nWith the Texas Roadhouse skill, just ask Alexa to put you on the waitlist. She\u2019ll let you know which stores are closest to you and once you choose a location, she\u2019ll ask a few questions, like how many are in your party and if you need a high chair. Please keep in mind, this is not a reservation, but a great way to reduce your wait at the restaurant during busy times.\n\nSo go ahead, ask Alexa to put you on the waitlist at Texas Roadhouse and soon you\u2019ll be enjoying our Hand-Cut Steaks, Fall-Off-The-Bone Ribs, Made-From-Scratch Sides, Fresh-Baked Bread and Legendary Margaritas!", "details": "Skill Details\nRated: Guidance Suggested.\nThis skill contains dynamic content.\nInvocation Name: texas roadhouse\nDeveloper Privacy Policy\nDeveloper Terms of Use", "privacy_policy_href": "https://www.texasroadhouse.com/privacy-policy"}, "Dinner Decoder": {"review-count": "0", "description": "Description\nAsk \"What's for dinner?\" and Alexa will pick a delicious dinner for you!", "details": "Skill Details\nThis skill contains dynamic content.\nInvocation Name: dinner decoder", "privacy_policy_href": ""}, "My Advice Mechanic": {"review-count": "1", "description": "Description\nMy Advice Mechanic helps users figure out what's causing common car problems, like noise, smoke and starting engine.\n\nAll you need is to say \"Alexa, ask My Advice Mechanic\". Alexa will ask you a few simple Yes or No questions. At the end, Alexa will tell you the most likely cause of your car problem.", "details": "Skill Details\nThis skill contains dynamic content.\nInvocation Name: my advice mechanic\nDeveloper Privacy Policy\nDeveloper Terms of Use", "privacy_policy_href": "http://www.visiondelmar.com/vdmllc_privacy.html"}, "Isopure Recipes": {"review-count": "0", "description": "Description\nCheck out the many delicious dishes you can serve up using our powders and drinks below\u2014tons of recipes created by us, and our active Isopurist community. From super-charged smoothies to protein-packed pancakes or cookies, there are infinite options to amplify your meals. Mix up your own recipes, and tell us about them using #eatisopure. We\u2019re always looking for new ways to enjoy our energy.\n\n*Because culinary technique may vary, the nutritional information provided for recipes are estimated and should not be construed as a guarantee.\n\nFor more Isopure Healthy Recipes go to: http://www.theisopurecompany.com/recipes.html\n\nHere's the list of recipes:\n\n1. Peppermint Nog Protein Shake\n2. Cherry Pie Recovery Oats\n3. Apple Pie Protein Shake\n4. Strawberry Cheesecake Protein Pancakes\n5. Hot Chocolate Breakfast Smoothie\n6. No Bake Cherry Peanut Butter Bars\n7. Toasted Coconut Protein Pancakes\n8. Pumpkin Spice Protein Pudding\n9. Cinnamon Roll Protein Shake\n10. Blueberry Protein Waffles\n11. Fruit & Protein Smoothie\n12. Blackberry Mango Protein Shake\n13. Coffee Delight Summer Smoothie\n14. Black Cherry Protein Popsicles\n15. Mango Chia Pudding\n16. Avocado Matcha Toasted Coconut Smoothie\n17. Chocolate Banana Protein Waffles\n18. Cookies and Cream Protein Shake\n19. Green Smoothie\n20. Peanut Butter Protein Cookies\n21. Vanilla Hazelnut Protein Bars\n22. Black Forrest Recovery Smoothie\n23. Tropical Fruit Recovery Smoothie\n24. Kiwi Strawberry Blitz\n25. Peanut Butter Banana Smoothie", "details": "Skill Details\nThis skill contains dynamic content.\nInvocation Name: isopure", "privacy_policy_href": ""}, "Food Suggester": {"review-count": "0", "description": "Description\nThis skill allows you to find some unique options with a specified amount of calories, ask Alexa for a food with a certain amount of calories, and she will suggest foods with that amount of calories, or something very close to it! Once you get an idea from Alexa, try looking up a recipe and make the dish for yourself!", "details": "Skill Details\nThis skill contains dynamic content.\nInvocation Name: food suggester", "privacy_policy_href": ""}, "Destination coimbatore": {"review-count": "0", "description": "Description\nDestination Coimbatore is a local guide which recommends you the local hotels and attractions in Coimbatore.You can ask for the hotels and it's locations as well as you can ask for attractions or the places to be visited in Coimbatore.You can check the weather in Coimbatore before going out.", "details": "Skill Details\nThis skill contains dynamic content.\nInvocation Name: destination coimbatore", "privacy_policy_href": ""}, "Wingin' It Cafe Daily Specials": {"review-count": "0", "description": "Description\nThis skill parses the public Facebook page for Wingin' It Cafe in Redmond, WA and tells the user what the special of the day or the burger for any specified day is. Wingin' It is open Monday to Friday, so requests for the special on weekends will result in being given information for the following Monday.", "details": "Skill Details\nThis skill contains dynamic content.\nInvocation Name: winging it cafe", "privacy_policy_href": ""}, "Wicked Peppers": {"review-count": "3", "description": "Description\nFind out how hot common peppers are based on the Scoville scale.", "details": "Skill Details\nThis skill contains dynamic content.\nInvocation Name: wicked peppers", "privacy_policy_href": ""}, "Manassas Food": {"review-count": "1", "description": "Description\nLet Alexa recommend a restaurant for you near Manassas, Virginia. Are you heading out in Northern Virginia (NOVA) and need something to do or someplace to eat? Just ask Manassas Food for breakfast, lunch, dinner, or coffee!", "details": "Skill Details\nThis skill contains dynamic content.\nInvocation Name: manassas food", "privacy_policy_href": ""}, "Cocktail King": {"review-count": "3", "description": "Description\nFind out how to make the newest and hottest cocktails from Alexa! Cocktail King can tell you the ingredients, amounts, instructions and glass types so you can make the best cocktails at your next gathering.\n\nTo get started, try our favourite commands:\n- Ask Cocktail King what I can make with Tequila?\n- Ask Cocktail King what\u2019s in a Bloody Mary?\n- Ask Cocktail King how do I make a Martini?\n- Ask Cocktail King for a recipe with Vodka and Chocolate.\n- Tell Cocktail King to surprise me.\n\n*NOTE: This skill contains alcohol references, so is not suitable for people under 21*", "details": "Skill Details\nRated: Mature.\nThis skill contains dynamic content.\nInvocation Name: cocktail king", "privacy_policy_href": ""}, "TASTE Daily Briefing": {"review-count": "4", "description": "Description\nIf you're a fan of home cooking, deep dives into culinary history, and emerging topics in today\u2019s quickly moving food culture, TASTE Daily is a must-listen. Home to the popular series TASTE Food Questions, as well as essays, travel features, interviews, and deeply reported narrative non-fiction published on TASTE. Produced by Max Falkowitz, Anna Hezel, and Matt Rodbard.", "details": "Skill Details\nFlash Briefing Skill\nRated: Guidance Suggested.\nThis skill contains dynamic content.", "privacy_policy_href": ""}, "Tea Cup": {"review-count": "2", "description": "Description\nTea Cup allows you to ask about certain types of tea and it will provide a description. It will also allow you to ask about certain symptoms and it will suggest a natural remedy ingredient to use in your tea. Tea Cup is being updated weekly with the latest information purely by experience. Tea Cup does not substitute for professional advice. If you have recurring health issues you may want to consult a physician.", "details": "Skill Details\nThis skill contains dynamic content.\nInvocation Name: tea cup", "privacy_policy_href": ""}, "Craft Beer Facts": {"review-count": "1", "description": "Description\nIf you've ever wanted to know more about craft beer, Craft Beer Fact is for you!\nContact us or suggest new facts: ajaldin@nekki.us", "details": "Skill Details\nRated: Mature.\nThis skill contains dynamic content.\nInvocation Name: craft beer facts", "privacy_policy_href": ""}, "Better Bites": {"review-count": "0", "description": "Description\nBetterBites uses analysis from various sources to tell you about local food restaurants that provide a service based on your request. A list of items is sent back and selectable. With each selection, the location information is supplied, contact information, ratings, closed/open status, and types of transactions of the location.", "details": "Skill Details\nRated: Guidance Suggested.\nThis skill contains dynamic content.\nInvocation Name: better bites\nDeveloper Privacy Policy", "privacy_policy_href": "https://www.molinesystem.com/disclaimers/better_bites_privacy_policy.html"}, "Tufts Menus": {"review-count": "0", "description": "Description\nAsk Alexa to find out whats on the menu at Tufts dining halls. You can ask about any day, any meal, or anything else.", "details": "Skill Details\nRated: Guidance Suggested.\nThis skill contains dynamic content.\nInvocation Name: tufts menus", "privacy_policy_href": ""}, "Reservation Builder": {"review-count": "0", "description": "Description\nThis skill allows you to make a reservation for a number of guests, at a time and date. It will prompt you for any information it has not successfully received and read out the confirmation of your reservation. It will also display the confirmation on a card via EchoShow if applicable.", "details": "Skill Details\nThis skill contains dynamic content.\nInvocation Name: reservation builder", "privacy_policy_href": ""}, "Cocktail Bro": {"review-count": "0", "description": "Description\nprovides a cocktail recipe (ingredients) given cocktail name", "details": "Skill Details\nRated: Mature.\nThis skill contains dynamic content.\nInvocation Name: cocktail bro", "privacy_policy_href": ""}, "I Need a Gyro": {"review-count": "2", "description": "Description\nFind a place to buy a gyro close to you. For best results, pronounce 'gyro' as JAI-row (\\ \u02c8j\u012b-(\u02cc)r\u014d \\).", "details": "Skill Details\nRated: Guidance Suggested.\nThis skill contains dynamic content.\nInvocation Name: i need a gyro\nDeveloper Privacy Policy", "privacy_policy_href": "https://www.ineedagyro.com/privacy"}, "Meal planner": {"review-count": "2", "description": "Description\nThis interactive skill is designed to plan a lunch or dinner.\nAssumption: Skill uses stored personalization and cognition to plan a meal with a user, send recipes, add ingredients to grocery list.\nFuture: The goal is to enhance it to communicate emal plan to family, set reminders to buy ingredients or meals, store family preferences, store selections and design questions based on trends like time of day, season, pror selections (cognition).", "details": "Skill Details\nThis skill contains dynamic content.\nInvocation Name: my meal plan", "privacy_policy_href": ""}, "Midtown Atlanta Food": {"review-count": "0", "description": "Description\nFar from Zagat, this is a local's take on the best food in the heart of Midtown Atlanta.\n\nMidtown Atlanta Food Categories:\n- Classic Favorites: Well Established Quintessential Midtown\n- Casual Eats: Counter service restaurants\n- Crowd Pleasers: Something for everyone & large groups\n- Local Watering Holes: Best Midtown Bars\n- Date Night: Romance in Atlanta\n\nThis skill works on Echo, Echo Dot, and Echo Show. The Echo Show version utilizes touchscreen menus and features photos from each food location.", "details": "Skill Details\nRated: Mature.\nThis skill contains dynamic content.\nInvocation Name: atlanta food", "privacy_policy_href": ""}, "Wine Library": {"review-count": "3", "description": "Description\nTake a sniffy-sniff and start tasting with Gary Vaynerchuk and his friends from Wine Library. Wine shouldn't be intimidating, so what you'll find in this skill are awesome wine recommendations and approachable, straightforward tasting notes for some of Gary's favorite bottles, including many featured in his Monthly Wine Club. Enjoy tasting!", "details": "Skill Details\nRated: Mature.\nThis skill contains dynamic content.\nInvocation Name: wine library\nDeveloper Privacy Policy\nDeveloper Terms of Use", "privacy_policy_href": "https://winelibrary.com/help/privacy_policy"}, "Cheese Chooser": {"review-count": "0", "description": "Description\nThis skill selects a type of cheese for you,", "details": "Skill Details\nThis skill contains dynamic content.\nInvocation Name: cheese chooser", "privacy_policy_href": ""}, "Indian Recipes": {"review-count": "2", "description": "Description\nThe user can ask if the favorite recipe which the user has asked for is a part of the top indian recipes.\nIn case if it is present, then it remembers as a favorite recipe and otherwise asks for another one.", "details": "Skill Details\nThis skill contains dynamic content.\nInvocation Name: indian recipes", "privacy_policy_href": ""}, "Miss Claw Teal's Cajun Cooking Tips and Stories": {"review-count": "4", "description": "Description\nMiss Claw Teal tells some stories about Boudreaux and Thibodeaux. She can even teach you how to cook like a legit Cajun. Have fun with your favorite Cajun Friend Miss Claw Teal.", "details": "Skill Details\nThis skill contains dynamic content.\nInvocation Name: claw teal", "privacy_policy_href": ""}, "Recipe Finder": {"review-count": "0", "description": "Description\nUp to three ingredients - that's all you need. With Recipe Finder, a healthy, easy-to-make recipe is available at your fingertips. Upon request, Alexa will read the recipe name, and send it to the user's phone via the Alexa app.", "details": "Skill Details\nThis skill contains dynamic content.\nInvocation Name: recipe finder", "privacy_policy_href": ""}, "Healthy Happy Life": {"review-count": "0", "description": "Description\nLatest vegan recipes from Kathy Patalsky of Healthy Happy Life.", "details": "Skill Details\nFlash Briefing Skill\nThis skill contains dynamic content.", "privacy_policy_href": ""}, "Restaurant Report 365": {"review-count": "0", "description": "Description\nTips, news, and reports on restaurant industry for owners", "details": "Skill Details\nFlash Briefing Skill\nRated: Guidance Suggested.\nThis skill contains dynamic content.", "privacy_policy_href": ""}, "Pani puri": {"review-count": "0", "description": "Description\ncity in India Pani Puri Facts.\nBasic facts and recipes on pani puri\nthis skill was not created or endorsed by Amazon", "details": "Skill Details\nThis skill contains dynamic content.\nInvocation Name: pani puri", "privacy_policy_href": ""}, "Brew Tools": {"review-count": "3", "description": "Description\nBrewTools is a part of a new growing set of tools to help brewers with all aspects of brewing from recipe planning through fermentation and beyond! Yeast and grain information coming soon.", "details": "Skill Details\nRated: Mature.\nThis skill contains dynamic content.\nInvocation Name: brew tools", "privacy_policy_href": ""}, "Burrito Roulette": {"review-count": "1", "description": "Description\nAre you tired of always ordering the same burrito at your favorite restaurant, or maybe you can't decide which type of burrito to order? Play Burrito Roulette and let Alexa build a custom burrito for you! Just say, \"Alexa, ask Burrito Roulette to make a burrito.\"\n\nAlexa will build you a custom burrito from a variety of meats (or veggies), different types of rices and beans, different types of salsas, guacamole and other ingredients. Then, to make it easy for you to tell the restaurant what you want, Alexa will send a card to your Alexa App with all of the ingredients.\n\nIngredients that Alexa will randomly select from include:\nMeat: Chicken, carnitas, steak, barbacoa or veggies.\nRice: White or brown rice.\nBeans: Pinto or black beans.\nSalsa: Mild, medium, hot or corn salsa.\nOther: Sour cream, cheese, guacamole and lettuce.\n\nThe fun is in the randomness of the ingredients that Alexa suggests. Every burrito will include a random meat (or veggies). The other ingredients are then randomly selected to build your burrito.", "details": "Skill Details\nThis skill contains dynamic content.\nInvocation Name: burrito roulette", "privacy_policy_href": ""}, "Ritz Recipes": {"review-count": "0", "description": "Description\nRitz Recipes delivers curated recipes directly to your kitchen. Browse our recipes, add ingredients to your shopping list & walk through the recipe preparation at your own pace. You can even step away from the recipe preparation steps and return later, resuming the recipe where you left off.\nTo start using the Ritz Recipes skill, say \u201cAlexa, open Ritz Recipes\u201d and explore the list of featured recipes for upcoming seasonal occasions, or search for recipes that incorporate a specified ingredient. Select a recipe and you can add the ingredients to your Alexa Shopping List by saying \u201cadd ingredients to my shopping list\u201d or \u201cstart the recipe\u201d to hear the recipe preparation, step-by-step. Don\u2019t forget that you can interrupt Ritz Recipes at any point just by saying \u201cAlexa\u201d and your desired command. The Ritz Recipe Skill also sends the selected recipe card to the Alexa App on your associated smart phone.\nFeaturing custom content for the Echo Show, Ritz Recipes is also designed for voice-only models of the Echo.\nIf at any point you need help within the skill, just say \u201cHelp\u201d for guidance. You can also start a new search by ingredient, occasion, or even ask for a random recipe at any point while using Ritz Recipes.", "details": "Skill Details\nThis skill contains dynamic content.\nInvocation Name: ritz recipes\nDeveloper Privacy Policy\nDeveloper Terms of Use", "privacy_policy_href": "http://disclaimer.mondelezinternational.com/privacy_policy.html"}, "Is Pizza Half Price?": {"review-count": "1", "description": "Description\nThis skill will check ispizzahalfprice.com/dc for any active papajohns discount codes", "details": "Skill Details\nThis skill contains dynamic content.\nInvocation Name: is pizza half price", "privacy_policy_href": ""}, "Food List": {"review-count": "13", "description": "Description\nThe Food List skill gives you food options to eat for various meal times include lunch and dinner.", "details": "Skill Details\nThis skill contains dynamic content.\nInvocation Name: food list", "privacy_policy_href": ""}, "The Zinip Chef": {"review-count": "0", "description": "Description\nAsk Zinip what is on the calendar for today. Alexa will respond with all the recipes you have scheduled on zinip.com for the day.", "details": "Skill Details\nRated: Guidance Suggested.\nThis skill contains dynamic content.\nInvocation Name: the zinip chef\nDeveloper Privacy Policy\nDeveloper Terms of Use", "privacy_policy_href": "https://zinip.com/privacy"}, "Information for Cutting and Knife terms": {"review-count": "0", "description": "Description\nThis has basic information about knives and cutting skills. It distinguishes between different popular cutting styles like mincing and dicing, and it also gives information on how to hold the knife and the difference between sharpening and honing a knife. There are no prerequisites necessary.", "details": "Skill Details\nThis skill contains dynamic content.\nInvocation Name: knife terms", "privacy_policy_href": ""}, "Egg Alarm!": {"review-count": "2", "description": "Description\n\"An egg is always an adventure; it may be different each time\" - Oscar Wilde\n\nDo you have problems boiling your eggs? Are your egg whites too runny? Do you loose track of time and boil your eggs into unsavoury pebbles? Fret not! Whether you like your eggs hard, medium or soft boiled, this skill has got it all! Simply preboil a pot of water, place your eggs inside, and tell Egg Alarm how you like them. Egg Alarm will keep track of time and alert you with the crow of a rooster once your egg is done.\n\n*** Make sure to not ask Alexa any more questions after you start Egg Alarm. She might close the skill together with the timer. ***\n\nBon App\u00e9tit!\n\nPlease come back after your meal and leave an awesome review!", "details": "Skill Details\nThis skill contains dynamic content.\nInvocation Name: egg alarm", "privacy_policy_href": ""}, "Ask Chef Bill": {"review-count": "1", "description": "Description\nChef Bill contains over 350,000 recipes waiting to be made. Combining these recipes with Alexa's built in conversion utilities will make you a pro. Create awesome tasty meals, quickly.", "details": "Skill Details\nRated: Guidance Suggested.\nThis skill contains dynamic content.\nInvocation Name: chef bill", "privacy_policy_href": ""}, "Jet City Guide": {"review-count": "0", "description": "Description\nThis is a simple guide that randomly selects from a list of Jake's favorites when given a category to choose from. Looking for a lunch recommendation? Then open Jet City Guide and say \"lunch\" to hear about one of Jake's favorite spots for a sandwich or maybe a burger. If you want to hear about some sight-seeing options, just say \"recommend an attraction\" to hear some good places to visit while you're in town. And since rain is always a possibility here, better make sure to say \"go outside\" to get a quick weather update.", "details": "Skill Details\nRated: Guidance Suggested.\nThis skill contains dynamic content.\nInvocation Name: jet city guide", "privacy_policy_href": ""}, "State College Vegan": {"review-count": "0", "description": "Description\nList of vegetarian and vegan restaurant options in and around State College, Pennsylvania. Includes addresses, phone number, and brief descriptions which can be heard from Alexa, and read in the companion Alexa app. To enable, say \"Alexa, enable State College Vegan.\" Then to use, simply say, \"Alexa, ask State College Vegan for a fact.\"", "details": "Skill Details\nRated: Guidance Suggested.\nThis skill contains dynamic content.\nInvocation Name: state college vegan", "privacy_policy_href": ""}, "Restaurant Report Podcast": {"review-count": "0", "description": "Description\nDaily Restaurant Report on current events, news, and trends.", "details": "Skill Details\nFlash Briefing Skill\nRated: Guidance Suggested.\nThis skill contains dynamic content.", "privacy_policy_href": ""}, "Best Restaurants - Des Moines": {"review-count": "0", "description": "Description\nA curated list of Des Moines\u2019s most favored local restaurants. Decide for yourself, and go out and enjoy our city\u2019s great food and drink!\n\nRequest suggestions based on food types i.e. Italian, Mexican, burgers, pizza or the time of day i.e. breakfast, brunch, lunch, and dinner.\n\nWhen requested, receive a restaurant's contact details in the Alexa app.", "details": "Skill Details\nRated: Guidance Suggested.\nThis skill contains dynamic content.\nInvocation Name: best restaurants", "privacy_policy_href": ""}, "Gronsky's": {"review-count": "5", "description": "Description\nThe Gronsky's Alexa skill tells you information about Gronsky's Milk House located in High Bridge, NJ. It will also tell you the restaurant's current pancake of the month.\n\nFor more information about Gronsky's Milk House, visit its website at http://www.gronskys.com/", "details": "Skill Details\nThis skill contains dynamic content.\nInvocation Name: gron skis", "privacy_policy_href": ""}, "Bruz Beers": {"review-count": "0", "description": "Description\nSimply ask Bruz Beer what food truck is there today, or any day in the future.", "details": "Skill Details\nRated: Mature.\nThis skill contains dynamic content.\nInvocation Name: bruise beers", "privacy_policy_href": ""}, "Coffee Timer": {"review-count": "9", "description": "Description\nCoffee Timer is the most convenient way to start timing your manual coffee brewing at home. Coffee Timer replaces the need for stopwatches or clock watching by giving you accurate audio prompts for when to start pouring, when to stop, and how much water to pour.\n\nCoffee Timer currently supports brewing via pourover and aeropress.\n\nTelling Alexa to stop while in the brewing process will give you your total brew time.", "details": "Skill Details\nThis skill contains dynamic content.\nInvocation Name: coffee timer", "privacy_policy_href": ""}, "Tastes of Austria": {"review-count": "1", "description": "Description\nBesides regional specialties, Austrian menus include many dishes from the former crown lands of the monarchy, ranging from Bohemian to Ottoman cuisine, to the hearty dishes of the Alps.\n\nAustrians have always been masters in the art of adapting various cultural influences and developing creative plates. Their specialties are landmarks of modern Austria\u2019s origins and reveal much about the soul of the country.\n\nThis action is a tour through the culinary map of Austria. \u201eTastes of Austria\u201c describes recipes like Wiener Schnitzel, Tafelspitz, Sachertorte, Kaiserschmarren and many others step by step. Bring family and friends together and enjoy heart-warming food with great company. That\u2019s also typically Austrian!", "details": "Skill Details\nRated: Guidance Suggested.\nThis skill contains dynamic content.\nInvocation Name: tastes of austria\nDeveloper Privacy Policy\nDeveloper Terms of Use", "privacy_policy_href": "https://www.austria.info/en/data-protection/data-protection-policy"}, "Drink Recommender - Your Personal Bartender": {"review-count": "6", "description": "Description\nLooking for a drink with your meal? How about something to have relaxing with friends and family. Relax! Use the power of Alexa and your voice to answer a few simple questions, and our advanced decisioning will find the perfect drink for you.\n\nDisclaimer: the skill may not be suitable for all ages, and some of the questions and answers make references to alcohol.", "details": "Skill Details\nRated: Mature.\nThis skill contains dynamic content.\nInvocation Name: drink recommender", "privacy_policy_href": ""}, "Lancaster City Guide": {"review-count": "1", "description": "Description\nVisiting Lancaster City? Thinking of visiting Lancaster City? Here is a guide for some attractions and places to eat!", "details": "Skill Details\nThis skill contains dynamic content.\nInvocation Name: lancaster city guide", "privacy_policy_href": ""}, "Youchef": {"review-count": "2", "description": "Description\nSimply enter your recipe at https://youchef.io, tell Alexa your recipe name or unique recipe code, and start cooking!\n\nStart the youchef app with the phrase \"Alexa open youchef\".\n\nAlexa will read your recipe to you step by step, and you can ask her to repeat instructions, or for the quantity of a particular ingredient at any time.\n\nIf Alexa is idle for more than 10 seconds, return to your recipe with the phrase, \"Alexa ask youchef for...\", otherwise you can skip this part and dive right in with commands like \"what's the next step?\"", "details": "Skill Details\nRated: Guidance Suggested.\nThis skill contains dynamic content.\nInvocation Name: youchef\nDeveloper Privacy Policy\nDeveloper Terms of Use", "privacy_policy_href": "https://youchef.io/privacy-policy"}, "Meal Maker": {"review-count": "0", "description": "Description\nThis Alexa skills will help you find a delicious meal to make with the ingredients you already have!\n\nSimply ask Meal Maker to make a meal, and then list the ingredients (up to 10) you have. Alexa will search the internet far and wide for recipes that use your ingredients.\n\nOnce she find them, she'll ask if you want a specific recipe. If you don't, she'll respond with a new one that you may like instead.\n\nWhen you've decided on a recipe, the ingredient list and instructions will be sent directly to device's Alexa App.\n\nBefore beginning, please make sure you know your ingredients.\n\nHappy cooking!", "details": "Skill Details\nRated: Guidance Suggested.\nThis skill contains dynamic content.\nInvocation Name: meal maker", "privacy_policy_href": ""}, "Holiday Cookies": {"review-count": "1", "description": "Description\nHoliday Cookies fast and easy! Listen to the ingredients, and then the mixing instructions, all hands free! Repeat any part as necessary, then prepare to enjoy your creations! More fast and easy recipes from Fleeta Mama's Kitchen coming real soon", "details": "Skill Details\nThis skill contains dynamic content.\nInvocation Name: holiday cookies", "privacy_policy_href": ""}, "Virginia Liquor Lottery": {"review-count": "1", "description": "Description\nFind out what products are currently in an open lottery or available for a future lottery from the Virginia Department of Alcoholic Beverage Control stores. This skill is in no way affiliated with Virginia ABC.", "details": "Skill Details\nRated: Mature.\nThis skill contains dynamic content.\nInvocation Name: liquor lottery", "privacy_policy_href": ""}, "The Wine Connoisseur": {"review-count": "0", "description": "Description\nThe Wine Connoisseur will allow you to become the difference between a Wine Amateur and a Wine Expert with over 40 fun facts!\n\nWill work with all Amazon Alexa Products worldwide.", "details": "Skill Details\nRated: Mature.\nThis skill contains dynamic content.\nInvocation Name: the wine connoisseur", "privacy_policy_href": ""}, "Today's Reason to Drink": {"review-count": "16", "description": "Description\nFor each and every day of the year, we offer a historical reason to drink: it could be a famous drinker's birth or death day, a drinking-related holiday, a historical happening, and so forth. We then suggest a cocktail or beverage befitting the occasion. Add the skill to your Flash Briefing and receive a reason to have a tipple every day of the year.\nFor more reasons to drink, visit https://www.drunkard.com\nThis skill uses the feed: https://www.drunkard.com/category/reason-to-drink/", "details": "Skill Details\nFlash Briefing Skill\nRated: Mature.\nThis skill contains dynamic content.", "privacy_policy_href": ""}, "Family Meals": {"review-count": "5", "description": "Description\nAre you trying to decide what to make for dinner? Maybe you're trying to plan out a week's worth of meals for your family. This skill will provide a random suggestion for a meal. If you want more suggestions, just use the skill repeatedly.", "details": "Skill Details\nThis skill contains dynamic content.\nInvocation Name: family meals", "privacy_policy_href": ""}, "CorkGuru": {"review-count": "2", "description": "Description\nCorkGuru pairs your mood, personality and budget constraints to help you discover and choose a wine for yourself or to give as a gift. Expand your knowledge of wine, find great selections nearby and impress your friends. Picking the perfect wine has never been easier or more fun.", "details": "Skill Details\nRated: Mature.\nThis skill contains dynamic content.\nInvocation Name: cork guru\nDeveloper Privacy Policy", "privacy_policy_href": "http://www.corkguru.com/privacy-policy/"}, "Produce Pal": {"review-count": "2", "description": "Description\nProduce Pal helps you decide where to store your fresh fruits and vegetables. Alexa voice interface lets you get these important answers while you unload your grocery bag!", "details": "Skill Details\nThis skill contains dynamic content.\nInvocation Name: produce pal", "privacy_policy_href": ""}}