{"CFISD School Calendar": {"review-count": "1", "description": "Description\nThis Skill is for residents in the Cypress Fairbanks Independent School District. Ask Alexa questions about the School Calendar. You can ask Alexa if the kids have school tomorrow. You can ask Alexa if there is school on a specific date. You can also ask Alexa if the kids have any days off next week, or in a certain month. You can also ask when is the next day off and when is the first or last day of school.", "details": "Skill Details\nThis skill contains dynamic content.\nInvocation Name: c. f. i. s. d.", "privacy_policy_href": ""}, "Chicago Summmer Festival & Event Calendar": {"review-count": "2", "description": "Description\nWe all know summer in Chicago is the best place to be in the world. With this skill, you can learn if there are events on a given date by asking Alexa.\n\nThe calendar is populated up till September 3rd, 2017.", "details": "Skill Details\nThis skill contains dynamic content.\nInvocation Name: chicago events calendar", "privacy_policy_href": ""}, "Dot Net North": {"review-count": "0", "description": "Description\nThis skill provides details about upcoming Dot Net North events", "details": "Skill Details\nThis skill contains dynamic content.\nInvocation Name: dot net north", "privacy_policy_href": ""}, "Gypsy Sticks": {"review-count": "0", "description": "Description\nThe Gypsy Sticks Skill will allow the user to find out when and where Gypsy Sticks is performing. Find out where they are tonight, this week, next week and more. As a bonus, there's even a little bit of humor included in the skill. Just ask Alexa who her favorite Gyspy Sticks band member is!", "details": "Skill Details\nThis skill contains dynamic content.\nInvocation Name: gypsy sticks\nDeveloper Privacy Policy", "privacy_policy_href": "http://www.gypsysticks.com/privacy.html"}, "Event Detective": {"review-count": "0", "description": "Description\nThere are no hardware or account prerequisites required for this skill. There are two main ways to best use this skill. The first way is to prompt Alexa with relevant information via a Q&A type process. You can interact with the skill in this manner by starting the skill, then saying the city and state where you'd like to search for events, then answer each following question from Alexa. The complete Q&A process will go in this order: city and state, time frame to search, event categories to filter on and then mile radius to search around the desired city. The user can say 'back' at any point of the Q&A process to re-enter an input.\nThe second manner is to just say something like 'what's good around New York, New York' or 'what's good with sports events within 10 miles of New York, New York' . And then all other fields, that are normally gathered through the Q&A process, will be filled with defaults.\nOnce either of the top 2 methods are used, the user will be prompted with top events, ranked by popularity. The user may then say 'more info on...' the event in question and the user will be prompted with some more details on the event. Then once at this step the user can either say 'back' to return to the overview list of top events, say 'more info on...' another event the user saw in the previous step or say 'what's the distance'.\nThe 'what's the distance' command will then prompt the user to enter in a starting location. Then once this starting location has been entered, Alexa will prompt the user with the duration and distance to the venue's location from inputted starting location and the accompanying card will show a static map and step by step directions to get there.", "details": "Skill Details\nRated: Guidance Suggested.\nThis skill contains dynamic content.\nInvocation Name: event detective", "privacy_policy_href": ""}, "Saint Christopher School \"What's For Lunch?\"": {"review-count": "0", "description": "Description\nWhat's For Lunch reads the St. Christopher School lunch menu for the requested day/week from the school's Google calendar. However, since the lunch calendar is only published approximately one month in advance, WFL won't be able to respond to requests beyond that.\n\nYou can ask for the lunch entr\u00e9e for a single day, or a whole week.", "details": "Skill Details\nThis skill contains dynamic content.\nInvocation Name: saint christopher school", "privacy_policy_href": ""}, "FindMooch": {"review-count": "0", "description": "Description\nGot a free evening? Looking for an interesting lunch time event?\nFindMooch curates the best events near you that offer free food or drinks. Mooch away!\n(Currently only in the Puget Sound area of WA, coming to an area near you soon)", "details": "Skill Details\nThis skill contains dynamic content.\nInvocation Name: find mooch", "privacy_policy_href": ""}, "Resist events": {"review-count": "4", "description": "Description\nJoin the Resistance! Stop Trump! Now, you can use Alexa to find the next Resistance Event near you.\n\nTo use: say \"Launch Resist events\", then ask to \"find the next event near me\" or \"within 40 miles of Denver, Colorado\" or \"next event near me after May 15\"\n\nEvents hosted by https://resistancenearme.org/ but I'm not affiliated with them", "details": "Skill Details\nThis skill contains dynamic content.\nInvocation Name: resist events\nDeveloper Privacy Policy", "privacy_policy_href": "https://sites.google.com/view/resistevents/privacy-policy"}, "Snow Horse Lunch Lady": {"review-count": "1", "description": "Description\nDo your kids ask you what is for lunch every morning? Do you then spend a few minutes going to the school site to find the link to the lunch menu and choose the correct menu drop downs on before finally getting the lunch menu for the month? Well, add this skill and never go through that again. When your kids ask what's for lunch you can respond with \"Alexa, ask Snow Horse Lunch Lady what is for lunch today?\" Now watch your kids eyes bug out as Alexa lists out today's lunch menu. Your kids will not ask you again.", "details": "Skill Details\nThis skill contains dynamic content.\nInvocation Name: snow horse lunch lady\nDeveloper Privacy Policy", "privacy_policy_href": "https://lunch-lady.herokuapp.com/privacy/"}, "Hi Karl - Your Evening Genie": {"review-count": "2", "description": "Description\nHi Karl is a virtual concierge that offers personalized event recommendations. Hi Karl leverages your listening habits, geographic data, and behavioral data to make recommendations of which concerts to go check.\n\nYou can ask Hi Karl what\u2019s happening in town, who\u2019s playing at a specific venue, if an artist is in town\u2026 and Karl will get back to you in seconds!\n\ne.g.\n\"Alexa, open Hi Karl\"\n\"Alexa, ask Hi Karl what's happening in Nashville tonight?\"\n\"Alexa, ask Hi Karl who's playing at Mercy Lounge this weekend?\"\n\nHi Karl covers at the moment Nashville and New York City, with lots of other cities in the pipeline!", "details": "Skill Details\nThis skill contains dynamic content.\nInvocation Name: hi karl\nDeveloper Privacy Policy\nDeveloper Terms of Use", "privacy_policy_href": "https://www.hikarl.com/privacy-policy"}, "Local Events": {"review-count": "1", "description": "Description\nThis objective of this Alexa Skill is two-folds: 1) to provide a skill for users to obtain local events nearby on a timeframe: today, tomorrow, weekend 2) to provide a skill for users to obtain local discounts/specials on a timeframe: today, tomorrow, weekend.\n\nVersion 1.0 only achieve the first objective", "details": "Skill Details\nRated: Mature.\nThis skill contains dynamic content.\nInvocation Name: local events", "privacy_policy_href": ""}, "Unofficial Wayne Middle School Lunch Menus": {"review-count": "0", "description": "Description\nUnofficial Lunch menu for TCA Middle School", "details": "Skill Details\nThis skill contains dynamic content.\nInvocation Name: t. c. a.", "privacy_policy_href": ""}, "Alpharetta High Tennis Fan": {"review-count": "0", "description": "Description\nThis is the unofficial Alpharetta High School Lady Varsity team scoreboard. It reports the latest tennis (unofficial) match result of Alpharetta High School Lady Tennis Varsity Team for the fans and parents.", "details": "Skill Details\nThis skill contains dynamic content.\nInvocation Name: alpharetta high tennis fan", "privacy_policy_href": ""}, "Cabarrus This Week": {"review-count": "0", "description": "Description\nEvents this week in Cabarrus County North Carolina", "details": "Skill Details\nFlash Briefing Skill\nThis skill contains dynamic content.\nDeveloper Privacy Policy\nDeveloper Terms of Use", "privacy_policy_href": "https://www.cabarruscounty.us/resources/social-media"}, "School Buddy": {"review-count": "3", "description": "Description\nThis skill reads the events from the school calendar, users can search by any day or a time period", "details": "Skill Details\nThis skill contains dynamic content.\nInvocation Name: school buddy", "privacy_policy_href": ""}, "IlliniLaundry": {"review-count": "2", "description": "Description\nThis skill connects to the laundry alert API to retrieve current laundry data from all UIUC dorms. Simply ask Alexa for laundry information at a specific dorm and she will respond with the number of washers and dryers available at the specified location.", "details": "Skill Details\nThis skill contains dynamic content.\nInvocation Name: illini laundry", "privacy_policy_href": ""}, "Saint Catherine School in Seattle": {"review-count": "1", "description": "Description\nThe Saint Catherine app gives you access to many aspects of the school. You can ask about the homework for a specific grade, when a particular sporting event is, or just what is for lunch tomorrow.", "details": "Skill Details\nThis skill contains dynamic content.\nInvocation Name: saint catherine", "privacy_policy_href": ""}, "Event Info": {"review-count": "3", "description": "Description\nEvent Info provides information on events happening in your area.\n\nYou can ask for what concerts, religious, technology and many other types of events are going on in your area, today, tomorrow, this weekend and several other time periods.\n\nAsk for help for the details on all the types of events as well as the supported time periods.\n\nEvent information provided by eventful.com", "details": "Skill Details\nRated: Guidance Suggested.\nThis skill contains dynamic content.\nInvocation Name: event info\nDeveloper Privacy Policy", "privacy_policy_href": "http://www.flyingdoghouse.com/Bills_Privacy_Policy.html"}, "Cleveland Film Festival": {"review-count": "0", "description": "Description\nFilm Festival is the perfect companion for fans of the Cleveland International Film Festival. It enables users of the popular Amazon Echo family of products to request film synopses, film times, categories, and general festival information using only their voice.\n\nTell me more about The Hero.\nWhat World Tour films were showing on April 9th, 2018?\nWhat films were screened on April 6th, 2018?\nGet me information about Kings of Summer.\nWhen does the festival take place?\nWhat is Breaking Balls about?\nWhere is Tower City Cinemas?\nHow much are tickets?\nWhen did California Typewriter play?\nWhat's their phone number?\nWhat categories of films are shown?\nWhat films are playing on April 8th, 2018?\nWhat movies were playing at night on April 2nd, 2018?\nWhat does Patrick like?\n\nWe hope you enjoy using this new way of interacting with us!", "details": "Skill Details\nRated: Guidance Suggested.\nThis skill contains dynamic content.\nInvocation Name: film festival\nDeveloper Privacy Policy", "privacy_policy_href": "https://www.clevelandfilm.org/about/policies/privacy"}, "Next Episode": {"review-count": "373", "description": "Description\nWant to know when your favorite TV show airs next?\n\nJust ask Next Episode about your show and never miss a new episode!", "details": "Skill Details\nRated: Guidance Suggested.\nThis skill contains dynamic content.\nInvocation Name: next episode\nDeveloper Privacy Policy\nDeveloper Terms of Use", "privacy_policy_href": "https://github.com/JohannesKuehnel/next-episode/blob/master/README.md"}, "Suggest a Date": {"review-count": "1", "description": "Description\nWhether you are indecisive, drawing a blank, or just looking for something new to keep your dates fresh, this skill will provide a variety of date ideas upon request. No additional hardware or account requirements necessary. Now you just need to find someone to go on a date with!", "details": "Skill Details\nThis skill contains dynamic content.\nInvocation Name: suggest a date", "privacy_policy_href": ""}, "Louisville Safe Neighborhoods": {"review-count": "0", "description": "Description\nLouisville Safe and Healthy Neighborhoods most recent update.", "details": "Skill Details\nFlash Briefing Skill\nThis skill contains dynamic content.", "privacy_policy_href": ""}, "Louisville Parks": {"review-count": "0", "description": "Description\nThis flash briefing is available through the Open Data initiative in Louisville, KY. This service is available to the public for information purposes only and is not affiliated with the Mayor\u2019s office. The information is open data reported to the Mayor of Louisville.", "details": "Skill Details\nFlash Briefing Skill\nThis skill contains dynamic content.", "privacy_policy_href": ""}, "Event Scout": {"review-count": "4", "description": "Description\nEvent Scout learns what you are interested in and recommends events in your city. The more you use it, the smarter Event Scout gets! After an event is found, Event Scout will ask you if you\u2019re interested, which you can answer with a \u2018yes\u2019 or \u2018no\u2019. By answering this question, you\u2019re teaching Event Scout which events you like. Over time, Event Scout will get smarter based on your answers and recommend events that it thinks you\u2019ll like.\n\nEventScout queries events from:\n* EventBrite - https://www.eventbrite.com\n* MeetUp - http://www.meetup.com/\n* Eventful - http://www.eventful.com/\n\nLaunch Event Scout by saying:\n\n\"Alexa, open Event Scout\"\n\nand then try the following phrases:\n\n\u201cWhat\u2019s up?\u201d\n\u201cSet location to <your city and state>\u201d\n\u201cAlways send events to my email address\u201d\n\u201cStop sending events to my email address\u201d\n\u201cFind events related to <keyword(s)>\u201d\n\"Reset my preferences\"\n\"Start over\"\n\"Undo\" (if you're not really interested in an event)\n\"Help\"", "details": "Skill Details\nThis skill contains dynamic content.\nInvocation Name: event scout\nDeveloper Privacy Policy", "privacy_policy_href": "https://s3.amazonaws.com/eventscout/index.html"}, "City of Auburn, Alabama": {"review-count": "0", "description": "Description\nResidents of Auburn, Alabama can check the City of Auburn holiday schedule.", "details": "Skill Details\nThis skill contains dynamic content.\nInvocation Name: city of auburn\nDeveloper Privacy Policy", "privacy_policy_href": "http://www.auburnalabama.org/mvc/legal/pay/Security"}, "Obie Food": {"review-count": "1", "description": "Description\nFor Obies: Ask Alexa for the lunch or dinner menu on campus (Stevies, Dascomb and Science cart). If you have dietary restrictions (vegan, vegetarian or gluten-free), Alexa will only tell you what fits you. Ask thinks like: \"what's for dinner?\", \"what's for lunch tomorrow?\", \"what's the vegetarian menu?\"", "details": "Skill Details\nThis skill contains dynamic content.\nInvocation Name: obie food", "privacy_policy_href": ""}, "FurryCons.com": {"review-count": "10", "description": "Description\nFurryCons.com provides a list of furry conventions around the world. Using the FurryCons.com database, this Alexa Flash Briefing will tell you what fur cons are coming up this week so that you head out to meet other furries and fursuiters at a furry con near you.", "details": "Skill Details\nFlash Briefing Skill\nThis skill contains dynamic content.", "privacy_policy_href": ""}, "Black Rock Countdown": {"review-count": "5", "description": "Description\nExcited for Burning Man? This skill is the unofficial countdown to when the gates open on the Playa and when the man burns! See you on the Playa!\n\nThis skill is not endorsed or affiliated with the Burning Man Project or any of its affiliates. For more information about the Burning Man Project, please visit their official website, http://burningman.org.", "details": "Skill Details\nThis skill contains dynamic content.\nInvocation Name: black rock countdown", "privacy_policy_href": ""}, "AnimeCons.com": {"review-count": "2", "description": "Description\nAnimeCons.com provides a list of anime conventions around the world. Using the AnimeCons.com database, this Alexa Flash Briefing will tell you what anime cons are coming up this week so you can head out to meet other anime and manga fans and cosplay at an anime con near you.", "details": "Skill Details\nFlash Briefing Skill\nThis skill contains dynamic content.\nDeveloper Privacy Policy\nDeveloper Terms of Use", "privacy_policy_href": "http://adequate.com/privacy.php"}, "Pittsburgh Recyling (Central & East divisions)": {"review-count": "5", "description": "Description\nIn Pittsburgh, you take out the recycling every other week. This skill tells you if it's recycling week.\n\nNote that this skill reports the schedule for the Central and East divisions only. Division maps can be found at http://pittsburghpa.gov/dpw/collection-schedules.\n\nThis skill is not provided by the City of Pittsburgh.", "details": "Skill Details\nThis skill contains dynamic content.\nInvocation Name: pittsburgh recycling", "privacy_policy_href": ""}, "Maestro": {"review-count": "8", "description": "Description\nFind out about opera performance schedule on any given day.\nThis skill is not sponsored by or endorsed by the Metropolitan Opera (Met Opera).", "details": "Skill Details\nThis skill contains dynamic content.\nInvocation Name: opera maestro", "privacy_policy_href": ""}, "Is It Christmas?": {"review-count": "8", "description": "Description\nAsk Alexa if today is Christmas.", "details": "Skill Details\nThis skill contains dynamic content.\nInvocation Name: is it christmas", "privacy_policy_href": ""}, "Washington Computer Science Calendar": {"review-count": "0", "description": "Description\nHave Alexa inform you about the latest and upcoming events at the University of Washington's Computer Science and Engineering department! Events such as special talks, department gatherings, and colloquia will be accessible by voice.", "details": "Skill Details\nThis skill contains dynamic content.\nInvocation Name: c. s. calendar", "privacy_policy_href": ""}, "Husky Guide": {"review-count": "0", "description": "Description\nVisiting the UConn Storrs campus and need something to do? Use Husky Guide to find the best attractions on campus and information about the campus.\n\n*Disclaimer: this is an unofficial student made guide with no affiliation with UConn", "details": "Skill Details\nThis skill contains dynamic content.\nInvocation Name: husky guide", "privacy_policy_href": ""}, "Creative New Mexico Blog Reader": {"review-count": "1", "description": "Description\nThis skill helps you find out about the arts in New Mexico. You can use it to listen to recent posts on the Creative New Mexico blog, or you can search for posts mentioning New Mexico cities and towns.", "details": "Skill Details\nRated: Guidance Suggested.\nThis skill contains dynamic content.\nInvocation Name: creative new mexico", "privacy_policy_href": ""}, "L.A. City": {"review-count": "4", "description": "Description\nTalk to LA City and stay in touch with city happenings! You can currently ask for the news, earthquake reports, and events in the city.", "details": "Skill Details\nRated: Guidance Suggested.\nThis skill contains dynamic content.\nInvocation Name: l. a. city\nDeveloper Privacy Policy\nDeveloper Terms of Use", "privacy_policy_href": "http://disclaimer.lacity.org/privacy.htm"}, "Bangor Buzz": {"review-count": "1", "description": "Description\nBangor Buzz is an online community events calendar for Bangor Maine and surrounding areas. You can search thousands of events on our website that are going on today, next week or even next month. Use this Alexa skill in your flash briefing to get daily featured events and promotions. No additional hardware or requirements are needed for this skill. Don't miss out on all the fun that the Bangor area has to offer!", "details": "Skill Details\nFlash Briefing Skill\nThis skill contains dynamic content.", "privacy_policy_href": ""}, "Georgia Tech Traditions": {"review-count": "17", "description": "Description\nThis still will share facts about Georgia Tech traditions. Information included in this skill can be found at http://www.gatech.edu/about/history-and-traditions and http://traditions.gatech.edu/. Mild profanity may be used. Users can ask \u201cWhat\u2019s the good word?\u201d \u201cHow about \u2018em dawgs?\u201d or \u201cTell me a fact.\u201d", "details": "Skill Details\nRated: Guidance Suggested.\nThis skill contains dynamic content.\nInvocation Name: rambling wreck", "privacy_policy_href": ""}, "Event Master": {"review-count": "5", "description": "Description\n'Event Master' is an Alexa skill able to search city events all around the world. Search the events specifying the city and the date you are interested about. 'Event Master' will retrieve the most popular events (using 'eventful' API, http://api.eventful.com/) and will list you the events information.", "details": "Skill Details\nThis skill contains dynamic content.\nInvocation Name: event master", "privacy_policy_href": ""}, "Book Events": {"review-count": "0", "description": "Description\nBook events tells you about upcoming book, signing and author events for a given zip code. Event data is provided by Goodreads (not affiliated with the development of this app) and sorted by most popular events based on the number of planning attendees. No account is necessary to use the app, just ask what events are in your zip code and book events will read the title and venue in sets of three in a 200 mile radius.", "details": "Skill Details\nRated: Guidance Suggested.\nThis skill contains dynamic content.\nInvocation Name: book events", "privacy_policy_href": ""}, "Unofficial HFL School Information": {"review-count": "1", "description": "Description\nThis Cougar Info skill gives you unofficial information about different aspects of the Honeoye Falls Lima High School.\n\nYou can ask Cougar Info what is for lunch today or tomorrow, when the next game or home game is for several sports, when the next day off from school is, as well as when the next performance will be for band, choir, and wind ensemble.\n\nAsk Cougar Info for help for a list of available options, supported sports, and supported musical performances.\n\nNote that the middle school and the high school have the same menu, so this skill can be used for middle school lunch information as well.\n\nThis skill is not sponsored or endorsed by the Honeoye Falls Lima School District.", "details": "Skill Details\nThis skill contains dynamic content.\nInvocation Name: cougar info", "privacy_policy_href": ""}, "Fourth of July Checker": {"review-count": "45", "description": "Description\nSometimes you just gotta know! This app is built for people with inquisitive minds and insatiable curiosities. Do you dare ask THE question? Give it a go and you won't regret it!", "details": "Skill Details\nThis skill contains dynamic content.\nInvocation Name: fourth of july checker", "privacy_policy_href": ""}, "FanCons.com": {"review-count": "0", "description": "Description\nFanCons.com provides a list of fan conventions around the world. Using the FanCons.com database, this Alexa Flash Briefing will tell you what conventions are coming up this week so you can head out to meet other fans for whatever fandom you're in.", "details": "Skill Details\nFlash Briefing Skill\nThis skill contains dynamic content.\nDeveloper Privacy Policy\nDeveloper Terms of Use", "privacy_policy_href": "http://adequate.com/privacy.php"}, "Informed Voter": {"review-count": "1", "description": "Description\nThe Informed Voter Alexa skill allows you to easily find out your voting information for this year's Presidential Election. All you have to do is ask.\n\nTo use the Informed Voter skill, select the 'Enable Skill' button. Once enabled, just say a command like:\n\"Alexa, ask Informed Voter where I can vote\"\nor\n\"Alexa, ask Informed Voter where I vote for 1600 Pennsylvannia Avenue Washington DC\"\n\nOr you can have Alexa walk you through getting your information by saying:\n\"Alexa, open Informed Voter\"", "details": "Skill Details\nThis skill contains dynamic content.\nInvocation Name: informed voter", "privacy_policy_href": ""}, "Cultural District": {"review-count": "2", "description": "Description\nThis skill searches the Cultural District website for events. You can search by date and by venue.", "details": "Skill Details\nRated: Guidance Suggested.\nThis skill contains dynamic content.\nInvocation Name: cultural district", "privacy_policy_href": ""}, "Sand Creek Elementary Lunch": {"review-count": "0", "description": "Description\nElementary school lunch menu for the Sand Creek Elementary (Coon Rapids, MN).\n\nHave Alexa read you the Sand Creek Elementary (Coon Rapids, MN) school lunch menu for today, tomorrow or any other upcoming date. Just say, \"Alexa, ask Sand Creek lunch lady what's for lunch\" to get today's menu. You can also ask for any other day within the upcoming month or so (depending upon menu availability), by saying, \"Alexa, ask sand creek lunch lady what's for lunch on Monday\"", "details": "Skill Details\nThis skill contains dynamic content.\nInvocation Name: sand creek lunch lady", "privacy_policy_href": ""}, "School Closings": {"review-count": "69", "description": "Description\nThis skill is intended to make it easier to find out if school is closed, particularly for snow days. You will be able to ask Alexa if a school is closed or has a delayed opening. Alexa will respond with the status of the school. Currently only school districts in Vermont and limited districts in New York and New Hampshire.", "details": "Skill Details\nThis skill contains dynamic content.\nInvocation Name: school closings", "privacy_policy_href": ""}, "Random NYC Museum": {"review-count": "0", "description": "Description\nStuck for something to do today in NYC? Why don't you ask Alexa for a museum suggestion?", "details": "Skill Details\nThis skill contains dynamic content.\nInvocation Name: random n. y. c. museum", "privacy_policy_href": ""}, "School Menus By Nutrislice": {"review-count": "482", "description": "Description\n\"What's for lunch today?\" is the big question of the morning. Getting the answer is easy with School Menus by Nutrislice. You can ask what's for lunch at over 12,000 schools across the country, for any day you like, including summer meals where available. Pick a school and we will remember. Get menus for breakfast, lunch, supper, or any other menus your school serves.", "details": "Skill Details\nThis skill contains dynamic content.\nInvocation Name: school menus", "privacy_policy_href": ""}, "greensprout": {"review-count": "0", "description": "Description\nhttp://www.greensprout.co is a site to list summer camp and after school program in the Palo Alto area. This companion skil lets you search via Echo.", "details": "Skill Details\nThis skill contains dynamic content.\nInvocation Name: green sprout", "privacy_policy_href": ""}, "Gumptown": {"review-count": "1", "description": "Description\nTell Alexa to ask gump town what's going on and she'll let you know. Finding something to do in Montgomery has never been easier!", "details": "Skill Details\nThis skill contains dynamic content.\nInvocation Name: gump town", "privacy_policy_href": ""}, "ItemManager": {"review-count": "2", "description": "Description\nItem Manager is an application to help you record where you put your items, so next time when you need it, ask Item Manager and she could find it for you!\nTo start, please say 'Open Item Manager' and follow the instructments!", "details": "Skill Details\nThis skill contains dynamic content.\nInvocation Name: item manager", "privacy_policy_href": ""}, "Founders Forum London": {"review-count": "0", "description": "Description\nFounders Forum London is like a virtual assistant that can help you navigate the Founders Forum event.\n\nYou'll be able to find out information related to the agenda, refreshments and who you should be meeting.\n\nSay \"Alexa, ask Founders Forum\" and you are ready to start finding information:\n- \"What is currently happening?\"\n- \"What is happening next?\"\n- \"Can you tell me when Lunch is happening?\" (and other words aside from 'Lunch'!)\n- \"I'm John Smith, who should I meet?\"\n- \"Where is the food?\"\n- \"Where can I get a coffee?\"\n\nMore information will be available at the Founders Forum London event.\n\nAdditionally, please note that you will need an Amazon Echo device to use this Skill.", "details": "Skill Details\nThis skill contains dynamic content.\nInvocation Name: founders forum", "privacy_policy_href": ""}, "Euro Helper": {"review-count": "0", "description": "Description\nThis skill provides schedule information for the Euro 2016 Soccer tournament being played in France.\nThere are no account or hardware prerequisites.\nCurrently you can ask for the game schedule for a particular country, group or date.", "details": "Skill Details\nThis skill contains dynamic content.\nInvocation Name: euro helper", "privacy_policy_href": ""}, "Timbers Facts": {"review-count": "3", "description": "Description\nProvides a random fact about the Portland Timbers football club.", "details": "Skill Details\nThis skill contains dynamic content.\nInvocation Name: timbers facts", "privacy_policy_href": ""}, "Wahoowa!": {"review-count": "9", "description": "Description\nWahoos is the unofficial nickname for the University of Virginia sports teams. The \"wah -hoo-wa\" yell is part of The Good Old Song, the alma mater of the University of Virginia. The song is sung by the spectators at UVA football games after a score. Ask Alexa, wahoo wa to get ready for tailgating.", "details": "Skill Details\nThis skill contains dynamic content.\nInvocation Name: wahoo wa", "privacy_policy_href": ""}, "Coffee Local": {"review-count": "2", "description": "Description\nCoffee Local is a guide to the 50 best coffee shops in America; regions are midwest, south atlantic, west coast, east coast; the process of working with Coffee Local is as follows: Alexa, open Coffee Local; Alexa, ask Coffee Local what is the list of best midwest (or south atlantic, west coast, midwest) coffee shops; Alexa, ask Coffee Local what is the list of top midwest (or south atlantic, west coast, midwest) coffee shops; Alexa, ask Coffee Local what is the list of best midwest (or south atlantic, west coast, midwest) coffee shops", "details": "Skill Details\nThis skill contains dynamic content.\nInvocation Name: coffee local", "privacy_policy_href": ""}, "Facts For Northeastern": {"review-count": "0", "description": "Description\nThis skill will share facts about the Northeastern University's location, academic programs, students communities, class breakdown, and historical background. Information included in this skill can be found at www.neu.edu. Users can get started by just asking Alexa to launch Husky Nation and ask her to share a fact about Northeastern.", "details": "Skill Details\nThis skill contains dynamic content.\nInvocation Name: husky nation", "privacy_policy_href": ""}, "Calendar for Hillbrook School": {"review-count": "1", "description": "Description\nHear what's happening at Hillbrook School today, tomorrow or later in the week. No need to find your phone, navigate to the portal, or search your calendar -- just ask Alexa.\n\nAlexa can also tell you about grade-specific events, such as library.\n\n\"Alexa, ask Hillbrook bear about second grade\"\n\nOnce you request a grade, it'll be saved until you remove it.\n\n\"Alexa, tell Hillbrook bear to drop second grade\"", "details": "Skill Details\nThis skill contains dynamic content.\nInvocation Name: hillbrook bear", "privacy_policy_href": ""}, "ATX Dillo": {"review-count": "0", "description": "Description\nLooking for something random to do in Austin? Have an Echo? Well now is your chance to ask for a random happy hour or event around town, simply by asking Dillo to dig it up. You can either ask for a random happy hour or event happening tonight, or ask according to day of the week Monday through Sunday. UPDATED with images for the Amazon Echo Show!", "details": "Skill Details\nRated: Mature.\nThis skill contains dynamic content.\nInvocation Name: dillo", "privacy_policy_href": ""}, "Bellingham Activities": {"review-count": "3", "description": "Description\nYou'll find suggestions to two dozen common activities in Bellingham, WA, like where to find a post office or library, or where to go to bike, swim, or get pizza.\n\nOne set of locations is prompted by \"go to\" locations, like:\nwhere can I (go to) ...\nor\n(what's / where is) a good place to ...\n\nanother set of locations is triggered by locations to perform actions, for example:\nwhere can I ( get / find / find a) ...\nor\nwhere is (a / an / the) ...", "details": "Skill Details\nThis skill contains dynamic content.\nInvocation Name: bellingham activities", "privacy_policy_href": ""}, "Austin Trivia": {"review-count": "1", "description": "Description\nTo get started, say, \"Alexa, open Austin Trivia\". Alexa will then respond with instructions, how the game works, and your first question.", "details": "Skill Details\nThis skill contains dynamic content.\nInvocation Name: austin trivia", "privacy_policy_href": ""}, "Aggie Facts": {"review-count": "4", "description": "Description\nThis skill provides facts about Texas A&M University. You can simply ask Aggie Facts for a fact, trivia, or information about Aggies or Texas A&M.", "details": "Skill Details\nThis skill contains dynamic content.\nInvocation Name: aggie facts", "privacy_policy_href": ""}, "Tricities Karaoke": {"review-count": "8", "description": "Description\nWith this skill, you can find locations and times for karaoke in the Tricities Washington. This skill will give you all available locations and times, plus give addresses as a card in your Alexa App.", "details": "Skill Details\nRated: Guidance Suggested.\nThis skill contains dynamic content.\nInvocation Name: tricities karaoke", "privacy_policy_href": ""}, "ms.gov": {"review-count": "7", "description": "Description\nFinding important Mississippi government information on ms.gov just got a lot easier. With ms.gov\u2019s \"Ask Mississippi\" skill, Alexa can find information located on ms.gov quickly. All you have to do is ask.\n\nAfter you enable the skill, try asking Alexa when your drivers license expires (requires a myMS account) or how to renew your hunting and fishing license.\n\u2022 To interact best with Alexa, you\u2019ll need to set up a myMS profile on ms.gov.\n\u2022 If you don\u2019t have a myMS profile, set one up at ms.gov.\n\nOnce enabled, say \"Alexa, ask Mississippi...\"\n\u2022 To give me the contact information to the Department of Revenue.\n\u2022 When does my drivers license expire?\n\u2022 To give me a random fact.\n\nAnd if you want more Mississippi information from us, that's great! Because we're building new features even as you read this.\n\nCheck out www.ms.gov for more info.", "details": "Skill Details\nRated: Guidance Suggested.\nThis skill contains dynamic content.\nInvocation Name: mississippi\nDeveloper Privacy Policy", "privacy_policy_href": "https://www.ms.gov/privacy-policy"}, "Puzzled Pint": {"review-count": "0", "description": "Description\nPuzzled Pint is a casual, social puzzle solving event which happens at bars/pubs on the second Tuesday of every month in dozens of cities around the world. Use this skill to ask Alexa when the next event is and she'll let you know.\n\nAlthough this skill is simply a calendar countdown, our monthly Puzzled Pint events are held in bars around the world, and may not be appropriate for all ages. Check with your local laws and event organizers.", "details": "Skill Details\nThis skill contains dynamic content.\nInvocation Name: puzzled pint", "privacy_policy_href": ""}, "Hilma Spark": {"review-count": "0", "description": "Description\nTeacher Zero Seven is here to help you remember famous and common places around Bulawayo Polytechnic.\n\nTo begin the trivia, invoke Alexa start with the phrase, 'Alexa, open teacher zero seven'. This message will make open the application 'teacher zero seven' and the game will begin.\n\nPlease listen attentively and answer according to instructions given by the app. But basically the game will require you to answer a question in this manner, \"The answer is one\".\n\nYou don't need to make an account with us to play the game. Just install the app on your Alexa echo, or any platform that is compatible.\n\nYou can can like my app.", "details": "Skill Details\nThis skill contains dynamic content.\nInvocation Name: teacher zero seven", "privacy_policy_href": ""}, "GBR": {"review-count": "59", "description": "Description\nGBR will play various Husker songs and sound clips.\n\nFull list of supported sound clips:\nThere is No Place Like Nebraska\nHail Varsity (also Fight Song or Touchdown)\nTunnel Walk\nTouchdown Tommie Frazier\nJohnny 'The Jet' Rodgers\nCan You Feel It", "details": "Skill Details\nThis skill contains dynamic content.\nInvocation Name: go big red", "privacy_policy_href": ""}, "BoxOffice": {"review-count": "23", "description": "Description\nThis skill helps to find movie rating. It is straight forward to use this skill with Alexa. You can get movie rating by telling movie name to this skill.", "details": "Skill Details\nThis skill contains dynamic content.\nInvocation Name: box office", "privacy_policy_href": ""}, "For The Loft Cinema": {"review-count": "1", "description": "Description\nTo get information about current or upcoming movies playing at The Loft Cinema in Tucson Arizona you can say:\n\nAlexa, ask Loft Cinema what's playing today.\nor\nAlexa, ask Loft Cinema get movies for tomorrow\n\nEcho will list the movies and times for movies playing the requested day. Showtimes that have passed for the current day will not be given. Only movies with available showtimes on the requested day will be given\n\nThe skill accepts the days of the week Monday through Friday and the terms \"today\", \"tomorrow\", and \"now\"\n\nThe skill gives you a list of movies and showtimes. The skill also sends a card to the Alexa app with the web address of The Loft Cinema along with the movies and showtimes for the requested day. The Alexa app does not currently allow HTML links or images to be displayed. in the cards by the ordinary developer.\n\nIf you would like to hear the list again you can ask Alexa to \"repeat\" or say another day.\n\nDuring the time that Alexa is reading back the movies and showtimes, the user can request information for another day.", "details": "Skill Details\nThis skill contains dynamic content.\nInvocation Name: loft cinema", "privacy_policy_href": ""}, "Big Sky\u00ae": {"review-count": "8,989", "description": "Description\nBig Sky: Better Weather for Amazon Alexa\n\nBig Sky uses the Dark Sky API, to give hyper-local for hour-by hour forecasts tied to your actual street address, and locations around the world.\n\nQUESTIONS? Check out the Big Sky\u00ae FAQ:\n\nhttps://bigsky-weather.com\n\nNEW!!!! SCREENSAVER MODE:*\n\nScreensaver mode users can keep the Big Sky weather forecast and video/animated backgrounds running continuously on their home screen. Weather conditions are updated automatically so you always have the latest information displayed.\n\nScreensaver users also gain access to video backgrounds for regular Big Sky weather forecasts.\n\n*Big Sky Screensaver requires an Alexa device with a screen. Access to normal Alexa functionality requires exiting the screensaver Screensaver mode requires a separate purchase and is not included with Big Sky premium.\n\nFor Premium Users:\n\n1. Video Backgrounds. Enjoy beautiful and informative video backgrounds on your weather report. Just because the weather is dreary doesn't mean your weather report has to be.\n\n2. Live animated Radar! Check out the radar over your your area, or anywhere in the world. Three levels of zoom.\n\n3. Labeled Locations. Enter any address, give it a label (e.g., \"my son's house\" or \"the campground\" ) and get fast hyper-local forecasts: \"What's the weather my son's house?\" \"Will it rain at the campground tomorrow?\"\n\n4. Custom weather alerts. You can now schedule 5 different kinds of custom weather alert:\n-- Hot Weather (above 90)\n-- Cold Weather (freezing)\n-- Windy Weather (sustained winds above 15mph)\n-- Rainy Weather (greater than 70% chance of rain)\n-- Sunny Weather (UV index reaching 9 or higher)\n\nYou can schedule these alerts for any hour of the day, and BigSky will notify you if the day's weather matches your alert(s).\nNOTE: Custom weather alerts work with labeled locations, so you can get alerted to weather conditions at your default location, or any labeled location that you've set up.\n\nExample interactions for all users:\n\"Alexa, ask Big Sky...\"\n\n...what's the high temperature today?\n...will it rain in the next three hours?\n...for the barometric pressure\n...what was the weather on June 1st, 1980?\n...will it rain before 10 pm?\n...for the humidity at 4 pm?\n...give me a weather fact!\n...what will the wind speed be in three hours?\n...what's the low temperature in the next seven days?\n...about the weather this weekend.\n...when is sunrise on Saturday?\n...what's the weather on Friday?\n\n--------------------------\nWhat is Big Sky Premium?\nPREMIUM USERS can get RADAR IMAGERY when using devices with a screen\nPREMIUM USERS can use labeled locations to\nPREMIUM USERS can assign custom labels to additional addresses\nPREMIUM USERS can schedule 5 different types of custom weather alert (hot, cold, windy, rainy, sunny.)\nPREMIUM USERS get video backgrounds.\n\n\n\n--------------------------\n\nIf you experience trouble with Big Sky, please contact the developer at: bigsky.alexa@gmail.com\n\nOr check out the BigSky FAQ:\n\nhttp://bigsky-weather.com/faq\n\nBig Sky Weather Icons created by smithytomy - www.freepik.com\nRadar Icon by technology icons PNG Designed By 588ku from https://pngtree.com/freepng/space-radar-technology-icon-material_4514095.html", "details": "Skill Details\nRated: Guidance Suggested.\nThis skill contains dynamic content.\nInvocation Name: big sky\nDeveloper Privacy Policy\nDeveloper Terms of Use", "privacy_policy_href": "https://bigsky-weather.com/privacy"}, "Weather": {"review-count": "0", "description": "Description\nIt will show you the weather in your area when you ask it to.", "details": "Skill Details\nThis skill contains dynamic content.\nInvocation Name: change me", "privacy_policy_href": ""}, "WeatherBug": {"review-count": "256", "description": "Description\nProvides current weather conditions, including weather alerts and lightning information.", "details": "Skill Details\nRated: Guidance Suggested.\nThis skill contains dynamic content.\nInvocation Name: weatherbug\nDeveloper Privacy Policy\nDeveloper Terms of Use", "privacy_policy_href": "https://www.weatherbug.com/legal/privacy"}, "EarthCam": {"review-count": "204", "description": "Description\nEarthCam is the world\u2019s favorite webcam network and has been connecting people with unique and interesting locations through live camera technology since 1996. Now, the EarthCam skill delivers this same high-quality video content directly to your video-enabled Alexa devices.\n\n\n\nGetting started is easy! Our EarthCam skill is free for all Alexa users. Ask Alexa to open EarthCam, where you can say:\n\n\n\n\u201cAlexa, ask EarthCam to show me a sunrise.\u201d\n\u201cAlexa, ask EarthCam to show me a sunset.\u201d\n\u201cAlexa, ask EarthCam to show me Times Square.\u201d\n\u201cAlexa, ask EarthCam to show me New Orleans.\u201d\n\u201cAlexa, ask EarthCam to show me Dublin.\u201d\n\u201cAlexa, ask EarthCam to show me Miami.\u201d\n\u201cAlexa, ask EarthCam to show me Las Vegas.\u201d\n\u201cAlexa, ask EarthCam to show me Raiders/Allegiant Stadium.\u201d\n\u201cAlexa, ask EarthCam to show me Key West.\u201d\n\u201cAlexa, ask EarthCam to show me Wrigley Field.\u201d\n\u201cAlexa, ask EarthCam to show me bird cam.\u201d\n\u201cAlexa, ask EarthCam to show me Niagara Falls.\u201d\n\u201cAlexa, ask EarthCam to show me the beach.\u201d\n\u201cAlexa, ask EarthCam to show me Budapest.\u201d\n\u201cAlexa, ask EarthCam to show me Mulberry Street.\u201d\n\u201cAlexa, ask EarthCam to show me The World Trade Center.\u201d\n\u201cAlexa, ask EarthCam to show me Space.\u201d\n\u201cAlexa, ask EarthCam to show me Tokyo.\u201d\n\n\n\n\nEarthCam will also play recently captured clips so you can experience beautiful views 24/7.\n\n\n\n\u201cAlexa, ask EarthCam to show me some place interesting.\u201d\n\u201cAlexa, ask EarthCam to show me something cool.\u201d\n\n\n\nExperience live views from some of EarthCam\u2019s most popular cameras, such as New Orleans, Lauderdale-By-The-Sea, Budapest, Dublin, New York and even space! While we would love to deliver views of any location around the world, we are highlighting nearly 100 cameras within the EarthCam Network to ensure users are experiencing the best views possible. Make sure to check back often to see a variety of live webcam content, including new cameras added to our skill.\n\n\n\nHave questions, suggestions or feedback? We\u2019d love to hear from you! Please contact us at mobilesupport@earthcam.com.\n\nNote: You can only use this skill on devices with a screen display", "details": "Skill Details\nRated: Guidance Suggested.\nThis skill contains dynamic content.\nInvocation Name: earthcam\nDeveloper Privacy Policy\nDeveloper Terms of Use", "privacy_policy_href": "https://www.earthcam.com/company/privacy.php"}, "WeatherFlow Smart Weather": {"review-count": "698", "description": "Description\nWith the WeatherFlow Smart Weather skill for Alexa, you can access data from your WeatherFlow Smart Weather stations by just asking Alexa.", "details": "Skill Details\nRated: Guidance Suggested.\nThis skill contains dynamic content.\nInvocation Name: weather flow\nDeveloper Privacy Policy\nDeveloper Terms of Use", "privacy_policy_href": "https://help.weatherflow.com/hc/en-us/articles/206504368-Privacy-Policy"}, "MyRadar": {"review-count": "2,193", "description": "Description\nThe MyRadar NOAA Weather Radar skill brings the ease of use and accuracy of the wildly popular smartphone app to the Amazon Echo Show!Along with animated radar and detailed weather forecasts, users can track when it will rain and stay ahead of the storm. The MyRadar skill also provides current conditions and forecast information based on location such as high/low temperatures, wind speed, hourly forecast and much more!\n\nTo get started, give these requests a try!\n\n- \u201cAlexa, ask MyRadar to show me the radar.\u201d\n\n- \u201cAlexa, ask MyRadar to show me the radar for Dallas, Texas.\u201d\n\n- \u201cAlexa, ask MyRadar for the weather in Key West, Florida.\u201d\n\n- \u201cAlexa, ask MyRadar for the weekend weather in Charlotte, North Carolina.\u201d\n\n- \u201cAlexa, ask MyRadar for Thursday\u2019s temperature.\u201d\n\n- \u201cAlexa, ask MyRadar for the wind forecast in Portland, Oregon.\u201d\n\nThere are SO MANY more requests users can make too \u2013 from wind speed/direction, sunrise/sunset time, feels like temperature, the chance of snow/rain, cloud cover, UV index, the chance of rain within the next hour\u2026give them a try!", "details": "Skill Details\nRated: Guidance Suggested.\nThis skill contains dynamic content.\nInvocation Name: my radar\nDeveloper Privacy Policy\nDeveloper Terms of Use", "privacy_policy_href": "https://myradar.com/privacy"}, "BloomSky": {"review-count": "62", "description": "Description\nUPDATE: BloomSky accounts set up through \u2018Facebook login\u2019 now compatible.\n\nTo use the skill, you must have account access to a BloomSky station that is online. Get started by logging into your BloomSky account using your BloomSky username and password. Your device will be automatically linked. If you have multiple devices under the same account, the default device will be the first device based on you device name listed in alphabetical order.\n\nRemember to start each command by saying, \"Alexa, ask Bloom Sky for\"\n\nFor example, you can say;\nAlexa, ask Bloom Sky for the temperature (pressure / humidity)\nAlexa, ask Bloom Sky for temperature (pressure / humidity)\nAlexa, ask Bloom Sky for current temperature (pressure / humidity)\n\nFor storm device owner, you can still search daily rain accumulation and wind speed.", "details": "Skill Details\nRated: Guidance Suggested.\nThis skill contains dynamic content.\nInvocation Name: bloom sky\nDeveloper Privacy Policy\nDeveloper Terms of Use", "privacy_policy_href": "https://www.bloomsky.com/legal/privacy/"}, "Radar Map": {"review-count": "196", "description": "Description\nShows the local radar and weather forecast based on your device location. You may also ask to show the radar in a particular zip code.\n\nThings to try:\n* Show my my radar\n* What's the forecast\n* Alexa, ask my radar to show the local radar\n* Alexa, ask my radar what's the weather\n* Alexa, show the radar in 10001\n\nMap tiles are available under the Creative Commons Attribution-ShareAlike 2.0 licence. www.openstreetmap.org/copyright.", "details": "Skill Details\nRated: Guidance Suggested.\nThis skill contains dynamic content.\nInvocation Name: my radar\nDeveloper Privacy Policy", "privacy_policy_href": "https://caseybrown.info/privacy.html"}, "Weather History Briefing": {"review-count": "2", "description": "Description\n\"This Day In Weather History\" is a daily podcast by The Weather Network that features unique and informative stories from host Chris Mei.\n\nWeather Happens Everyday. It can be sunny, cloudy, stormy or maybe just unsettled, but it is always happening! It\u2019s when severe weather strikes that it captures the attention of those affected ...and the imagination of everyone else who follows the story.\n\nSo it is with good reason to expect that after over a century of news and weather information gathering and record keeping, there would be a \"special\" weather or natural phenomena event to mark each day of a calendar.\n\nDo you remember the first recorded tornado in Canadian history? No, you don\u2019t because none of us were there...so we dive into that! How about when Prince played the Super Bowl halftime show? It\u2019s possible the best performance ever for that event\u2026.and the backstory made it all the more special!\n\nOr how about the 25th Anniversary Woodstock Festival back in 1994? Bands like Green Day and Nine Inch Nails were only 2 albums into their young careers, but how they adapted to the weather conditions is what instantly made their performances not only legendary, but also catapulted them into mainstream stardom.\n\nIt\u2019s all here - all year - in one podcast.... \"This Day In Weather History\"!", "details": "Skill Details\nFlash Briefing Skill\nRated: Guidance Suggested.\nThis skill contains dynamic content.\nDeveloper Privacy Policy", "privacy_policy_href": "https://policies.spokenlayer.net/privacy-policy/alexa-skill/this-day-in-weather-history"}, "Toledo Weather": {"review-count": "0", "description": "Description\nProvides current weather conditions at Toledo Express Airport, the most recent 36-hour forecast, and a synopsis of the weather affecting the region. The briefing is culled from the website toledoweather.info, which fetches information from the National Weather Service.", "details": "Skill Details\nFlash Briefing Skill\nThis skill contains dynamic content.", "privacy_policy_href": ""}, "Wind Chill Factor": {"review-count": "6", "description": "Description\nAsk and Alexa will tell the wind chill factor.", "details": "Skill Details\nRated: Guidance Suggested.\nThis skill contains dynamic content.\nInvocation Name: wind chill factor\nDeveloper Privacy Policy", "privacy_policy_href": "http://www.munchicken.com/software/2018/11/18/wind-chill-factor-privacy-policy/"}, "Sassy Weather": {"review-count": "13", "description": "Description\nAsk Alexa to \"Open Sassy Weather\" and you will be no more informed as to what the weather is like outside than when you started! But you may get a chuckle.", "details": "Skill Details\nThis skill contains dynamic content.\nInvocation Name: sassy weather", "privacy_policy_href": ""}, "Mount Washington Observatory Weather": {"review-count": "9", "description": "Description\nFrom the Home of the Worlds Worst Weather! Now you can get current weather information directly from the Mount Washington Observatory at summit of Mount Washington in New Hampshire. You can also ask what the weather was for any day from 1935 to present as well as listen to our higher summits forecast. Ask for a random fact or about Marty the summit Cat. The forecast is a must listen for anyone hiking the Presidential Range of the White Mountains of New Hampshire.", "details": "Skill Details\nRated: Guidance Suggested.\nThis skill contains dynamic content.\nInvocation Name: mount washington\nDeveloper Privacy Policy\nDeveloper Terms of Use", "privacy_policy_href": "https://xmountwashington.appspot.com/policy.html"}, "Mt. Washington Observatory Higher Summits Forecast": {"review-count": "3", "description": "Description\nThis skill will play the latest audio weather forecast recording from Mount Washington Observatory for the White Mountain National Forest area and Presidential Range of New Hampshire. MP3 and Text based forecasts can be found at https://www.mountwashington.org/experience-the-weather/higher-summit-forecast.aspx", "details": "Skill Details\nFlash Briefing Skill\nThis skill contains dynamic content.", "privacy_policy_href": ""}, "AirCheck": {"review-count": "24", "description": "Description\nAirCheck reports the current air quality index at a given location.", "details": "Skill Details\nThis skill contains dynamic content.\nInvocation Name: air check\nDeveloper Privacy Policy", "privacy_policy_href": "https://docs.google.com/document/d/122qCc0O_ac09esCCNSpR-WjzinmUv9e7cGgr1M-Ivjw/edit?usp=sharing"}, "Blanco Weather": {"review-count": "2", "description": "Description\nGet local, updated weather information for Blanco, Texas, from the Texas Water Development Board TexMesonet station and National Weather Service.", "details": "Skill Details\nThis skill contains dynamic content.\nInvocation Name: blanco weather", "privacy_policy_href": ""}, "tempCube - Remote Temperature Monitoring": {"review-count": "0", "description": "Description\ntempCube, Wi-Fi enabled smart temperature and humidity sensor alerts via email and SMS when temperature or humidity goes low or high. It comes with a USB-powered rechargeable battery with four days back-up that offers you complete peace of mind.\nTo know the temperature status from Alexa, Say, \"Alexa, what's the cube's temperature.\"\nNote: To use, this skill user should have an account with tempCube and tempCube devices.", "details": "Skill Details\nRated: Guidance Suggested.\nThis skill contains dynamic content.\nInvocation Name: temp cube monitor\nDeveloper Privacy Policy\nDeveloper Terms of Use", "privacy_policy_href": "https://tempcube.io/pages/privacy-policy"}, "Take Me Fishing": {"review-count": "71", "description": "Description\nFind fishing spots near you and go out fishing today. Search for nearby waters to fish, local fishing spots, and get the daily fishing forecast with fish species information. Try our new Alexa daily update and find more information about what species have been caught in your area, the biggest catches, what lakes are hot, what bait works, etc. Also ask Alexa for directions to your favorite fishing spot.\n\nOnly public waters that are maintained by state or federal agencies are included, ensuring healthy fish, state boat ramps, accessible recreational amenities and more.", "details": "Skill Details\nRated: Guidance Suggested.\nThis skill contains dynamic content.\nInvocation Name: take me fishing\nDeveloper Privacy Policy\nDeveloper Terms of Use", "privacy_policy_href": "https://www.takemefishing.org/site-terms-of-use/#privacy"}, "Acadia Tides": {"review-count": "2", "description": "Description\nAcadia Tides provides tide, sunrise, sunset, and percentage moon illumination for the Bar Harbor, Maine, area of Acadia National Park. Just ask for the tides for the present day or a future date. Data comes from the tide predictions of NOAA and the moon illumination calculations from the U.S. Naval Observatory.", "details": "Skill Details\nThis skill contains dynamic content.\nInvocation Name: acadia tides", "privacy_policy_href": ""}, "HuntWise": {"review-count": "81", "description": "Description\nHuntWise analyzes weather patterns and solunar calendars to determine the best times and places to hunt.\n\nThe HuntWise Alexa Skill does not require a HuntWise account - simply tell Alexa to \"Open HuntWise\" and follow Alexa's prompts to get a hunting forecast near many U.S. cities for a variety of species such as whitetail deer, turkey, waterfowl,rabbit, upland game bird, elk, moose, wild boar, coyote, squirrel, and more!\n\nHuntWise is also available on iOS and Android with additional features like weather graphs, satellite and topographic maps, custom waypoints, GPS navigation, private land ownership boundaries, and a social network of like-minded hunters to share your outings with.\n\nFind out more at https://huntwise.com", "details": "Skill Details\nThis skill contains dynamic content.\nInvocation Name: hunt wise\nDeveloper Privacy Policy\nDeveloper Terms of Use", "privacy_policy_href": "https://sportsmantracker.com/privacy-policy"}, "WNEP Weather": {"review-count": "0", "description": "Description\nWNEP\u2019s Stormtracker 16 team now produces weather reports specifically for your Alexa-enabled devices, including Amazon Echo, Amazon Tap, Amazon Fire TV, and more. It\u2019s easy to add the WNEP Weather report to your flash briefing list in Alexa by searching for \u201cWNEP Weather\u201d in the Skills section of the Alexa app. Once you\u2019ve added WNEP Weather to your flash briefings, just say: \u201cAlexa, what\u2019s my flash briefing?\u201d or \u201cAlexa, what\u2019s in the news?\u201d", "details": "Skill Details\nFlash Briefing Skill\nThis skill contains dynamic content.\nDeveloper Privacy Policy\nDeveloper Terms of Use", "privacy_policy_href": "https://www.wnep.com/privacy"}, "Daily UV Index": {"review-count": "4", "description": "Description\nThe Daily UV index skill shows the next day's UV index at your location. You can easily determine whether you need to cover up due to high UV levels. This skill requires your permission to access your zipcode. App icon by Yun Liu.", "details": "Skill Details\nThis skill contains dynamic content.\nInvocation Name: daily u. v. index\nDeveloper Privacy Policy", "privacy_policy_href": "http://overpunch.com/privacy/policy.html"}, "Snow Report for Andes Tower Hills": {"review-count": "0", "description": "Description\nThe Andes Tower Hills Snow Report brought to you by SnoCountry brings you the latest snow fall, snow surface conditions, base depth, trail, and lift operations information.", "details": "Skill Details\nThis skill contains dynamic content.\nInvocation Name: andes tower hills", "privacy_policy_href": ""}, "Marymount School Atmospheric Science Forecast": {"review-count": "0", "description": "Description\nEach week, students in the Marymount School of New York research, write and produce the weekend weather forecast for New York City. Just say\nThis skill was created using a Skill Blueprint.", "details": "Skill Details\nThis skill contains dynamic content.\nInvocation Name: atmospheric science forecast", "privacy_policy_href": ""}, "Marymount School Weekend Weather": {"review-count": "0", "description": "Description\nListen to daily updates from your favorite source. You can just say \"Alexa, what's my flash briefing\". You can say \"Alexa, stop\" to exit anytime.\n\nThis skill was created using a Skill Blueprint. Your requests to this skill are not shared with the skill developer.", "details": "Skill Details\nFlash Briefing Skill\nThis skill contains dynamic content.", "privacy_policy_href": ""}, "Niagara Beaches": {"review-count": "0", "description": "Description\nThe Niagara beaches skill allows you to check Niagara beach are open and current temperature.\n\nFor example:\n\n\"Hey Alexa open Niagara Beaches\"\n\n\"Is crystal beach open?\"\n\nMy hope is for this skill to provide ease of use for users while on the go and for busy people like moms and dads to quickly be able to check if a beach is open.", "details": "Skill Details\nThis skill contains dynamic content.\nInvocation Name: niagara beaches", "privacy_policy_href": ""}, "Waggle Pet Monitor - Remote Temperature Monitoring": {"review-count": "0", "description": "Description\nWaggle enabled smart temperature and humidity sensor alerts via email and SMS when temperature or humidity goes low or high. It comes with a USB-powered rechargeable battery with four days back-up that offers you complete peace of mind.\n\nTo know the temperature status from Alexa, Say, \"Alexa, what's the Waggle's temperature.\"\nNote: To use, this skill user should have an account with Waggle and Waggle devices.", "details": "Skill Details\nRated: Guidance Suggested.\nThis skill contains dynamic content.\nInvocation Name: waggle pet monitor\nDeveloper Privacy Policy\nDeveloper Terms of Use", "privacy_policy_href": "https://support.mywaggle.com/privacy-policy"}, "Anglers Meeting Forecast": {"review-count": "0", "description": "Description\nBefore Going to fish over Israel you must listen to Eyalo Forecast", "details": "Skill Details\nFlash Briefing Skill\nThis skill contains dynamic content.\nDeveloper Privacy Policy\nDeveloper Terms of Use", "privacy_policy_href": "https://www.anglers-meeting.com/privacy-policy/"}, "iClimate": {"review-count": "0", "description": "Description\niClimate gives information about the climate conditions in cities around the world. The skill also educates users through quizzes and provides random facts about the climate.", "details": "Skill Details\nThis skill contains dynamic content.\nInvocation Name: climate pal", "privacy_policy_href": ""}, "Weather Score": {"review-count": "2", "description": "Description\n- This skill can give you a bird's-eye view of past weather information for a list of cities. If you are planning a potential move, or buying real estate in a new city, or you simply want to learn some facts, this skill will help you get familiar with the climate of that city.\n- The weather summary/briefing gives you the high, low, and average temperature during a time period. It also tells you how much it rained at the daily granularity.\n- Get an outdoor score to understand how comfortable it usually is in your city of interest.\n- Get an even more detailed summary of the percentage of the time for hot/cold, humid/dry, cloudiness and precipitation over a time period, by asking for a detailed summary.\n- Supported cities: Los Angeles, New York, Chicago, Dallas, San Jose, Denver, Honolulu, San Francisco, Seattle, San Diego, Beijing, Hong Kong, Tokyo, Singapore, Shanghai\n- Supported time periods: yesterday, last week, last month.", "details": "Skill Details\nThis skill contains dynamic content.\nInvocation Name: weather score", "privacy_policy_href": ""}}