{"She loves you": {"review-count": "0", "description": "Description\nCelebrate special occasions with your loved ones. When you open the skill, Alexa will play a slideshow with rich images and audio. You can say \"Alexa, stop\" to exit anytime.", "details": "Skill Details\nThis skill contains dynamic content.\nInvocation Name: she loves you", "privacy_policy_href": ""}, "Expat Life Style in the Netherlands": {"review-count": "0", "description": "Description\nNews from IamExpat about life style in the Netherlands", "details": "Skill Details\nFlash Briefing Skill\nRated: Guidance Suggested.\nThis skill contains dynamic content.", "privacy_policy_href": ""}, "Voice Space": {"review-count": "1", "description": "Description\nYour host is a former interactive creative director and present founder of Buzzz, a \u201cReddit for Voice\" social startup.\n\nThis flash briefing-style podcast is a stream-of-consciousness, semi-philosophical journey into the applications and implications of voice-first interaction.\n\nReady to go into Voice Space.", "details": "Skill Details\nFlash Briefing Skill\nThis skill contains dynamic content.\nDeveloper Privacy Policy\nDeveloper Terms of Use", "privacy_policy_href": "https://anchor.fm/privacy"}, "Special love": {"review-count": "0", "description": "Description\nStart your day with an inspirational list of quotes. When using the skill, you can say \"Alexa, next\" to move to the next quote. At any point, you can say \"Alexa, stop\" to exit the skill.\nThis skill was created using a Skill Blueprint. Your requests to this skill are not shared with the skill developer.", "details": "Skill Details\nThis skill contains dynamic content.\nInvocation Name: special love", "privacy_policy_href": ""}, "You are special": {"review-count": "4", "description": "Description\nCelebrate special occasions with your loved ones. When you open the skill, Alexa will play a slideshow with rich images and audio. You can say \"Alexa, stop\" to exit anytime.", "details": "Skill Details\nThis skill contains dynamic content.\nInvocation Name: you are special", "privacy_policy_href": ""}, "Daily Love Quote": {"review-count": "1", "description": "Description\nNow you can start every day with love. \u2764 \u201cOne word frees us of all the weight and pain of life: that word is love.\u201d \u2013 Sophocles \u2764 \u201cAll you need is love.\u201d -- Paul McCartney This \u201cDaily Love Quote\u201d Amazon Alexa Skill Channel is being provided for you by www.TheLoveText.com Once you enable this Alexa skill you can say: \ufffd\ufffd Alexa, open Daily Love Quote \ufffd\ufffd Alexa, start Daily Love Quote \ufffd\ufffd Alexa, launch Daily Love Quote \ufffd\ufffd Alexa, what\u2019s my news?", "details": "Skill Details\nFlash Briefing Skill\nThis skill contains dynamic content.\nDeveloper Privacy Policy\nDeveloper Terms of Use", "privacy_policy_href": "http://positivewebmarketing.com/"}, "Double Trouble": {"review-count": "0", "description": "Description\nHow well do you know your other half? In this party game for friends or couples, players pair up, and Alexa quizzes each player on how well they know their partner. The partner judges the responses. This skill was created using a Skill Blueprint. Your requests to this skill are not shared with the skill developer.", "details": "Skill Details\nRated: Mature.\nThis skill contains dynamic content.\nInvocation Name: double trouble", "privacy_policy_href": ""}, "Bunker Valentine": {"review-count": "0", "description": "Description\nPlay a Valentine's Day greeting card for your loved one. This skill was created using a Skill Blueprint. Your requests to this skill are not shared with the skill developer.", "details": "Skill Details\nThis skill contains dynamic content.\nInvocation Name: valentine's greeting", "privacy_policy_href": ""}, "FirmFlex Daily Rep": {"review-count": "0", "description": "Description\nFirmFlex is the Social Media Marketing Agency for Lawyers. FirmFlex's Daily Reps deliver one great content idea each morning for you to post to your social media accounts. Take these ideas and run with them to drive engagement on your profiles.\n\nListen to daily updates from your favorite source. You can just say \"Alexa, what's my flash briefing\". You can say \"Alexa, stop\" to exit anytime.\n\nThis skill was created using a Skill Blueprint. Your requests to this skill are not shared with the skill developer.", "details": "Skill Details\nFlash Briefing Skill\nRated: Guidance Suggested.\nThis skill contains dynamic content.", "privacy_policy_href": ""}, "Rich Relationships Skills": {"review-count": "1", "description": "Description\nListen to daily updates from your favorite source. You can just say \"Alexa, what's my flash briefing\". You can say \"Alexa, stop\" to exit anytime.\n\nThis skill was created using a Skill Blueprint. Your requests to this skill are not shared with the skill developer.", "details": "Skill Details\nFlash Briefing Skill\nThis skill contains dynamic content.", "privacy_policy_href": ""}, "Internet Society": {"review-count": "0", "description": "Description\nThis is how we do it.", "details": "Skill Details\nRated: Mature.\nThis skill contains dynamic content.\nInvocation Name: internet society", "privacy_policy_href": ""}, "Beautiful Charlotte": {"review-count": "0", "description": "Description\nListen to daily updates from the beautiful charlotte from another state facebook group. You can just say \"Alexa, what's my flash briefing\". You can say \"Alexa, stop\" to exit anytime.\n\nThis skill was created using a Skill Blueprint. Your requests to this skill are not shared with the skill developer.", "details": "Skill Details\nFlash Briefing Skill\nThis skill contains dynamic content.", "privacy_policy_href": ""}, "burn me": {"review-count": "0", "description": "Description\nTry these lighthearted burns to add more fun to your day. When using the skill, you can say \"Alexa, next\" to move to the next burn. At any point, you can say \"Alexa, stop\" to exit the skill.\nThis skill was created using a Skill Blueprint. Your requests to this skill are not shared with the skill developer.", "details": "Skill Details\nRated: Mature.\nThis skill contains dynamic content.\nInvocation Name: burn me", "privacy_policy_href": ""}, "Love Trouble": {"review-count": "0", "description": "Description\nHow well do you know your other half? In this party game for friends or couples, players pair up, and Alexa quizzes each player on how well they know their partner. The partner judges the responses. This skill was created using a Skill Blueprint. Your requests to this skill are not shared with the skill developer.", "details": "Skill Details\nRated: Mature.\nThis skill contains dynamic content.\nInvocation Name: love trouble fun", "privacy_policy_href": ""}, "test it out": {"review-count": "0", "description": "Description\nGet Unlimited Traffic from youtube, instagram, twitter and high-traffic blog in any niche from top influencers", "details": "Skill Details\nFlash Briefing Skill\nRated: Guidance Suggested.\nThis skill contains dynamic content.\nDeveloper Privacy Policy\nDeveloper Terms of Use", "privacy_policy_href": "https://skilexa.com/doneforyou/privacy/"}, "Best compliments": {"review-count": "0", "description": "Description\nListen to more than 80 compliments and compliment a friend or yourself!", "details": "Skill Details\nRated: Guidance Suggested.\nThis skill contains dynamic content.\nInvocation Name: best compliments", "privacy_policy_href": ""}, "Phrases to call": {"review-count": "2", "description": "Description\nEsta skill te contar\u00e1 las mejores frases para ligar, para que puedas aplicarlas para conocer a gente nueva.", "details": "Skill Details\nRated: Guidance Suggested.\nThis skill contains dynamic content.\nInvocation Name: frases para ligar", "privacy_policy_href": ""}, "L-Pots": {"review-count": "0", "description": "Description\nNew interactive social group for your inspiration, empowerment and enjoyment.", "details": "Skill Details\nFlash Briefing Skill\nThis skill contains dynamic content.\nDeveloper Privacy Policy\nDeveloper Terms of Use", "privacy_policy_href": "https://skilexa.com/doneforyou/privacy/"}, "L-POT": {"review-count": "0", "description": "Description\nThis is for the L-POT. The loving, lucky and lonely people out there. We have formed a new social group to help bring some inspiration to one another. So come join us. We will be here daily.", "details": "Skill Details\nFlash Briefing Skill\nThis skill contains dynamic content.\nDeveloper Privacy Policy\nDeveloper Terms of Use", "privacy_policy_href": "https://skilexa.com/doneforyou/privacy/"}, "Should I Date Them": {"review-count": "3", "description": "Description\nAre you curious about if you should go out on a date with someone? Our skill is designed to help you figure out if you should go out on a date with someone. Using the power of technology by answering a few questions our skill will give you a straight forward answer. The tool is free and you can use the tool anytime. There are no limits to the number of people and they are allowed to have many partners and still be a true date.\n\nBe sure to leave a review! We are always looking for feedback to improve our skills.", "details": "Skill Details\nRated: Guidance Suggested.\nThis skill contains dynamic content.\nInvocation Name: should i date them\nDeveloper Privacy Policy\nDeveloper Terms of Use", "privacy_policy_href": "https://creator.voiceflow.com/creator/privacy_policy?name=Finn%20Jasele&skill=Should%20I%20Date%20Them"}, "My first skill": {"review-count": "0", "description": "Description\nA super basic skill to know how a Skill works", "details": "Skill Details\nThis skill contains dynamic content.\nInvocation Name: my first test", "privacy_policy_href": ""}, "Mesero virtual": {"review-count": "0", "description": "Description\nProvide answers to common workplace questions", "details": "Skill Details\nThis skill contains dynamic content.\nInvocation Name: mesero virtual", "privacy_policy_href": ""}, "Debt Elimination": {"review-count": "0", "description": "Description\nHello, Welcome, Create better financial habits by having financial systems in place that works best for your lifestyle. Personal finance for lifestyle design starts with you controlling the controllable in your life. Paying yourself first is the greatest financial foundation you MUST adopt in order to create a banking system that YOU can benefit from and control. This Cash value tool can be added to your system to own your own lifestyle.", "details": "Skill Details\nFlash Briefing Skill\nRated: Guidance Suggested.\nThis skill contains dynamic content.\nDeveloper Privacy Policy\nDeveloper Terms of Use", "privacy_policy_href": "https://skilexa.com/doneforyou/privacy/"}, "Two Cents": {"review-count": "7", "description": "Description\nThe hands-free social media skill!\n\nPost your content INSTANTLY for other users to hear on their devices! You can post content in the skill, hear what others have to say about Trending Topics, and upvote/ downvote posts all using your voice!\n\nFor other cool skills visit JumbleQueen.com :)\n\nFor feedback, questions or partnerships, please email TDuval@JumbleQueen.com", "details": "Skill Details\nRated: Guidance Suggested.\nThis skill contains dynamic content.\nInvocation Name: two cents\nDeveloper Privacy Policy\nDeveloper Terms of Use", "privacy_policy_href": "https://www.jumblequeen.com/privacy-policy"}, "teare dot com": {"review-count": "6", "description": "Description\nProvide answers to questions about Keith Teare", "details": "Skill Details\nThis skill contains dynamic content.\nInvocation Name: teare dot com", "privacy_policy_href": ""}, "Dating and Relationship Tips and advices": {"review-count": "0", "description": "Description\nDaily tips, trick and advices about how to properly build, and maintain a successful relationship. What to do and when , what to say and when , how to behave, and most importantly what not do or say. Follow our daily tips and tricks to develop healthy and proper relationships.", "details": "Skill Details\nFlash Briefing Skill\nRated: Guidance Suggested.\nThis skill contains dynamic content.\nDeveloper Privacy Policy\nDeveloper Terms of Use", "privacy_policy_href": "https://datingrelationship.ga/privacy-policy/"}, "U suck": {"review-count": "2", "description": "Description\nTry these lighthearted burns to add more fun to your day. When using the skill, you can say \"Alexa, next\" to move to the next burn. At any point, you can say \"Alexa, stop\" to exit the skill.\nThis skill was created using a Skill Blueprint. Your requests to this skill are not shared with the skill developer.", "details": "Skill Details\nRated: Mature.\nThis skill contains dynamic content.\nInvocation Name: u suck", "privacy_policy_href": ""}, "Latest Tweet": {"review-count": "0", "description": "Description\nThis app will provide you realtime tweets from twitter, you can search any tweet posted by various users on twitter.", "details": "Skill Details\nRated: Guidance Suggested.\nThis skill contains dynamic content.\nInvocation Name: latest tweet\nDeveloper Privacy Policy\nDeveloper Terms of Use", "privacy_policy_href": "https://docs.google.com/document/d/12KU64j-kd2vVtC9G7BqR_f94pBHZ2122Yj1R3nFMR2M/edit?usp=sharing"}, "Tell Me Who...": {"review-count": "8", "description": "Description\nTell Me Who can be used to get a variety of personalized thoughts, interests, messages, news and other information on friends, celebrities or businesses. As of today we are learning about the people that interest you the most, so you can request that a person is added to the Tell Me Who network. We are also reserving space for people who want their own bio to be part of the skill. Imagine your friends being able to say \"Alexa, tell me who is John Smith\", and getting a response, recorded by you, saying \"Hi... it's John. Hit me up on twitter at jsmith1010 to find out about my latest favorite podcasts\".\n\nYou can also learn about us, Cygnus Consulting, by saying \"Alexa, tell me who is Cygnus Consulting\".\n\nYou can learn more about this skill by going to www.cygnusconsult.com/alexa/tellmewho. You can learn more about Cygnus Consulting by going to www.cygnusconsult.com.", "details": "Skill Details\nThis skill contains dynamic content.\nInvocation Name: me who", "privacy_policy_href": ""}, "Fred Hermanson": {"review-count": "0", "description": "Description\nFred Hermanson is an example of a \"Vanity Skill\" from Cygnus Consulting. When the skill is invoked, you'll hear a fact about or a quote from Fred Hermanson. You can continue to hear more about Fred Hermanson, by saying \"more\" when prompted by Alexa.", "details": "Skill Details\nThis skill contains dynamic content.\nInvocation Name: real fred hermanson", "privacy_policy_href": ""}, "Random plans": {"review-count": "0", "description": "Description\nNext time you're trying to make a difficult decision, just ask Alexa for help. At any point, you can say \"Alexa, stop\" to exit the skill.\nThis skill was created using a Skill Blueprint. Your requests to this skill are not shared with the skill developer.", "details": "Skill Details\nRated: Guidance Suggested.\nThis skill contains dynamic content.\nInvocation Name: random plans", "privacy_policy_href": ""}, "Lovappy": {"review-count": "0", "description": "Description\nMAKE LOVE HAPPY and find love with Lovappy. Lovappy is the first hands-free dating app and the most powerful dating app ever launched - it is voice-driven. Lovappy is an entertaining dating app bringing you singles' profiles and more, like new music, dating and hiking events, as well as audiobook reviews, comedy, and Lovappy news. You will get a free experience of the power of Lovappy using this skill on Alexa. Be sure to tell Alexa to \"Enable Lovappy\" so that you can ask Lovappy to play a selection of potential matches according to your preferences.\n\nFor instance, after enabing Alexa, say \"Alexa, launch Lovappy. Find me [gender(s)] that are [taller/shorter/same height] as [height], that speak [language(s)], that like/prefer [dogs/cats/both/no pets], that [drinks/smokes/smokes weed/no vices (habits), that is [conservative/independent/liberal], that prefers to live in the [rural/suburban/urban] areas, that prefers the [outdoors/indoors] that is a [saver/spender], that is an [extrovert/introvert], that is a [morning person/night owl], that is or is not [employed/risk taker/religious], that does or does not [have children/want children/attract many people].\n\nYou can also create a profile through Alexa, but we recommend downloading the Lovappy app to complete your profile more thoroughly (available in Google Play Store or IOS App Store).", "details": "Skill Details\nRated: Mature.\nThis skill contains dynamic content.\nInvocation Name: lovappy voices\nDeveloper Privacy Policy\nDeveloper Terms of Use", "privacy_policy_href": "https://lovappy.com/privacy"}, "my Team Guide": {"review-count": "0", "description": "Description\nProvide your team with a guide to your organization. This skill was created using a Skill Blueprint. Your requests to this skill are not shared with the skill's developer.", "details": "Skill Details\nThis skill contains dynamic content.\nInvocation Name: my team guide", "privacy_policy_href": ""}, "Birder": {"review-count": "0", "description": "Description\nBirder is the first Alexa Skill which allows you to manage your Twitter account using Alexa. You can post new tweets and browse global trends.\nBirder is NOT affiliated with Twitter in any way!", "details": "Skill Details\nRated: Guidance Suggested.\nThis skill contains dynamic content.\nInvocation Name: birder assistant\nDeveloper Privacy Policy\nDeveloper Terms of Use", "privacy_policy_href": "https://github.com/acerbisgianluca/alexa-twitter/blob/master/PRIVACY.md"}, "Good Talk": {"review-count": "0", "description": "Description\nThis is the platform you audio lovers have been waiting for. Here you can send in your talks to goodtalk369@gmail.com (mp3 only) to be one of the few featured to talk on the flyer, for everyone to hear. Now you can engage with people like never before by passively listening to whats on their minds. Talk about whatever you want, just make sure the quality is good. Giving the most value to people will guarantee you a good following. Try now and become a talker. Good talk", "details": "Skill Details\nFlash Briefing Skill\nRated: Guidance Suggested.\nThis skill contains dynamic content.", "privacy_policy_href": ""}, "Date Adventure": {"review-count": "0", "description": "Description\nNeed some ideas for the perfect date? We can help! Choose the type of date you want from the list and Alexa will decide a date option for you!", "details": "Skill Details\nRated: Guidance Suggested.\nThis skill contains dynamic content.\nInvocation Name: date adventure", "privacy_policy_href": ""}, "Daily captions": {"review-count": "2", "description": "Description\nWant more buzz around your photos on Instagram? Instagram captions skill helps you gain more likes, followers and comments on Instagram by providing the most suitable CAPTIONS to complement your photos.", "details": "Skill Details\nRated: Guidance Suggested.\nThis skill contains dynamic content.\nInvocation Name: daily captions\nDeveloper Privacy Policy", "privacy_policy_href": "http://captionprivacypolicy.blogspot.com/2018/09/caption-plus-privacy-policy.html"}, "Women Pickup Lines": {"review-count": "0", "description": "Description\nAsk Alexa for a compliment to use in social settings..", "details": "Skill Details\nRated: Guidance Suggested.\nThis skill contains dynamic content.\nInvocation Name: women pickup lines", "privacy_policy_href": ""}, "love quotes": {"review-count": "0", "description": "Description\nLove is an incredible feeling. It is one of life\u2019s most fulfilling experiences. The ability to have an affectionate and intimate connection with another person is one of the most important things there is in life.", "details": "Skill Details\nThis skill contains dynamic content.\nInvocation Name: love quotes", "privacy_policy_href": ""}, "Ashish Gupta Profile": {"review-count": "0", "description": "Description\nAshish Gupta Profile is a interactive talking resume on Alexa about myself which will tell about my skills,bio,certifcates and qualifications.", "details": "Skill Details\nThis skill contains dynamic content.\nInvocation Name: ashish gupta profile", "privacy_policy_href": ""}, "Elon Musk's Feed": {"review-count": "0", "description": "Description\nThis Skill will give Alexa the ability to read Elon Musk's Twitter Feed", "details": "Skill Details\nFlash Briefing Skill\nRated: Guidance Suggested.\nThis skill contains dynamic content.\nDeveloper Privacy Policy\nDeveloper Terms of Use", "privacy_policy_href": "https://karthiksrivijay.me/Archive/Files/ActionsOnGoogle/In%20a%20Emergency/privacy_policy.html"}, "Escape Calendar": {"review-count": "1", "description": "Description\nIt may be a TV show on Tuesday evening, a first date on Friday, a sporting event, concert this weekend or an upcoming vacation destination. Escape Calendar is your daily reminder on where and how to escape!", "details": "Skill Details\nFlash Briefing Skill\nRated: Guidance Suggested.\nThis skill contains dynamic content.", "privacy_policy_href": ""}, "Angry Girlfriend": {"review-count": "15", "description": "Description\nThis fun skill allows the users to ask Alexa about new ideas to resolve issues with their girlfriend.\n\nInstructions:\n\nInvoke the skill by saying: Alexa, Open Angry Girlfriend and Alexa will give you a random suggestion, that you could use.\n\nYou could also say, Alexa, Ask Angry Girlfriend for Guidance.\n--------------------------------\nVoice app by Webcode Solutions\nFor custom voice app development, connect with us on contact@webcode.solutions\nWebsite: www.webcode.solutions", "details": "Skill Details\nThis skill contains dynamic content.\nInvocation Name: angry girlfriend\nDeveloper Privacy Policy", "privacy_policy_href": "http://www.webcode.solutions/privacy-policy/"}, "Track your girlfriend": {"review-count": "322", "description": "Description\nA prank skill to track your girlfriend or to track your boyfriend. This skill is just for fun to track your girlfriend or to track your boyfriend. Amazing sound effects. Must give it a try and share with your friends.\n\nDisclaimer: this skill is a prank skill for entertainment purposes only and does not provide the listed functionality\n\nKeywords : track , my, girlfriend, boyfriend, prank, date, dating, track , my, girlfriend, boyfriend, prank, date, dating, track , my, girlfriend, boyfriend, prank, date, dating, track , my, girlfriend, boyfriend, prank, date, dating, track , my, girlfriend, boyfriend, prank, date, dating,", "details": "Skill Details\nThis skill contains dynamic content.\nInvocation Name: track my girlfriend", "privacy_policy_href": ""}, "Goran": {"review-count": "1", "description": "Description\nA simple who is who quiz to get to know your batchmates. This is only for BITS Pilani batch of 1990 students.", "details": "Skill Details\nThis skill contains dynamic content.\nInvocation Name: go ran", "privacy_policy_href": ""}, "Youth Inspirations - Inspired by the youth of Indi": {"review-count": "0", "description": "Description\nGet motivated with a curated list of your favorite quotes, inspired by the lives of Indian Youth and teenagers in high school.\nThis skill contains some hindi, some english quotes, perfect to set the mood and also motivate people.", "details": "Skill Details\nRated: Guidance Suggested.\nThis skill contains dynamic content.\nInvocation Name: youth inspirations", "privacy_policy_href": ""}, "real compliments": {"review-count": "0", "description": "Description\nAsk Alexa to compliment your favorite people (or even yourself!) and she will choose from a list of compliments.\nThis skill was created using a Skill Blueprint. Your requests to this skill are not shared with the skill developer.", "details": "Skill Details\nRated: Mature.\nThis skill contains dynamic content.\nInvocation Name: thick compliments", "privacy_policy_href": ""}, "360 Marketing Live": {"review-count": "0", "description": "Description\nThe 360 Marketing Squad consists of Jenn Herman, Stephanie Liu, Amanda Robinson and Mike Allton.\n\n4 incredible marketing experts discussing today's latest trends and topics.", "details": "Skill Details\nFlash Briefing Skill\nThis skill contains dynamic content.\nDeveloper Privacy Policy\nDeveloper Terms of Use", "privacy_policy_href": "https://360marketingsquad.com/privacy-policy-2/"}, "My birthday countdown": {"review-count": "8", "description": "Description\nOpen the skill and Alexa will automatically tell you how many days remain until all your upcoming events. Alexa can also remind you about the exact date for a specific events.\nThis skill was created using a Skill Blueprint. Your requests to this skill are not shared with the skill developer.", "details": "Skill Details\nThis skill contains dynamic content.\nInvocation Name: my birthday countdown", "privacy_policy_href": ""}, "My Valentine": {"review-count": "2", "description": "Description\nsend and receive valentines with My Valentine.\n.\nYou can send a valentine to your loved ones for FREE:\n.\nCreate FREE Valentine: voicefirsttech.com/myvalentine", "details": "Skill Details\nRated: Guidance Suggested.\nThis skill contains dynamic content.\nInvocation Name: secret admirer\nDeveloper Privacy Policy", "privacy_policy_href": "https://voicefirsttech.com/assets/pdf/privacy-policy-valentine.pdf"}, "Love Forever": {"review-count": "7", "description": "Description\nThis is for love. It is a collection of interesting love quotes by various famous people of the world, to lovely people of the world. It will definitely entertain you and your friends.\nLove forever provides love so you and whole family can enjoy and is guaranteed to make you lovely person with sweet smile.\nTo start, just say Alexa, launch love forever or Alexa, open love forever to give me love.", "details": "Skill Details\nRated: Guidance Suggested.\nThis skill contains dynamic content.\nInvocation Name: love forever", "privacy_policy_href": ""}, "Reasons I love you": {"review-count": "0", "description": "Description\nThis skill is developed as a Valentine's day project for my husband listing out the various reasons I love him. Say:\n\"Alexa, open Reasons I love you\"\n\"Alexa, launch Reasons I love you\"\n\nPlease leave a 5-star review if you love this skill, or send me email with your suggestions at sweetnivi88@gmail.com. Your 5-star reviews will encourage me to keep making more great skills, thanks!", "details": "Skill Details\nRated: Guidance Suggested.\nThis skill contains dynamic content.\nInvocation Name: reasons i love you\nDeveloper Privacy Policy", "privacy_policy_href": "https://getstoryline.com/public/privacy.html"}, "Digital Marketing Now": {"review-count": "0", "description": "Description\nWant to learn how to grow your business, startup, or personal brand by utilizing the newest in digital marketing trends? Madeleine Duprez, the founder of social media marketing company Scalar Agency, shares skills and tips to grow your brand awareness to deliver your message to the right audience. Digital Marketing Now covers topics like social media marketing, advancements in technology, website conversion, web accessibility, artificial intelligence (AI) and SEO tactics. Tune in daily for important information to help your growing business!", "details": "Skill Details\nFlash Briefing Skill\nThis skill contains dynamic content.", "privacy_policy_href": ""}, "To a Certain Degree": {"review-count": "0", "description": "Description\nTo a Certain Degree is a weekly radio show on WPRK featuring makers, artists, and professionals who are doing something neat. It\u2019s hosted by Nick Georgoudiou, and you can listen live every Monday on 91.5 FM in the Orlando area, or stream it on wprk.org.", "details": "Skill Details\nFlash Briefing Skill\nThis skill contains dynamic content.", "privacy_policy_href": ""}, "Today's Marketing Tips": {"review-count": "1", "description": "Description\nHere are your Top Marketing Tips to spark ideas for your social posts. If you are a business in need of social network posting ideas for Facebook, Twitter, Linkedin, Pinterest, or Instagram... let our daily tips help to spark ideas and keep you in the know. Learn what is trending today, google trends, popular hashtags, and national observances.", "details": "Skill Details\nFlash Briefing Skill\nThis skill contains dynamic content.", "privacy_policy_href": ""}, "Phoenix Neighborhood Talk by Jimmy Ventura": {"review-count": "0", "description": "Description\nDaily, I will bring you interesting tidbits of news, talk, and gossip from Phoenix Neighborhood Facebook groups. If you are interested in learning about different Phoenix neighborhoods, and the character and feel of the people that live there, then this is the flash brief for you!", "details": "Skill Details\nFlash Briefing Skill\nRated: Guidance Suggested.\nThis skill contains dynamic content.\nDeveloper Privacy Policy", "privacy_policy_href": "https://www.fairwayindependentmc.com/~/media/files/pdf/privacy-policy.pdf?la=en"}, "Surprise Your Loved One": {"review-count": "1", "description": "Description\nThis skill allows you to ask Alexa who the most (beautiful, cute, intelligent, etc.) person in the world is and will tell you that they are standing right next to you. It's a nice way to surprise someone special nearby!\n\nIf they aren't standing next to you and you give Alexa a specific name, she will specifically state that \"name\" is simply the best, and no one could ever compare!\n\nRead the sample phrases to see how to invoke either responses.\n\nI made this because my girlfriend and I keep getting into arguments over which one is cuter. I say she is and she say's that I am. I need Alexa to back me up. She's definitely cuter.", "details": "Skill Details\nThis skill contains dynamic content.\nInvocation Name: everybody's opinion", "privacy_policy_href": ""}, "Chandler News": {"review-count": "0", "description": "Description\nChandler news covers everything for your morning briefing. Social events, new places to dine and be entertained and local politics too. Real Estate news and any news about companies locating to our wonderful city.", "details": "Skill Details\nFlash Briefing Skill\nRated: Guidance Suggested.\nThis skill contains dynamic content.", "privacy_policy_href": ""}, "Success Catalyst": {"review-count": "0", "description": "Description\nThese are the ideas and messages presented by Bill Wallace in the way that he acts and in his message.\n\nThis service is brought to you by NeedToKnowTraining.com.", "details": "Skill Details\nRated: Guidance Suggested.\nThis skill contains dynamic content.\nInvocation Name: success catalyst", "privacy_policy_href": ""}, "My Title Gal Minutes": {"review-count": "3", "description": "Description\nMy Title Gal Minutes is hosted by Shannon Goldberg, sales executive and top sales generator for Grand Canyon Title Agency, a division for FNTA. A 17 year veteran of the real estate, title and escrow industry, Shannon shares quick tips & tricks in marketing for realtors and lenders to help increase their brand awareness.\n\nIncorporating major social media platforms as well as new technology. Trying to keep it quick and easy for those in a fast paced industry. Shannon feels that these tips & tricks can be applied to any individually looking to grown their brand, be consistent in their marketing and create referrals.", "details": "Skill Details\nFlash Briefing Skill\nThis skill contains dynamic content.\nDeveloper Privacy Policy\nDeveloper Terms of Use", "privacy_policy_href": "http://fntg.com/w3c/privacy.pdf"}, "Dating tips": {"review-count": "0", "description": "Description\nWorld wide 3 million websites create for online dating. Dating tips is a custom skill about to tell you such coll facts which tell you the reality of Online Dating World.\n\nThis skill was built with love by VoiceApps.com. Visit us to create your own skill in minutes!", "details": "Skill Details\nRated: Guidance Suggested.\nThis skill contains dynamic content.\nInvocation Name: dating tips", "privacy_policy_href": ""}, "My Daily Thoughts": {"review-count": "0", "description": "Description\nMy thoughts, it's for you, just to let you feel that I' m always thinking about you, my awesome family\nI still have many memories about all the time we spent together, and I still wanna make more memories with you my awesome family, I love you", "details": "Skill Details\nThis skill contains dynamic content.\nInvocation Name: my daily thoughts", "privacy_policy_href": ""}, "Dating Rules": {"review-count": "0", "description": "Description\nTo Date someone is a unique art which an individual should learn to live a happy life.", "details": "Skill Details\nRated: Mature.\nThis skill contains dynamic content.\nInvocation Name: dating rules", "privacy_policy_href": ""}, "Speaking December": {"review-count": "0", "description": "Description\nSpeaking December contains some December facts that you can not find anywhere.\n\nThis skill was built with love by VoiceApps.com. Visit us to create your own skill in minutes!", "details": "Skill Details\nThis skill contains dynamic content.\nInvocation Name: speaking december", "privacy_policy_href": ""}, "Date Night Ideas": {"review-count": "1", "description": "Description\nLet's face it, having date night is great, but coming up with date night ideas could be very difficult sometimes. Especially if you are trying to come up with a fun and new date idea to surprise your significant other. With the Date Night Ideas skill, we are constantly adding new date ideas to it, so you can always have a fresh, new date idea to wow that special someone.\n\nYou can say:\n\n\"Alexa, open Date Night Ideas\"\n\"Alexa, start Date Night Ideas\"\n\"Alexa, launch Date Night Ideas\"\n\nPlease leave a 5-star review if you love this skill, or if you have any date ideas that you would like us to add to this skill please send us an email at HisSohnStudios@gmail.com. Your 5-star reviews encourage us to keep making more great skills, thank you!", "details": "Skill Details\nRated: Guidance Suggested.\nThis skill contains dynamic content.\nInvocation Name: date night ideas\nDeveloper Privacy Policy", "privacy_policy_href": "https://getstoryline.com/public/privacy.html"}, "What is Nate doing?": {"review-count": "18", "description": "Description\nNate is a 12 year old virtual friend who does all sorts of things. He is seventh grader and he likes to make stuff in his basement. If you just want to know what someone is doing you just ask", "details": "Skill Details\nThis skill contains dynamic content.\nInvocation Name: my friend", "privacy_policy_href": ""}, "Say meow": {"review-count": "0", "description": "Description\nundefined\n\nThis skill was built with love by VoiceApps.com. Visit us to create your own skill in minutes!", "details": "Skill Details\nThis skill contains dynamic content.\nInvocation Name: say meow", "privacy_policy_href": ""}, "baby gender reveal girl": {"review-count": "7", "description": "Description\nThis skill can be used at baby reveal party. This skill is to reveal Baby Girl. For Baby Boy, you can add \"baby gender reveal boy\". But don't add both the skills at the same time, as both use the same skill invocation name. Install either \"baby gender reveal girl\" or \"baby gender reveal boy\".", "details": "Skill Details\nThis skill contains dynamic content.\nInvocation Name: baby gender", "privacy_policy_href": ""}, "Goodnight Gorgeous": {"review-count": "1", "description": "Description\nGoodnight Gorgeous - Sweet little notes that can be shared with workers, parents, friends or lovers to make their sleep times more pleasant or to inspire them to enjoy their sleep tonight so they can face the day stronger tomorrow.\n\nYou can say:\n\n\"Alexa, open Goodnight Gorgeous\"\n\"Alexa, start Goodnight Gorgeous\"\n\"Alexa, launch Goodnight Gorgeous\"\n\nNight times are the best times for most of us. It is the cherry on top for the workers who consumed their energy for the whole day\u2019s work. It is also the time for lovers to enjoy their time together or for the parents to have their own time after a whole day of caring for the family. It\u2019s just but sweet to begin this amazing ritual with inspiring, sweet goodnight quotes.\n\nIf you've loved the skill, please leave a 5-star review! It will encourage us to make more awesome skills for you!", "details": "Skill Details\nThis skill contains dynamic content.\nInvocation Name: goodnight gorgeous", "privacy_policy_href": ""}, "baby gender reveal boy": {"review-count": "3", "description": "Description\nThis skill can be used at baby gender reveal party. This skill is for Baby Boy. For Baby Girl, you can add \"baby gender reveal girl\". But don't add both the skills at the same time, as both use the same skill invocation name. This skill is specifically designed to reveal baby boy.", "details": "Skill Details\nThis skill contains dynamic content.\nInvocation Name: baby gender", "privacy_policy_href": ""}, "Really Social in :60": {"review-count": "0", "description": "Description\nReally Social in :60 dishes out a timely trend or marketing tip to help you boost your social media in under 60 seconds. Whether it's how to structure your social media accounts, setting up a strategy, or figuring out how a social tool works... your brain and your brand can afford to get a quick lesson that's under one minute.", "details": "Skill Details\nFlash Briefing Skill\nRated: Guidance Suggested.\nThis skill contains dynamic content.\nDeveloper Privacy Policy", "privacy_policy_href": "http://really.social/privacy-policy/"}, "Jeannet's Musings #sharethelove #enjoythepicnic": {"review-count": "0", "description": "Description\nSharing intuitive thoughts with you from food choices to community connection. Pick up what resonates with you and leave whatever else doesn't. Imagine that it's a buffet spread where you can try new things.", "details": "Skill Details\nFlash Briefing Skill\nThis skill contains dynamic content.", "privacy_policy_href": ""}, "Love Me": {"review-count": "22", "description": "Description\nLet Alexa suggest you ways to express you love to your loved ones.\nAsk Alexa to love you by saying love me! Quirky and sweet messages for your loved ones!\n\nYou can say,\n\"Alexa, open love me\",\n\"Alexa, start love me\",\n\"Alexa, launch love me\"", "details": "Skill Details\nThis skill contains dynamic content.\nInvocation Name: love me", "privacy_policy_href": ""}, "List Shoutouts": {"review-count": "0", "description": "Description\nCreate list for your friends and family by using Alexa's built in \"create a list\" functionality. And then add any compliments or phrases you want to tell that person to the list. For long compliments/phrases, phrases, or recs, I recommend you manually add them as a list item.\n\nWorkflow: \"Alexa, create a list\" > say [name] > add items for [name] > \"Alexa, shout out\" > say [name] > Alexa will pick a random item from one of your custom lists titled [name]\n\nIf you want to add item or lists manually:\nName some of your custom Alexa list items after your friends and family using the common spelling of a name. \"Jonathan\" for Johnathan.\n\"Caroline\" for \"Carolyn\". \"Louis\" for Lui. If it's accepting both feedback get Alexa to learn it by providing feedback on the Alexa app or just input both names as lists manually. Then you can add whatever items to that list describing whatever you want Alexa to tell that person when invoking the skill. If this fails, try asking Alexa to create the list for you to establish how Alexa thinks your name is spelled. And if that is failing, go to your home and see what Alexa heard. Make sure you train Alexa to hear your names properly.\n\nLaunch the skill with the invocation \"shoutout\". And then Alexa will say a compliment in the list for a given person.", "details": "Skill Details\nRated: Guidance Suggested.\nThis skill contains dynamic content.\nInvocation Name: shout out\nDeveloper Privacy Policy", "privacy_policy_href": "https://www.freeprivacypolicy.com/privacy/view/2e6e2475fa33c5896eeb73529143ec7d"}, "My Life Suckers Videos": {"review-count": "1", "description": "Description\nThis skill will pull a random name of a video posted to the YouTube account of My Life Suckers Videos", "details": "Skill Details\nRated: Guidance Suggested.\nThis skill contains dynamic content.\nInvocation Name: my life suckers videos\nDeveloper Privacy Policy\nDeveloper Terms of Use", "privacy_policy_href": "http://mylifesuckers.com/privacy-policy/"}, "Encourage Mom": {"review-count": "0", "description": "Description\nEncourage Mom is a skill to help mothers, grandmothers, nannies, and even caretakers to get encouragement, regain perspective on the big picture of parenting, and offer practical skills in the moment to recover your peace of mind and sanity, while loving your child better.\n\nWhether you're a stay at home mom, a single mom, or a working mom, all of the encouragement and insight in here is just for you. We know your dedication to your family can sometimes go unappreciated and downright overlooked. This skill offers regular reminders that what you're doing is important, valuable, lifechanging, and YOU CAN DO IT!\n\nYou can say:\n\n\"Alexa, open Encourage Mom\"\n\"Alexa, start Encourage Mom\"\n\"Alexa, launch Encourage Mom\"\n\nPlease leave a 5-star review if you love this skill, or send us an email with your suggestions at support@gohealthymom.com. Your 5-star reviews encourage us to keep making more great skills, thanks!", "details": "Skill Details\nRated: Guidance Suggested.\nThis skill contains dynamic content.\nInvocation Name: encourage mom\nDeveloper Privacy Policy", "privacy_policy_href": "https://getstoryline.com/public/privacy.html"}, "thanksgiving jokes": {"review-count": "0", "description": "Description\nthis skill gives you random thanksgiving jokes.\n\nThis skill was built with love by VoiceApps.com. Visit us to create your own skill in minutes!", "details": "Skill Details\nThis skill contains dynamic content.\nInvocation Name: thanksgiving jokes", "privacy_policy_href": ""}, "just jokes": {"review-count": "0", "description": "Description\nthis skill gives you random jokes\n\nThis skill was built with love by VoiceApps.com. Visit us to create your own skill in minutes!", "details": "Skill Details\nThis skill contains dynamic content.\nInvocation Name: just jokes", "privacy_policy_href": ""}, "dog jokes": {"review-count": "0", "description": "Description\nthis skill gives you random jokes about dogs\n\nThis skill was built with love by VoiceApps.com. Visit us to create your own skill in minutes!", "details": "Skill Details\nThis skill contains dynamic content.\nInvocation Name: dog jokes", "privacy_policy_href": ""}, "pick up lines": {"review-count": "1", "description": "Description\nThese statements will impress anyone! Stop thinking and enable this skill to enjoy life!", "details": "Skill Details\nRated: Mature.\nThis skill contains dynamic content.\nInvocation Name: pick up lines", "privacy_policy_href": ""}, "Table Talk": {"review-count": "6", "description": "Description\nTable Talk is an Alexa Skill that randomly chooses a topic/question for your group to talk about. New topics added weekly.\n\nIf app is used, new features will be release, such as topic categories (Kids, Adults, Couple, Sports, Movies, etc).\n\nTo use: Alexa, Table Talk or Alexa, Start Table Talk", "details": "Skill Details\nThis skill contains dynamic content.\nInvocation Name: table talk", "privacy_policy_href": ""}, "dating facts": {"review-count": "0", "description": "Description\nThis is an app that delivers very interesting dating facts and dating tips.", "details": "Skill Details\nRated: Mature.\nThis skill contains dynamic content.\nInvocation Name: dating facts", "privacy_policy_href": ""}, "Funny Jokes Everyday": {"review-count": "2", "description": "Description\nThis is a jokes skill with new jokes everyday. This skill is only for information and entertainment purpose.", "details": "Skill Details\nRated: Mature.\nThis skill contains dynamic content.\nInvocation Name: funny jokes everyday", "privacy_policy_href": ""}, "computer jokes": {"review-count": "0", "description": "Description\nthis skill gives you random computer jokes\n\nThis skill was built with love by VoiceApps.com. Visit us to create your own skill in minutes!", "details": "Skill Details\nRated: Guidance Suggested.\nThis skill contains dynamic content.\nInvocation Name: computer jokes", "privacy_policy_href": ""}, "christmas jokes": {"review-count": "0", "description": "Description\nthis skill gives you random Christmas jokes\n\nThis skill was built with love by VoiceApps.com. Visit us to create your own skill in minutes!", "details": "Skill Details\nThis skill contains dynamic content.\nInvocation Name: christmas jokes", "privacy_policy_href": ""}, "Mom Facts": {"review-count": "1", "description": "Description\nFeel like your mom is crazy while also taking care of you like no-one else? Well today, you can better understand her with this brand new Alexa Skill.", "details": "Skill Details\nThis skill contains dynamic content.\nInvocation Name: mom facts", "privacy_policy_href": ""}, "Dating World Facts": {"review-count": "0", "description": "Description\nWorld wide 3 million websites create for online dating. Dating World Facts is a custom skill about to tell you such coll facts which tell you the reality of Online Dating World.\n\nThis skill was built with love by VoiceApps.com. Visit us to create your own skill in minutes!", "details": "Skill Details\nRated: Guidance Suggested.\nThis skill contains dynamic content.\nInvocation Name: dating world facts", "privacy_policy_href": ""}, "Ask Randy Something": {"review-count": "3", "description": "Description\nRandy is a new AI entity that has learned from it's creator Randy. Ask Randy questions and enjoy the answers he provides.", "details": "Skill Details\nThis skill contains dynamic content.\nInvocation Name: randy something", "privacy_policy_href": ""}, "Celebrity Tweets": {"review-count": "1", "description": "Description\nCelebrity Tweets gets you the latest Tweets from your favorite celebrities. Get to know what your fovorite celebrities are up to.\n\nJust say :\n\"Alexa, open Celebrity Tweets\"\n\nSuggest your favorite celebrity @twiterHandle in the review section below and we will try to add them as soon as possible..\nYour 5-star reviews encourage us to keep making more great skills, thanks!", "details": "Skill Details\nRated: Mature.\nThis skill contains dynamic content.\nInvocation Name: celebrity tweets", "privacy_policy_href": ""}, "Online Dating Facts": {"review-count": "0", "description": "Description\nWorld wide 3 million websites create for online dating. Online Dating Facts is a custom skill about to tell you such coll facts which tell you the reality of Online Dating World.\n\nThis skill was built with love by VoiceApps.com. Visit us to create your own skill in minutes!", "details": "Skill Details\nRated: Guidance Suggested.\nThis skill contains dynamic content.\nInvocation Name: online dating facts", "privacy_policy_href": ""}, "Ahmed Aziz": {"review-count": "0", "description": "Description\nAhmed Aziz is a skill to help you know more about his activities.\n\nPlease leave a 5-star review if you love this skill, or send us an email with your suggestions at Ahmed.Aziz.Sleem@gmail.com. Your 5-star reviews encourage us to keep making more great skills, thanks!", "details": "Skill Details\nFlash Briefing Skill\nThis skill contains dynamic content.", "privacy_policy_href": ""}, "#HonestToFrig Marketing": {"review-count": "0", "description": "Description\nBite-size, actionable marketing ideas that'll help you navigate and leverage social media & digital marketing that matters to your business. We go beyond fluff and vanity, and help you learn how to effectively navigate and leverage digital marketing in ways that matter. From marketing campaign planning, to tracking and analytics, learn the tools and resources that can save you time and money.", "details": "Skill Details\nFlash Briefing Skill\nRated: Guidance Suggested.\nThis skill contains dynamic content.", "privacy_policy_href": ""}, "Mom's Gift": {"review-count": "34", "description": "Description\nThis will randomly choose a nice thing to say to your mother.", "details": "Skill Details\nThis skill contains dynamic content.\nInvocation Name: mom's gift", "privacy_policy_href": ""}, "Group Adventures Under $5": {"review-count": "0", "description": "Description\nFeel free to change up the ideas so they match what you and your group would like to do. May all your group adventures be epic!", "details": "Skill Details\nThis skill contains dynamic content.\nInvocation Name: group adventure ideas", "privacy_policy_href": ""}, "animal jokes": {"review-count": "0", "description": "Description\nthis skill is here to give you random jokes about animal\n\nThis skill was built with love by VoiceApps.com. Visit us to create your own skill in minutes!", "details": "Skill Details\nThis skill contains dynamic content.\nInvocation Name: animal jokes", "privacy_policy_href": ""}, "cat jokes": {"review-count": "0", "description": "Description\nthis skill gives you random jokes about cats.\n\nThis skill was built with love by VoiceApps.com. Visit us to create your own skill in minutes!", "details": "Skill Details\nThis skill contains dynamic content.\nInvocation Name: cat jokes", "privacy_policy_href": ""}, "birthday jokes": {"review-count": "0", "description": "Description\nthis skill gives you random birthday jokes.\n\nThis skill was built with love by VoiceApps.com. Visit us to create your own skill in minutes!", "details": "Skill Details\nThis skill contains dynamic content.\nInvocation Name: birthday jokes", "privacy_policy_href": ""}, "Surprise Planner": {"review-count": "0", "description": "Description\nSurprise Planner is a skill to help you to plan surprises for Girlfriend, Wife, kids or many more. This skill has various options with surprising cool planning ideas that how can you surprise your loved one.\nYou can say:\n\n\"Alexa, open Surprise Planner\"\n\"Alexa, start Surprise Planner\"\n\"Alexa, launch Surprise Planner\"\n\nPlease leave a 5-star review if you love this skill. Your 5-star reviews encourage us to keep making more great skills, thanks!", "details": "Skill Details\nRated: Guidance Suggested.\nThis skill contains dynamic content.\nInvocation Name: surprise planner", "privacy_policy_href": ""}, "Smurf of the Day": {"review-count": "0", "description": "Description\nSmurf of the Day is a fun skill to see which Smurf you get to be for the day.\n\nThis is a fun little skill for the entire family to enjoy. There are currently 40 Smurfs in this skill, in which Alexa will randomly choose one for you each day. Every Smurf is either part of the cartoon, comics, or movies. Which Smurf will you be today? Play the skill each day to see who!\n\nYou can say:\n\n\"Alexa, open Smurf of the Day\"\n\"Alexa, start Smurf of the Day\"\n\"Alexa, launch Smurf of the Day\"\n\nPlease leave a 5-star review if you love this skill, or send us an email with your suggestions at Spark-A.I@mail.com. Your 5-star reviews encourage us to keep making more great skills, thanks!", "details": "Skill Details\nThis skill contains dynamic content.\nInvocation Name: smurf of the day", "privacy_policy_href": ""}, "Great Conversations": {"review-count": "0", "description": "Description\nGreat conversations is a great experience, a true pleasure. And they often start with asking great questions. And that is exactly what you get here: questions for the memory lane, for things you like, for things you might dream about. Questions for the imagination, the funny ideas. Questions for the reflections, the deeper stuff. A taste:\n\nYou are building your own city. What is it like? If you were invisible for a day, what would you do?\nWhat is something that you ve never done but would like to try? Would you accept a one-way ticket to mars? If no, why? If yes, why? If we learn from our mistakes, why are we often so afraid to make one?", "details": "Skill Details\nThis skill contains dynamic content.\nInvocation Name: great conversations\nDeveloper Privacy Policy", "privacy_policy_href": "https://slowschool.se/privacy-policy"}}