{"Bhartiya Sena Facts": {"review-count": "0", "description": "Description\nA One-Stop fact skill for Indian Army which is the largest arm of the Indian Armed Forces and reckoned to be one of the largest armies around the world.", "details": "Skill Details\nRated: Guidance Suggested.\nThis skill contains dynamic content.\nInvocation Name: bhartiya sena facts", "privacy_policy_href": ""}, "My funny friend": {"review-count": "0", "description": "Description\nAsk Alexa any of the questions that are included in the skill and she'll provide the corresponding answer. This skill was created using a Skill Blueprint. Your requests to this skill are not shared with the skill developer.", "details": "Skill Details\nRated: Mature.\nThis skill contains dynamic content.\nInvocation Name: my funny friend", "privacy_policy_href": ""}, "End Season Fornite": {"review-count": "0", "description": "Description\nOpen the skill and Alexa will automatically tell you how many days remain until the end of the current season of Fornite,", "details": "Skill Details\nThis skill contains dynamic content.\nInvocation Name: end season", "privacy_policy_href": ""}, "bob story": {"review-count": "0", "description": "Description\nAlexa will read aloud to you and ask you questions about each passage. Test your memory by remembering tricky details about the story. Answer correctly and achieve a high score. This skill was created using a Skill Blueprint. Your requests to this skill are not shared with the skill developer.", "details": "Skill Details\nThis skill contains dynamic content.\nInvocation Name: bob story", "privacy_policy_href": ""}, "random state": {"review-count": "0", "description": "Description\nThis skill can tell you a random state from United States.", "details": "Skill Details\nThis skill contains dynamic content.\nInvocation Name: random state", "privacy_policy_href": ""}, "Curiosidades Errantes": {"review-count": "0", "description": "Description\nYour Favourite Program To Make You Know The Knowledge From The Life!\n\nThis skill was built with love by VoiceApps.com. Visit us to create your own skill in minutes!", "details": "Skill Details\nThis skill contains dynamic content.\nInvocation Name: errant facts", "privacy_policy_href": ""}, "Push Up": {"review-count": "0", "description": "Description\nJust do this every night It is a good and simple workout.", "details": "Skill Details\nThis skill contains dynamic content.\nInvocation Name: push up", "privacy_policy_href": ""}, "State Capital Trivia": {"review-count": "31", "description": "Description\nState Capital Trivia gives you a State and you answer back with the Capital! You get points and get to hear a fact if you get it right!\n\nIf you enjoy this skill check out my others!\n- The VERY BEST: Rain Sounds (Ocean and Fan sounds too!)\n- Relaxing Sleep Sounds\n- Escape Jurassic Island\n- Memory Challenge\n- Dad Jokes", "details": "Skill Details\nThis skill contains dynamic content.\nInvocation Name: state capital trivia\nDeveloper Privacy Policy\nDeveloper Terms of Use", "privacy_policy_href": "https://creator.voiceflow.com/creator/privacy_policy?name=Nate%20Munk&skill=Learn%20State%20Capitals"}, "Programming Cheat Sheet": {"review-count": "0", "description": "Description\nAsk alexa something about C language and she will tell you something about c and resolve some querries", "details": "Skill Details\nThis skill contains dynamic content.\nInvocation Name: programming cheatsheet\nDeveloper Privacy Policy\nDeveloper Terms of Use", "privacy_policy_href": "https://drive.google.com/file/d/1CRHqR9zvQsw0qpSJBkSOI8grlWD4J-tv/view?usp=sharing"}, "united kingdom bigger cities": {"review-count": "0", "description": "Description\nYou can ask this skill to tell you the biggest cities in United Kingdom.", "details": "Skill Details\nThis skill contains dynamic content.\nInvocation Name: united kingdom bigger cities", "privacy_policy_href": ""}, "Xtreme jokes": {"review-count": "1", "description": "Description\nThis is the best jokes skill.", "details": "Skill Details\nThis skill contains dynamic content.\nInvocation Name: extreme jokes", "privacy_policy_href": ""}, "Michael trivia button": {"review-count": "0", "description": "Description\nRequires2-4 Echo Buttons\nPlayers2-4\nBuzz in with Echo Buttons in this fun trivia game show. This game requires at least 2 Echo Buttons. Echo Buttons offer a new way to play game skills through your compatible Echo device. To learn more just ask \"Alexa, what are Echo Buttons?\"\n\nGet two to four contestants together to star in this game show! In each round, Alexa will ask a question. Players will buzz in with their Echo Buttons to answer. As you play, Alexa will let you know if you're right or wrong and track your score. The contestant with the most correct answers wins!\n\nWhile playing, you can say \"Alexa, repeat that\" to hear Alexa read the question again. You can also say, \"Alexa, what are the scores?\" to hear a score report. You can say, \"Alexa, help!\" to hear about what you can do next. You can say, \"Alexa, start over\" if you want to abandon the current game and pick up from the beginning. At any time you can say, \"Alexa, stop\" to halt the current game. If you had already started a game, Alexa will remember where you stopped and pick back up from the last question asked, when you next launch the skill.\n\nThis skill was created using a Skill Blueprint. Your requests to this skill are not shared with the skill developer.", "details": "Skill Details\nRated: Guidance Suggested.\nThis skill contains dynamic content.\nInvocation Name: michael trivia button", "privacy_policy_href": ""}, "Astronomical Quiz": {"review-count": "2", "description": "Description\nPlay an interesting game of quiz with Alexa. While playing the quiz, you can say \"Alexa, next\" to move to the next question. At any point, you can say \"Alexa, stop\" to exit the quiz. This skill was created using a Skill Blueprint. Your requests to this skill are not shared with the skill developer.", "details": "Skill Details\nThis skill contains dynamic content.\nInvocation Name: quiz on solar", "privacy_policy_href": ""}, "Rock Paper Scissors Shoot! By RUG": {"review-count": "1", "description": "Description\nWelcome to Rock Paper Scissors Shoot! just say to alexa (after you enable this amazing skill!) open Rock Paper scissors and you can play it with alexa its fun!", "details": "Skill Details\nThis skill contains dynamic content.\nInvocation Name: rock paper scissors", "privacy_policy_href": ""}, "Random Words": {"review-count": "0", "description": "Description\nAsk me for a word", "details": "Skill Details\nThis skill contains dynamic content.\nInvocation Name: random words", "privacy_policy_href": ""}, "test my knowledge": {"review-count": "2", "description": "Description\nPlay an interesting game of quiz with Alexa. While playing the quiz, you can say \"Alexa, next\" to move to the next question. At any point, you can say \"Alexa, stop\" to exit the quiz. This skill was created using a Skill Blueprint. Your requests to this skill are not shared with the skill developer.", "details": "Skill Details\nThis skill contains dynamic content.\nInvocation Name: test me", "privacy_policy_href": ""}, "ELC Influencer Experience": {"review-count": "1", "description": "Description\nPlay an interesting game of quiz with Alexa. While playing the quiz, you can say \"Alexa, next\" to move to the next question. At any point, you can say \"Alexa, stop\" to exit the quiz. Once you've successfully answered all 20 questions, visit www.eaglelearningcenter.com and take the actual certification test. This skill was created using a Skill Blueprint. Your requests to this skill are not shared with the skill developer.", "details": "Skill Details\nThis skill contains dynamic content.\nInvocation Name: e. l. c. influencer experience", "privacy_policy_href": ""}, "American Baseball Facts": {"review-count": "1", "description": "Description\nA great fact skill that gives amazing facts about United States baseball. It starts with general facts. However, you can upgrade to include additional facts like New York and Boston baseball for a small fee.", "details": "Skill Details\nThis skill contains dynamic content.\nInvocation Name: american baseball facts", "privacy_policy_href": ""}, "Her Story": {"review-count": "5", "description": "Description\nEveryday on Her Story you'll meet women who changed the world. Some are well known and others you'll be hearing about maybe for the first time. Those who invented or created something that never existed before and others who took their craft to a different level. You'll be awed and inspired by these unique women who have changed the way we live and work by forging a new path.", "details": "Skill Details\nFlash Briefing Skill\nRated: Guidance Suggested.\nThis skill contains dynamic content.", "privacy_policy_href": ""}, "Impossible Trivia": {"review-count": "4", "description": "Description\nWelcome to Impossible Trivia, where you odds of beating the game are one in a million. Answer true or false questions to work your way up the ladder in the mob. Get all 20 right to be named Godfather. Are you ready for a challenge?", "details": "Skill Details\nThis skill contains dynamic content.\nInvocation Name: impossible trivia\nDeveloper Privacy Policy\nDeveloper Terms of Use", "privacy_policy_href": "https://www.chadgilhoi.com/privacy"}, "Never have I ever game (+400 Questions)": {"review-count": "2", "description": "Description\nHow many times did you play \"The Never have I ever game\" with your friends? A lot for sure!\nWell, now you can play it on Alexa!!!\n\nHow to play?\n\nFirst, open the Skill: \"Alexa, open never have i ever\" and Alexa will tell you a sentence and ask for the following.\nSay \"Yes\" and Alexa will give you one of 400 unique sentences, without repeating anyone!", "details": "Skill Details\nRated: Mature.\nThis skill contains dynamic content.\nInvocation Name: never have i ever", "privacy_policy_href": ""}, "Rub some bacon": {"review-count": "0", "description": "Description\nIts Rhett and link's song rub some bacon on it but as an Alexa skill. It has only the best of advice.", "details": "Skill Details\nRated: Mature.\nThis skill contains dynamic content.\nInvocation Name: rub some bacon", "privacy_policy_href": ""}, "Random Weird Facts": {"review-count": "0", "description": "Description\nThis skill will tell you some random weird facts. Just say \"Alexa, open random weird facts\" and listen to some of the most weirdest but cool random facts.\nThis skill will gain you some more information", "details": "Skill Details\nThis skill contains dynamic content.\nInvocation Name: random weird facts", "privacy_policy_href": ""}, "mind masher": {"review-count": "0", "description": "Description\nhere are some randomised riddles to get the brain working that are fun for all the family.", "details": "Skill Details\nThis skill contains dynamic content.\nInvocation Name: mind masher\nDeveloper Privacy Policy\nDeveloper Terms of Use", "privacy_policy_href": "https://creator.voiceflow.com/creator/privacy_policy?name=lee%20haigh&skill=mind%20masher"}, "Mini Quiz": {"review-count": "0", "description": "Description\nPlay an interesting game of quiz with Alexa. While playing the quiz, you can say \"Alexa, next\" to move to the next question. At any point, you can say \"Alexa, stop\" to exit the quiz. This skill was created using a Skill Blueprint. Your requests to this skill are not shared with the skill developer.", "details": "Skill Details\nThis skill contains dynamic content.\nInvocation Name: mini quiz", "privacy_policy_href": ""}, "Lie Like a Rug": {"review-count": "0", "description": "Description\nAsk Alexa to lie like a rug. You will get the response you deserve; but don\u2019t expect the truth.", "details": "Skill Details\nThis skill contains dynamic content.\nInvocation Name: lie like a rug", "privacy_policy_href": ""}, "Number Game": {"review-count": "10", "description": "Description\nA game for kids who can count to 10 and want to improve their understanding of numbers. In 10 rounds, Alexa asks which of two numbers is bigger. Test if your child is interested by the questions: \u201aWhich number is bigger, five or seven?\u2019 If your child asks for more questions, leave it to Alexa.\n\nAttention: Alexa only understands a clear pronunciation of the numbers. Stay with your child for the first few attempts during the game to avoid any disappointment if Alexa doesn\u2019t understand what they are saying.", "details": "Skill Details\nThis skill contains dynamic content.\nInvocation Name: number game", "privacy_policy_href": ""}, "Flip a bitcoin": {"review-count": "0", "description": "Description\nWhat better than a virtual assistant like Alexa to flip a virtual coin like bitcoin.", "details": "Skill Details\nThis skill contains dynamic content.\nInvocation Name: flip a bitcoin", "privacy_policy_href": ""}, "My Business Facts": {"review-count": "0", "description": "Description\nAsk Alexa for an interesting list of facts about your topic of choice. When using the skill, you can say \"Alexa, next\" to move to the next fact. At any point, you can say \"Alexa, stop\" to exit the skill.\nYour requests to this skill are not shared with the skill developer.\nDaily interesting facts about business in an interesting way .", "details": "Skill Details\nThis skill contains dynamic content.\nInvocation Name: my business facts", "privacy_policy_href": ""}, "Ticket to Ride Europe": {"review-count": "9", "description": "Description\nNote: To launch the game on Fire TV, say \"Alexa, launch the Ticket to Ride Europe skill.\"\n\nThis game requires a physical copy of the board game \"Ticket to Ride Europe\" to play. Destination ticket cards from the \"Ticket to Ride: Europa 1912 Expansion\" can also be used when playing this skill.\n\nFor the first time ever, experience \"Ticket to Ride Europe,\" the internationally acclaimed bestselling board game like never before, with Alexa as your guide. If less than 5 of you are playing, Alexa can also join as a player. Both new and experienced adventurers are welcome.\n\nIf you're new to \"Ticket to Ride Europe,\" simply launch the skill and Alexa will teach you everything you need to know to get playing right out of the box.\n\nFor experienced players, discover a new way to enjoy \"Ticket to Ride Europe.\" Alexa will keep track of your scores and calculate the longest route, all while adding atmospheric sound effects and music to your game.\n\nFor even more fun, be sure to check out \"Ticket to Ride\" in the Alexa Skill Store.\n\nIf you have any questions/feedback about \"Ticket to Ride Europe,\" please let us know by visiting: https://asmodee.helpshift.com/a/ticket-to-ride-alexa/\n\nAlexa is waiting for you at the station. All aboard!\n\nWhen learning to play the game, you can:\nSay \"Alexa, next\" to move forward\nSay \"Alexa, back\" to hear the previous instruction again\nSay \"Alexa, repeat\" to hear the current instruction again\nSay \"Alexa, rephrase that\" to hear a different phrasing of the current instruction\n\nWhile playing the game:\nTo claim a route, say your player color and the two cities you are connecting. For example: \"Alexa, green got Paris to Bruxelles\"\nTo build a station, say your player color and the city you are building a station for. For example: \"Alexa, green built a station in London\"\nSay \"Alexa, undo that\" if you make a mistake.\nSay \"Alexa, help\" to ask questions about the rules.\nSay \"Alexa, what's the score?\" to hear the current scores.\nSay \"Alexa, how many trains does everyone have left?\" to hear how many trains everyone has remaining.\nSay \"Alexa, start the tutorial.\" at any time to start over and learn the game again.", "details": "Skill Details\nRated: Guidance Suggested.\nThis skill contains dynamic content.\nInvocation Name: ticket to ride europe\nDeveloper Privacy Policy", "privacy_policy_href": "https://www.daysofwonder.com/en/about/privacy/"}, "Void Warper - A sci-fi adventure game": {"review-count": "2", "description": "Description\nCaptain, you wake up from a cryo-sleep in the middle of the Deep Space alerted by Valerie, a 3rd generation AI.\nYour mission? Deliver Princess Victoria back to the Earth overcoming several obstacles. A group of revolutionaries are planning on assassinating her.\nJump over different sections of the game defeating enemies and finding secret paths.\nWill you succeed in completing your mission? We are looking forward to see you on Void Warper!\n\nBy granting Void Warper access to your email address during the game, you will be able to receive our premium Galaxy Map that will help you better navigate into the game!\n\n\nAn adventure conceived and written by River Horse Games and developed by Aloud.tech.\n\nJoin our Facebook Community to get help, tricks, cheats and much more: https://www.facebook.com/voidwarper/\n\n\nSound effects taken from www.freesound.org\n\nFor images, thanks to:\n- Iron Belt: Nino Satria from FreeImages\n- Shroud Nebula: ftoprak from FreeImages\n- Blade Sector: Nino Satria from FreeImages\n- Dusk Court: David Cowan from FreeImages\n- Titan Graveyard: Nino Satria from FreeImages\n- Revolutionary Blockade: David Cowan from FreeImages\n- Earth: Nino Satria from FreeImages", "details": "Skill Details\nRated: Guidance Suggested.\nThis skill contains dynamic content.\nInvocation Name: void warper\nDeveloper Privacy Policy", "privacy_policy_href": "http://aloud.tech/privacy/VoidWarper.html"}, "Clip that someone clip that": {"review-count": "0", "description": "Description\nAlexa quizzes you on trivia topics. Provide the answer and try to achieve a high score.\nThis skill was created using a Skill Blueprint. Your requests to this skill are not shared with the skill developer.", "details": "Skill Details\nThis skill contains dynamic content.\nInvocation Name: where we dropping", "privacy_policy_href": ""}, "Unofficial Pokedex (Gen 1-7)": {"review-count": "0", "description": "Description\nTHIS SKILL HAS NO AFFILIATION WITH POKEMON COMPANY, GAMEFREAK, NINTENDO OR ANYONE INVOLVED WITH POKEMON\nLearn about Pokemon using Alexa. This skill works for generation 1 through 7 Pokemon. You can learn about things such as evolution chains and variations. At anytime, you can stop by saying \"Alexa, stop\"", "details": "Skill Details\nThis skill contains dynamic content.\nInvocation Name: my dex", "privacy_policy_href": ""}, "Unofficial Star Wars Puns": {"review-count": "2", "description": "Description\nEnjoy hilarious puns that take place in a galaxy far, far away! Simply ask Unofficial Star Wars Puns to tell you a pun and enjoy.\n\nUnofficial Star Wars Puns is not affiliated, associated, authorized, endorsed by, or in any way officially connected with The Walt Disney Company, Disney Enterprises, Inc., or any of its subsidiaries or its affiliates.", "details": "Skill Details\nThis skill contains dynamic content.\nInvocation Name: unofficial star wars puns\nDeveloper Privacy Policy", "privacy_policy_href": "http://alexa-skill-token.s3-website-us-east-1.amazonaws.com/"}, "Safari TV": {"review-count": "0", "description": "Description\nSafari TV is an Indian Television Channel broadcasting in Malayalam language. It is an exploration channel based in Kottayam, Kerala. The channel is part of Safari Multimedia Pvt.Ltd,\n\nSafari brings the diversity of the global expanse to the visiting room of every Malayalee. This is the first exploration channel in India.Safari presents diverse programmes that provide entertainment and knowledge alike. World travels, Indian travels, numerous other journeys, history, geography, culture, art and adventure- all come before the viewers through this. The curiosity to know \u2018what is beyond that\u2019 is the real motive of all the explorations of mankind. The objective of Safari is to inspire each and every viewer to take up travels, both short and extensive, for experiencing and learning the world. Travels that take the viewer along... That is the ultimate objective of this channel.\n\n\nThe skill provides responses in English (US).\n\nInvoke the skill by saying Alexa, open safari tv and the skill will start playing live tv.\nTo stop the skill please say, Alexa, stop and the skill will stop playing the tv.\nTo pause the skill please say, Alexa, pause and Alexa will pause the playback.\n\nAlexa Streaming Powered by : Inmenzo Technologies LLP", "details": "Skill Details\nRated: Guidance Suggested.\nThis skill contains dynamic content.\nInvocation Name: safari t. v.", "privacy_policy_href": ""}, "TalkShow": {"review-count": "1", "description": "Description\nTalkShow does live searches of Flickr and Bing using your speech as query. It requires an Alexa device with a rectangular screen. The Alexa Echo Show works well, but the screen is small. It works best on a big screen TV using Amazon Fire TV Stick with Alexa built in, Amazon Fire TV Cube, or a TV with Alexa built-in.\n\nUnlike the standard Alexa show command, TalkShow responds to almost anything you say. You can get pretty creative with it. Some examples:\n\n\u201cAlexa, ask TalkShow to show the sculpture in Volunteer Park in Seattle\u201d\n\n\u201cAlexa, ask TalkShow to show the end of the road\u201d\n\n\u201cAlexa, ask TalkShow to show people with bad haircuts\u201d\n\n\u201cAlexa, ask TalkShow to animals snuggling with animals of another species\"", "details": "Skill Details\nRated: Guidance Suggested.\nThis skill contains dynamic content.\nInvocation Name: talk show", "privacy_policy_href": ""}, "Mathematical Jokes": {"review-count": "0", "description": "Description\nMathematical Jokes gives a random joke about maths when you open it.", "details": "Skill Details\nThis skill contains dynamic content.\nInvocation Name: mathematical jokes", "privacy_policy_href": ""}, "Chuck Norris Jokes": {"review-count": "5", "description": "Description\nGive to the user a random joke about Chuck Norris.", "details": "Skill Details\nRated: Mature.\nThis skill contains dynamic content.\nInvocation Name: chuck norris jokes", "privacy_policy_href": ""}, "IT Jokes": {"review-count": "0", "description": "Description\nI tell IT jokes. When using the skill, you can say \"Alexa, next\" to move to the next joke. At any point, you can say \"Alexa, stop\" to exit the skill.", "details": "Skill Details\nThis skill contains dynamic content.\nInvocation Name: it jokes", "privacy_policy_href": ""}, "Dog Facts": {"review-count": "0", "description": "Description\nWill tell you dog facts (basic)", "details": "Skill Details\nThis skill contains dynamic content.\nInvocation Name: dog facts", "privacy_policy_href": ""}, "Amazing Tech Facts": {"review-count": "0", "description": "Description\nThis skill will tell you some amazing tech facts. Just say \"Alexa, open amazing tech facts\" and get amazed by listening to some of the best amazing and astonishing technology facts.\nThis skill will gain you some more information about tech.", "details": "Skill Details\nThis skill contains dynamic content.\nInvocation Name: amazing tech facts", "privacy_policy_href": ""}, "Fortnite Sounds": {"review-count": "0", "description": "Description\nThe best Fortnite Soundboard for all lovers of the game.\n\nThe sounds available are;\n\nDance Song\nDance Song One\nDance Song Two\nDance Song Three\nAssault Riffle\nM One Six\nGlider Opening\nGlider Closing\nPicking Guns\nWood Door Opening\nWood Door Closing\nElectric Trap\nVinder Bus\nVinder Bus Leaving\nSlow Clap\nSmoke Grenade\nSniper Shot\nWall of Bricks\nRocket Launcher\nPickaxe Attack\nRunning\nRadio Beep\nSilenced SMG\nShield\nDeath\nDestroying Wall\nPistol\nIron Wall\nBouncing on Tires\nChest\nOut of Storm\nPump Shotgun\nGrenade\nGrenade Launcher\nScar\n\nTo listen to any of the sounds, be sure to mention the names correctly. Enjoy!", "details": "Skill Details\nRated: Guidance Suggested.\nThis skill contains dynamic content.\nInvocation Name: fortnite sounds", "privacy_policy_href": ""}, "Islamic Quiz": {"review-count": "1", "description": "Description\nPlay an interesting game of quiz with Alexa. While playing the quiz, you can say \"Alexa, next\" to move to the next question. At any point, you can say \"Alexa, stop\" to exit the quiz. This skill was created using a Skill Blueprint. Your requests to this skill are not shared with the skill developer.", "details": "Skill Details\nThis skill contains dynamic content.\nInvocation Name: islamic quiz", "privacy_policy_href": ""}, "Metal Bands Game": {"review-count": "1", "description": "Description\nHow many things in a category can you name? Alexa quizzes you on items in a category that start with a certain letter. This skill was created using a Skill Blueprint. Your requests to this skill are not shared with the skill developer.", "details": "Skill Details\nThis skill contains dynamic content.\nInvocation Name: metal bands", "privacy_policy_href": ""}, "Cats facts": {"review-count": "0", "description": "Description\nCats are fun. Cats are cute. Cats are weird.\nCats are the best. So, let's know them through some facts.\n\nIcons made by Freepik from www.flaticon.com", "details": "Skill Details\nThis skill contains dynamic content.\nInvocation Name: cats facts", "privacy_policy_href": ""}, "Tatskichu's Queue": {"review-count": "0", "description": "Description\nAsk who's in the queue for playing Heroes of the Storm with Tatskichu (https://twitch.tv/tatskichu).", "details": "Skill Details\nThis skill contains dynamic content.\nInvocation Name: tatskichu's queue", "privacy_policy_href": ""}, "Beat Surfer": {"review-count": "0", "description": "Description\nBeat Surfer is a musical game that will challenge your musical ear, and memory.\n\nEach level features a new instrument and a set of notes, successfully identify all the notes in the correct order to progress.\n\nThe level notes are introduced at the beginning of each level, memorize them, then listen to the short compositions that will follow, once the music stops, you'll be given a short time to answer with the note numbers that you heard, for example you'll answer with \"1 2 3\" if you hear the corresponding three notes in that order.\n\nhigher levels will have more complex compositions with more keys and notes, how far can you go?", "details": "Skill Details\nThis skill contains dynamic content.\nInvocation Name: beat surfer", "privacy_policy_href": ""}, "fallout": {"review-count": "6", "description": "Description\nYou can tell your hability percent and your will fight agains my dice!", "details": "Skill Details\nThis skill contains dynamic content.\nInvocation Name: fallout game", "privacy_policy_href": ""}, "DEIT1": {"review-count": "0", "description": "Description\none new", "details": "Skill Details\nThis skill contains dynamic content.\nInvocation Name: my test", "privacy_policy_href": ""}, "Flip a Coin": {"review-count": "0", "description": "Description\nYou can tell Alexa to flip a coin once or multiple times if you wish.", "details": "Skill Details\nThis skill contains dynamic content.\nInvocation Name: flip a coin", "privacy_policy_href": ""}, "Fact Fun Weekly": {"review-count": "0", "description": "Description\nWith new skills being added all the time, join us and learn a fun fact weekly!", "details": "Skill Details\nThis skill contains dynamic content.\nInvocation Name: fact fun weekly\nDeveloper Privacy Policy\nDeveloper Terms of Use", "privacy_policy_href": "http://j.mp/2JVNoHX"}, "Team Trees": {"review-count": "3", "description": "Description\nSupport the #TeamTrees movement at https://teamtrees.org.\n\nThis skill will provide you with a live count of exactly how many trees have been planted by the Arbor Day foundation.\n\nThe TeamTrees movement was spurred on by popular YouTuber Mr.Beast to celebrate his 20 million subscriber milestone. Supported by other content creators such as Mark Rober and Smarter Every Day, the movement has gained support from popular figures like Tesla CEO Elon Musk, Twitter/Square CEO Jack Dorsey, and Shopify CEO Tori Lutke.", "details": "Skill Details\nThis skill contains dynamic content.\nInvocation Name: team trees", "privacy_policy_href": ""}, "Math Rocket": {"review-count": "0", "description": "Description\nYou receive communications from the Math Rocket, captained by Jeff and his crew. You are asked routine questions from the ship that you need to answer correctly using your math skills.\n\nQuickly answer correctly to collect stars as you travel. Give Jeff the incorrect number and you could put the Math Rocket in danger, lose your stars and your mission may have to restart.\n\nCompete against the World in daily, weekly and all-time leaderboards.\n\n--UPGRADES--\n\nYou can use lifelines to send rescue missions when you have put the Math Rocket in danger. You get 5 lifelines to begin with, and can add more when you need them.\n\n--PREMIUM EXPERIENCE--\n\n- Hint mode is available to get you past tricky questions. You can ask for a hint to hear Jeff's guess as well as hear Alexa break the question down into simple math.", "details": "Skill Details\nThis skill contains dynamic content.\nInvocation Name: math rocket\nDeveloper Privacy Policy\nDeveloper Terms of Use", "privacy_policy_href": "https://brainpickers.co.uk/terms-and-privacy/"}, "Maths Quiz": {"review-count": "1", "description": "Description\nWelcome to maths Quiz\nTest your Maths knowledge by this skill.\n\nThis skill works with display.\n\nWe'd love to hear from you! If you have questions, please comments.", "details": "Skill Details\nThis skill contains dynamic content.\nInvocation Name: maths quiz", "privacy_policy_href": ""}, "This card is legal in Magic: The Gathering?": {"review-count": "1", "description": "Description\nWith \"This card is legal in Magic: The Gathering?\" you can ask about any card that was printed for Magic and I will tell you all the legalities of that card in all formats or a specific format.", "details": "Skill Details\nThis skill contains dynamic content.\nInvocation Name: m. t. g. legal", "privacy_policy_href": ""}, "Bonnie Q": {"review-count": "0", "description": "Description\nBonnie Q is the Botsquad assistant, and demonstrates the Botsquad platform. It can show you images, tell jokes and do general fun stuff.", "details": "Skill Details\nThis skill contains dynamic content.\nInvocation Name: botsquad demo", "privacy_policy_href": ""}, "Human Stopwatch": {"review-count": "7", "description": "Description\nThis is a mini-game where Alexa will start counting and suddenly go silent. You will then need to keep track of time in your head and tell Alexa when you think the target time has been reached.\n\nCredits:\nApplication icon made by Freepik from www.flaticon.com", "details": "Skill Details\nThis skill contains dynamic content.\nInvocation Name: human stopwatch", "privacy_policy_href": ""}, "Warcraft Jokes": {"review-count": "1", "description": "Description\nTells jokes from the MMO World of Warcraft Univers !\nWhen using the skill, you can say \"Alexa, next\" to move to the next joke. At any point, you can say \"Alexa, stop\" to exit the skill.", "details": "Skill Details\nRated: Guidance Suggested.\nThis skill contains dynamic content.\nInvocation Name: warcraft jokes", "privacy_policy_href": ""}, "Ghetto Pass": {"review-count": "8", "description": "Description\nThis game is called Ghetto Pass, in which you test your knowledge of Urban culture.\n\nYou earn your Ghetto Pass by correctly answering random questions.\n\nJust to help you out a little bit, our beloved host, Pete the MC, will supply the letter of the alphabet that the correct answer begins with.\n\nSome questions are easy, some questions are hard.\n\nYou need 10 correct answers in a row to earn your Ghetto Pass ( and subsequent invites to the cookout ).\n\nGood Luck!\n\n\"I thought knocking down a 30-foot putt was the greatest challenge of my life, until playing Ghetto Pass. Who knew I wasn't certified?\" - T. Woods\n\n\"So you trying to tell me I don't have a pass? Ya'll crazy. I'm turning my life over to a higher cause!\" - K. West\n\n\"I knew I was in there. Ghetto Pass was thrilling and tense, but you know how we do.\" - E. DeGeneres", "details": "Skill Details\nThis skill contains dynamic content.\nInvocation Name: ghetto pass", "privacy_policy_href": ""}, "Peaky Blinders Trivia": {"review-count": "2", "description": "Description\nThis is a fun Trivia Game on the famous tv series Peaky Blinders.\nLet's check how big of a fan you are!", "details": "Skill Details\nRated: Guidance Suggested.\nThis skill contains dynamic content.\nInvocation Name: peaky blinders trivia", "privacy_policy_href": ""}, "Make Me Dumb": {"review-count": "1", "description": "Description\nYour parents had such high hopes for you. But every choice you've made in life led you to opening this skill. You must be a huge disappointment.", "details": "Skill Details\nRated: Guidance Suggested.\nThis skill contains dynamic content.\nInvocation Name: make me dumb", "privacy_policy_href": ""}, "Mark Twain Quotes": {"review-count": "4", "description": "Description\nNow many of the smartest and most inspiring things Mark Twain ever said are available by just asking Alexa!", "details": "Skill Details\nThis skill contains dynamic content.\nInvocation Name: mark twain", "privacy_policy_href": ""}, "So Many Problems Daily": {"review-count": "0", "description": "Description\nSo Many Problems is the party game for people with problems. This skill is perfect for anyone who wants to tell better stories with better improvisation, like dungeon masters (DMs), marketers, or content creators.\n\nA farfetched problem and five random story elements will be presented. Pick three of the elements, imagine how you will solve the problem, and craft your story. Bonus points for imaginative and hilarious solutions.\n\nRecord yours at SoManyProblems.com, and we might include it on our weekly recap podcast. Or post a short video on TikTok or Instagram and tag @SoManyProbsGame.\n\nTo play the real-life version of the game, learn about the January 14th Kickstarter, and maybe make some new Problems and Elements, head over to SoManyProblems.com.\n\nFeed from the So Many Problems Daily Podcast: https://anchor.fm/s/1017621c/podcast/rss", "details": "Skill Details\nFlash Briefing Skill\nRated: Guidance Suggested.\nThis skill contains dynamic content.", "privacy_policy_href": ""}, "Vegetable Facts": {"review-count": "0", "description": "Description\nAsk for a fact about vegetables and this skill returns a random fact.", "details": "Skill Details\nThis skill contains dynamic content.\nInvocation Name: vegetable facts", "privacy_policy_href": ""}, "Curiosities of Barcelona": {"review-count": "0", "description": "Description\nHow much population does Barcelona have? This and other curiosities about the city", "details": "Skill Details\nThis skill contains dynamic content.\nInvocation Name: curiosities of barcelona", "privacy_policy_href": ""}, "Z Facts": {"review-count": "0", "description": "Description\nLearn about Nissan Z cars. Get information about the full range of vehicles, from the 240Z to the 370Z.", "details": "Skill Details\nThis skill contains dynamic content.\nInvocation Name: z. facts", "privacy_policy_href": ""}, "Ant": {"review-count": "2", "description": "Description\nShort list of random Animal Facts.", "details": "Skill Details\nThis skill contains dynamic content.\nInvocation Name: space facts", "privacy_policy_href": ""}, "The Boring Quiz": {"review-count": "0", "description": "Description\nThis is a new description for the skill The Boring Quiz.\n\nIt is an voice powered app to increase your G.K power. Also a just game to play when alone\nIf you like my efforts don't forget to leave a review.\nOr if you don't like it, don't forget to mention the CONS in the review.\n\nBe sure to return for new Questions.", "details": "Skill Details\nThis skill contains dynamic content.\nInvocation Name: the boring quiz\nDeveloper Privacy Policy\nDeveloper Terms of Use", "privacy_policy_href": "https://creator.voiceflow.com/creator/privacy_policy?name=Mamta%20Singh&skill=Quiz%20Master"}, "Check My Luck!": {"review-count": "0", "description": "Description\nThis skill will allow you to know if today is the proper day for you to get married, take an exam or play the lottery! Good luck!", "details": "Skill Details\nRated: Guidance Suggested.\nThis skill contains dynamic content.\nInvocation Name: my luck", "privacy_policy_href": ""}, "Madrid facts": {"review-count": "0", "description": "Description\nAsk Alexa for an interesting list of facts about the city of Madrid. When using the skill, you can say \"Alexa, next\" to move to the next fact. At any point, you can say \"Alexa, stop\" to exit the skill.", "details": "Skill Details\nRated: Guidance Suggested.\nThis skill contains dynamic content.\nInvocation Name: facts of madrid", "privacy_policy_href": ""}, "my new quiz": {"review-count": "0", "description": "Description\nPlay an interesting game of quiz with Alexa. While playing the quiz, you can say \"Alexa, next\" to move to the next question. At any point, you can say \"Alexa, stop\" to exit the quiz. This skill was created using a Skill Blueprint. Your requests to this skill are not shared with the skill developer.", "details": "Skill Details\nThis skill contains dynamic content.\nInvocation Name: my new quiz", "privacy_policy_href": ""}, "Super phrases": {"review-count": "0", "description": "Description\nSuper phrases", "details": "Skill Details\nThis skill contains dynamic content.\nInvocation Name: super phrases", "privacy_policy_href": ""}, "Dragon cave": {"review-count": "0", "description": "Description\nPlay an interactive adventure-themed story with sound effects and prompts. Get ready for laughs and giggles as players fill in the blanks.\nThis skill was created using a Skill Blueprint. Your requests to this skill are not shared with the skill developer.", "details": "Skill Details\nRated: Guidance Suggested.\nThis skill contains dynamic content.\nInvocation Name: dragon cave", "privacy_policy_href": ""}, "Princess Fairy Tale": {"review-count": "2", "description": "Description\nPlay an interactive prince and princess-themed story with sound effects and prompts. Get ready for laughs and giggles as players fill in the blanks. At any point, you can say \"Alexa, stop\" to exit the skill. This skill was created using a Skill Blueprint. Your requests to this skill are not shared with the skill developer.", "details": "Skill Details\nThis skill contains dynamic content.\nInvocation Name: princess fairy tale", "privacy_policy_href": ""}, "Eeny, meeny, miny, moe": {"review-count": "3", "description": "Description\nEntertain children with this classic pointing game Eeny, meeny, miny, moe. Children can follow alexa's rhyme while pointing to play this game.", "details": "Skill Details\nThis skill contains dynamic content.\nInvocation Name: eeny meeny miny moe", "privacy_policy_href": ""}, "Lol Facts": {"review-count": "0", "description": "Description\nFunny lol facts. Just ask for a fact and you will get it.\nInformation extracted from techmaish.com.", "details": "Skill Details\nRated: Guidance Suggested.\nThis skill contains dynamic content.\nInvocation Name: legends facts", "privacy_policy_href": ""}, "Flick Finder": {"review-count": "1", "description": "Description\nAre you struggling to find a good film or a TV show according to your choice?\nAre you looking for a good action, comedy, thriller or horror film to watch with your loved ones?\nAre you struggling to find a most trending TV series?\n\nIf your answer is 'yes' then this skill can help you out by using its algorithm to fulfill your requirements within a few seconds. This skill leverage the detailed knowledge of more than 50,000,000 films an TV shows across the globe to answer your queries aptly.  \n\n- Use this skill to know top trending movies or TV series of a week. Just ask \"Alexa, tell me top trending movies.\"\n- It can also tell you top-rated movies or TV shows of any region or country. Say \"Alexa, tell me top rated TV shows.\"\n- Also, it can tell you about the movies or TV shows which have been aired on now. Ask \"Alexa, which movies are playing now? \"\n- If you are planning for the next movie night out, this skill can help you by letting you know about upcoming movies /TV shows. Just ask \"Alexa, tell me the list of upcoming movies.\"\n- Moreover, this skill can suggest a film/TV show within a specific genre, based on popularity, year of release and place of release.  Say \"Alexa suggest me two thriller movies\"", "details": "Skill Details\nThis skill contains dynamic content.\nInvocation Name: flick finder", "privacy_policy_href": ""}, "WordSnake!": {"review-count": "0", "description": "Description\nYou're given a word and need to add a word after it to make a new word. Every time you answer correctly, your WordSnake grows. The quicker you answer and the longer the word you make, the more your WordSnake grows. However, get a word wrong and your WordSnake dies!\n\nCompete against the World in daily, weekly and all-time leaderboards in this fun test of your vocabulary.\n\n--UPGRADES--\n\nGet through the questions using lifelines to keep your WordSnake alive. You get 5 lifelines to begin with, and can add more when you need them to maintain your WordSnake.\n\n---PREMIUM EXPERIENCE----\n\n- Hint mode is available to get past tricky words. You can ask for a hint to hear the definition of a word you could make.\n- Play with friends/family with multiplayer mode. Compete directly to see who has the better vocabulary!", "details": "Skill Details\nRated: Guidance Suggested.\nThis skill contains dynamic content.\nInvocation Name: word snake\nDeveloper Privacy Policy\nDeveloper Terms of Use", "privacy_policy_href": "https://brainpickers.co.uk/terms-and-privacy/"}, "Letter Linker": {"review-count": "0", "description": "Description\nHome alone with your Amazon Alexa? On a brutally long solo road trip with your Echo Auto? Want to work on keeping your vocabulary sharp? Try the Letter Linker skill!\n\nLetter Linker is an exciting competition between you and your Amazon Alexa device that tests your vernacular, sharpness, and will keep you on your toes!\n\nAlexa starts by thinking of a random word, and you must say a word in response that begins with the last letter of Alexa's word. This goes on and on, creating a Letter Link. There cannot be any repeats throughout the duration of a game.\n\n_______________________________\nExample Letter Link:\n\nAlexa's word: baskeT\nUser's next word: TigeR\nAlexa's next word: ReD\nUser's next word: Dice\netc.\n_______________________________\n\nYou and Alexa continue the Letter Link until either you can't think of any words, you say an incorrect word with the wrong first letter, or you run out of time to answer. You will get a score for your Letter Link, and the skill will save your high score, so you know what you're trying to beat!\n\nClimb the Linker Ranks! Start as a \"Novice\", and rank up by increasing your high score until you reach the prestigious \"Black Belt\" linker rank.\n\nDid you lose with only a couple words away from ranking up? Well, Letter Linker offers premium Extra Life packs (1, 10, 20), that you can use to continue a Letter Link even after you've broken it!\n\nHappy Letter Linking!", "details": "Skill Details\nRated: Mature.\nThis skill contains dynamic content.\nInvocation Name: letter linker", "privacy_policy_href": ""}, "World Population Facts": {"review-count": "0", "description": "Description\nAsk Alexa for the population of a country. When using the skill, you can say \"Alexa, next\" to move to the next fact. At any point, you can say \"Alexa, stop\" to exit the skill.", "details": "Skill Details\nThis skill contains dynamic content.\nInvocation Name: world population facts", "privacy_policy_href": ""}, "random phrase": {"review-count": "1", "description": "Description\nThis skill generates a funny phrase randomly from a series of names, actions and locations", "details": "Skill Details\nThis skill contains dynamic content.\nInvocation Name: random phrase", "privacy_policy_href": ""}, "Obscure Facts": {"review-count": "1", "description": "Description\nEver wanted to know useless random facts?\nNow you can with Alexa!\nThis skill will enable Alexa to give you a random obscure fact.", "details": "Skill Details\nThis skill contains dynamic content.\nInvocation Name: obscure facts\nDeveloper Privacy Policy\nDeveloper Terms of Use", "privacy_policy_href": "https://andyayala.com/privacy_policy/obscurefacts.html"}, "Ice Pick Escape": {"review-count": "2", "description": "Description\n\"Warning: This game contains violent material.\" This game is an escape game with a twist. A madman attacks you. What do you do now? Follow the story line and tell Alexa just what move you want to do next. Do you have what it takes to escape the Ice Pick?????", "details": "Skill Details\nRated: Mature.\nThis skill contains dynamic content.\nInvocation Name: ice pick\nDeveloper Privacy Policy\nDeveloper Terms of Use", "privacy_policy_href": "https://oxnkeen.com/privacy-policy-alexa-skills/"}, "Tolkien Trivia": {"review-count": "2", "description": "Description\nAlexa quizzes you on trivia topics. Provide the answer and try to achieve a high score.\nThis skill was created using a Skill Blueprint. Your requests to this skill are not shared with the skill developer.", "details": "Skill Details\nRated: Guidance Suggested.\nThis skill contains dynamic content.\nInvocation Name: tolkien trivia", "privacy_policy_href": ""}, "javascript facts": {"review-count": "0", "description": "Description\nThis skill provides users with jaascript trivia that may be usefull to refresh their working knowledge of the lenguage.", "details": "Skill Details\nThis skill contains dynamic content.\nInvocation Name: javascript facts\nDeveloper Privacy Policy", "privacy_policy_href": "https://www.freeprivacypolicy.com/privacy/view/2e91a7eee49ed13f314bccedd5d3eeeb"}, "Galactic wars": {"review-count": "0", "description": "Description\nAre you ready for Galactic Wars? Over hundred quotes and backgrounds from Star Wars for your Echo show! Listen to the characters of your favorite movie talk to you and watch them on the screen of your Eco show!", "details": "Skill Details\nRated: Guidance Suggested.\nThis skill contains dynamic content.\nInvocation Name: galactic wars", "privacy_policy_href": ""}, "xiaomi facts": {"review-count": "1", "description": "Description\nAsk Alexa for an interesting list of facts about your topic of choice. When using the skill, you can say \"Alexa, next\" to move to the next fact. At any point, you can say \"Alexa, stop\" to exit the skill.\nThis skill was created using a Skill Blueprint. Your requests to this skill are not shared with the skill developer.", "details": "Skill Details\nRated: Mature.\nThis skill contains dynamic content.\nInvocation Name: xiaomi facts", "privacy_policy_href": ""}, "Final Fantasy Quotes": {"review-count": "0", "description": "Description\nPida a Alexa citas para escuchar alguna de las citas m\u00e1s c\u00e9lebres de este videojuego", "details": "Skill Details\nThis skill contains dynamic content.\nInvocation Name: citas de final fantasy", "privacy_policy_href": ""}, "BINGO MAN": {"review-count": "2", "description": "Description\nInvocation Name: \u201cbingo man\"\n\"Bingo Man\" is a bingo game that you can play alone. It is compatible with devices with a screen (APL compatible), but can be used without it. Numbers 1-25 are listed in order on a 5x5 squares. The number 13 at the center is hit number from the beginning. As reading the numbers one by one, the squares of the hit numbers turn blue. Your goal is to get a bingo (become a BINGO MAN) as few times as possible. If you get a bingo within 15 times, you are successful (becoming a BINGO MAN), and if you are unable to get a bingo, you are NOT BINGO MAN.\n\nInvocation\nGet the next number: bingoman, bingo, next, next number, etc.\nRemind the numbers: remind, remember, etc.\nReset the game from the beginning: reset, restart etc.\nStop the game: stop", "details": "Skill Details\nThis skill contains dynamic content.\nInvocation Name: bingo man", "privacy_policy_href": ""}, "Box of Dogs": {"review-count": "345", "description": "Description\nDo you love dogs? I have a whole box of them. Hundreds of them. (It\u2019s a very big box). Just ask for your favorite breed and it will bark for you.", "details": "Skill Details\nThis skill contains dynamic content.\nInvocation Name: box of dogs", "privacy_policy_href": ""}, "Marriage Trivia": {"review-count": "0", "description": "Description\nTest your knowledge on marriage\n\nDisclaimer: This skill contain some policy invasive content", "details": "Skill Details\nThis skill contains dynamic content.\nInvocation Name: marriage trivia", "privacy_policy_href": ""}, "Jazmin's Day": {"review-count": "0", "description": "Description\nThis skill gives you a glimpse into a day in the life of Jazmin, a 10 year old cat from England.", "details": "Skill Details\nThis skill contains dynamic content.\nInvocation Name: jazmin's day\nDeveloper Privacy Policy\nDeveloper Terms of Use", "privacy_policy_href": "https://creator.voiceflow.com/creator/privacy_policy?name=Leeanne%20Denton&skill=A%20day%20in%20the%20life%20of%20Jazmin"}, "My Retard": {"review-count": "6", "description": "Description\nAsk Alexa any of the questions that are included in the skill and she'll provide the corresponding answer. This skill was created using a Skill Blueprint. Your requests to this skill are not shared with the skill developer.", "details": "Skill Details\nRated: Guidance Suggested.\nThis skill contains dynamic content.\nInvocation Name: i'm home", "privacy_policy_href": ""}, "Accra facts": {"review-count": "0", "description": "Description\nAccra facts give you interesting things about the capital city of the country Ghana. Ever wondered what Accra is, where Accra is, what to find in Accra and many more? Check out Accra facts!!", "details": "Skill Details\nThis skill contains dynamic content.\nInvocation Name: accra facts", "privacy_policy_href": ""}, "lottery number": {"review-count": "0", "description": "Description\nThis app will generate a random lottery number .", "details": "Skill Details\nRated: Mature.\nThis skill contains dynamic content.\nInvocation Name: random number", "privacy_policy_href": ""}, "Mindbliss Meditation": {"review-count": "0", "description": "Description\nTailored breathing & meditation capsule to remove anxiety, increase sleep quality and wellbeing. Get instant access to a unique library of meditations! You can relax to sleep sounds, listen to guided stress relief meditations, or enjoy tailored sessions by linking your Mindbliss Account.", "details": "Skill Details\nRated: Guidance Suggested.\nThis skill contains dynamic content.\nInvocation Name: mindbliss meditation\nDeveloper Privacy Policy\nDeveloper Terms of Use", "privacy_policy_href": "https://mindbliss.com/privacy/"}, "TFT recipes": {"review-count": "0", "description": "Description\nIn this app you will find all the recipes of TFT items", "details": "Skill Details\nThis skill contains dynamic content.\nInvocation Name: t. f. t. recipes", "privacy_policy_href": ""}, "Borders Quiz": {"review-count": "0", "description": "Description\nIt ask you which country shares its borders with another country or countries.\nWe only consider land borders. So, for example, Australia has no borders.", "details": "Skill Details\nThis skill contains dynamic content.\nInvocation Name: borders quiz", "privacy_policy_href": ""}, "Random Trivia": {"review-count": "12,096", "description": "Description", "details": "Skill Details\nThis skill contains dynamic content.", "privacy_policy_href": ""}, "Quick Three": {"review-count": "1", "description": "Description\nQuick Three is a fun multiplayer party game where player\u2019s take turns naming three things in response to a prompt. Some example prompts are:\n\u201cThings you find in the kitchen\u201d\n\u201cSports teams\u201d\n\u2018Things that are hot\u201d\n\n**** Prompt Packs ****\nRight now we support three prompt packs that are free for all players to use! They are:\nFree Easy Prompts\nFree Medium Prompts\nFree Hard Prompts\nWhen you start a new game, Alexa will ask you which prompt pack you would like to use for the game.\n\n**** Game play ****\nSay start a new game to start a new game. When a new game begins, Alexa will ask you for the number of players. Each player will then get a turn. On the player's turn, Alexa will give them a prompt. The player will then get five seconds to name three things that match the category of the prompt. Then Alexa will ask if that player scored. At the end of the round Alexa will review the total scores of all the players. Alexa will then ask if you would like to start another round. If you answer \u201cyes\u201d, you will start a new round. You can play as many rounds as you like. If you answer \u201cno\u201d to a new round, Alexa will announce the winner.\n\n**** Disclaimer & Feedback ****\nSkill is provided as is. No personal data is collected from the skill. Send any feedback to kiteboardingjeff@gmail.com", "details": "Skill Details\nThis skill contains dynamic content.\nInvocation Name: quick three", "privacy_policy_href": ""}}