{"Yoga Guru": {"review-count": "4", "description": "Description\nYoga Guru is a skill which will tell you how to do a yoga pose. Currently there are over 30 poses. We are continuing to add more poses.\n\nTo use this skill, enable it and ask the following question:\n\nAlexa, Ask Yoga Guru how do I pose a cobra.", "details": "Skill Details\nThis skill contains dynamic content.\nInvocation Name: yoga guru", "privacy_policy_href": ""}, "South Orange History": {"review-count": "0", "description": "Description\nWouldn't it be fun to get facts about South Orange's history from Alexia? Now, you can!", "details": "Skill Details\nThis skill contains dynamic content.\nInvocation Name: south orange history", "privacy_policy_href": ""}, "Phrases of Blas de Lezo": {"review-count": "1", "description": "Description\nUna skill para escuchar frases del almirante espa\u00f1ol Blas de Lezo, h\u00e9roe.\n\nDefendi\u00f3 Cartegena de Indias con 6 nav\u00edos frente a 186 de la armada inglesa y contra todo pron\u00f3stico gan\u00f3. Gran estratega. Desde esta skill, algunas de sus frases. Homenaje a un gran marino.", "details": "Skill Details\nThis skill contains dynamic content.\nInvocation Name: frases de blas de lezo", "privacy_policy_href": ""}, "zappa wisdom": {"review-count": "2", "description": "Description\nAsk for wisdom and don't forget to vote.", "details": "Skill Details\nRated: Guidance Suggested.\nThis skill contains dynamic content.\nInvocation Name: zappa wisdom", "privacy_policy_href": ""}, "My Jaws Flashcards": {"review-count": "1", "description": "Description\nAlexa can help you learn new topics or study for your test. You can review the flash cards and then test your knowledge. At any point you can say \"Alexa, review mode\" to switch to review or say \"Alexa, test mode\" to start a test. You can say \"Alexa, next\" to move to the next card. At any point during the test, you can say \"Alexa, what's my score\" to get your current test score.\nThis skill was created using a Skill Blueprint. Your requests to this skill are not shared with the skill developer.", "details": "Skill Details\nThis skill contains dynamic content.\nInvocation Name: my jaws flashcards", "privacy_policy_href": ""}, "Sandalwood 79 Reunion": {"review-count": "1", "description": "Description\nA countdown to the reunion of Sandalwood's class of '79 which takes place on June 8 of 2019.", "details": "Skill Details\nThis skill contains dynamic content.\nInvocation Name: seventy nine reunion", "privacy_policy_href": ""}, "USA Presidents Flashcards": {"review-count": "0", "description": "Description\nChallenge yourself with the knowledge of every presidents of the free country of USA\nYou can review the flash cards and then test your knowledge. At any point you can say \"Alexa, review mode\" to switch to review or say \"Alexa, test mode\" to start a test. You can say \"Alexa, next\" to move to the next card. At any point during the test, you can say \"Alexa, what's my score\" to get your current test score.\nThis skill was created using a Skill Blueprint. Your requests to this skill are not shared with the skill developer.", "details": "Skill Details\nThis skill contains dynamic content.\nInvocation Name: united states presidents", "privacy_policy_href": ""}, "computer shortcuts": {"review-count": "0", "description": "Description\nthis will tell you some computer shortcuts.", "details": "Skill Details\nThis skill contains dynamic content.\nInvocation Name: computer shortcuts", "privacy_policy_href": ""}, "gene tracer lite": {"review-count": "1", "description": "Description\nWe intend to incorporate voice and genomic information to develop a convenient skill to visualize genomic signal tracks. We download GM12878 histone mark data from Encode data portal and gene annotation v19 from Gencode project. The genome is based on hg19.", "details": "Skill Details\nThis skill contains dynamic content.\nInvocation Name: gene tracer lite", "privacy_policy_href": ""}, "Houston Podcast": {"review-count": "0", "description": "Description\nListen to the latest lectures and speaker series from \"Houston we have a podcast\".\nYou can pause and play by saying \"Alexa, pause\" and \"Alexa, resume.\" Just say \"Alexa, stop\" when you're done for the day. When listening to podcasts you can say \"Alexa, shuffle\" to shuffle the playing order, or \"Alexa, loop\" to loop the current episode. You can also ask for previous and next episodes by saying \"Alexa, previous\" and \"Alexa, next\".\nThis skill was created using a Skill Blueprint. Your requests to this skill are not shared with the skill developer.", "details": "Skill Details\nThis skill contains dynamic content.\nInvocation Name: houston podcast", "privacy_policy_href": ""}, "Apartment Leasing Tips": {"review-count": "0", "description": "Description\nBecome an apartment leasing master! Listen to daily tips from trusted multifamily industry experts, curated by LeaseHawk. You can just say \"Alexa, what's my flash briefing\". You can say \"Alexa, stop\" to exit anytime.\n\nThis skill was created using a Skill Blueprint. Your requests to this skill are not shared with the skill developer.", "details": "Skill Details\nFlash Briefing Skill\nThis skill contains dynamic content.", "privacy_policy_href": ""}, "StudyTime - Track Study Time Across Classes": {"review-count": "0", "description": "Description\nTrack Study Time Across Classes", "details": "Skill Details\nThis skill contains dynamic content.\nInvocation Name: study time", "privacy_policy_href": ""}, "Bolivia trivia": {"review-count": "2", "description": "Description\nQuestions about Bolivia, territory, foods, people.", "details": "Skill Details\nRated: Guidance Suggested.\nThis skill contains dynamic content.\nInvocation Name: bolivia test", "privacy_policy_href": ""}, "Robert de Niro movies": {"review-count": "0", "description": "Description\nAsk Alexa for a random movie with Robert de Niro", "details": "Skill Details\nThis skill contains dynamic content.\nInvocation Name: robert de niro movies", "privacy_policy_href": ""}, "Anthony Hopkins movies": {"review-count": "1", "description": "Description\nAsk Alexa for a random movie with Anthony Hopkins", "details": "Skill Details\nThis skill contains dynamic content.\nInvocation Name: anthony hopkins movies", "privacy_policy_href": ""}, "Teaching Online Podcast": {"review-count": "0", "description": "Description\nListen to the latest episode of the Teaching Online Podcast. You can pause and play by saying \"Alexa, pause\" and \"Alexa, resume.\" Just say \"Alexa, stop\" when you're done for the day. When listening to podcasts you can say \"Alexa, shuffle\" to shuffle the playing order, or \"Alexa, loop\" to loop the current episode. You can also ask for previous and next episodes by saying \"Alexa, previous\" and \"Alexa, next\".", "details": "Skill Details\nRated: Guidance Suggested.\nThis skill contains dynamic content.\nInvocation Name: teaching online podcast", "privacy_policy_href": ""}, "English Words": {"review-count": "0", "description": "Description\nThe English Words Skill enables you to get a wide variety of information about over 325,000 words of the English Language. The Features of this skill include getting:\n- Synonyms\n- Definitions\n- Antonyms\n- Examples\n- Sentences\n- Rhymes\n- Number of Syllables\n- Frequency of a word\n- Similar words\n- Random word\n- Category of a word\n- Region of a word\n\nTo use this skill, activate the skill in your Alexa app and trigger it using the phrase: \"Alexa, open English Words\"\nAfter opening the skill you can ask Alexa for Synonyms, antonyms, definitions etc. of many words.\n\n*Disclaimer\n- We cannot guarantee uninterrupted access to this skill. We accept no responsibility for any damages arising from the loss or use of this information.\n- Not ALL English Words are available for this skill\n- Our skills or parts of it may discontinue at any time or might contain errors. You use our skills on your own responsibility. Any information should not be seen as an advice.", "details": "Skill Details\nRated: Guidance Suggested.\nThis skill contains dynamic content.\nInvocation Name: english words\nDeveloper Privacy Policy\nDeveloper Terms of Use", "privacy_policy_href": "https://www.anticode.de/words-skill-privacy-policy?lang=en"}, "Konkani Guide": {"review-count": "1", "description": "Description\nKonkani guide is a one stop skill to learn everything about konkani people, culture, religion, food, attire, ceremonies. You can ask specific question related to knokani language. Ask konkani guide, what food konkani eat? Where do konkani people live?", "details": "Skill Details\nThis skill contains dynamic content.\nInvocation Name: konkani guide\nDeveloper Privacy Policy\nDeveloper Terms of Use", "privacy_policy_href": "http://www.vertexspot.com/privacy"}, "Sauk County Living": {"review-count": "0", "description": "Description\nFor happenings in Sauk County, Wisconsin", "details": "Skill Details\nFlash Briefing Skill\nThis skill contains dynamic content.\nDeveloper Privacy Policy\nDeveloper Terms of Use", "privacy_policy_href": "http://saukcountyliving.weebly.com/privacy-policy.html"}, "flash-cards": {"review-count": "0", "description": "Description\nLearn new words with the help of flash cards, Alexa can then spell the word, give a fact about the subject and play a sound", "details": "Skill Details\nThis skill contains dynamic content.\nInvocation Name: flash cards", "privacy_policy_href": ""}, "awesome moon facts": {"review-count": "0", "description": "Description\nThe Moon (or Luna) is the Earth\u2019s only natural satellite and was formed 4.6 billion years ago around some 30\u201350 million years after the formation of the solar system. The Moon is in synchronous rotation with Earth meaning the same side is always facing the Earth. The first unmanned mission to the Moon was in 1959 by the Soviet Lunar Program with the first manned landing being Apollo 11 in 1969.", "details": "Skill Details\nThis skill contains dynamic content.\nInvocation Name: awesome moon facts", "privacy_policy_href": ""}, "Provinces Examination": {"review-count": "0", "description": "Description\nCon Examen de Provincias podr\u00e1s estudiar las provincias de Espa\u00f1a y tambi\u00e9n, cuando est\u00e9s listo, te har\u00e1 un examen.\nPrueba con:\n\"Alexa, abre examen de provincias y hazme un examen.\" Alexa te har\u00e1 un examen de las provincias de Espa\u00f1a y seg\u00fan tus aciertos te puntuar\u00e1.\nTambi\u00e9n puedes estudiar: \"Alexa, abre examen de provincias para estudiar\". Alexa te ayudar\u00e1 a estudiar las provincias de Espa\u00f1a. Primero te dir\u00e1 las provincias de una comunidad y despu\u00e9s te pedir\u00e1 que las repitas. Lo har\u00e1 con todas las provincias y seg\u00fan tus aciertos al repetirlas tambi\u00e9n te puntuar\u00e1.\n\nExamen de Provincias te ayudar\u00e1 a estudiar las provincias de Espa\u00f1a para que despu\u00e9s te salga genial el examen del cole.\n\nEsperamos que os guste, si ten\u00e9is sugerencias pod\u00e9is dejarlas en la APP o enviar un correo a skills@galitecconsultores.com\n\nVenga, a estudiar fuerte!!", "details": "Skill Details\nRated: Guidance Suggested.\nThis skill contains dynamic content.\nInvocation Name: examen de provincias", "privacy_policy_href": ""}, "Solutions Architect": {"review-count": "1", "description": "Description\nCurrently you can ask over 50 questions about Amazon SageMaker. Eventually all services will be covered.", "details": "Skill Details\nThis skill contains dynamic content.\nInvocation Name: solutions architect", "privacy_policy_href": ""}, "Increase Communication skills": {"review-count": "1", "description": "Description\nits helps you to increase your communication skills.", "details": "Skill Details\nThis skill contains dynamic content.\nInvocation Name: increase communication", "privacy_policy_href": ""}, "CounterAct Sexual Violence": {"review-count": "1", "description": "Description\nSexual violence and harassment are all around us. This skill gives practical tips on what to say and do when you see it, hear it or feel it. Born out of a year-long initiative at Arizona State University, the largest public university in the country, the CounterAct skill boils down a lot of what was discussed and explored over the year into everyday tips and knowledge about the subject for all people.\nhttps://herbergerinstitute.asu.edu/research-and-initiatives/counteract", "details": "Skill Details\nRated: Guidance Suggested.\nThis skill contains dynamic content.\nInvocation Name: counteracting sexual violence\nDeveloper Privacy Policy\nDeveloper Terms of Use", "privacy_policy_href": "https://www.asu.edu/privacy/"}, "bottle fact": {"review-count": "0", "description": "Description\nBottle fact give and provide idea about bottle and help to prevent less plastic bottles", "details": "Skill Details\nThis skill contains dynamic content.\nInvocation Name: bottle fact", "privacy_policy_href": ""}, "banana fact": {"review-count": "0", "description": "Description\nthis skill gives fact about banana", "details": "Skill Details\nThis skill contains dynamic content.\nInvocation Name: banana fact", "privacy_policy_href": ""}, "Tec Fancier": {"review-count": "0", "description": "Description\nThe Skill gives you bits and bytes lovers historical milestones and very interesting data about computers and it's invention.", "details": "Skill Details\nThis skill contains dynamic content.\nInvocation Name: tec fancier", "privacy_policy_href": ""}, "Opal Facts": {"review-count": "0", "description": "Description\nOpal facts allows people of all ages to learn new things about opals and geology. These majestic stones are more than meets the eye and the world deserves to know what makes them truly beautiful.", "details": "Skill Details\nThis skill contains dynamic content.\nInvocation Name: opal facts", "privacy_policy_href": ""}, "Fancy Words": {"review-count": "0", "description": "Description\nAdd Some Pizzazz to your Vocab!\n\nThis is a fun skill that will delight you with the eclectic, the fancy, and the whimsy of the English language. Activate this skill once a day to learn a new and cool word that you can use to spice up your conversation! Some key utterances:\n\n* Definition - get the definition of our fancy word of the day\n* Spelling - get the spelling of our fancy word of the day\n\n* Add spice to [word] - have the skill spice up your vocab by providing alternatives to any word you wish\n* Give me another one - one alternative not enough? Ask for another one, and we shall deliver\n\nIf you enjoyed this skill and want to check out some of my other skills, feel free to checkout my website here:\n\nhttps://alexa-skill-dev.gitlab.io/alexaWebsite/\n\nEnjoy!", "details": "Skill Details\nThis skill contains dynamic content.\nInvocation Name: fancy words", "privacy_policy_href": ""}, "Developer Tea": {"review-count": "2", "description": "Description\nEvery day, you can do something to improve yourself. You may not learn a new programming technique or trick or hack every day, but no matter where you are, you can take 5 minutes a day to improve your thoughtfulness and mindfulness habits.", "details": "Skill Details\nThis skill contains dynamic content.\nInvocation Name: developer tea", "privacy_policy_href": ""}, "Italy Facts": {"review-count": "0", "description": "Description\nLearn facts about Italy.\n\nThis skill was built with love by VoiceApps.com. Visit us to create your own skill in minutes!", "details": "Skill Details\nThis skill contains dynamic content.\nInvocation Name: italy facts", "privacy_policy_href": ""}, "My English Learner": {"review-count": "1", "description": "Description\nHello, English teacher! You have to teach English to one of your students in a private lesson from now. If you say something in English, your student will repeat the same word, phrase or sentence after you. He or she might be unable to follow you correctly, but please continue the lesson. Once your student becomes a good English speaker, your pronunciation will also be improved enough. Please bring your textbook or flash cards here!", "details": "Skill Details\nThis skill contains dynamic content.\nInvocation Name: my english learner\nDeveloper Privacy Policy", "privacy_policy_href": "https://docs.google.com/document/d/13sdjotZWVeVHpgV3NOHo_Lqk3CcjbSKOQadnikxg1Cw/edit?usp=sharing"}, "NumFacts": {"review-count": "0", "description": "Description\nNumFacts allows its user to ask Alexa about any number it wishes to know about. For example, \"Tell me something about 7\". NumFacts then fetches a unique characteristics about the number (in this case 7) and narrates it to the user.\n\nThis functionality requires absolutely no prior knowledge other than which number the user wants to know about. All the user needs to do is ask Alexa about any number, at any time, and NumFatcts will fetch an answer for it. The kind of answers given by NumFacts are simple and engaging and the user can keep asking NumFacts for facts on any number till whenever he/she wants to stop. NumFacts fetches new data and facts about all numbers regularly so that the user can get a dynamic and nonrepetitive experience.\n\nIf the user has an issue understanding the concept of NumFacts, he/she can just ask Alexa to elaborate and NumFacts will do the needful.\n\nThis is how NumFacts provides a unique and refreshing way for users to build their general knowledge about number more.", "details": "Skill Details\nThis skill contains dynamic content.\nInvocation Name: number facts", "privacy_policy_href": ""}, "My Monroeville Activities": {"review-count": "0", "description": "Description\nMy Activities informs seniors at Monroeville of today's activities. Stay connected in the community with this skill. Be sure to leave a 5-star review!", "details": "Skill Details\nThis skill contains dynamic content.\nInvocation Name: monroeville activities\nDeveloper Privacy Policy\nDeveloper Terms of Use", "privacy_policy_href": "https://creator.getvoiceflow.com/creator/privacy_policy?name=Leon%20Coe&skill=Independence%20Menu"}, "Agile Facts": {"review-count": "1", "description": "Description\nv 2.0: The skill is enabled with Alexa Presentation Language (APL) to view on multi-modal devices. Now enjoy reading the fact on a screen while listening to it. Also you can ask for next fact or another fact, till you browse through the complete library.\nv 1.0: Ask for an Agile fact to Alexa to learn a bit today. A collection of facts from all the Agile Project Management Methodologies. Keep visiting and listen to a new fact daily. This is for voice only devices.", "details": "Skill Details\nThis skill contains dynamic content.\nInvocation Name: agile facts", "privacy_policy_href": ""}, "Curiosities of the Mind": {"review-count": "2", "description": "Description\nEl prop\u00f3sito de Curiosidades de la Mente, es que nos ayude a conocer m\u00e1s sobre este tema y motivar a seguir investigando el funcionamiento de nuestra mente.", "details": "Skill Details\nRated: Guidance Suggested.\nThis skill contains dynamic content.\nInvocation Name: curiosidades de la mente", "privacy_policy_href": ""}, "How Many People Ever Lived": {"review-count": "0", "description": "Description\nThis is an updated version of one of the most popular features on PRB\u2019s website, estimating the number of people who have ever been born.", "details": "Skill Details\nThis skill contains dynamic content.\nInvocation Name: how many people ever lived\nDeveloper Privacy Policy", "privacy_policy_href": "https://www.prb.org/privacy-policy/"}, "eLearning Designer": {"review-count": "0", "description": "Description\nLearn more about theory and best practice used by eLearning Designers.\n\nYou will say \u201cAlexa, launch eLearning Designer\u201d. Once you have been defined a term, Alexa will ask you if you would like to hear another.\n\nPlease leave a 5-star review if you love this Skill, or send us an email with your suggestions. This Skill was designed and developed by cath@cathellis.com. Your 5-star review encourages us to keep making more great Skills!\n\nLearn more about Cath Ellis Learning Design at cathellis.com.", "details": "Skill Details\nThis skill contains dynamic content.\nInvocation Name: e. learning designer\nDeveloper Privacy Policy\nDeveloper Terms of Use", "privacy_policy_href": "https://www.cathellis.com/privacy-policy-alexa-skills/"}, "Financial Aid Virtual Assistant": {"review-count": "0", "description": "Description\nMake the financial aid process a lot less stressful with the Financial Aid Virtual Assistant. Simply enable the skill and ask: \"Alexa, what's my flash briefing?\" The Financial Aid Virtual Assistant will keep you up-to-date with helpful tips, deadline reminders, and more that will assist you throughout the year to maximize all financial aid opportunities. Proudly created by the Office of Financial Aid at Stockton University to serve all student, parents, and counselors!", "details": "Skill Details\nFlash Briefing Skill\nThis skill contains dynamic content.", "privacy_policy_href": ""}, "Believe It": {"review-count": "1", "description": "Description\nThis app will share information and facts about science. These facts may wonder you. You may not believe. But, remember... The app itself says \"Believe It\".\n\nInteract with this app, to gain knowledge. I prefer, you to share this with your children so that they will learn things in a different way.\n\nI'm sure, pretty sure that this app will let your children grow enthusiastically. I believe, and you have to \"Believe It\".\n\nWe don't set a range for the age of our users.\nNo adult contents are included.\nThe app contains science and technology related facts for everyone. This piece of facts will be useful for anyone preparing for quiz competitions and also in gaining knowledge.\nThat is my App is use full for Kids and Parents as well.", "details": "Skill Details\nThis skill contains dynamic content.\nInvocation Name: believe it\nDeveloper Privacy Policy\nDeveloper Terms of Use", "privacy_policy_href": "https://sites.google.com/view/believe-it/on-alexa"}, "Favorite Chess Player": {"review-count": "0", "description": "Description\nAsk anything about chess players. Play with Alexa", "details": "Skill Details\nThis skill contains dynamic content.\nInvocation Name: chess players", "privacy_policy_href": ""}, "Loksabha Election Archive": {"review-count": "0", "description": "Description\nUser can make queries related to Loksabha Elections (General Election) results of India from historical data (1998-2014).", "details": "Skill Details\nThis skill contains dynamic content.\nInvocation Name: loksabha election archive", "privacy_policy_href": ""}, "george orwell quotes": {"review-count": "0", "description": "Description\nThis skills give you some of the best thoughts and quotes of george orwell in his famous literary works to ponder upon and give you some contemplation about the world and it's politics", "details": "Skill Details\nThis skill contains dynamic content.\nInvocation Name: george orwell quotes", "privacy_policy_href": ""}, "Encyclopedia of dinosaurs": {"review-count": "0", "description": "Description\nThe skill offers you data of the available dinosaurs. Which will be adding new information, as well as new dinosaurs", "details": "Skill Details\nThis skill contains dynamic content.\nInvocation Name: encyclopedia of dinosaurs", "privacy_policy_href": ""}, "Fontbonne Hall Academy": {"review-count": "0", "description": "Description\nFontbonne Hall Academy, a college preparatory school for young women, founded on the gospel of Jesus Christ and inspired by the philosophy and charism of the Sisters of Saint Joseph, offers a superior educational program to form and empower women of confidence and compassion.", "details": "Skill Details\nThis skill contains dynamic content.\nInvocation Name: fontbonne hall academy\nDeveloper Privacy Policy\nDeveloper Terms of Use", "privacy_policy_href": "https://www.fontbonne.org/"}, "Stamp My Passport": {"review-count": "0", "description": "Description\nEver wanted to learn every country in the world? Stamp My Passport makes it easy. The skill features a simple learning platform; just choose one continent to learn at a time. Along your journey, you'll also pick up on the capitals and languages spoken in each country.\n\nOnce you guess a country right without any help, you get that country stamped onto your passport. When you return to the skill, you may choose a continent and say \"review\". You'll be able to review only the countries you've stamped from that continent.\n\nOther features include:\n\n- Ask to show the location of a country. \"Show me Libya\"\n- Create unique passports for each user in the household. \"Create a passport\"\n- Delete passports. \"Delete a passport\"\n- Pick a continent. \"North America\"\n- Pick a mode. \"Learn\" to learn, \"Review\" to review stamped countries\n- Pick both a mode and a continent. \"Learn/Review North America\"\n- Ask for help on the game rules. \"Help\"\n- Personalized Amazon Polly voices for each continent\n\nThe skill is multimodal, as it shows images of the countries. It should work fine on the Echo Show and Spot, and Fire TV. To use the skill on a voice-only device such as an Echo or Echo Dot, please click on the 'Activity' tab of the Home page on the Alexa app, or go to alexa.amazon.com. Then you will be able to view questions and maps of countries.", "details": "Skill Details\nThis skill contains dynamic content.\nInvocation Name: stamp my passport\nDeveloper Privacy Policy", "privacy_policy_href": "https://app.termly.io/document/privacy-policy/c94dfdf7-a68c-43d3-9fee-5e68f3718e2b"}, "My Book Log": {"review-count": "1", "description": "Description\nDo you have a kid that ask you how many minutes (s)he reads or how many minutes left every five minutes? If you do, you will love this skill.\n\nThis skill allows you to start a reading timer (for a known duration) or a stopwatch. You can ask the amount of time past time or time left. After you stopped the timer, the reading time is logged. You can also ask it how many minutes you have read in a period, like this week, this month, this year, etc.\n\nUsage:\n\n* Start a reading timer: \"Alexa, ask My Book Log to start timer for thirty minutes\", \"Alexa, ask My Book Log to start timing me\" or \"Alexa, tell My Book Log I am reading a book\".\n* Ask the passed/left time: \"Alexa, ask My Book Log how long have I been reading\", \"Alexa, ask My Book Log how much time is left\".\n* Pause, cancel or resume the reading timer: \"Alexa, ask My Book Log to [cancel/pause/resume] the reading timer\".\n* Stop the reading timer and log the reading time: \"Alexa, tell My Book Log my reading is finished\", \"Alexa, tell My Book Log I finished reading\"\n\n* Hear the reading time report: \"Alexa, ask My Book Log to report my reading times for [today/yesterday/last week/this week/last month/this month/this year]\".\n\n* Log your reading time manually: \"Alexa, tell My Book Log I have read for sixty minutes\".\n\n\nNote: This skill doesn't record any personal data like names, email addresses, etc.\n\nPlease give a 5-star rating if you found this skill useful.\n\nAlso please feel free to leave a review about the features you think would be useful. This would help decide the features that I will add, e.g. support for different readers and ability to add names and ratings of the books you have read.\n\nThanks for using this skill.", "details": "Skill Details\nThis skill contains dynamic content.\nInvocation Name: my book log", "privacy_policy_href": ""}, "Blockchain Council Quiz": {"review-count": "0", "description": "Description\nBlockchain Council quiz is a game-based learning skill. It tests your knowledge of Blockchain. After playing this fun game, you will be able to get deep understanding about this emerging technology.", "details": "Skill Details\nThis skill contains dynamic content.\nInvocation Name: blockchain council quiz", "privacy_policy_href": ""}, "Voice in Education": {"review-count": "4", "description": "Description\nA weekly flash briefing that will give educators tips and resources to use voice assistants for educational purposes in ways that will benefit student learning but keep student privacy in consideration.", "details": "Skill Details\nFlash Briefing Skill\nThis skill contains dynamic content.", "privacy_policy_href": ""}, "Elon's cars": {"review-count": "0", "description": "Description\nfacts about tesla", "details": "Skill Details\nThis skill contains dynamic content.\nInvocation Name: elon's cars", "privacy_policy_href": ""}, "Echoing Cat": {"review-count": "8", "description": "Description\nWhen you say something out loud, Amazon Echo will repeat. This skill will display the words said on the screen as well.\nIf you say an unrecognizable word, Amazon Echo will replace it with a different word.\n\nPlease use this function to understand your Amazon Echo and to develop your skills.\nThank you.", "details": "Skill Details\nThis skill contains dynamic content.\nInvocation Name: echoing cat", "privacy_policy_href": ""}, "BionicalHealthDocs": {"review-count": "0", "description": "Description\nWith this skill you have audio access to large amount of articles about health and medicine.", "details": "Skill Details\nThis skill contains dynamic content.\nInvocation Name: bionical health docs", "privacy_policy_href": ""}, "Fact Finder": {"review-count": "32", "description": "Description\nFact Finder gives you interesting facts which are both interesting and useful to know facts.\n\nThis can be used as a past time activity or for education purpose.\n\nNew facts are added on a regular basis. Keep checking for new facts.", "details": "Skill Details\nThis skill contains dynamic content.\nInvocation Name: fact finder", "privacy_policy_href": ""}, "Facts Bolivia": {"review-count": "0", "description": "Description\nBolivia Facts", "details": "Skill Details\nThis skill contains dynamic content.\nInvocation Name: bolivia facts", "privacy_policy_href": ""}, "The Irish Dictionary": {"review-count": "0", "description": "Description\nDia duit! This skill enables you to ask for the Irish translation of a word in English. It looks up the word's entry on Foras na Gaeilge's New English-Irish Dictionary at https://www.focloir.ie and plays you the Connacht pronunciation of the first entry in the dictionary.", "details": "Skill Details\nThis skill contains dynamic content.\nInvocation Name: the irish dictionary", "privacy_policy_href": ""}, "Data Perrunos": {"review-count": "4", "description": "Description\nDatos Perrunos te dice cosas interesantes o divertidas sobre la vida de los perros cuando le dices: \"Alexa, abre datos perrunos y dime un dato interesante sobre perros\"", "details": "Skill Details\nThis skill contains dynamic content.\nInvocation Name: datos perrunos", "privacy_policy_href": ""}, "Beautiful Places India": {"review-count": "0", "description": "Description\nThis is a very simple and interesting Beautiful Places skill.\nYou can see images of beautiful places in India.\nIf you need help ask help.", "details": "Skill Details\nThis skill contains dynamic content.\nInvocation Name: beautiful places", "privacy_policy_href": ""}, "Best Aphorisms": {"review-count": "0", "description": "Description\nAsk Alexa for new aphorisms.\n\nThis Alexa skill delivers the most interesting aphorisms and keep your brain sharp.\n\nHOW TO USE\nBefore first use, enable the skill by pressing the Enable button in the Skill Store, then say \"Alexa, open Best Aphorisms\" to begin.\n\nSay \"an aphrorism\" to hear new aphorism.\n\nTo finish, say \"Alexa, stop\".", "details": "Skill Details\nRated: Guidance Suggested.\nThis skill contains dynamic content.\nInvocation Name: best aphorisms", "privacy_policy_href": ""}, "learningbee profile": {"review-count": "0", "description": "Description\nLearningBEE comapny profile, what they do, information about founders.", "details": "Skill Details\nThis skill contains dynamic content.\nInvocation Name: learning bee\nDeveloper Privacy Policy\nDeveloper Terms of Use", "privacy_policy_href": "http://learningbee.in/about-us/"}, "Attractions about Black Holes": {"review-count": "0", "description": "Description\nCuriosidades de Agujeros Negros nos ayudar\u00e1 a conocer m\u00e1s sobre este tema y poder entender c\u00f3mo est\u00e1 conformado, c\u00f3mo se crea y qu\u00e9 sucede si alguien es capaz de entrar en alg\u00fan agujero negro te\u00f3ricamente, entre otras cosas.", "details": "Skill Details\nThis skill contains dynamic content.\nInvocation Name: curiosidades de agujeros negros", "privacy_policy_href": ""}, "digital profile surendra parihar": {"review-count": "0", "description": "Description\nDigital profile of surendra parihar, includes his qualification, projects, work experience etc.", "details": "Skill Details\nThis skill contains dynamic content.\nInvocation Name: digital profile surendra\nDeveloper Privacy Policy\nDeveloper Terms of Use", "privacy_policy_href": "http://learningbee.in/about-us/"}, "Artificial Intelligence Facts": {"review-count": "1", "description": "Description\nIf you are interested in Artificial Intelligence, then this is the skill for you.\nThis skill will let you know recent and interesting facts about Artificial Intelligence. You just have to say,\n\"Alexa, open Artificial Intelligence facts.\"", "details": "Skill Details\nThis skill contains dynamic content.\nInvocation Name: artificial intelligence facts", "privacy_policy_href": ""}, "MCL help": {"review-count": "0", "description": "Description\nHelp content for Live Site", "details": "Skill Details\nThis skill contains dynamic content.\nInvocation Name: live help", "privacy_policy_href": ""}, "Times Tables Challenge": {"review-count": "3", "description": "Description\nWith this game the children will be able to study and learn the times tables, in a funny way, having this skill as their particular teacher !. The game has two modes: in the first, children can score points by answering challenges, or they can also ask it to help them study a specific times table.", "details": "Skill Details\nThis skill contains dynamic content.\nInvocation Name: times tables challenge", "privacy_policy_href": ""}, "India Heritage Quiz": {"review-count": "0", "description": "Description\nThis skill will help to check your knowledge on India. It will help to learn Geography and History related to India. Play this fun quiz and learn along way. Firstly ask about any State or Capital City and learn it. After learning play quiz to check your knowledge.", "details": "Skill Details\nThis skill contains dynamic content.\nInvocation Name: india heritage quiz", "privacy_policy_href": ""}, "My Assignment Helper by Sir Dex!": {"review-count": "0", "description": "Description\nSir Dex is your guide to understanding your university course assignment. NOTE! This skill is in its pilot phase and useful for participating students only. Students must provide a university code to access this skill.\n\nStart the skill by saying \"Open My Assignment Helper\"\nNext ask a question or give Sir Dex a command like: \"Tell me about Assignment 3\" or \"What is the purpose of Assignment 3?\". You should speak as you normally would. The skill will get better the more you use it.", "details": "Skill Details\nRated: Guidance Suggested.\nThis skill contains dynamic content.\nInvocation Name: my assignment helper\nDeveloper Privacy Policy", "privacy_policy_href": "https://s3.amazonaws.com/fataxon-storage/skillsContent/Sir+Dex+Privacy+Policy.mht"}, "electronica": {"review-count": "5", "description": "Description\nThis is an amazing application for electronic enthuse people. This app can say about some cool fact's of electronics and define some basic electronic components.\n\nAlexa tell electronica about led\nAlexa launch electronica ---> This will launch an amazing fact about electonics\nAlexa ask electronica about resistor (Ask for any basic electronic component i.e Resistor, Capacitor, led, Transistor ) -----> This will give the definition of the respective component.", "details": "Skill Details\nThis skill contains dynamic content.\nInvocation Name: electro nica", "privacy_policy_href": ""}, "Factofeed finder": {"review-count": "0", "description": "Description\nfactofeed finder is a skill to help you learn about the below facts.\n\nWe get straight to a random fact that you will be interested to learn.\n\nHappy Learning and you know what to do the next time you want to hear a fact.\n\nThis skill was built with love by VoiceApps.com. Visit us to create your own skill in minutes!", "details": "Skill Details\nThis skill contains dynamic content.\nInvocation Name: factofeed finder", "privacy_policy_href": ""}, "USPresidentFact": {"review-count": "0", "description": "Description\nThe skill introduces all us presidents by querying with the order of them. When the skill is launched, the latest president is introduced. When user asks from the skill with the any of the given intents, the number is requested from the user. This number represents the order of the presidents. If the number is greater than the total president number, then the user will be informed about the limitations.", "details": "Skill Details\nThis skill contains dynamic content.\nInvocation Name: u. s. president fact", "privacy_policy_href": ""}, "Parable Finder": {"review-count": "1", "description": "Description\nThis skill can help find out information about parables. Give it the name of a parable and it will give you the locations of the parable.", "details": "Skill Details\nRated: Guidance Suggested.\nThis skill contains dynamic content.\nInvocation Name: parable finder", "privacy_policy_href": ""}, "Job Interview Practice": {"review-count": "0", "description": "Description\nJob interview practice teach you how to answer the most common job interview question you will be asked no matter what kind of job your apply for. Interview questions can be very intimidating especially when you are not well prepared.\n\nInterview preparation is a key for any job seeker who wants to walk into an interview room with full confidence. Practice a few minutes a day and you will be able to achieve higher confidence level that every employer is looking for when evaluating job applicants.", "details": "Skill Details\nThis skill contains dynamic content.\nInvocation Name: job interview practice\nDeveloper Privacy Policy\nDeveloper Terms of Use", "privacy_policy_href": "https://zaidisoft.com/privacy-policy/"}, "India Quiz": {"review-count": "0", "description": "Description\nThis simple choice based question mode of interaction will let you test and train your knowledge on Indian States and their capitals. This kids\u2019 friendly game may help your children learn capitals easier than ever. Launch this 'India Quiz' now to try it out!", "details": "Skill Details\nThis skill contains dynamic content.\nInvocation Name: india quiz", "privacy_policy_href": ""}, "football facts": {"review-count": "0", "description": "Description\nThese amazing and interesting facts will provide you information about football. Through these facts you will enter into the ocean of information about the football.", "details": "Skill Details\nThis skill contains dynamic content.\nInvocation Name: football facts", "privacy_policy_href": ""}, "Features of Object Oriented Programming": {"review-count": "0", "description": "Description\nThis paradigm is now a days present in almost all the modern language.This helps in making the program a robust.It will make the user aware of the basic fact of the oop.This will help in grooming the overall programming skill of the user.", "details": "Skill Details\nThis skill contains dynamic content.\nInvocation Name: oop features", "privacy_policy_href": ""}, "Best government facts": {"review-count": "0", "description": "Description\nThis skill will help you to learn good facts which you need to know about the Indian Government, like it will let you know about when India got its Independence , how government manages GDP of India and what is the population of India. Everything under one voice app also will make you learn about lot of new government facts.", "details": "Skill Details\nThis skill contains dynamic content.\nInvocation Name: best government facts", "privacy_policy_href": ""}, "Strong Communities: Use Your Strengths Effectively": {"review-count": "2", "description": "Description\nWhen was the last time someone reminded you that you are a UNIQUE GENIUS?\n\nHello! You are listening to Strong Communities where we cultivate greatness in people by helping them discover what is OH SO RIGHT with them. Our approach is based on the CliftonStrengths\u2122 Assessment, also known as StrengthsFinder. This Strengths Psychology was founded by Dr. Donald Clifton and is the result of over 60 years of research.\n\nFor those of you who are new to strengths, the assessment reveals your Top 5 instinctive patterns of thought, feeling and behavior. Your results statistically validate that you are at least one in 33 million. We refer to that as your Unique Genius. Once you become aware of your Unique Genius, you will experience a greater sense of well-being and experience better personal and professional success.\n\nJoin us in exploring a practical approach to heightening your self-awareness and learning how to connect with more people by playing to your innate talents. Strong Communities is a movement focused on a strengths-based approach to elevating people and the communities in which they live and work.\n\nBe sure to sign up for a FREE 6-month membership to our strengths and leadership mentoring community at StrengthsGenius.coach. We look forward to sharing your journey to more fulfillment and success as we build strong communities.\n\nWe Celebrate YOUR Unique Genius!", "details": "Skill Details\nFlash Briefing Skill\nThis skill contains dynamic content.", "privacy_policy_href": ""}, "The Best Facts Skill Ever to Exist by Cade Missner": {"review-count": "0", "description": "Description\nThis skill will give you a selection of science facts of all genres. If you say \"Alexa, open Cade's Science Facts\", it will give you a random fact that is either mind-boggling, jaw dropping, sock-blow-offing, or none of those because I was out of ideas.", "details": "Skill Details\nThis skill contains dynamic content.\nInvocation Name: cade's science facts", "privacy_policy_href": ""}, "Alpine Facts": {"review-count": "0", "description": "Description\nTeaches facts about the highest biome on our planet.", "details": "Skill Details\nThis skill contains dynamic content.\nInvocation Name: alpine facts", "privacy_policy_href": ""}, "28-Day Flash Briefing Briefing": {"review-count": "1", "description": "Description\nTop tips and tricks to help you produce and present a bigger and better Briefing.\n\nTogether we will go through step-by-step what you need to know to have impact: the skillset, your mindset and your marketing.\n\nYou will get more listeners and they will be more engaged.\n\nEach day's we look at another aspect of the coursework, each one is available for one day only until the cycle starts again on the first of the following month. Each day's content is constantly updated.\n\nHosted by BBC presenter, producer Peter Stewart, the 28-Day Flash Briefing Briefing teaches you how to grow your Briefing, better connect with listeners, and spread your message.", "details": "Skill Details\nFlash Briefing Skill\nThis skill contains dynamic content.", "privacy_policy_href": ""}, "Technology Student Association Facts": {"review-count": "0", "description": "Description\nThis skill was built by a group of students of Boyertown Area Senior High School in order to compete in the Software Development TSA Event.", "details": "Skill Details\nThis skill contains dynamic content.\nInvocation Name: technology student association facts", "privacy_policy_href": ""}, "Jaipur facts": {"review-count": "0", "description": "Description\nThis skills give a random fact about Jaipur, Rajasthan", "details": "Skill Details\nThis skill contains dynamic content.\nInvocation Name: jaipur facts", "privacy_policy_href": ""}, "Chabad.org": {"review-count": "4", "description": "Description\nYou can ask what time is sundown, what time is candle lighting, or when is the next Jewish holiday.", "details": "Skill Details\nRated: Guidance Suggested.\nThis skill contains dynamic content.\nInvocation Name: chabad\nDeveloper Privacy Policy", "privacy_policy_href": "https://www.chabad.org/privacy"}, "UTC To Me": {"review-count": "0", "description": "Description\nIf you're told a meeting is going to happen at a particular time in UTC (Universal Coordinated Time), it'd be nice to know what time that is in your current timezone. This skill will convert the UTC time to the time where you are.", "details": "Skill Details\nThis skill contains dynamic content.\nInvocation Name: universal time converter", "privacy_policy_href": ""}, "Australian Facts": {"review-count": "0", "description": "Description\nHere is a skill for all the facts enthusiasts. Get ready to learn some interesting facts about Australia.", "details": "Skill Details\nThis skill contains dynamic content.\nInvocation Name: australian facts", "privacy_policy_href": ""}, "Awesome Foundation": {"review-count": "0", "description": "Description\nThe Awesome Foundation is a global community advancing the interest of awesome in the universe, $1000 at a time.\n\nEach fully autonomous chapter supports awesome projects through micro-grants, usually given out monthly. These micro-grants, $1000 or the local equivalent, come out of pockets of the chapter's \"trustees\" and are given on a no-strings-attached basis to people and groups working on awesome projects.\n\nThis skill will help you explore some of the recently funded projects from Awesome Foundation chapters all around the world.\n\nYou can ask \"Alexa, get the latest project from Awesome Foundation\" or even \"Alexa, get a random project from Awesome Foundation.\"\n\nTo learn more about the Awesome Foundation visit https://www.awesomefoundation.org\n\nTo learn more about this skill visit http://awesome-alexa.morecode.org", "details": "Skill Details\nRated: Guidance Suggested.\nThis skill contains dynamic content.\nInvocation Name: awesome foundation", "privacy_policy_href": ""}, "Get Me Out Of Here": {"review-count": "7", "description": "Description\nIn this game, you tell Alexa what choices to make as you explore the options in the game.\n\nTo start, just say \"Alexa, open Get Me Out Of Here\" or \"Alexa, launch Get Me Out Of Here\" to start a game\".\n\nAt anytime, you can stop by saying \"Alexa, stop\".", "details": "Skill Details\nThis skill contains dynamic content.\nInvocation Name: get me out of here\nDeveloper Privacy Policy\nDeveloper Terms of Use", "privacy_policy_href": "https://drive.google.com/open?id=1SzU748422Lqo8bVhpZtEfeTOXoci-S4x"}, "Daily Affirmations for Children with ADHD": {"review-count": "0", "description": "Description\nThese daily affirmations help children (especially those with ADHD) prepare themselves to have a great day at school. Affirmations to help children manage impulsivity, hyperactivity, emotions, focus, resiliency, relationships with friends and much more.", "details": "Skill Details\nFlash Briefing Skill\nThis skill contains dynamic content.", "privacy_policy_href": ""}, "Countries and capitals": {"review-count": "3", "description": "Description\nComprueba que tal est\u00e1n tus conocimientos de geograf\u00eda, intentado responder las capitales de los pa\u00edses o a que pa\u00eds le corresponde una capital.", "details": "Skill Details\nThis skill contains dynamic content.\nInvocation Name: pa\u00edses y capitales", "privacy_policy_href": ""}, "Scripture Box": {"review-count": "2", "description": "Description\nScripture Box is a rotational scripture memory service that automates your rotation to present each day's verses for quick and easy review. Review online, from email or with Alexa!", "details": "Skill Details\nRated: Guidance Suggested.\nThis skill contains dynamic content.\nInvocation Name: scripture box\nDeveloper Privacy Policy\nDeveloper Terms of Use", "privacy_policy_href": "http://www.scripturebox.com/Home/PrivacyPolicy"}, "Space Population": {"review-count": "0", "description": "Description\nThis skill tells how many people are living in space (generally in ISS) with their name.\n\n\"Alexa, ask space population how many people are in space\"", "details": "Skill Details\nThis skill contains dynamic content.\nInvocation Name: space population", "privacy_policy_href": ""}, "Awesome Facts": {"review-count": "0", "description": "Description\nThis skill provides fact related to different topics like science, animals etc.\nTry it and have fun.", "details": "Skill Details\nThis skill contains dynamic content.\nInvocation Name: awesome facts", "privacy_policy_href": ""}, "Wizard Team": {"review-count": "0", "description": "Description\n\"Wizard Team\" is an Alexa skill that works with smart electronic systems built on Raspberry Pi and Arduino to control the behavior of these systems.\nTo use this skill, the user needs to build a Raspberry Pi system that is authenticated to receive MQTT messages published under the topic of \"ArduinoCommand\", and is able to send JSON messages to the connected Raspberry Pi/Arduino system to control its behavior. This skill is designed to serve the specific requirements of smart systems built during the \"Programming of Smart Systems and Internet of Things\" class provided by \"Brainy Buddy Education, LLC\".", "details": "Skill Details\nThis skill contains dynamic content.\nInvocation Name: wizard team", "privacy_policy_href": ""}, "zoom coordinates": {"review-count": "2", "description": "Description\nBasically its tells you about ,whether the given coordinate provided by user is on land or its on water .", "details": "Skill Details\nThis skill contains dynamic content.\nInvocation Name: zoom coordinates", "privacy_policy_href": ""}, "HubTips": {"review-count": "1", "description": "Description\nWelcome to the Stream Creative HubTips skill on Amazon. Each week we will be providing HubSpot Software tips, tricks or product updates. Stay tuned for weekly takeaways with your host Steve James.", "details": "Skill Details\nFlash Briefing Skill\nThis skill contains dynamic content.\nDeveloper Privacy Policy\nDeveloper Terms of Use", "privacy_policy_href": "https://www.streamcreative.com/stream-creative-privacy-policy"}, "Tips for Parents of Children with ADHD": {"review-count": "1", "description": "Description\nTips on home organization and routines, communications, setting boundaries and consequences, dealing with school, and much more so that parents can provide an environment to help their children with ADHD thrive and reach their full potential.", "details": "Skill Details\nFlash Briefing Skill\nRated: Guidance Suggested.\nThis skill contains dynamic content.", "privacy_policy_href": ""}, "Male or female": {"review-count": "10", "description": "Description\nTell me a name, I will tell you if it is a male or female name.", "details": "Skill Details\nThis skill contains dynamic content.\nInvocation Name: male or female\nDeveloper Privacy Policy", "privacy_policy_href": "https://izydro.github.io/privacy/index.html"}, "Saturation Index Calculation": {"review-count": "0", "description": "Description\nSaturation Index Calculation", "details": "Skill Details\nThis skill contains dynamic content.\nInvocation Name: saturation index calculation", "privacy_policy_href": ""}, "Interactive Design Facts": {"review-count": "0", "description": "Description\nThis is an engaging skill with a user centered design to assist anyone with interested in learning foundational principles of interactive design.", "details": "Skill Details\nThis skill contains dynamic content.\nInvocation Name: interactive design facts", "privacy_policy_href": ""}, "University Course": {"review-count": "0", "description": "Description\nThis skills will help student decide which course to opt for during admission in university.There are several courses and it confuses the student while choosing them. This skill will explain some of the best courses in details.", "details": "Skill Details\nThis skill contains dynamic content.\nInvocation Name: university course", "privacy_policy_href": ""}}