{"Bible Reading KJV": "https://www.amazon.com/SamPaul-Skills-Bible-Reading-KJV/dp/B08XBLXYTY/ref=sr_1_145?brr=1&dchild=1&qid=1634419516&rd=1&s=digital-skills&sr=1-145", "Essential Beauty Tips": "https://www.amazon.com/allsuper-info-for-SavoElite-com-Essential-Beauty/dp/B085Q5PLNG/ref=sr_1_146?brr=1&dchild=1&qid=1634419516&rd=1&s=digital-skills&sr=1-146", "smart plug": "https://www.amazon.com/oevans-groups-smart-plug/dp/B07DD8BDFF/ref=sr_1_147?brr=1&dchild=1&qid=1634419516&rd=1&s=digital-skills&sr=1-147", "Master The NEC Podcast": "https://www.amazon.com/Electrical-Code-Academy-Inc-Podcast/dp/B07MP4N2JP/ref=sr_1_148?brr=1&dchild=1&qid=1634419516&rd=1&s=digital-skills&sr=1-148", "Facts Sample w/In Skill Purchasing": "https://www.amazon.com/Facts-Sample-w-Skill-Purchasing/dp/B0836XJC3X/ref=sr_1_149?brr=1&dchild=1&qid=1634419516&rd=1&s=digital-skills&sr=1-149", "Ford Roofing Company": "https://www.amazon.com/Voice-Advice-Application-Roofing-Company/dp/B094V5MY9Y/ref=sr_1_150?brr=1&dchild=1&qid=1634419516&rd=1&s=digital-skills&sr=1-150", "Jason Abel Construction Inc": "https://www.amazon.com/Voice-Advice-Application-Jason-Construction/dp/B094JJ93TW/ref=sr_1_151?brr=1&dchild=1&qid=1634419516&rd=1&s=digital-skills&sr=1-151", "The Ohio State Skill": "https://www.amazon.com/The-Ohio-State-University-Skill/dp/B01KQX4T3E/ref=sr_1_152?brr=1&dchild=1&qid=1634419516&rd=1&s=digital-skills&sr=1-152", "International Space Station Locator": "https://www.amazon.com/Orion-Magneto-International-Station-Locator/dp/B074GP5S6T/ref=sr_1_153?brr=1&dchild=1&qid=1634419516&rd=1&s=digital-skills&sr=1-153", "Nest Migration Countdown": "https://www.amazon.com/Liwen-Nest-Migration-Countdown/dp/B072K3PT2Q/ref=sr_1_154?brr=1&dchild=1&qid=1634419516&rd=1&s=digital-skills&sr=1-154", "Aeronautical Accessories": "https://www.amazon.com/Joshua-Cheng-Aeronautical-Accessories/dp/B07B3P6QLK/ref=sr_1_155?brr=1&dchild=1&qid=1634419516&rd=1&s=digital-skills&sr=1-155", "Ham Lookup": "https://www.amazon.com/Shane-Hughes-Ham-Lookup/dp/B073YL88SL/ref=sr_1_156?brr=1&dchild=1&qid=1634419516&rd=1&s=digital-skills&sr=1-156", "Guitar Note Finder": "https://www.amazon.com/James-Davenport-Ph-D-Guitar-Finder/dp/B07DS4C3FK/ref=sr_1_157?brr=1&dchild=1&qid=1634419516&rd=1&s=digital-skills&sr=1-157", "My Phonetic Alphabet": "https://www.amazon.com/Wee-Door-My-Phonetic-Alphabet/dp/B07VYSFTCX/ref=sr_1_158?brr=1&dchild=1&qid=1634419516&rd=1&s=digital-skills&sr=1-158", "Gilmore Girls Quotes": "https://www.amazon.com/sbjorklund-Gilmore-Girls-Quotes/dp/B07KNPGZ8G/ref=sr_1_159?brr=1&dchild=1&qid=1634419516&rd=1&s=digital-skills&sr=1-159", "Rico learn English lesson twenty": "https://www.amazon.com/Rico-learn-English-lesson-twenty/dp/B09HCKSBYQ/ref=sr_1_160?brr=1&dchild=1&qid=1634419516&rd=1&s=digital-skills&sr=1-160"}