{"Gettysburg College Virtual Tour": "https://www.amazon.com/Gettysburg-College-Virtual-Tour/dp/B07GBD4CF4/ref=sr_1_161?brr=1&dchild=1&qid=1634419519&rd=1&s=digital-skills&sr=1-161", "This ADHD Life": "https://www.amazon.com/This-ADHD-Life/dp/B07K6JYFK8/ref=sr_1_162?brr=1&dchild=1&qid=1634419519&rd=1&s=digital-skills&sr=1-162", "Bible Fact Skill": "https://www.amazon.com/Elliott-Partridge-Bible-Fact-Skill/dp/B072K13R89/ref=sr_1_163?brr=1&dchild=1&qid=1634419519&rd=1&s=digital-skills&sr=1-163", "School Leadership Series": "https://www.amazon.com/Star-Briefing-School-Leadership-Series/dp/B079YZCV9V/ref=sr_1_164?brr=1&dchild=1&qid=1634419519&rd=1&s=digital-skills&sr=1-164", "JW Language Count": "https://www.amazon.com/Kimchi-Fermentation-Labs-Language-Count/dp/B07JQ9KMQS/ref=sr_1_165?brr=1&dchild=1&qid=1634419519&rd=1&s=digital-skills&sr=1-165", "USC Libraries FAQ": "https://www.amazon.com/USC-ILS-Libraries-FAQ/dp/B07H854LPP/ref=sr_1_166?brr=1&dchild=1&qid=1634419519&rd=1&s=digital-skills&sr=1-166", "Fast Fact President Johnson": "https://www.amazon.com/ButtonPushApps-Fast-Fact-President-Johnson/dp/B07JYDJZM4/ref=sr_1_167?brr=1&dchild=1&qid=1634419519&rd=1&s=digital-skills&sr=1-167", "Image Streamer": "https://www.amazon.com/Kitty-Dinosaur-Image-Streamer/dp/B07JNMH7Q8/ref=sr_1_168?brr=1&dchild=1&qid=1634419519&rd=1&s=digital-skills&sr=1-168", "Interval Practice": "https://www.amazon.com/Jonathan-Mellman-Interval-Practice/dp/B0849LJK1D/ref=sr_1_169?brr=1&dchild=1&qid=1634419519&rd=1&s=digital-skills&sr=1-169", "AWS EdStart": "https://www.amazon.com/AWS-EdStart/dp/B08XSX6XX8/ref=sr_1_170?brr=1&dchild=1&qid=1634419519&rd=1&s=digital-skills&sr=1-170", "Knowledge of the Day": "https://www.amazon.com/Zaiboo-Knowledge-of-the-Day/dp/B07KG5TH71/ref=sr_1_171?brr=1&dchild=1&qid=1634419519&rd=1&s=digital-skills&sr=1-171", "Jewelry: History of Pandora": "https://www.amazon.com/Createskills-Jewelry-History-of-Pandora/dp/B07BK2XN5K/ref=sr_1_172?brr=1&dchild=1&qid=1634419519&rd=1&s=digital-skills&sr=1-172", "Mamba Forever": "https://www.amazon.com/BOT-Employee-Mamba-Forever/dp/B084D3Q8Q6/ref=sr_1_173?brr=1&dchild=1&qid=1634419519&rd=1&s=digital-skills&sr=1-173", "Ask Woodworker Express": "https://www.amazon.com/Woodworker-Express-Ask/dp/B07QNWBCBS/ref=sr_1_174?brr=1&dchild=1&qid=1634419519&rd=1&s=digital-skills&sr=1-174", "Ramseyism": "https://www.amazon.com/JRDD-Ramseyism/dp/B078LB8Z7N/ref=sr_1_175?brr=1&dchild=1&qid=1634419519&rd=1&s=digital-skills&sr=1-175", "Number Lookup": "https://www.amazon.com/Voice-Focused-Number-Lookup/dp/B07TYXTH2Y/ref=sr_1_176?brr=1&dchild=1&qid=1634419519&rd=1&s=digital-skills&sr=1-176"}