{"Lingo Trip": "https://www.amazon.com/early-languages-llc-Lingo-Trip/dp/B07FRCW1C4/ref=sr_1_209?brr=1&dchild=1&qid=1634419527&rd=1&s=digital-skills&sr=1-209", "MySchool360": "https://www.amazon.com/SOFLO-MOBILE-TECHNOLOGIES-INC-MySchool360/dp/B07VZDB2JN/ref=sr_1_210?brr=1&dchild=1&qid=1634419527&rd=1&s=digital-skills&sr=1-210", "Learn Spanish While Sleeping": "https://www.amazon.com/Smart-Skills-Learn-Spanish-Sleeping/dp/B094CCNDBX/ref=sr_1_211?brr=1&dchild=1&qid=1634419527&rd=1&s=digital-skills&sr=1-211", "High Order Analytics": "https://www.amazon.com/High-Order-Analytics/dp/B085Y7KTCF/ref=sr_1_212?brr=1&dchild=1&qid=1634419527&rd=1&s=digital-skills&sr=1-212", "Panama Canal Facts": "https://www.amazon.com/Pepin-Llamas-Panama-Canal-Facts/dp/B07MM8QYB2/ref=sr_1_213?brr=1&dchild=1&qid=1634419527&rd=1&s=digital-skills&sr=1-213", "Fast Fact President McKinley": "https://www.amazon.com/ButtonPushApps-Fast-Fact-President-McKinley/dp/B07JY9SB6Z/ref=sr_1_214?brr=1&dchild=1&qid=1634419527&rd=1&s=digital-skills&sr=1-214", "Learn French": "https://www.amazon.com/smartio-life-Learn-French/dp/B07DXDG9LZ/ref=sr_1_215?brr=1&dchild=1&qid=1634419527&rd=1&s=digital-skills&sr=1-215", "Fast Fact President Van Buren": "https://www.amazon.com/Fast-Fact-President-Van-Buren/dp/B07JY9KH3S/ref=sr_1_216?brr=1&dchild=1&qid=1634419527&rd=1&s=digital-skills&sr=1-216", "Easy Cat Care": "https://www.amazon.com/allsuper-info-for-SavoElite-com-Easy-Care/dp/B089LWHKKK/ref=sr_1_217?brr=1&dchild=1&qid=1634419527&rd=1&s=digital-skills&sr=1-217", "Big Glossary and Definitions of Medical Terms": "https://www.amazon.com/Big-Glossary-Definitions-Medical-Terms/dp/B01FN4KB8I/ref=sr_1_218?brr=1&dchild=1&qid=1634419527&rd=1&s=digital-skills&sr=1-218", "Fast Fact President Harding": "https://www.amazon.com/ButtonPushApps-Fast-Fact-President-Harding/dp/B07JY937YC/ref=sr_1_219?brr=1&dchild=1&qid=1634419527&rd=1&s=digital-skills&sr=1-219", "SEX UnShamed": "https://www.amazon.com/FFM-Productions-SEX-UnShamed/dp/B08JPDT6PC/ref=sr_1_220?brr=1&dchild=1&qid=1634419527&rd=1&s=digital-skills&sr=1-220", "Fast Fact President Harrison": "https://www.amazon.com/ButtonPushApps-Fast-Fact-President-Harrison/dp/B07JY9J937/ref=sr_1_221?brr=1&dchild=1&qid=1634419527&rd=1&s=digital-skills&sr=1-221", "Fast Fact President Roosevelt": "https://www.amazon.com/ButtonPushApps-Fast-Fact-President-Roosevelt/dp/B07JY9Z8LZ/ref=sr_1_222?brr=1&dchild=1&qid=1634419527&rd=1&s=digital-skills&sr=1-222", "Fast Fact President G.W. Bush": "https://www.amazon.com/Fast-Fact-President-G-W-Bush/dp/B07JY7P1PF/ref=sr_1_223?brr=1&dchild=1&qid=1634419527&rd=1&s=digital-skills&sr=1-223", "Video Podcast": "https://www.amazon.com/OPSEAT-Video-Podcast/dp/B07NS2XW6J/ref=sr_1_224?brr=1&dchild=1&qid=1634419527&rd=1&s=digital-skills&sr=1-224"}