{"Today's Spanish": "https://www.amazon.com/Lost-Dutchman-Software-Todays-Spanish/dp/B07BDN17KP/ref=sr_1_225?brr=1&dchild=1&qid=1634419530&rd=1&s=digital-skills&sr=1-225", "LiveHint": "https://www.amazon.com/Carnegie-Learning-LiveHint/dp/B08CY3XMTC/ref=sr_1_226?brr=1&dchild=1&qid=1634419530&rd=1&s=digital-skills&sr=1-226", "Fast Fact President Truman": "https://www.amazon.com/ButtonPushApps-Fast-Fact-President-Truman/dp/B07JYD862M/ref=sr_1_227?brr=1&dchild=1&qid=1634419530&rd=1&s=digital-skills&sr=1-227", "Fast Fact President Eisenhower": "https://www.amazon.com/ButtonPushApps-Fast-Fact-President-Eisenhower/dp/B07JY8G6QS/ref=sr_1_228?brr=1&dchild=1&qid=1634419530&rd=1&s=digital-skills&sr=1-228", "eBay Facts": "https://www.amazon.com/Georgiou-Labs-eBay-Facts/dp/B07L1L324S/ref=sr_1_229?brr=1&dchild=1&qid=1634419530&rd=1&s=digital-skills&sr=1-229", "Radio Ignite Live podcast with Eric Greenspan": "https://www.amazon.com/Radio-Ignite-Live-podcast-Greenspan/dp/B07TL81NK1/ref=sr_1_230?brr=1&dchild=1&qid=1634419530&rd=1&s=digital-skills&sr=1-230", "Bad Breath Home Solutions": "https://www.amazon.com/allsuper-info-for-SavoElite-com-Breath-Solutions/dp/B0869N9JTF/ref=sr_1_231?brr=1&dchild=1&qid=1634419530&rd=1&s=digital-skills&sr=1-231", "Fast Fact President Harrison": "https://www.amazon.com/ButtonPushApps-Fast-Fact-President-Harrison/dp/B07JY8PLG7/ref=sr_1_232?brr=1&dchild=1&qid=1634419530&rd=1&s=digital-skills&sr=1-232", "Fast Fact President Clinton": "https://www.amazon.com/ButtonPushApps-Fast-Fact-President-Clinton/dp/B07JRF4QKM/ref=sr_1_233?brr=1&dchild=1&qid=1634419530&rd=1&s=digital-skills&sr=1-233", "My Code": "https://www.amazon.com/Narges-Farnaz-My-Code/dp/B075M9CBR6/ref=sr_1_234?brr=1&dchild=1&qid=1634419530&rd=1&s=digital-skills&sr=1-234", "Happy Birthday": "https://www.amazon.com/Hugo-Happy-birthday/dp/B078YP5N4Q/ref=sr_1_235?brr=1&dchild=1&qid=1634419530&rd=1&s=digital-skills&sr=1-235", "Voice Club": "https://www.amazon.com/Soft-Designs-Voice-Club/dp/B086638GP9/ref=sr_1_236?brr=1&dchild=1&qid=1634419530&rd=1&s=digital-skills&sr=1-236", "Star Trek Facts": "https://www.amazon.com/yallcrazy-Star-Trek-Facts/dp/B07B2HXZP8/ref=sr_1_237?brr=1&dchild=1&qid=1634419530&rd=1&s=digital-skills&sr=1-237", "Nation's Blind - National Federation of the Blind": "https://www.amazon.com/Nations-Blind-National-Federation/dp/B08CVBYVF1/ref=sr_1_238?brr=1&dchild=1&qid=1634419530&rd=1&s=digital-skills&sr=1-238", "Andys Accordion Lesson": "https://www.amazon.com/Andy-Nelson-Andys-Accordion-Lesson/dp/B07P7MZLBT/ref=sr_1_239?brr=1&dchild=1&qid=1634419530&rd=1&s=digital-skills&sr=1-239", "English Master": "https://www.amazon.com/11x-English-Master/dp/B07JWLFV6T/ref=sr_1_240?brr=1&dchild=1&qid=1634419530&rd=1&s=digital-skills&sr=1-240"}