{"guess what you think": "https://www.amazon.com/Rokuzer-guess-what-you-think/dp/B0813LNWRC/ref=sr_1_241?brr=1&dchild=1&qid=1634419533&rd=1&s=digital-skills&sr=1-241", "Fast Fact President Grant": "https://www.amazon.com/ButtonPushApps-Fast-Fact-President-Grant/dp/B07JYD77XP/ref=sr_1_242?brr=1&dchild=1&qid=1634419533&rd=1&s=digital-skills&sr=1-242", "Bamboo Math": "https://www.amazon.com/Bamboo-Learning-Inc-Math/dp/B07JVBNJ6M/ref=sr_1_243?brr=1&dchild=1&qid=1634419533&rd=1&s=digital-skills&sr=1-243", "electronics flash cards": "https://www.amazon.com/Kavinci-Tech-electronics-flash-cards/dp/B01IL8YP94/ref=sr_1_244?brr=1&dchild=1&qid=1634419533&rd=1&s=digital-skills&sr=1-244", "Work": "https://www.amazon.com/Wolverine-Worldwide-Work-Boots/dp/B082NYSSWY/ref=sr_1_245?brr=1&dchild=1&qid=1634419533&rd=1&s=digital-skills&sr=1-245", "Fast Fact President Nixon": "https://www.amazon.com/ButtonPushApps-Fast-Fact-President-Nixon/dp/B07JYCKCWV/ref=sr_1_246?brr=1&dchild=1&qid=1634419533&rd=1&s=digital-skills&sr=1-246", "Black hole": "https://www.amazon.com/Skadoosh-Black-hole/dp/B07X1K6134/ref=sr_1_247?brr=1&dchild=1&qid=1634419533&rd=1&s=digital-skills&sr=1-247", "Far UV Sterilray Ten Facts Regarding Far UV Light": "https://www.amazon.com/Far-Sterilray-Facts-Regarding-Light/dp/B07FMLRR8N/ref=sr_1_248?brr=1&dchild=1&qid=1634419533&rd=1&s=digital-skills&sr=1-248", "Fast Fact President Adams": "https://www.amazon.com/ButtonPushApps-Fast-Fact-President-Adams/dp/B07JRDNYGF/ref=sr_1_249?brr=1&dchild=1&qid=1634419533&rd=1&s=digital-skills&sr=1-249", "The Greek Mythology Drill": "https://www.amazon.com/Witlingo-The-Greek-Mythology-Drill/dp/B07G8855G9/ref=sr_1_250?brr=1&dchild=1&qid=1634419533&rd=1&s=digital-skills&sr=1-250", "MEDICAL TERMINOLOGY Review": "https://www.amazon.com/Ivan-Liskov-MEDICAL-TERMINOLOGY-Review/dp/B087YS5GH2/ref=sr_1_251?brr=1&dchild=1&qid=1634419533&rd=1&s=digital-skills&sr=1-251", "Florida Lotto Numbers": "https://www.amazon.com/The-Lottery-Company-Florida-Numbers/dp/B07BK91FHS/ref=sr_1_252?brr=1&dchild=1&qid=1634419533&rd=1&s=digital-skills&sr=1-252", "My Messaging": "https://www.amazon.com/ParasMamgain-My-Messaging/dp/B07TTM8DCW/ref=sr_1_253?brr=1&dchild=1&qid=1634419533&rd=1&s=digital-skills&sr=1-253", "Valluvar Poem (Thirukkural)": "https://www.amazon.com/Belton-Valluvar-Poem-Thirukkural/dp/B07CKJYG3K/ref=sr_1_254?brr=1&dchild=1&qid=1634419533&rd=1&s=digital-skills&sr=1-254", "The LINGUIST List": "https://www.amazon.com/The-LINGUIST-List/dp/B01MT4EOQZ/ref=sr_1_255?brr=1&dchild=1&qid=1634419533&rd=1&s=digital-skills&sr=1-255", "Word Unscrambler": "https://www.amazon.com/Ryan-Idrogo-Lam-Word-Unscrambler/dp/B07HP3SHDP/ref=sr_1_256?brr=1&dchild=1&qid=1634419533&rd=1&s=digital-skills&sr=1-256"}