{"Daily Picture": "https://www.amazon.com/Utilitas-Design-Daily-Picture/dp/B08VS1QZPB/ref=sr_1_257?brr=1&dchild=1&qid=1634419535&rd=1&s=digital-skills&sr=1-257", "D. R. Bible Verses": "https://www.amazon.com/Peculiar-Apps-D-Bible-Verses/dp/B085Y49GSR/ref=sr_1_258?brr=1&dchild=1&qid=1634419535&rd=1&s=digital-skills&sr=1-258", "American History Quiz": "https://www.amazon.com/Kids-game-area-American-History/dp/B01F601P7A/ref=sr_1_259?brr=1&dchild=1&qid=1634419535&rd=1&s=digital-skills&sr=1-259", "You basic": "https://www.amazon.com/lolioi-You-basic/dp/B081TMLG4D/ref=sr_1_260?brr=1&dchild=1&qid=1634419535&rd=1&s=digital-skills&sr=1-260", "Fast Fact President George H.W. Bush": "https://www.amazon.com/Fast-Fact-President-George-H-W/dp/B07JYD42LG/ref=sr_1_261?brr=1&dchild=1&qid=1634419535&rd=1&s=digital-skills&sr=1-261", "S1Media House": "https://www.amazon.com/S1Media-House/dp/B07HB1XQ9Q/ref=sr_1_262?brr=1&dchild=1&qid=1634419535&rd=1&s=digital-skills&sr=1-262", "Fast Fact President Roosevelt": "https://www.amazon.com/ButtonPushApps-Fast-Fact-President-Roosevelt/dp/B07JYD1M6S/ref=sr_1_263?brr=1&dchild=1&qid=1634419535&rd=1&s=digital-skills&sr=1-263", "What is The Paleo Diet": "https://www.amazon.com/What-is-The-Paleo-Diet/dp/B084V235YR/ref=sr_1_264?brr=1&dchild=1&qid=1634419535&rd=1&s=digital-skills&sr=1-264", "SAT Vocab": "https://www.amazon.com/Weijie-Gao-SAT-Vocab/dp/B07WF67PCS/ref=sr_1_265?brr=1&dchild=1&qid=1634419535&rd=1&s=digital-skills&sr=1-265", "On This Day In History - Flash Briefing": "https://www.amazon.com/This-Day-History-Flash-Briefing/dp/B07FY5G4CV/ref=sr_1_266?brr=1&dchild=1&qid=1634419535&rd=1&s=digital-skills&sr=1-266", "Tamil Aathichudi Proverbs": "https://www.amazon.com/HyprSoftware-Tamil-Aathichudi-Proverbs/dp/B074Y8QT9M/ref=sr_1_267?brr=1&dchild=1&qid=1634419535&rd=1&s=digital-skills&sr=1-267", "The Kural": "https://www.amazon.com/Ram-Muthiah-The-Kural/dp/B01MQS5NNI/ref=sr_1_268?brr=1&dchild=1&qid=1634419535&rd=1&s=digital-skills&sr=1-268", "English Translator": "https://www.amazon.com/henry-nisce-English-Translator/dp/B09FP23VSV/ref=sr_1_269?brr=1&dchild=1&qid=1634419535&rd=1&s=digital-skills&sr=1-269", "Sign Language Alphabet": "https://www.amazon.com/Megan-Heysham-Sign-Language-Alphabet/dp/B07JKBH1DL/ref=sr_1_270?brr=1&dchild=1&qid=1634419535&rd=1&s=digital-skills&sr=1-270", "Twin Paradox": "https://www.amazon.com/PhysicsCaptsone-Twin-Paradox/dp/B07RMXMMV4/ref=sr_1_271?brr=1&dchild=1&qid=1634419535&rd=1&s=digital-skills&sr=1-271", "Portuguese Sayings": "https://www.amazon.com/Antonio-Seltin-Portuguese-Sayings/dp/B01N29YQ34/ref=sr_1_272?brr=1&dchild=1&qid=1634419535&rd=1&s=digital-skills&sr=1-272"}