{"AMA Morning Rounds": "https://www.amazon.com/American-Medical-Association-Morning-Rounds/dp/B07TJCP9R5/ref=sr_1_273?brr=1&dchild=1&qid=1634419538&rd=1&s=digital-skills&sr=1-273", "Daily Tide Charts": "https://www.amazon.com/MSC-Daily-Tide-Charts/dp/B07F2ZXT6D/ref=sr_1_274?brr=1&dchild=1&qid=1634419538&rd=1&s=digital-skills&sr=1-274", "Vehicle Decoder": "https://www.amazon.com/brshaffer-Vehicle-Decoder/dp/B07GLW4WD5/ref=sr_1_275?brr=1&dchild=1&qid=1634419538&rd=1&s=digital-skills&sr=1-275", "Cooper Hewitt Art Viewing": "https://www.amazon.com/eliteprogrammingteam-Cooper-Hewitt-Art-Viewing/dp/B07KHJK9DS/ref=sr_1_276?brr=1&dchild=1&qid=1634419538&rd=1&s=digital-skills&sr=1-276", "Photography facts": "https://www.amazon.com/Profeserv-Photography-facts/dp/B07SSL2TQP/ref=sr_1_277?brr=1&dchild=1&qid=1634419538&rd=1&s=digital-skills&sr=1-277", "The Belle of Amherst": "https://www.amazon.com/Michael-Norton-The-Belle-Amherst/dp/B06XNM6GR9/ref=sr_1_278?brr=1&dchild=1&qid=1634419538&rd=1&s=digital-skills&sr=1-278", "Fast Fact President Taft": "https://www.amazon.com/ButtonPushApps-Fast-Fact-President-Taft/dp/B07JRDSDJV/ref=sr_1_279?brr=1&dchild=1&qid=1634419538&rd=1&s=digital-skills&sr=1-279", "inclusive language": "https://www.amazon.com/Javier-Campos-lenguaje-inclusivo/dp/B07PPGLGWY/ref=sr_1_280?brr=1&dchild=1&qid=1634419538&rd=1&s=digital-skills&sr=1-280", "Fast Fact President Pierce": "https://www.amazon.com/ButtonPushApps-Fast-Fact-President-Pierce/dp/B07JRDS771/ref=sr_1_281?brr=1&dchild=1&qid=1634419538&rd=1&s=digital-skills&sr=1-281", "AllAbout Snoring": "https://www.amazon.com/Allsuper-Info-AllAbout-Snoring/dp/B083WD1W35/ref=sr_1_282?brr=1&dchild=1&qid=1634419538&rd=1&s=digital-skills&sr=1-282", "Fast Fact President Garfield": "https://www.amazon.com/ButtonPushApps-Fast-Fact-President-Garfield/dp/B07JRDP3YH/ref=sr_1_283?brr=1&dchild=1&qid=1634419538&rd=1&s=digital-skills&sr=1-283", "Speech Therapy Practice": "https://www.amazon.com/Central-Speech-Solutions-LLC-Practice/dp/B07R8LVL41/ref=sr_1_284?brr=1&dchild=1&qid=1634419538&rd=1&s=digital-skills&sr=1-284", "Vintage Jeeps": "https://www.amazon.com/Edgett-Vintage-Jeeps/dp/B079395GZC/ref=sr_1_285?brr=1&dchild=1&qid=1634419538&rd=1&s=digital-skills&sr=1-285", "Brainsprays": "https://www.amazon.com/Brainspray-Brainsprays/dp/B088R1445G/ref=sr_1_286?brr=1&dchild=1&qid=1634419538&rd=1&s=digital-skills&sr=1-286", "DMV Test": "https://www.amazon.com/Chirpy-Cali-DMV-Test/dp/B01IZ5OWIM/ref=sr_1_287?brr=1&dchild=1&qid=1634419538&rd=1&s=digital-skills&sr=1-287", "News in Slow German": "https://www.amazon.com/Linguistica-360-Inc-News-German/dp/B07MNKKDKP/ref=sr_1_288?brr=1&dchild=1&qid=1634419538&rd=1&s=digital-skills&sr=1-288"}