{"Chinese Zodiac": "https://www.amazon.com/TrulyGroup-Chinese-Zodiac/dp/B078R2Y95Q/ref=sr_1_289?brr=1&dchild=1&qid=1634419541&rd=1&s=digital-skills&sr=1-289", "anatomy-facts": "https://www.amazon.com/Daniel-Huang-anatomy-facts/dp/B07F746TZX/ref=sr_1_290?brr=1&dchild=1&qid=1634419541&rd=1&s=digital-skills&sr=1-290", "Mayo Clinic First Aid": "https://www.amazon.com/Mayo-Clinic-First-Aid/dp/B0744LJCV2/ref=sr_1_291?brr=1&dchild=1&qid=1634419541&rd=1&s=digital-skills&sr=1-291", "State Abbreviations": "https://www.amazon.com/Sary-Brave-State-Abbreviations/dp/B01HT4NWF4/ref=sr_1_294?brr=1&dchild=1&qid=1634419541&rd=1&s=digital-skills&sr=1-294", "state abbreviations multiple choice": "https://www.amazon.com/chameleon-Wireless-abbreviations-multiple-choice/dp/B01JR5MJCU/ref=sr_1_293?brr=1&dchild=1&qid=1634419541&rd=1&s=digital-skills&sr=1-293", "Thinking Cap Math": "https://www.amazon.com/Thinking-Cap-Math/dp/B07YG3BL1K/ref=sr_1_295?brr=1&dchild=1&qid=1634419541&rd=1&s=digital-skills&sr=1-295", "Gadget Quiz": "https://www.amazon.com/VOXOGENIC-TECHNOLOGIES-PVT-LTD-Gadget/dp/B07GLHW37X/ref=sr_1_296?brr=1&dchild=1&qid=1634419541&rd=1&s=digital-skills&sr=1-296", "Asthma Device Helper": "https://www.amazon.com/Aziz-Asthma-Device-Helper/dp/B07791D881/ref=sr_1_297?brr=1&dchild=1&qid=1634419541&rd=1&s=digital-skills&sr=1-297", "Holy Quraan": "https://www.amazon.com/GO-APP-Holy-Quraan/dp/B01NA9OQPA/ref=sr_1_298?brr=1&dchild=1&qid=1634419541&rd=1&s=digital-skills&sr=1-298", "Lord's Prayer": "https://www.amazon.com/Arthur-Christoph-Lords-Prayer/dp/B077VNRJPZ/ref=sr_1_299?brr=1&dchild=1&qid=1634419541&rd=1&s=digital-skills&sr=1-299", "media player facts": "https://www.amazon.com/Maxwell-Mccullough-media-player-facts/dp/B07LDPX4Z1/ref=sr_1_300?brr=1&dchild=1&qid=1634419541&rd=1&s=digital-skills&sr=1-300", "Learn Chinese": "https://www.amazon.com/smartio-life-Learn-Chinese/dp/B07CHFKFDJ/ref=sr_1_301?brr=1&dchild=1&qid=1634419541&rd=1&s=digital-skills&sr=1-301", "Holidays Quiz": "https://www.amazon.com/Cyrus-Vachha-Holidays-Quiz/dp/B077RJVZK8/ref=sr_1_302?brr=1&dchild=1&qid=1634419541&rd=1&s=digital-skills&sr=1-302", "Pranav poems": "https://www.amazon.com/Pranav-Gurditta-poems/dp/B07JJQFSF8/ref=sr_1_303?brr=1&dchild=1&qid=1634419541&rd=1&s=digital-skills&sr=1-303", "Hamster fun facts": "https://www.amazon.com/Tobias-Domhan-Hamster-fun-facts/dp/B01M2X3ED6/ref=sr_1_304?brr=1&dchild=1&qid=1634419541&rd=1&s=digital-skills&sr=1-304"}