{"Medicinal Marijuana Facts": "https://www.amazon.com/Education-Entrepreneurs-Medicinal-Marijuana-Facts/dp/B07P84TZWX/ref=sr_1_17?brr=1&dchild=1&qid=1634419494&rd=1&s=digital-skills&sr=1-17", "The Bible": "https://www.amazon.com/Spriton-Systems-LLC-The-Bible/dp/B019S6O3LS/ref=sr_1_18?brr=1&dchild=1&qid=1634419494&rd=1&s=digital-skills&sr=1-18", "Bible New World Translation of the Holy Scriptures": "https://www.amazon.com/Bible-World-Translation-Holy-Scriptures/dp/B01FTMD5VY/ref=sr_1_19?brr=1&dchild=1&qid=1634419494&rd=1&s=digital-skills&sr=1-19", "Klingon Word of the Day": "https://www.amazon.com/Klingon-Word-of-the-Day/dp/B07QK1F1QJ/ref=sr_1_20?brr=1&dchild=1&qid=1634419494&rd=1&s=digital-skills&sr=1-20", "Translated": "https://www.amazon.com/Translated-Labs/dp/B01N9BZJPZ/ref=sr_1_21?brr=1&dchild=1&qid=1634419494&rd=1&s=digital-skills&sr=1-21", "Voice Recognition": "https://www.amazon.com/Yashovardhan-Voice-Recognition/dp/B083NY6SN7/ref=sr_1_22?brr=1&dchild=1&qid=1634419494&rd=1&s=digital-skills&sr=1-22", "Arrive skill": "https://www.amazon.com/Swapnil-Arrive-skill/dp/B072JTFPG1/ref=sr_1_23?brr=1&dchild=1&qid=1634419494&rd=1&s=digital-skills&sr=1-23", "Smart Home Video Smart Home TV Smart Home Training": "https://www.amazon.com/Smart-Home-Video-TV-Training/dp/B07HLNK63Z/ref=sr_1_24?brr=1&dchild=1&qid=1634419494&rd=1&s=digital-skills&sr=1-24", "x-ray skills": "https://www.amazon.com/Nevaeh-Holt-x-ray-skills/dp/B07LCLYWL2/ref=sr_1_25?brr=1&dchild=1&qid=1634419494&rd=1&s=digital-skills&sr=1-25", "History Unplugged": "https://www.amazon.com/CreateMyVoice-com-History-Unplugged/dp/B07CS3V21Y/ref=sr_1_26?brr=1&dchild=1&qid=1634419494&rd=1&s=digital-skills&sr=1-26", "Car Facts Skill": "https://www.amazon.com/Anand-Kannan-Car-Facts-Skill/dp/B01MZCEL3U/ref=sr_1_27?brr=1&dchild=1&qid=1634419494&rd=1&s=digital-skills&sr=1-27", "Spy World Time": "https://www.amazon.com/Laapa-Spy-World-Time/dp/B091YS7FQ3/ref=sr_1_28?brr=1&dchild=1&qid=1634419494&rd=1&s=digital-skills&sr=1-28", "My Pocket: Unofficial Pocket Skill": "https://www.amazon.com/My-Pocket-Unofficial-Skill/dp/B071KZFKLM/ref=sr_1_29?brr=1&dchild=1&qid=1634419494&rd=1&s=digital-skills&sr=1-29", "Be Fashionable Today": "https://www.amazon.com/allsuper-info-for-SaVo-Elite-Fashionable/dp/B084H7WQWR/ref=sr_1_30?brr=1&dchild=1&qid=1634419494&rd=1&s=digital-skills&sr=1-30", "Interior Design Ideas": "https://www.amazon.com/allsuper-info-for-SaVo-Elite-Interior/dp/B084H781WD/ref=sr_1_31?brr=1&dchild=1&qid=1634419494&rd=1&s=digital-skills&sr=1-31", "Bedtime Story": "https://www.amazon.com/Gaggle-Bedtime-Story/dp/B07FX94Z48/ref=sr_1_32?brr=1&dchild=1&qid=1634419494&rd=1&s=digital-skills&sr=1-32"}