{"Rescan My TV": "https://www.amazon.com/National-Association-of-Broadcasters-Rescan/dp/B07R5Z7Z69/ref=sr_1_305?brr=1&dchild=1&qid=1634419544&rd=1&s=digital-skills&sr=1-305", "Math Facts - Math Practice for Kids": "https://www.amazon.com/Math-Facts-Practice-Kids/dp/B01HLUPI08/ref=sr_1_306?brr=1&dchild=1&qid=1634419544&rd=1&s=digital-skills&sr=1-306", "Chattanooga Facts": "https://www.amazon.com/Southside-Skills-Chattanooga-Facts/dp/B072PZW4GP/ref=sr_1_307?brr=1&dchild=1&qid=1634419544&rd=1&s=digital-skills&sr=1-307", "Korean Baby Words": "https://www.amazon.com/jyeee-Korean-Baby-Words/dp/B07JPJL7ZJ/ref=sr_1_308?brr=1&dchild=1&qid=1634419544&rd=1&s=digital-skills&sr=1-308", "Connect Features": "https://www.amazon.com/Tonya-LaBarbera-Connect-Features/dp/B08L5PC5FG/ref=sr_1_309?brr=1&dchild=1&qid=1634419544&rd=1&s=digital-skills&sr=1-309", "Nica Facts": "https://www.amazon.com/Jose-Matus-Nica-Facts/dp/B01MFHYE75/ref=sr_1_310?brr=1&dchild=1&qid=1634419544&rd=1&s=digital-skills&sr=1-310", "Learn About Bad Breath": "https://www.amazon.com/Allsuper-Info-Learn-About-Bad-Breath/dp/B08LK6BHN4/ref=sr_1_311?brr=1&dchild=1&qid=1634419544&rd=1&s=digital-skills&sr=1-311", "Where History Meets Mystery with Kari Bovee": "https://www.amazon.com/Where-History-Meets-Mystery-Bovee/dp/B0886GMKXC/ref=sr_1_312?brr=1&dchild=1&qid=1634419544&rd=1&s=digital-skills&sr=1-312", "This Day in History Top Story": "https://www.amazon.com/This-Day-History-Top-Story/dp/B06XH9VWV5/ref=sr_1_313?brr=1&dchild=1&qid=1634419544&rd=1&s=digital-skills&sr=1-313", "Dog Sounds": "https://www.amazon.com/TopVoiceApps-com-Dog-Sounds/dp/B0883CQQ4S/ref=sr_1_314?brr=1&dchild=1&qid=1634419544&rd=1&s=digital-skills&sr=1-314", "Study Focus Classic Music": "https://www.amazon.com/Zen-Apps-Study-Focus-Classic/dp/B07FYG18RX/ref=sr_1_315?brr=1&dchild=1&qid=1634419544&rd=1&s=digital-skills&sr=1-315", "UIS": "https://www.amazon.com/University-of-Illinois-Springfield-UIS/dp/B074Q2SZTC/ref=sr_1_316?brr=1&dchild=1&qid=1634419544&rd=1&s=digital-skills&sr=1-316", "Network Tools": "https://www.amazon.com/CompAces-Network-Tools/dp/B082WZ938X/ref=sr_1_317?brr=1&dchild=1&qid=1634419544&rd=1&s=digital-skills&sr=1-317", "Periodic Table": "https://www.amazon.com/Profeserv-Periodic-Table/dp/B07SSS5JW6/ref=sr_1_318?brr=1&dchild=1&qid=1634419544&rd=1&s=digital-skills&sr=1-318", "User Manuals": "https://www.amazon.com/Surehart-User-Manuals/dp/B07T55YMTK/ref=sr_1_319?brr=1&dchild=1&qid=1634419544&rd=1&s=digital-skills&sr=1-319", "Image Finder": "https://www.amazon.com/SpeedyMarks-Image-Finder/dp/B07KVZ2MMG/ref=sr_1_320?brr=1&dchild=1&qid=1634419544&rd=1&s=digital-skills&sr=1-320"}