{"Guitar Teacher": "https://www.amazon.com/Drawrz-com-Guitar-Teacher/dp/B01N805N3E/ref=sr_1_369?brr=1&dchild=1&qid=1634419555&rd=1&s=digital-skills&sr=1-369", "Developer Tutorial ('Zero to Hero')": "https://www.amazon.com/Developer-Tutorial-Zero-to-Hero/dp/B08L6LQJQ3/ref=sr_1_370?brr=1&dchild=1&qid=1634419555&rd=1&s=digital-skills&sr=1-370", "Whitehall Ohio Facts": "https://www.amazon.com/Kavinci-Tech-Whitehall-Ohio-Facts/dp/B01J9Y0QJM/ref=sr_1_371?brr=1&dchild=1&qid=1634419555&rd=1&s=digital-skills&sr=1-371", "World Scanner": "https://www.amazon.com/henry-nisce-World-Scanner/dp/B07PGPBVS1/ref=sr_1_372?brr=1&dchild=1&qid=1634419555&rd=1&s=digital-skills&sr=1-372", "ABCD - Listen & Practice Alphabets": "https://www.amazon.com/Swapnil-Chouhan-ABCD-Practice-Alphabets/dp/B07W9KSQCW/ref=sr_1_373?brr=1&dchild=1&qid=1634419555&rd=1&s=digital-skills&sr=1-373", "Consonant Vowel Consonant": "https://www.amazon.com/Brainspray-Consonant-Vowel/dp/B0826Q1N9J/ref=sr_1_374?brr=1&dchild=1&qid=1634419555&rd=1&s=digital-skills&sr=1-374", "All About Ballet": "https://www.amazon.com/easyskills-allsuper-info-for-ebookvault-biz-About-Ballet/dp/B0861BM8RL/ref=sr_1_375?brr=1&dchild=1&qid=1634419555&rd=1&s=digital-skills&sr=1-375", "Taekwondo Facts": "https://www.amazon.com/Voice-Data-Soft-Taekwondo-Facts/dp/B07G5G3F6S/ref=sr_1_376?brr=1&dchild=1&qid=1634419555&rd=1&s=digital-skills&sr=1-376", "Verse of the day": "https://www.amazon.com/Life-Church-Verse-of-the-Day/dp/B07V7ZKFMN/ref=sr_1_377?brr=1&dchild=1&qid=1634419555&rd=1&s=digital-skills&sr=1-377", "Factorial": "https://www.amazon.com/Internet-Connection-Factorial/dp/B087B979RT/ref=sr_1_378?brr=1&dchild=1&qid=1634419555&rd=1&s=digital-skills&sr=1-378", "Aquafresh Brush Time": "https://www.amazon.com/Aquafresh-Brush-Time/dp/B089DNH8ZY/ref=sr_1_379?brr=1&dchild=1&qid=1634419555&rd=1&s=digital-skills&sr=1-379", "Angel Numbers": "https://www.amazon.com/Gerald-Ladouceur-Angel-Numbers/dp/B072FVZ7Q8/ref=sr_1_380?brr=1&dchild=1&qid=1634419555&rd=1&s=digital-skills&sr=1-380", "The Armor of God": "https://www.amazon.com/Unique-Coding-Solutions-LLC-Armor/dp/B077QFNDGG/ref=sr_1_381?brr=1&dchild=1&qid=1634419555&rd=1&s=digital-skills&sr=1-381", "Smart Calendar Alarm Clock": "https://www.amazon.com/Aaron-Smart-Calendar-Alarm-Clock/dp/B07JPXM3Z9/ref=sr_1_382?brr=1&dchild=1&qid=1634419555&rd=1&s=digital-skills&sr=1-382", "Firestone Complete Auto Care Corinth": "https://www.amazon.com/Firestone-Complete-Auto-Care-Corinth/dp/B094V2VVQ3/ref=sr_1_383?brr=1&dchild=1&qid=1634419555&rd=1&s=digital-skills&sr=1-383", "Rise and Smile": "https://www.amazon.com/Amazon-in-the-Community-Smile/dp/B07K4WXQ6L/ref=sr_1_384?brr=1&dchild=1&qid=1634419555&rd=1&s=digital-skills&sr=1-384"}