{"My Talking Books": "https://www.amazon.com/RealThing-AI-My-Talking-Books/dp/B09J1F3T9S/ref=sr_1_401?brr=1&dchild=1&qid=1634419560&rd=1&s=digital-skills&sr=1-401", "Alpha Phonetic Review": "https://www.amazon.com/sscarlett-Alpha-Phonetic-Review/dp/B09HQHT3GM/ref=sr_1_402?brr=1&dchild=1&qid=1634419560&rd=1&s=digital-skills&sr=1-402", "Glitchdex 2": "https://www.amazon.com/selectthegang-Glitchdex-2/dp/B09HGMKHGB/ref=sr_1_403?brr=1&dchild=1&qid=1634419560&rd=1&s=digital-skills&sr=1-403", "Washington River Flows": "https://www.amazon.com/Grant-Herbert-Washington-River-Flows/dp/B09H6Q67MQ/ref=sr_1_404?brr=1&dchild=1&qid=1634419560&rd=1&s=digital-skills&sr=1-404", "National Park Campgrounds": "https://www.amazon.com/Narasinga-Inc-National-Park-Campgrounds/dp/B09H5NPDKL/ref=sr_1_405?brr=1&dchild=1&qid=1634419560&rd=1&s=digital-skills&sr=1-405", "OVON Ambassador": "https://www.amazon.com/Open-Voice-Network-OVON-Ambassador/dp/B09H364L3G/ref=sr_1_406?brr=1&dchild=1&qid=1634419560&rd=1&s=digital-skills&sr=1-406", "Check the Syllabus": "https://www.amazon.com/Default-User-Check-the-Syllabus/dp/B09H2YD7MG/ref=sr_1_407?brr=1&dchild=1&qid=1634419560&rd=1&s=digital-skills&sr=1-407", "Real Books": "https://www.amazon.com/RealThing-AI-customer-developments-Books/dp/B09GXZCRM4/ref=sr_1_408?brr=1&dchild=1&qid=1634419560&rd=1&s=digital-skills&sr=1-408", "TECH ALPHARETTA": "https://www.amazon.com/INfoSmart-Technologies-Inc-TECH-ALPHARETTA/dp/B09GRZ8YQR/ref=sr_1_409?brr=1&dchild=1&qid=1634419560&rd=1&s=digital-skills&sr=1-409", "SOP lab exp": "https://www.amazon.com/Wipro-SOP-lab-exp/dp/B09GRM45QF/ref=sr_1_410?brr=1&dchild=1&qid=1634419560&rd=1&s=digital-skills&sr=1-410", "Literacy Teachers": "https://www.amazon.com/Leigh-A-Hall-Literacy-Teachers/dp/B09GPS151G/ref=sr_1_411?brr=1&dchild=1&qid=1634419560&rd=1&s=digital-skills&sr=1-411", "Puerto Rico Travel Secrets": "https://www.amazon.com/Presto-Marketing-Group-Puerto-Secrets/dp/B09G34MC1J/ref=sr_1_412?brr=1&dchild=1&qid=1634419560&rd=1&s=digital-skills&sr=1-412", "Cashew Demo": "https://www.amazon.com/Cashew-ai-Cashew-Demo/dp/B09FSTGQR3/ref=sr_1_413?brr=1&dchild=1&qid=1634419560&rd=1&s=digital-skills&sr=1-413", "The Brooks Menu": "https://www.amazon.com/VoCo-The-Brooks-Menu/dp/B09FP4T1CC/ref=sr_1_414?brr=1&dchild=1&qid=1634419560&rd=1&s=digital-skills&sr=1-414", "Amador Valley Information Skill": "https://www.amazon.com/AdamT-Amador-Valley-Information-Skill/dp/B09FGR5FCL/ref=sr_1_415?brr=1&dchild=1&qid=1634419560&rd=1&s=digital-skills&sr=1-415", "Happy Being Well": "https://www.amazon.com/selfsage-Happy-Being-Well/dp/B09FB3H3RG/ref=sr_1_416?brr=1&dchild=1&qid=1634419560&rd=1&s=digital-skills&sr=1-416"}