{"No Fluff Just Stuff": "https://www.amazon.com/Craig-Walls-Fluff-Just-Stuff/dp/B09F3NX3NB/ref=sr_1_417?brr=1&dchild=1&qid=1634419563&rd=1&s=digital-skills&sr=1-417", "i Tuffy": "https://www.amazon.com/California-State-University-Fullerton-Tuffy/dp/B09DV8QT3C/ref=sr_1_418?brr=1&dchild=1&qid=1634419563&rd=1&s=digital-skills&sr=1-418", "Marymount School Technology Facts": "https://www.amazon.com/Eric-Walters-Marymount-School-Technology/dp/B09DSZGFN3/ref=sr_1_419?brr=1&dchild=1&qid=1634419563&rd=1&s=digital-skills&sr=1-419", "S. M. A. Ability Tracker": "https://www.amazon.com/S-M-A-Ability-Tracker/dp/B09DSHLLRZ/ref=sr_1_420?brr=1&dchild=1&qid=1634419563&rd=1&s=digital-skills&sr=1-420", "Victim Assistance Program": "https://www.amazon.com/3Di-Inc-Victim-Assistance-Program/dp/B09DP9D22P/ref=sr_1_421?brr=1&dchild=1&qid=1634419563&rd=1&s=digital-skills&sr=1-421", "Rain Storm Solutions": "https://www.amazon.com/Voice-Advice-Application-Storm-Solutions/dp/B09DG4BLHJ/ref=sr_1_422?brr=1&dchild=1&qid=1634419563&rd=1&s=digital-skills&sr=1-422", "Mendota Buoy": "https://www.amazon.com/Steve-Perkins-Mendota-Buoy/dp/B09DBCWJRK/ref=sr_1_423?brr=1&dchild=1&qid=1634419563&rd=1&s=digital-skills&sr=1-423", "Word of the Day": "https://www.amazon.com/PharynxAI-Word-of-the-Day/dp/B09D2SWLCT/ref=sr_1_424?brr=1&dchild=1&qid=1634419563&rd=1&s=digital-skills&sr=1-424", "German Vocabulary Trainer": "https://www.amazon.com/Uni-Kiel-German-Vocabulary-Trainer/dp/B09D2J6WBQ/ref=sr_1_425?brr=1&dchild=1&qid=1634419563&rd=1&s=digital-skills&sr=1-425", "smart cap": "https://www.amazon.com/Shital-Gaikwad-smart-cap/dp/B09CYCJCMY/ref=sr_1_426?brr=1&dchild=1&qid=1634419563&rd=1&s=digital-skills&sr=1-426", "NX Experience": "https://www.amazon.com/Cashew-ai-NX-Experience/dp/B09CWBN8CJ/ref=sr_1_427?brr=1&dchild=1&qid=1634419563&rd=1&s=digital-skills&sr=1-427", "EBPL": "https://www.amazon.com/EBPL/dp/B09CTKVHJ3/ref=sr_1_428?brr=1&dchild=1&qid=1634419563&rd=1&s=digital-skills&sr=1-428", "TeleTrainer 02": "https://www.amazon.com/LiveVR-TeleTrainer-02/dp/B09CQ8LK7H/ref=sr_1_429?brr=1&dchild=1&qid=1634419563&rd=1&s=digital-skills&sr=1-429", "Daycare Staff Questions": "https://www.amazon.com/Southwest-Washington-Learning-Center-Questions/dp/B09CD7GWC1/ref=sr_1_430?brr=1&dchild=1&qid=1634419563&rd=1&s=digital-skills&sr=1-430", "Note My Key": "https://www.amazon.com/WAHLAX-LLC-Note-My-Key/dp/B09C36BNHG/ref=sr_1_431?brr=1&dchild=1&qid=1634419563&rd=1&s=digital-skills&sr=1-431", "The Constitution Drill": "https://www.amazon.com/Spokenpedia-The-Constitution-Drill/dp/B09BYXHHXP/ref=sr_1_432?brr=1&dchild=1&qid=1634419563&rd=1&s=digital-skills&sr=1-432"}