{"Reflection Questions": "https://www.amazon.com/Learning-Connect-LLC-Reflection-Questions/dp/B09BBK64H5/ref=sr_1_449?brr=1&dchild=1&qid=1634419569&rd=1&s=digital-skills&sr=1-449", "Learning Products": "https://www.amazon.com/Learning-Connect-LLC-Products/dp/B09B9QXR4G/ref=sr_1_450?brr=1&dchild=1&qid=1634419569&rd=1&s=digital-skills&sr=1-450", "The Beggin' Boogie": "https://www.amazon.com/Walk-On-Holdings-The-Beggin-Boogie/dp/B09B81GZCX/ref=sr_1_451?brr=1&dchild=1&qid=1634419569&rd=1&s=digital-skills&sr=1-451", "Group Innovators": "https://www.amazon.com/Learning-Connect-LLC-Group-Innovators/dp/B09B7PZN2K/ref=sr_1_452?brr=1&dchild=1&qid=1634419569&rd=1&s=digital-skills&sr=1-452", "Elaborator Tools": "https://www.amazon.com/Learning-Connect-LLC-Elaborator-Tools/dp/B09B7KCY91/ref=sr_1_453?brr=1&dchild=1&qid=1634419569&rd=1&s=digital-skills&sr=1-453", "Scenario Solutions": "https://www.amazon.com/Learning-Connect-LLC-Scenario-Solutions/dp/B09B7FB93K/ref=sr_1_454?brr=1&dchild=1&qid=1634419569&rd=1&s=digital-skills&sr=1-454", "Group Reading Tools": "https://www.amazon.com/Learning-Connect-LLC-Group-Reading/dp/B09B7F6SZ1/ref=sr_1_455?brr=1&dchild=1&qid=1634419569&rd=1&s=digital-skills&sr=1-455", "Real Life Applications": "https://www.amazon.com/Learning-Connect-LLC-Real-Applications/dp/B09B7CNV3L/ref=sr_1_456?brr=1&dchild=1&qid=1634419569&rd=1&s=digital-skills&sr=1-456", "Expert Quest Tools": "https://www.amazon.com/Learning-Connect-LLC-Expert-Quest/dp/B09B7782JF/ref=sr_1_457?brr=1&dchild=1&qid=1634419569&rd=1&s=digital-skills&sr=1-457", "Reading Journal Tools": "https://www.amazon.com/Learning-Connect-LLC-Reading-Journal/dp/B09B776NF5/ref=sr_1_458?brr=1&dchild=1&qid=1634419569&rd=1&s=digital-skills&sr=1-458", "Instructional Stoppers": "https://www.amazon.com/Learning-Connect-LLC-Instructional-Stoppers/dp/B09B7382M8/ref=sr_1_459?brr=1&dchild=1&qid=1634419569&rd=1&s=digital-skills&sr=1-459", "Comparison Thinkers": "https://www.amazon.com/Learning-Connect-LLC-Comparison-Thinkers/dp/B09B729RYD/ref=sr_1_460?brr=1&dchild=1&qid=1634419569&rd=1&s=digital-skills&sr=1-460", "Oral Reading Tools": "https://www.amazon.com/Learning-Connect-LLC-Reading-Tools/dp/B09B6ZR19B/ref=sr_1_461?brr=1&dchild=1&qid=1634419569&rd=1&s=digital-skills&sr=1-461", "Note Taking Tools": "https://www.amazon.com/Learning-Connect-LLC-Taking-Tools/dp/B09B6ZN16C/ref=sr_1_462?brr=1&dchild=1&qid=1634419569&rd=1&s=digital-skills&sr=1-462", "Pucela hymn": "https://www.amazon.com/akahalber920-Pucela-hymn/dp/B09B3T71RD/ref=sr_1_463?brr=1&dchild=1&qid=1634419569&rd=1&s=digital-skills&sr=1-463", "Awesome Leaf Game": "https://www.amazon.com/Pramod-Awesome-Leaf-Game/dp/B09B32HX21/ref=sr_1_464?brr=1&dchild=1&qid=1634419569&rd=1&s=digital-skills&sr=1-464"}