{"Jewish inspiration": "https://www.amazon.com/John-Baez-C-Jewish-inspiration/dp/B0968LVKN3/ref=sr_1_497?brr=1&dchild=1&qid=1634419577&rd=1&s=digital-skills&sr=1-497", "Making Sense with Lee": "https://www.amazon.com/Lee-Manns-Making-Sense-with/dp/B0968HY45Q/ref=sr_1_498?brr=1&dchild=1&qid=1634419577&rd=1&s=digital-skills&sr=1-498", "Ivy Demo Bot": "https://www.amazon.com/Ivy-ai-Inc-Ivy-Demo-Bot/dp/B09689L147/ref=sr_1_499?brr=1&dchild=1&qid=1634419577&rd=1&s=digital-skills&sr=1-499", "Tupac Quotes": "https://www.amazon.com/Krusenapp-Tupac-Quotes/dp/B0964WC7G1/ref=sr_1_500?brr=1&dchild=1&qid=1634419577&rd=1&s=digital-skills&sr=1-500", "MDC Chatbot": "https://www.amazon.com/Miami-Dade-College-MDC-Chatbot/dp/B095SVZ4H2/ref=sr_1_501?brr=1&dchild=1&qid=1634419577&rd=1&s=digital-skills&sr=1-501", "Photo Prompts": "https://www.amazon.com/Carol-Schiraldi-Photo-Prompts/dp/B095ST7Z82/ref=sr_1_502?brr=1&dchild=1&qid=1634419577&rd=1&s=digital-skills&sr=1-502", "John Cena Facts": "https://www.amazon.com/None-John-Cena-Facts/dp/B095P1P6F2/ref=sr_1_503?brr=1&dchild=1&qid=1634419577&rd=1&s=digital-skills&sr=1-503", "Clairemont Equipment Rentals": "https://www.amazon.com/Voice-Advice-Application-Clairemont-Equipment/dp/B095KNVHRR/ref=sr_1_504?brr=1&dchild=1&qid=1634419577&rd=1&s=digital-skills&sr=1-504", "Spot the Set": "https://www.amazon.com/SayKid-Spot-the-Set/dp/B095KNB2K9/ref=sr_1_505?brr=1&dchild=1&qid=1634419577&rd=1&s=digital-skills&sr=1-505", "Firestone Complete Auto Care Carrollton": "https://www.amazon.com/Firestone-Complete-Auto-Care-Carrollton/dp/B095KM6DR3/ref=sr_1_506?brr=1&dchild=1&qid=1634419577&rd=1&s=digital-skills&sr=1-506", "Firestone Complete Auto Care Tacoma": "https://www.amazon.com/Firestone-Complete-Auto-Care-Tacoma/dp/B095JB955G/ref=sr_1_507?brr=1&dchild=1&qid=1634419577&rd=1&s=digital-skills&sr=1-507", "Gammamultien2021-05-18T14:53:25.316": "https://www.amazon.com/BLR-QA-Gammamultien2021-05-18T14-53-25-316/dp/B09583J24Z/ref=sr_1_508?brr=1&dchild=1&qid=1634419577&rd=1&s=digital-skills&sr=1-508", "yarmouk university": "https://www.amazon.com/Yarmouk-University-yarmouk-university/dp/B0952219K8/ref=sr_1_509?brr=1&dchild=1&qid=1634419577&rd=1&s=digital-skills&sr=1-509", "Discover Porsche Taycan": "https://www.amazon.com/Porsche-Discover-Taycan/dp/B094YRMFZ5/ref=sr_1_510?brr=1&dchild=1&qid=1634419577&rd=1&s=digital-skills&sr=1-510", "Airtable Status": "https://www.amazon.com/Enabled-Airtable-Status/dp/B094Y363L6/ref=sr_1_511?brr=1&dchild=1&qid=1634419577&rd=1&s=digital-skills&sr=1-511", "Firestone Complete Auto Care Allentown": "https://www.amazon.com/Firestone-Complete-Auto-Care-Allentown/dp/B094W39HMH/ref=sr_1_512?brr=1&dchild=1&qid=1634419577&rd=1&s=digital-skills&sr=1-512"}