{"Firestone Complete Auto Care Lakewood": "https://www.amazon.com/Firestone-Complete-Auto-Care-Lakewood/dp/B094QNPFBP/ref=sr_1_561?brr=1&dchild=1&qid=1634419588&rd=1&s=digital-skills&sr=1-561", "Firestone Complete Auto Care Appleton": "https://www.amazon.com/Firestone-Complete-Auto-Care-Appleton/dp/B094QNL6J1/ref=sr_1_562?brr=1&dchild=1&qid=1634419588&rd=1&s=digital-skills&sr=1-562", "Firestone Complete Auto Care Richmond": "https://www.amazon.com/Firestone-Complete-Auto-Care-Richmond/dp/B094QN4V7Y/ref=sr_1_563?brr=1&dchild=1&qid=1634419588&rd=1&s=digital-skills&sr=1-563", "Firestone Complete Auto Care Dallas": "https://www.amazon.com/Firestone-Complete-Auto-Care-Dallas/dp/B094QM63H9/ref=sr_1_564?brr=1&dchild=1&qid=1634419588&rd=1&s=digital-skills&sr=1-564", "Firestone Complete Auto Care Covington": "https://www.amazon.com/Firestone-Complete-Auto-Care-Covington/dp/B094QL1GJZ/ref=sr_1_565?brr=1&dchild=1&qid=1634419588&rd=1&s=digital-skills&sr=1-565", "Firestone Complete Auto Care Peoria": "https://www.amazon.com/Firestone-Complete-Auto-Care-Peoria/dp/B094QK6LGL/ref=sr_1_566?brr=1&dchild=1&qid=1634419588&rd=1&s=digital-skills&sr=1-566", "Firestone Complete Auto Care Roanoke": "https://www.amazon.com/Firestone-Complete-Auto-Care-Roanoke/dp/B094QJRPYK/ref=sr_1_567?brr=1&dchild=1&qid=1634419588&rd=1&s=digital-skills&sr=1-567", "Firestone Complete Auto Care Allentown": "https://www.amazon.com/Firestone-Complete-Auto-Care-Allentown/dp/B094QHWXSM/ref=sr_1_568?brr=1&dchild=1&qid=1634419588&rd=1&s=digital-skills&sr=1-568", "Firestone Complete Auto Care Queensbury": "https://www.amazon.com/Firestone-Complete-Auto-Care-Queensbury/dp/B094QFGV6G/ref=sr_1_569?brr=1&dchild=1&qid=1634419588&rd=1&s=digital-skills&sr=1-569", "All Welding": "https://www.amazon.com/Voice-Advice-Application-All-Welding/dp/B094QFGRY6/ref=sr_1_570?brr=1&dchild=1&qid=1634419588&rd=1&s=digital-skills&sr=1-570", "Firestone Complete Auto Care Stillwater": "https://www.amazon.com/Firestone-Complete-Auto-Care-Stillwater/dp/B094QDRRH2/ref=sr_1_571?brr=1&dchild=1&qid=1634419588&rd=1&s=digital-skills&sr=1-571", "Firestone Complete Auto Care Phoenix": "https://www.amazon.com/Firestone-Complete-Auto-Care-Phoenix/dp/B094QDKWYX/ref=sr_1_572?brr=1&dchild=1&qid=1634419588&rd=1&s=digital-skills&sr=1-572", "Firestone Complete Auto Care Auburn": "https://www.amazon.com/Firestone-Complete-Auto-Care-Auburn/dp/B094QD49JW/ref=sr_1_573?brr=1&dchild=1&qid=1634419588&rd=1&s=digital-skills&sr=1-573", "Firestone Complete Auto Care Urbandale": "https://www.amazon.com/Firestone-Complete-Auto-Care-Urbandale/dp/B094QCBWVY/ref=sr_1_574?brr=1&dchild=1&qid=1634419588&rd=1&s=digital-skills&sr=1-574", "Firestone Complete Auto Care Salisbury": "https://www.amazon.com/Firestone-Complete-Auto-Care-Salisbury/dp/B094QC4FW4/ref=sr_1_575?brr=1&dchild=1&qid=1634419588&rd=1&s=digital-skills&sr=1-575", "Firestone Complete Auto Care Centralia": "https://www.amazon.com/Firestone-Complete-Auto-Care-Centralia/dp/B094QC3SQL/ref=sr_1_576?brr=1&dchild=1&qid=1634419588&rd=1&s=digital-skills&sr=1-576"}