{"Firestone Complete Auto Care Weatherford": "https://www.amazon.com/Firestone-Complete-Auto-Care-Weatherford/dp/B094JQV6CT/ref=sr_1_609?brr=1&dchild=1&qid=1634419597&rd=1&s=digital-skills&sr=1-609", "Firestone Complete Auto Care Mentor": "https://www.amazon.com/Firestone-Complete-Auto-Care-Mentor/dp/B094JQKZWP/ref=sr_1_610?brr=1&dchild=1&qid=1634419597&rd=1&s=digital-skills&sr=1-610", "Firestone Complete Auto Care Fremont": "https://www.amazon.com/Firestone-Complete-Auto-Care-Fremont/dp/B094JQDR3D/ref=sr_1_611?brr=1&dchild=1&qid=1634419597&rd=1&s=digital-skills&sr=1-611", "Firestone Complete Auto Care Tulsa": "https://www.amazon.com/Firestone-Complete-Auto-Care-Tulsa/dp/B094FLJHFS/ref=sr_1_617?brr=1&dchild=1&qid=1634419597&rd=1&s=digital-skills&sr=1-617", "Firestone Complete Auto Care Wilmington": "https://www.amazon.com/Firestone-Complete-Auto-Care-Wilmington/dp/B094JB37NW/ref=sr_1_613?brr=1&dchild=1&qid=1634419597&rd=1&s=digital-skills&sr=1-613", "Firestone Complete Auto Care Gallup": "https://www.amazon.com/Firestone-Complete-Auto-Care-Gallup/dp/B094J9QF4W/ref=sr_1_614?brr=1&dchild=1&qid=1634419597&rd=1&s=digital-skills&sr=1-614", "Firestone Complete Auto Care Dallas": "https://www.amazon.com/Firestone-Complete-Auto-Care-Dallas/dp/B094J7T2LQ/ref=sr_1_615?brr=1&dchild=1&qid=1634419597&rd=1&s=digital-skills&sr=1-615", "Cape Coral Chamber Briefing": "https://www.amazon.com/Chamber-of-Commerce-Cape-Coral/dp/B094HVHRJR/ref=sr_1_616?brr=1&dchild=1&qid=1634419597&rd=1&s=digital-skills&sr=1-616", "Firestone Complete Auto Care Liverpool": "https://www.amazon.com/Firestone-Complete-Auto-Care-Liverpool/dp/B094FGLZPG/ref=sr_1_618?brr=1&dchild=1&qid=1634419597&rd=1&s=digital-skills&sr=1-618", "The Thistle": "https://www.amazon.com/Middleburg-Academy-The-Thistle/dp/B094D8QWC7/ref=sr_1_619?brr=1&dchild=1&qid=1634419597&rd=1&s=digital-skills&sr=1-619", "Firestone Complete Auto Care Albuquerque": "https://www.amazon.com/Firestone-Complete-Auto-Care-Albuquerque/dp/B0949DKSZR/ref=sr_1_620?brr=1&dchild=1&qid=1634419597&rd=1&s=digital-skills&sr=1-620", "Firestone Complete Auto Care Cypress": "https://www.amazon.com/Firestone-Complete-Auto-Care-Cypress/dp/B09494JSLH/ref=sr_1_621?brr=1&dchild=1&qid=1634419597&rd=1&s=digital-skills&sr=1-621", "Firestone Complete Auto Care Baltimore": "https://www.amazon.com/Firestone-Complete-Auto-Care-Baltimore/dp/B0948VYCDZ/ref=sr_1_622?brr=1&dchild=1&qid=1634419597&rd=1&s=digital-skills&sr=1-622", "Family Dental Home": "https://www.amazon.com/Voice-Advice-Application-Family-Dental/dp/B0948TYD36/ref=sr_1_623?brr=1&dchild=1&qid=1634419597&rd=1&s=digital-skills&sr=1-623", "Learn Portuguese While Sleeping": "https://www.amazon.com/Smart-Skills-Learn-Portuguese-Sleeping/dp/B0946YGX2P/ref=sr_1_624?brr=1&dchild=1&qid=1634419597&rd=1&s=digital-skills&sr=1-624"}