{"Sarah Marie Solutions": "https://www.amazon.com/VoiceXP-Sarah-Marie-Solutions/dp/B0875NGYH6/ref=sr_1_49?brr=1&dchild=1&qid=1634419499&rd=1&s=digital-skills&sr=1-49", "Daily Almanac Flash Briefing": "https://www.amazon.com/Yankee-Publishing-Inc-Almanac-Briefing/dp/B07NSYYVY1/ref=sr_1_50?brr=1&dchild=1&qid=1634419499&rd=1&s=digital-skills&sr=1-50", "Apartments.com": "https://www.amazon.com/CoStar-Apartments-com/dp/B07WFXN6RZ/ref=sr_1_51?brr=1&dchild=1&qid=1634419499&rd=1&s=digital-skills&sr=1-51", "Frisco School Assistant": "https://www.amazon.com/Dijit-tech-Frisco-School-Assistant/dp/B09HCGM1DQ/ref=sr_1_52?brr=1&dchild=1&qid=1634419499&rd=1&s=digital-skills&sr=1-52", "Daily Dose by Innovative Language": "https://www.amazon.com/Daily-Dose-by-Innovative-Language/dp/B078J9CS1K/ref=sr_1_53?brr=1&dchild=1&qid=1634419499&rd=1&s=digital-skills&sr=1-53", "Kansas Driver\u2019s Practice Test": "https://www.amazon.com/Kansas-Information-Consortium-LLC-Practice/dp/B0855GVDLH/ref=sr_1_54?brr=1&dchild=1&qid=1634419499&rd=1&s=digital-skills&sr=1-54", "Learn Spanish - SpanishPod101.com Word of the Day": "https://www.amazon.com/Learn-Spanish-SpanishPod101-com-Word-Day/dp/B01NBW3LZK/ref=sr_1_55?brr=1&dchild=1&qid=1634419499&rd=1&s=digital-skills&sr=1-55", "Pimsleur": "https://www.amazon.com/Pimsleur/dp/B07CVDX7RL/ref=sr_1_56?brr=1&dchild=1&qid=1634419499&rd=1&s=digital-skills&sr=1-56", "Highlights Storybooks from Bamboo": "https://www.amazon.com/Bamboo-Learning-Inc-Highlights-Storybooks/dp/B07SQHDD99/ref=sr_1_57?brr=1&dchild=1&qid=1634419499&rd=1&s=digital-skills&sr=1-57", "New York Lotto Results": "https://www.amazon.com/The-Lottery-Company-Lotto-Results/dp/B07FTCW3GX/ref=sr_1_58?brr=1&dchild=1&qid=1634419499&rd=1&s=digital-skills&sr=1-58", "Fast Fact President Arthur": "https://www.amazon.com/ButtonPushApps-Fast-Fact-President-Arthur/dp/B07JYCPX9J/ref=sr_1_59?brr=1&dchild=1&qid=1634419499&rd=1&s=digital-skills&sr=1-59", "My Flashcards": "https://www.amazon.com/Acadia-Investments-My-Flashcards/dp/B09DPKK476/ref=sr_1_60?brr=1&dchild=1&qid=1634419499&rd=1&s=digital-skills&sr=1-60", "Signly": "https://www.amazon.com/Alexa-Blueprints-User-Signly/dp/B09HQVSCRR/ref=sr_1_61?brr=1&dchild=1&qid=1634419499&rd=1&s=digital-skills&sr=1-61", "French Numbers": "https://www.amazon.com/COMM-French-Numbers/dp/B07K246N3M/ref=sr_1_62?brr=1&dchild=1&qid=1634419499&rd=1&s=digital-skills&sr=1-62", "Shiba Inu Facts": "https://www.amazon.com/Mandy-Chan-Shiba-Inu-Facts/dp/B07613NYKH/ref=sr_1_63?brr=1&dchild=1&qid=1634419499&rd=1&s=digital-skills&sr=1-63", "Spanish Numbers": "https://www.amazon.com/COMM-Spanish-Numbers/dp/B076HGP454/ref=sr_1_64?brr=1&dchild=1&qid=1634419499&rd=1&s=digital-skills&sr=1-64"}