{"A Brand New Day": "https://www.amazon.com/Voice-Advice-Application-Brand-New/dp/B093WM2SCJ/ref=sr_1_641?brr=1&dchild=1&qid=1634419602&rd=1&s=digital-skills&sr=1-641", "El Palomar Restaurant": "https://www.amazon.com/Voice-Advice-Application-Palomar-Restaurant/dp/B093WBMTRY/ref=sr_1_642?brr=1&dchild=1&qid=1634419602&rd=1&s=digital-skills&sr=1-642", "Firestone Complete Auto Care Gilbert": "https://www.amazon.com/Firestone-Complete-Auto-Care-Gilbert/dp/B093VZ3VFZ/ref=sr_1_643?brr=1&dchild=1&qid=1634419602&rd=1&s=digital-skills&sr=1-643", "Merritt Roofing Inc": "https://www.amazon.com/Voice-Advice-Application-Merritt-Roofing/dp/B093VY131J/ref=sr_1_644?brr=1&dchild=1&qid=1634419602&rd=1&s=digital-skills&sr=1-644", "Amazing Giraffe Facts": "https://www.amazon.com/Ashwin-Amazing-Giraffe-Facts/dp/B093TNZF6G/ref=sr_1_645?brr=1&dchild=1&qid=1634419602&rd=1&s=digital-skills&sr=1-645", "Amazing Owl Facts": "https://www.amazon.com/Ashwin-Amazing-Owl-Facts/dp/B093TMH2J1/ref=sr_1_646?brr=1&dchild=1&qid=1634419602&rd=1&s=digital-skills&sr=1-646", "Amazing Lion Facts": "https://www.amazon.com/Ashwin-Amazing-Lion-Facts/dp/B093TM8QJ2/ref=sr_1_647?brr=1&dchild=1&qid=1634419602&rd=1&s=digital-skills&sr=1-647", "Amazing facts about the monkey": "https://www.amazon.com/Amazing-facts-about-the-monkey/dp/B093TL9WCZ/ref=sr_1_648?brr=1&dchild=1&qid=1634419602&rd=1&s=digital-skills&sr=1-648", "Amazing Tiger Facts": "https://www.amazon.com/Ashwin-Amazing-Tiger-Facts/dp/B093TKZP13/ref=sr_1_649?brr=1&dchild=1&qid=1634419602&rd=1&s=digital-skills&sr=1-649", "Odd Fellows Memorial Park": "https://www.amazon.com/Voice-Advice-Application-Fellows-Memorial/dp/B093T2T7HG/ref=sr_1_650?brr=1&dchild=1&qid=1634419602&rd=1&s=digital-skills&sr=1-650", "Firestone Complete Auto Care Madison": "https://www.amazon.com/Firestone-Complete-Auto-Care-Madison/dp/B093SYMZN3/ref=sr_1_651?brr=1&dchild=1&qid=1634419602&rd=1&s=digital-skills&sr=1-651", "Marathon Flint Oil Co": "https://www.amazon.com/Voice-Advice-Application-Marathon-Flint/dp/B093SY48PN/ref=sr_1_652?brr=1&dchild=1&qid=1634419602&rd=1&s=digital-skills&sr=1-652", "Firestone Complete Auto Care Marianna": "https://www.amazon.com/Firestone-Complete-Auto-Care-Marianna/dp/B093SX55B8/ref=sr_1_653?brr=1&dchild=1&qid=1634419602&rd=1&s=digital-skills&sr=1-653", "Firestone Complete Auto Care Cartersville": "https://www.amazon.com/Firestone-Complete-Auto-Care-Cartersville/dp/B093SX2X33/ref=sr_1_654?brr=1&dchild=1&qid=1634419602&rd=1&s=digital-skills&sr=1-654", "Firestone Complete Auto Care Janesville": "https://www.amazon.com/Firestone-Complete-Auto-Care-Janesville/dp/B093SWJCTQ/ref=sr_1_655?brr=1&dchild=1&qid=1634419602&rd=1&s=digital-skills&sr=1-655", "Firestone Complete Auto Care Wausau": "https://www.amazon.com/Firestone-Complete-Auto-Care-Wausau/dp/B093SVZ9TG/ref=sr_1_656?brr=1&dchild=1&qid=1634419602&rd=1&s=digital-skills&sr=1-656"}