{"Law Office of David S. Roth": "https://www.amazon.com/Law-Office-David-S-Roth/dp/B093Q6XFL3/ref=sr_1_673?brr=1&dchild=1&qid=1634419608&rd=1&s=digital-skills&sr=1-673", "Firestone Complete Auto Care Milwaukee": "https://www.amazon.com/Firestone-Complete-Auto-Care-Milwaukee/dp/B093Q3DRVZ/ref=sr_1_674?brr=1&dchild=1&qid=1634419608&rd=1&s=digital-skills&sr=1-674", "Firestone Complete Auto Care Waipahu": "https://www.amazon.com/Firestone-Complete-Auto-Care-Waipahu/dp/B093Q1Y195/ref=sr_1_675?brr=1&dchild=1&qid=1634419608&rd=1&s=digital-skills&sr=1-675", "Firestone Complete Auto Care Lagrange": "https://www.amazon.com/Firestone-Complete-Auto-Care-Lagrange/dp/B093Q1Q44H/ref=sr_1_676?brr=1&dchild=1&qid=1634419608&rd=1&s=digital-skills&sr=1-676", "Firestone Complete Auto Care Columbus": "https://www.amazon.com/Firestone-Complete-Auto-Care-Columbus/dp/B093PZRKV1/ref=sr_1_677?brr=1&dchild=1&qid=1634419608&rd=1&s=digital-skills&sr=1-677", "Firestone Complete Auto Care Victoria": "https://www.amazon.com/Firestone-Complete-Auto-Care-Victoria/dp/B093PYZHZZ/ref=sr_1_678?brr=1&dchild=1&qid=1634419608&rd=1&s=digital-skills&sr=1-678", "Firestone Complete Auto Care Laredo": "https://www.amazon.com/Firestone-Complete-Auto-Care-Laredo/dp/B093PXPRKB/ref=sr_1_679?brr=1&dchild=1&qid=1634419608&rd=1&s=digital-skills&sr=1-679", "Firestone Complete Auto Care Pewaukee": "https://www.amazon.com/Firestone-Complete-Auto-Care-Pewaukee/dp/B093PTVT6K/ref=sr_1_680?brr=1&dchild=1&qid=1634419608&rd=1&s=digital-skills&sr=1-680", "Firestone Complete Auto Care Killeen": "https://www.amazon.com/Firestone-Complete-Auto-Care-Killeen/dp/B093PQHHB3/ref=sr_1_681?brr=1&dchild=1&qid=1634419608&rd=1&s=digital-skills&sr=1-681", "Firestone Complete Auto Care Kyle": "https://www.amazon.com/Firestone-Complete-Auto-Care-Kyle/dp/B093PQ2HDG/ref=sr_1_682?brr=1&dchild=1&qid=1634419608&rd=1&s=digital-skills&sr=1-682", "Firestone Complete Auto Care Duluth": "https://www.amazon.com/Firestone-Complete-Auto-Care-Duluth/dp/B093PNSZXQ/ref=sr_1_683?brr=1&dchild=1&qid=1634419608&rd=1&s=digital-skills&sr=1-683", "Firestone Complete Auto Care Hilo": "https://www.amazon.com/Firestone-Complete-Auto-Care-Hilo/dp/B093PMPLVX/ref=sr_1_684?brr=1&dchild=1&qid=1634419608&rd=1&s=digital-skills&sr=1-684", "Firestone Complete Auto Care Plano": "https://www.amazon.com/Firestone-Complete-Auto-Care-Plano/dp/B093PJTPQ9/ref=sr_1_685?brr=1&dchild=1&qid=1634419608&rd=1&s=digital-skills&sr=1-685", "Firestone Complete Auto Care Macon": "https://www.amazon.com/Firestone-Complete-Auto-Care-Macon/dp/B093P879PQ/ref=sr_1_686?brr=1&dchild=1&qid=1634419608&rd=1&s=digital-skills&sr=1-686", "Firestone Complete Auto Care Goodyear": "https://www.amazon.com/Firestone-Complete-Auto-Care-Goodyear/dp/B093LM22BF/ref=sr_1_687?brr=1&dchild=1&qid=1634419608&rd=1&s=digital-skills&sr=1-687", "Firestone Complete Auto Care Oconomowoc": "https://www.amazon.com/Firestone-Complete-Auto-Care-Oconomowoc/dp/B093LCJ5Z3/ref=sr_1_688?brr=1&dchild=1&qid=1634419608&rd=1&s=digital-skills&sr=1-688"}