{"Ruby Loops FlashCards": "https://www.amazon.com/Sieg-Zeon-Ruby-Loops-FlashCards/dp/B0934MQ9YP/ref=sr_1_705?brr=1&dchild=1&qid=1634419614&rd=1&s=digital-skills&sr=1-705", "Python review": "https://www.amazon.com/Real-American-News-Python-review/dp/B092W5MN6Z/ref=sr_1_706?brr=1&dchild=1&qid=1634419614&rd=1&s=digital-skills&sr=1-706", "IvyTest4": "https://www.amazon.com/Ivy-ai-Inc-IvyTest4/dp/B092QJNP22/ref=sr_1_707?brr=1&dchild=1&qid=1634419614&rd=1&s=digital-skills&sr=1-707", "semester countdown": "https://www.amazon.com/jarod-davis37-semester-countdown/dp/B092P96FM3/ref=sr_1_708?brr=1&dchild=1&qid=1634419614&rd=1&s=digital-skills&sr=1-708", "socialist rabbit republic": "https://www.amazon.com/Dr-Bheemaiah-Anil-Kumar-socialist/dp/B092L7TBT8/ref=sr_1_709?brr=1&dchild=1&qid=1634419614&rd=1&s=digital-skills&sr=1-709", "My history teacher from Spain": "https://www.amazon.com/My-history-teacher-from-Spain/dp/B092HV1QM5/ref=sr_1_710?brr=1&dchild=1&qid=1634419614&rd=1&s=digital-skills&sr=1-710", "National Realtor exam Flashcards": "https://www.amazon.com/Acumen-Publishing-National-Realtor-Flashcards/dp/B092BKS5J9/ref=sr_1_711?brr=1&dchild=1&qid=1634419614&rd=1&s=digital-skills&sr=1-711", "Rocket Buddy Junior High Track": "https://www.amazon.com/Rocket-Buddy-Junior-High-Track/dp/B0928JV99W/ref=sr_1_712?brr=1&dchild=1&qid=1634419614&rd=1&s=digital-skills&sr=1-712", "Bearcat Buddy Women's Golf": "https://www.amazon.com/Charles-Badami-Bearcat-Buddy-Womens/dp/B09253VZMC/ref=sr_1_713?brr=1&dchild=1&qid=1634419614&rd=1&s=digital-skills&sr=1-713", "english idioms": "https://www.amazon.com/pdel27-blogspot-com-english-idioms/dp/B0922VCXSJ/ref=sr_1_714?brr=1&dchild=1&qid=1634419614&rd=1&s=digital-skills&sr=1-714", "sunil test": "https://www.amazon.com/yadav-sunil-test/dp/B0922CNBZH/ref=sr_1_715?brr=1&dchild=1&qid=1634419614&rd=1&s=digital-skills&sr=1-715", "Target Pest Control": "https://www.amazon.com/Voice-Advice-Application-Target-Control/dp/B091YW3H4P/ref=sr_1_716?brr=1&dchild=1&qid=1634419614&rd=1&s=digital-skills&sr=1-716", "InpharmD": "https://www.amazon.com/InpharmD/dp/B091YT2LD1/ref=sr_1_717?brr=1&dchild=1&qid=1634419614&rd=1&s=digital-skills&sr=1-717", "Random Drug Class": "https://www.amazon.com/Pharm-student-Random-Drug-Class/dp/B091Q1Q31K/ref=sr_1_718?brr=1&dchild=1&qid=1634419614&rd=1&s=digital-skills&sr=1-718", "Consonant Counter": "https://www.amazon.com/NA-Consonant-Counter/dp/B091NCZLFT/ref=sr_1_719?brr=1&dchild=1&qid=1634419614&rd=1&s=digital-skills&sr=1-719", "North South Assistant": "https://www.amazon.com/North-South-Foundation-Assistant/dp/B091KTTCKQ/ref=sr_1_720?brr=1&dchild=1&qid=1634419614&rd=1&s=digital-skills&sr=1-720"}