{"The Dynamics Corner": "https://www.amazon.com/Axazure-The-Dynamics-Corner/dp/B091J5BF66/ref=sr_1_721?brr=1&dchild=1&qid=1634419616&rd=1&s=digital-skills&sr=1-721", "Philip Foster Farm": "https://www.amazon.com/Jacknife-Zion-Horseheaven-Historical-Society-Philip-Foster/dp/B091HBG4M3/ref=sr_1_722?brr=1&dchild=1&qid=1634419616&rd=1&s=digital-skills&sr=1-722", "Pharmacist Appreciation Dates": "https://www.amazon.com/Ashlyn-Case-Pharmacist-Appreciation-Dates/dp/B091FMNPW2/ref=sr_1_723?brr=1&dchild=1&qid=1634419616&rd=1&s=digital-skills&sr=1-723", "pub sub fetcher": "https://www.amazon.com/Self-pub-sub-fetcher/dp/B091FL3DYQ/ref=sr_1_724?brr=1&dchild=1&qid=1634419616&rd=1&s=digital-skills&sr=1-724", "RealSam": "https://www.amazon.com/Real-Thing-AI-RealSam/dp/B091F57Z2L/ref=sr_1_725?brr=1&dchild=1&qid=1634419616&rd=1&s=digital-skills&sr=1-725", "Antipsychotic symptoms cards": "https://www.amazon.com/Gannon-Macdonald-Antipsychotic-symptoms-cards/dp/B091DHR3WH/ref=sr_1_726?brr=1&dchild=1&qid=1634419616&rd=1&s=digital-skills&sr=1-726", "Top 300 Anti Infective Drugs - Brand/Generic": "https://www.amazon.com/Top-300-Anti-Infective-Drugs/dp/B091DHC8ZQ/ref=sr_1_727?brr=1&dchild=1&qid=1634419616&rd=1&s=digital-skills&sr=1-727", "Command Wizard": "https://www.amazon.com/Digadel-Corporation-Command-Wizard/dp/B091BP35G4/ref=sr_1_728?brr=1&dchild=1&qid=1634419616&rd=1&s=digital-skills&sr=1-728", "Anti Psychotics Quiz": "https://www.amazon.com/Rachael-Anti-Psychotics-Quiz/dp/B091BFRFYP/ref=sr_1_729?brr=1&dchild=1&qid=1634419616&rd=1&s=digital-skills&sr=1-729", "Antipsychotic Disorders Cards - Pharmacy School": "https://www.amazon.com/Antipsychotic-Disorders-Cards-Pharmacy-School/dp/B091B41Y56/ref=sr_1_730?brr=1&dchild=1&qid=1634419616&rd=1&s=digital-skills&sr=1-730", "My Medication Flashcards": "https://www.amazon.com/McKenna-Geesey-My-Medication-Flashcards/dp/B0919XSJVJ/ref=sr_1_731?brr=1&dchild=1&qid=1634419616&rd=1&s=digital-skills&sr=1-731", "Opioids quiz": "https://www.amazon.com/Belmont-Pharmacy-Student-Opioids-quiz/dp/B0919TNCYR/ref=sr_1_732?brr=1&dchild=1&qid=1634419616&rd=1&s=digital-skills&sr=1-732", "Top 300 nervous system flashcards": "https://www.amazon.com/Top-300-nervous-system-flashcards/dp/B0919S6NL3/ref=sr_1_733?brr=1&dchild=1&qid=1634419616&rd=1&s=digital-skills&sr=1-733", "Antibiotics Quiz": "https://www.amazon.com/Lori-Bennett-Antibiotics-Quiz/dp/B0917X1XFH/ref=sr_1_734?brr=1&dchild=1&qid=1634419616&rd=1&s=digital-skills&sr=1-734", "My Flashcards": "https://www.amazon.com/Roxanne-My-Flashcards/dp/B0917WN2NM/ref=sr_1_735?brr=1&dchild=1&qid=1634419616&rd=1&s=digital-skills&sr=1-735", "Homegrown Horticulture": "https://www.amazon.com/State-University-Extension-Dennis-Hinkam/dp/B09153M7QY/ref=sr_1_736?brr=1&dchild=1&qid=1634419616&rd=1&s=digital-skills&sr=1-736"}