{"king county library": "https://www.amazon.com/Zammo-king-county-library/dp/B0912MVKC2/ref=sr_1_737?brr=1&dchild=1&qid=1634419619&rd=1&s=digital-skills&sr=1-737", "Just Write Apps": "https://www.amazon.com/JustWrite-Apps-Just-Write/dp/B08ZSCX41C/ref=sr_1_738?brr=1&dchild=1&qid=1634419619&rd=1&s=digital-skills&sr=1-738", "pet questions": "https://www.amazon.com/mad-ideas-pet-questions/dp/B08ZS7GBH4/ref=sr_1_739?brr=1&dchild=1&qid=1634419619&rd=1&s=digital-skills&sr=1-739", "New Albany Ohio": "https://www.amazon.com/New-Albany-Ohio/dp/B08ZM87BSM/ref=sr_1_740?brr=1&dchild=1&qid=1634419619&rd=1&s=digital-skills&sr=1-740", "A Just Cause": "https://www.amazon.com/A-Just-Cause/dp/B08ZKVXHFC/ref=sr_1_741?brr=1&dchild=1&qid=1634419619&rd=1&s=digital-skills&sr=1-741", "PepsiCo": "https://www.amazon.com/PepsiCo/dp/B08ZDDJ5BZ/ref=sr_1_742?brr=1&dchild=1&qid=1634419619&rd=1&s=digital-skills&sr=1-742", "storyTale": "https://www.amazon.com/Aniket-Yadav-storyTale/dp/B08Z8Q8K1M/ref=sr_1_743?brr=1&dchild=1&qid=1634419619&rd=1&s=digital-skills&sr=1-743", "Fart Sound Effect": "https://www.amazon.com/Wisdom-Is-Principal-Apps-Effect/dp/B08Z7WVBH8/ref=sr_1_744?brr=1&dchild=1&qid=1634419619&rd=1&s=digital-skills&sr=1-744", "Fart Weirdest Sound": "https://www.amazon.com/Wisdom-Is-Principal-Apps-Weirdest/dp/B08Z7DSJJD/ref=sr_1_745?brr=1&dchild=1&qid=1634419619&rd=1&s=digital-skills&sr=1-745", "Funny Fart Sound": "https://www.amazon.com/Wisdom-Is-Principal-Apps-Funny/dp/B08Z79CNNC/ref=sr_1_746?brr=1&dchild=1&qid=1634419619&rd=1&s=digital-skills&sr=1-746", "Mister Robot": "https://www.amazon.com/Dr-Bheemaiah-Anil-Kumar-Mister/dp/B08Z43LCWG/ref=sr_1_747?brr=1&dchild=1&qid=1634419619&rd=1&s=digital-skills&sr=1-747", "Gastroenterology Clinical Focus": "https://www.amazon.com/Emad-Qayed-MD-MPH-Gastroenterology/dp/B08YYYJXZ1/ref=sr_1_748?brr=1&dchild=1&qid=1634419619&rd=1&s=digital-skills&sr=1-748", "Grammy Facts": "https://www.amazon.com/Wisdom-Is-Principal-Apps-Grammy/dp/B08YY8VBW3/ref=sr_1_749?brr=1&dchild=1&qid=1634419619&rd=1&s=digital-skills&sr=1-749", "The Bookwyrms": "https://www.amazon.com/The-Bookwyrms/dp/B08YQX1X8N/ref=sr_1_750?brr=1&dchild=1&qid=1634419619&rd=1&s=digital-skills&sr=1-750", "high low": "https://www.amazon.com/Vivek-high-low/dp/B08YKGBT7G/ref=sr_1_751?brr=1&dchild=1&qid=1634419619&rd=1&s=digital-skills&sr=1-751", "Interview Me": "https://www.amazon.com/Basil-Interview-Me/dp/B08YF5GVRW/ref=sr_1_752?brr=1&dchild=1&qid=1634419619&rd=1&s=digital-skills&sr=1-752"}