{"Louisiana Police Scanner": "https://www.amazon.com/Tapfin-Louisiana-Police-Scanner/dp/B07XRPT2JG/ref=sr_1_65?brr=1&dchild=1&qid=1634419502&rd=1&s=digital-skills&sr=1-65", "Daily Stories": "https://www.amazon.com/Srini-Raju-Daily-Stories/dp/B08NKBQGYJ/ref=sr_1_66?brr=1&dchild=1&qid=1634419502&rd=1&s=digital-skills&sr=1-66", "Search Engine Journal Show": "https://www.amazon.com/Search-Engine-Journal-Show/dp/B085WQZZXL/ref=sr_1_67?brr=1&dchild=1&qid=1634419502&rd=1&s=digital-skills&sr=1-67", "MBARI Ocean Soundscape": "https://www.amazon.com/MBARI-Ocean-Soundscape/dp/B07ZFCW4RK/ref=sr_1_68?brr=1&dchild=1&qid=1634419502&rd=1&s=digital-skills&sr=1-68", "Funny Word History - Flash Briefing": "https://www.amazon.com/Funny-Word-History-Flash-Briefing/dp/B07MH25WZQ/ref=sr_1_69?brr=1&dchild=1&qid=1634419502&rd=1&s=digital-skills&sr=1-69", "Spanish Word of the Day": "https://www.amazon.com/Spanish-Word-of-the-Day/dp/B0754MNKGS/ref=sr_1_70?brr=1&dchild=1&qid=1634419502&rd=1&s=digital-skills&sr=1-70", "High Low Game with Hints": "https://www.amazon.com/High-Low-Game-with-Hints/dp/B07H46QR6Z/ref=sr_1_71?brr=1&dchild=1&qid=1634419502&rd=1&s=digital-skills&sr=1-71", "Everyday Spanish": "https://www.amazon.com/good-vibes-Everyday-Spanish/dp/B07TRNL2PZ/ref=sr_1_72?brr=1&dchild=1&qid=1634419502&rd=1&s=digital-skills&sr=1-72", "AQA A level biology flashcards": "https://www.amazon.com/AQA-A-level-biology-flashcards/dp/B08JQ66YVT/ref=sr_1_73?brr=1&dchild=1&qid=1634419502&rd=1&s=digital-skills&sr=1-73", "Quick Sight Flashcards": "https://www.amazon.com/Mythili-Quick-Sight-Flashcards/dp/B08KFL7YBQ/ref=sr_1_74?brr=1&dchild=1&qid=1634419502&rd=1&s=digital-skills&sr=1-74", "Elements Flashcards": "https://www.amazon.com/None-Elements-Flashcards/dp/B0914PHYGK/ref=sr_1_75?brr=1&dchild=1&qid=1634419502&rd=1&s=digital-skills&sr=1-75", "Best Seller Books": "https://www.amazon.com/Peter-Norton-Best-Seller-Books/dp/B07KF7HX62/ref=sr_1_76?brr=1&dchild=1&qid=1634419502&rd=1&s=digital-skills&sr=1-76", "Dictionary.com Word of the Day": "https://www.amazon.com/Dictionary-com-Word-of-the-Day/dp/B07WPXF85S/ref=sr_1_77?brr=1&dchild=1&qid=1634419502&rd=1&s=digital-skills&sr=1-77", "For my Dog": "https://www.amazon.com/allsuper-info-for-SaVo-Elite-For/dp/B085L73W7V/ref=sr_1_78?brr=1&dchild=1&qid=1634419502&rd=1&s=digital-skills&sr=1-78", "Unofficial Yoda Developer Quotes": "https://www.amazon.com/Dierk-Unofficial-Yoda-Developer-Quotes/dp/B01N9BY6RS/ref=sr_1_79?brr=1&dchild=1&qid=1634419502&rd=1&s=digital-skills&sr=1-79", "LegalShield": "https://www.amazon.com/LegalShield/dp/B075NSMDYJ/ref=sr_1_80?brr=1&dchild=1&qid=1634419502&rd=1&s=digital-skills&sr=1-80"}