{"Jay 314159": "https://www.amazon.com/University-of-Illinois-Jay-314159/dp/B08V8HF18D/ref=sr_1_833?brr=1&dchild=1&qid=1634419636&rd=1&s=digital-skills&sr=1-833", "Anime quotes": "https://www.amazon.com/Vacknick-Anime-quotes/dp/B08V8B7V3R/ref=sr_1_834?brr=1&dchild=1&qid=1634419636&rd=1&s=digital-skills&sr=1-834", "Jens Book Recommendations": "https://www.amazon.com/249Labs-Jens-Book-Recommendations/dp/B08V5JYMYY/ref=sr_1_835?brr=1&dchild=1&qid=1634419636&rd=1&s=digital-skills&sr=1-835", "Mona Lisa Insurance and Financial Services Inc": "https://www.amazon.com/Mona-Lisa-Insurance-Financial-Services/dp/B08V59F1BX/ref=sr_1_836?brr=1&dchild=1&qid=1634419636&rd=1&s=digital-skills&sr=1-836", "expected day": "https://www.amazon.com/lo-esperado-expected-day/dp/B08V4MYXY1/ref=sr_1_837?brr=1&dchild=1&qid=1634419636&rd=1&s=digital-skills&sr=1-837", "AirplaneFacts": "https://www.amazon.com/PenguinCircus-Dev-AirplaneFacts/dp/B08V4L85M1/ref=sr_1_838?brr=1&dchild=1&qid=1634419636&rd=1&s=digital-skills&sr=1-838", "What would a Stoic say ?": "https://www.amazon.com/What-would-a-Stoic-say/dp/B08TWX6H43/ref=sr_1_839?brr=1&dchild=1&qid=1634419636&rd=1&s=digital-skills&sr=1-839", "Astronomy with Prof. Chris Impey (unofficial)": "https://www.amazon.com/Astronomy-Prof-Chris-Impey-unofficial/dp/B08TWFCJQM/ref=sr_1_840?brr=1&dchild=1&qid=1634419636&rd=1&s=digital-skills&sr=1-840", "Kohinoor Indian Restaurant Lounge": "https://www.amazon.com/Voice-Advice-Application-Kohinoor-Restaurant/dp/B08TVPZ42D/ref=sr_1_841?brr=1&dchild=1&qid=1634419636&rd=1&s=digital-skills&sr=1-841", "Edelman Inc.": "https://www.amazon.com/Voice-Advice-Application-Edelman-Inc/dp/B08TVPVBRN/ref=sr_1_842?brr=1&dchild=1&qid=1634419636&rd=1&s=digital-skills&sr=1-842", "Major Faith Roofing And Construction": "https://www.amazon.com/Major-Faith-Roofing-And-Construction/dp/B08TTJ7VTZ/ref=sr_1_843?brr=1&dchild=1&qid=1634419636&rd=1&s=digital-skills&sr=1-843", "Al's Landscaping & Excavating": "https://www.amazon.com/Voice-Advice-Application-Landscaping-Excavating/dp/B08TR5W8V6/ref=sr_1_844?brr=1&dchild=1&qid=1634419636&rd=1&s=digital-skills&sr=1-844", "SEO SEM Professionals": "https://www.amazon.com/Voice-Advice-Application-SEO-Professionals/dp/B08TR3W4FN/ref=sr_1_845?brr=1&dchild=1&qid=1634419636&rd=1&s=digital-skills&sr=1-845", "Who Members": "https://www.amazon.com/Auburn-University-Who-Members/dp/B08TM8BBVG/ref=sr_1_846?brr=1&dchild=1&qid=1634419636&rd=1&s=digital-skills&sr=1-846", "My podcast": "https://www.amazon.com/Andre-Oliveira-My-podcast/dp/B08TLSNS2B/ref=sr_1_847?brr=1&dchild=1&qid=1634419636&rd=1&s=digital-skills&sr=1-847", "BARBRI Voice": "https://www.amazon.com/Optidox-BARBRI-Voice/dp/B08TG8933C/ref=sr_1_848?brr=1&dchild=1&qid=1634419636&rd=1&s=digital-skills&sr=1-848"}