{"Home Care One": "https://www.amazon.com/Voice-Advice-Application-Home-Care/dp/B08TBN8TDR/ref=sr_1_849?brr=1&dchild=1&qid=1634419639&rd=1&s=digital-skills&sr=1-849", "Caminito Argentino Station": "https://www.amazon.com/Sebastian-Tamay-Caminito-Argentino-Station/dp/B08TB4T7WQ/ref=sr_1_850?brr=1&dchild=1&qid=1634419639&rd=1&s=digital-skills&sr=1-850", "Protect Wellness": "https://www.amazon.com/Voice-Advice-Application-Protect-Wellness/dp/B08T92GBP5/ref=sr_1_851?brr=1&dchild=1&qid=1634419639&rd=1&s=digital-skills&sr=1-851", "Revise Physics (GCSE AQA and Edexcel)": "https://www.amazon.com/Revise-Physics-GCSE-AQA-Edexcel/dp/B08T7VS8PV/ref=sr_1_852?brr=1&dchild=1&qid=1634419639&rd=1&s=digital-skills&sr=1-852", "Hacker News Top": "https://www.amazon.com/JoshTheDeveloper-Hacker-News-Top/dp/B08T61KL3X/ref=sr_1_853?brr=1&dchild=1&qid=1634419639&rd=1&s=digital-skills&sr=1-853", "KnowBot": "https://www.amazon.com/Sassarara-Inc-KnowBot/dp/B08T5LBWHM/ref=sr_1_854?brr=1&dchild=1&qid=1634419639&rd=1&s=digital-skills&sr=1-854", "Daily Featured Article": "https://www.amazon.com/Utilitas-Design-Daily-Featured-Article/dp/B08T234DXX/ref=sr_1_855?brr=1&dchild=1&qid=1634419639&rd=1&s=digital-skills&sr=1-855", "Dinosaur Roars - Sounds, Images & Trivia": "https://www.amazon.com/Dinosaur-Roars-Sounds-Images-Trivia/dp/B08T1FXD7Y/ref=sr_1_856?brr=1&dchild=1&qid=1634419639&rd=1&s=digital-skills&sr=1-856", "Coral West Dental": "https://www.amazon.com/Voice-Advice-Application-Coral-Dental/dp/B08SWRZDGQ/ref=sr_1_857?brr=1&dchild=1&qid=1634419639&rd=1&s=digital-skills&sr=1-857", "Miller Museum": "https://www.amazon.com/Daniel-Rhoades-Miller-Museum/dp/B08SWN2V9J/ref=sr_1_858?brr=1&dchild=1&qid=1634419639&rd=1&s=digital-skills&sr=1-858", "Crank Works Bicycles": "https://www.amazon.com/Voice-Advice-Application-Crank-Bicycles/dp/B08SW8LVK6/ref=sr_1_859?brr=1&dchild=1&qid=1634419639&rd=1&s=digital-skills&sr=1-859", "Bounce House King": "https://www.amazon.com/Voice-Advice-Application-Bounce-House/dp/B08SW88ZSG/ref=sr_1_860?brr=1&dchild=1&qid=1634419639&rd=1&s=digital-skills&sr=1-860", "Athens Real Estate": "https://www.amazon.com/Harrison-Nickels-Realtor-Athens-Estate/dp/B08SW2BM1R/ref=sr_1_861?brr=1&dchild=1&qid=1634419639&rd=1&s=digital-skills&sr=1-861", "Hawkeye Sleep Center": "https://www.amazon.com/Voice-Advice-Application-Hawkeye-Center/dp/B08SW1R6SH/ref=sr_1_862?brr=1&dchild=1&qid=1634419639&rd=1&s=digital-skills&sr=1-862", "The Experienced Gardener": "https://www.amazon.com/Voice-Advice-Application-Experienced-Gardener/dp/B08SVS7YGR/ref=sr_1_863?brr=1&dchild=1&qid=1634419639&rd=1&s=digital-skills&sr=1-863", "Moderna Vial Lookup": "https://www.amazon.com/Moderna-Vial-Lookup/dp/B08SJJPD38/ref=sr_1_864?brr=1&dchild=1&qid=1634419639&rd=1&s=digital-skills&sr=1-864"}