{"Moderna Expire Check": "https://www.amazon.com/Moderna-Expire-Check/dp/B08SJ6XXLG/ref=sr_1_865?brr=1&dchild=1&qid=1634419641&rd=1&s=digital-skills&sr=1-865", "Math Flashcards Game": "https://www.amazon.com/Naman-Patel-Math-Flashcards-Game/dp/B08SJ4K77M/ref=sr_1_866?brr=1&dchild=1&qid=1634419641&rd=1&s=digital-skills&sr=1-866", "Moderna Expiration lookup": "https://www.amazon.com/Moderna-Expiration-lookup/dp/B08SHZQRKN/ref=sr_1_867?brr=1&dchild=1&qid=1634419641&rd=1&s=digital-skills&sr=1-867", "Moderna Vial Expiration Lookup": "https://www.amazon.com/Moderna-Vial-Expiration-Lookup/dp/B08SHYQN34/ref=sr_1_868?brr=1&dchild=1&qid=1634419641&rd=1&s=digital-skills&sr=1-868", "weredog named vanilla": "https://www.amazon.com/VayuVaidya-Dr-Bheemaiah-Anil-Kumar/dp/B08SHYNSDR/ref=sr_1_869?brr=1&dchild=1&qid=1634419641&rd=1&s=digital-skills&sr=1-869", "Moderna Vial Expiration Check": "https://www.amazon.com/Moderna-Vial-Expiration-Check/dp/B08SHVK1LQ/ref=sr_1_870?brr=1&dchild=1&qid=1634419641&rd=1&s=digital-skills&sr=1-870", "Moderna Tracker": "https://www.amazon.com/Moderna-Tracker/dp/B08SHSCGWK/ref=sr_1_871?brr=1&dchild=1&qid=1634419641&rd=1&s=digital-skills&sr=1-871", "My cards": "https://www.amazon.com/Laura-Palacio-My-cards/dp/B08SHJ1SH9/ref=sr_1_872?brr=1&dchild=1&qid=1634419641&rd=1&s=digital-skills&sr=1-872", "Nepali Teacher": "https://www.amazon.com/BishalG-Nepali-Teacher/dp/B08SGWZCWF/ref=sr_1_873?brr=1&dchild=1&qid=1634419641&rd=1&s=digital-skills&sr=1-873", "sightseeing london": "https://www.amazon.com/MF-sightseeing-london/dp/B08SBH1F57/ref=sr_1_874?brr=1&dchild=1&qid=1634419641&rd=1&s=digital-skills&sr=1-874", "Simple Countdown": "https://www.amazon.com/worldengine-Simple-Countdown/dp/B08S5ZHW1J/ref=sr_1_875?brr=1&dchild=1&qid=1634419641&rd=1&s=digital-skills&sr=1-875", "Selected Quotes": "https://www.amazon.com/Bruno-Cancellieri-Selected-Quotes/dp/B08S3S6Y6Z/ref=sr_1_876?brr=1&dchild=1&qid=1634419641&rd=1&s=digital-skills&sr=1-876", "VTuber Updates": "https://www.amazon.com/Microghost-VTuber-Updates/dp/B08RZ4YJMP/ref=sr_1_877?brr=1&dchild=1&qid=1634419641&rd=1&s=digital-skills&sr=1-877", "my-alexa-test": "https://www.amazon.com/CAPGEMINI-TECHNOLOGY-SERVICES-INDIA-LIMITED/dp/B08RX7374K/ref=sr_1_878?brr=1&dchild=1&qid=1634419641&rd=1&s=digital-skills&sr=1-878", "New Hampshire Business": "https://www.amazon.com/VoiceXP-New-Hampshire-Business/dp/B08RS4XSRR/ref=sr_1_879?brr=1&dchild=1&qid=1634419641&rd=1&s=digital-skills&sr=1-879", "Jean Mello Quotes": "https://www.amazon.com/Inspirando-Sonhos-Jean-Mello-Quotes/dp/B08RRVHHWC/ref=sr_1_880?brr=1&dchild=1&qid=1634419641&rd=1&s=digital-skills&sr=1-880"}