{"Maths Helper": "https://www.amazon.com/S-Hubbard-Maths-Helper/dp/B08RMQR4DK/ref=sr_1_881?brr=1&dchild=1&qid=1634419644&rd=1&s=digital-skills&sr=1-881", "LA Insurance": "https://www.amazon.com/Voice-Advice-Application-LA-Insurance/dp/B08RJKRFXQ/ref=sr_1_882?brr=1&dchild=1&qid=1634419644&rd=1&s=digital-skills&sr=1-882", "DeLand Wellness Center": "https://www.amazon.com/Voice-Advice-Application-DeLand-Wellness/dp/B08RJBMZFJ/ref=sr_1_883?brr=1&dchild=1&qid=1634419644&rd=1&s=digital-skills&sr=1-883", "Metro Fence": "https://www.amazon.com/Voice-Advice-Application-Metro-Fence/dp/B08RJ48YMW/ref=sr_1_884?brr=1&dchild=1&qid=1634419644&rd=1&s=digital-skills&sr=1-884", "Telugu Kavi": "https://www.amazon.com/Sivarama-Prasad-Marripudi-Telugu-Kavi/dp/B08RJ1VMBL/ref=sr_1_885?brr=1&dchild=1&qid=1634419644&rd=1&s=digital-skills&sr=1-885", "Lambert Law": "https://www.amazon.com/Voice-Advice-Application-Lambert-Law/dp/B08RHYDNPK/ref=sr_1_886?brr=1&dchild=1&qid=1634419644&rd=1&s=digital-skills&sr=1-886", "Point Designs": "https://www.amazon.com/Voice-Advice-Application-Point-Designs/dp/B08RHNC7J5/ref=sr_1_887?brr=1&dchild=1&qid=1634419644&rd=1&s=digital-skills&sr=1-887", "In Tuning with DIOS": "https://www.amazon.com/Elias-In-Tuning-with-DIOS/dp/B08RHM5GC1/ref=sr_1_888?brr=1&dchild=1&qid=1634419644&rd=1&s=digital-skills&sr=1-888", "Addison Internal Medicine Addison": "https://www.amazon.com/Voice-Advice-Application-Internal-Medicine/dp/B08RHJ7VV1/ref=sr_1_889?brr=1&dchild=1&qid=1634419644&rd=1&s=digital-skills&sr=1-889", "Word of the Day": "https://www.amazon.com/Year-Word-of-the-Day/dp/B08RDRCYBZ/ref=sr_1_890?brr=1&dchild=1&qid=1634419644&rd=1&s=digital-skills&sr=1-890", "Christmas Story": "https://www.amazon.com/MF-Christmas-Story/dp/B08RCHZBCS/ref=sr_1_891?brr=1&dchild=1&qid=1634419644&rd=1&s=digital-skills&sr=1-891", "teacher lisa": "https://www.amazon.com/lisa-academy-teacher/dp/B08RCG5HV2/ref=sr_1_892?brr=1&dchild=1&qid=1634419644&rd=1&s=digital-skills&sr=1-892", "All Around Locksmiths": "https://www.amazon.com/Voice-Advice-Application-Around-Locksmiths/dp/B08RB2BJ5N/ref=sr_1_893?brr=1&dchild=1&qid=1634419644&rd=1&s=digital-skills&sr=1-893", "Weidner's Septic Service Inc": "https://www.amazon.com/Voice-Advice-Application-Weidners-Service/dp/B08RB1LZNS/ref=sr_1_894?brr=1&dchild=1&qid=1634419644&rd=1&s=digital-skills&sr=1-894", "Service Electric Cablevision Birdsboro": "https://www.amazon.com/Voice-Advice-Application-Cablevision-Birdsboro/dp/B08R9Z6Z52/ref=sr_1_895?brr=1&dchild=1&qid=1634419644&rd=1&s=digital-skills&sr=1-895", "Roberts Home Services": "https://www.amazon.com/Voice-Advice-Application-Roberts-Services/dp/B08R9Y86CJ/ref=sr_1_896?brr=1&dchild=1&qid=1634419644&rd=1&s=digital-skills&sr=1-896"}