{"Belle Salon Studio": "https://www.amazon.com/Voice-Advice-Application-Belle-Studio/dp/B08R9W71HC/ref=sr_1_897?brr=1&dchild=1&qid=1634419647&rd=1&s=digital-skills&sr=1-897", "Bruno Law": "https://www.amazon.com/Voice-Advice-Application-Bruno-Law/dp/B08R9TJD2M/ref=sr_1_898?brr=1&dchild=1&qid=1634419647&rd=1&s=digital-skills&sr=1-898", "Rollins Law Group": "https://www.amazon.com/Voice-Advice-Application-Rollins-Group/dp/B08R9P27D3/ref=sr_1_899?brr=1&dchild=1&qid=1634419647&rd=1&s=digital-skills&sr=1-899", "Space Countdown": "https://www.amazon.com/Arthur-Chow-Space-Countdown/dp/B08R9N4FR9/ref=sr_1_900?brr=1&dchild=1&qid=1634419647&rd=1&s=digital-skills&sr=1-900", "Avaya Vantage Helper": "https://www.amazon.com/Avaya-Vantage-Helper/dp/B08R9M5HL9/ref=sr_1_901?brr=1&dchild=1&qid=1634419647&rd=1&s=digital-skills&sr=1-901", "Tips of Entrepreneurship": "https://www.amazon.com/El-Mafa-Digital-Tips-Entrepreneurship/dp/B08R9G3HDQ/ref=sr_1_902?brr=1&dchild=1&qid=1634419647&rd=1&s=digital-skills&sr=1-902", "Absolute Zero Refrigeration": "https://www.amazon.com/Voice-Advice-Application-Absolute-Refrigeration/dp/B08R914SJQ/ref=sr_1_903?brr=1&dchild=1&qid=1634419647&rd=1&s=digital-skills&sr=1-903", "Discount Plumbing Services": "https://www.amazon.com/Voice-Advice-Application-Discount-Plumbing/dp/B08R8YFBJD/ref=sr_1_904?brr=1&dchild=1&qid=1634419647&rd=1&s=digital-skills&sr=1-904", "Island Airport Shuttle": "https://www.amazon.com/Voice-Advice-Application-Airport-Shuttle/dp/B08R8X7YFC/ref=sr_1_905?brr=1&dchild=1&qid=1634419647&rd=1&s=digital-skills&sr=1-905", "Columbine Window Tint": "https://www.amazon.com/Voice-Advice-Application-Columbine-Window/dp/B08R8VMS5M/ref=sr_1_906?brr=1&dchild=1&qid=1634419647&rd=1&s=digital-skills&sr=1-906", "Loan Fox Inc.": "https://www.amazon.com/Voice-Advice-Application-Loan-Inc/dp/B08R8SD34G/ref=sr_1_907?brr=1&dchild=1&qid=1634419647&rd=1&s=digital-skills&sr=1-907", "Auto Insurance Depot": "https://www.amazon.com/Voice-Advice-Application-Insurance-Depot/dp/B08R8PGRZR/ref=sr_1_908?brr=1&dchild=1&qid=1634419647&rd=1&s=digital-skills&sr=1-908", "Turbo Metal Roof Supplies": "https://www.amazon.com/Voice-Advice-Application-Turbo-Supplies/dp/B08R8HBPHX/ref=sr_1_909?brr=1&dchild=1&qid=1634419647&rd=1&s=digital-skills&sr=1-909", "My Metro": "https://www.amazon.com/Dawkins-My-Metro/dp/B08R62CBWJ/ref=sr_1_910?brr=1&dchild=1&qid=1634419647&rd=1&s=digital-skills&sr=1-910", "Moderna Check Expiration": "https://www.amazon.com/Moderna-Check-Expiration/dp/B08R5W5NZZ/ref=sr_1_911?brr=1&dchild=1&qid=1634419647&rd=1&s=digital-skills&sr=1-911", "Stack Trends": "https://www.amazon.com/ofreaks-Stack-Trends/dp/B08R5LPK81/ref=sr_1_912?brr=1&dchild=1&qid=1634419647&rd=1&s=digital-skills&sr=1-912"}