{"Advanced Concepts": "https://www.amazon.com/Voice-Advice-Application-Advanced-Concepts/dp/B08QJCPMRD/ref=sr_1_929?brr=1&dchild=1&qid=1634419653&rd=1&s=digital-skills&sr=1-929", "Davidson's Lawn Care": "https://www.amazon.com/Voice-Advice-Application-Davidsons-Lawn/dp/B08QJ688DL/ref=sr_1_930?brr=1&dchild=1&qid=1634419653&rd=1&s=digital-skills&sr=1-930", "Kenneth J Allen Law Group": "https://www.amazon.com/Kenneth-J-Allen-Law-Group/dp/B08QJ5HDYJ/ref=sr_1_931?brr=1&dchild=1&qid=1634419653&rd=1&s=digital-skills&sr=1-931", "The Daily Bailey": "https://www.amazon.com/UMaine-The-Daily-Bailey/dp/B08QHV7B9Z/ref=sr_1_932?brr=1&dchild=1&qid=1634419653&rd=1&s=digital-skills&sr=1-932", "Art Marketing Minute by Max Ruebensal": "https://www.amazon.com/Art-Marketing-Minute-Max-Ruebensal/dp/B08QHP7CP7/ref=sr_1_933?brr=1&dchild=1&qid=1634419653&rd=1&s=digital-skills&sr=1-933", "The Voice of God": "https://www.amazon.com/Usuario-predeterminado-The-Voice-God/dp/B08QDD2XBG/ref=sr_1_934?brr=1&dchild=1&qid=1634419653&rd=1&s=digital-skills&sr=1-934", "Lemon Lyrics": "https://www.amazon.com/TBD-Lemon-Lyrics/dp/B08QCPR4PG/ref=sr_1_935?brr=1&dchild=1&qid=1634419653&rd=1&s=digital-skills&sr=1-935", "The Digital Assistant Academy Flash Briefing": "https://www.amazon.com/Digital-Assistant-Academy-Flash-Briefing/dp/B08Q8JVLK3/ref=sr_1_936?brr=1&dchild=1&qid=1634419653&rd=1&s=digital-skills&sr=1-936", "The Voice First Channel": "https://www.amazon.com/Witlingo-The-Voice-First-Channel/dp/B08Q7TC4CL/ref=sr_1_937?brr=1&dchild=1&qid=1634419653&rd=1&s=digital-skills&sr=1-937", "Ecree": "https://www.amazon.com/Essay-Assay-Inc-dba-Ecree/dp/B08PVYR44M/ref=sr_1_938?brr=1&dchild=1&qid=1634419653&rd=1&s=digital-skills&sr=1-938", "Math Code Therapy": "https://www.amazon.com/VayuVaidya-Dr-Bheemaiah-Anil-Kumar/dp/B08PVW52YY/ref=sr_1_939?brr=1&dchild=1&qid=1634419653&rd=1&s=digital-skills&sr=1-939", "Multimedia Questioning: learn about skill building": "https://www.amazon.com/Multimedia-Questioning-learn-about-building/dp/B08PSLTPYZ/ref=sr_1_940?brr=1&dchild=1&qid=1634419653&rd=1&s=digital-skills&sr=1-940", "pipe snake": "https://www.amazon.com/CoderDojo-pipe-snake/dp/B08PPRZBC2/ref=sr_1_941?brr=1&dchild=1&qid=1634419653&rd=1&s=digital-skills&sr=1-941", "Always Learning": "https://www.amazon.com/Virtual-Smile-Design-Always-Learning/dp/B08PP6BY6B/ref=sr_1_942?brr=1&dchild=1&qid=1634419653&rd=1&s=digital-skills&sr=1-942", "Life Noggin - Building knowledge, block by block!": "https://www.amazon.com/Life-Noggin-Building-knowledge-block/dp/B08PP5ZFKZ/ref=sr_1_943?brr=1&dchild=1&qid=1634419653&rd=1&s=digital-skills&sr=1-943", "data dive": "https://www.amazon.com/emotrics-data-dive/dp/B08PK7LHDQ/ref=sr_1_944?brr=1&dchild=1&qid=1634419653&rd=1&s=digital-skills&sr=1-944"}