{"Christmas Countdown": "https://www.amazon.com/HUGO-FM-Christmas-Countdown/dp/B07KX2S5ZW/ref=sr_1_81?brr=1&dchild=1&qid=1634419505&rd=1&s=digital-skills&sr=1-81", "My Nest": "https://www.amazon.com/CoderDojo-My-Nest/dp/B08BVZ2KNK/ref=sr_1_82?brr=1&dchild=1&qid=1634419505&rd=1&s=digital-skills&sr=1-82", "People in History - Flash Briefing": "https://www.amazon.com/People-in-History-Flash-Briefing/dp/B07MNYQGNZ/ref=sr_1_83?brr=1&dchild=1&qid=1634419505&rd=1&s=digital-skills&sr=1-83", "Lottery Numbers": "https://www.amazon.com/Zebley-Media-Lottery-Numbers/dp/B071WBCZRF/ref=sr_1_84?brr=1&dchild=1&qid=1634419505&rd=1&s=digital-skills&sr=1-84", "Women Issues and Solutions": "https://www.amazon.com/allsuper-info-for-SaVo-Elite-Solutions/dp/B084L9ZPPF/ref=sr_1_85?brr=1&dchild=1&qid=1634419505&rd=1&s=digital-skills&sr=1-85", "KiwiCo Inspires": "https://www.amazon.com/KiwiCo-Inspires/dp/B093K75FFF/ref=sr_1_86?brr=1&dchild=1&qid=1634419505&rd=1&s=digital-skills&sr=1-86", "Learn French While Sleeping": "https://www.amazon.com/Smart-Skills-Learn-French-Sleeping/dp/B0946HFMLY/ref=sr_1_87?brr=1&dchild=1&qid=1634419505&rd=1&s=digital-skills&sr=1-87", "News in Slow Italian": "https://www.amazon.com/Linguistica-360-Inc-News-Italian/dp/B07MH4XKBT/ref=sr_1_88?brr=1&dchild=1&qid=1634419505&rd=1&s=digital-skills&sr=1-88", "Edwin's New Voice": "https://www.amazon.com/ChinwagVUI-Edwins-New-Voice/dp/B07BN5VW15/ref=sr_1_89?brr=1&dchild=1&qid=1634419505&rd=1&s=digital-skills&sr=1-89", "Youtube Recommendations(unofficial)": "https://www.amazon.com/Voica-Tech-Youtube-Recommendations-unofficial/dp/B08VNCVDBL/ref=sr_1_90?brr=1&dchild=1&qid=1634419505&rd=1&s=digital-skills&sr=1-90", "All About Arthritis": "https://www.amazon.com/easyskills-allsuper-info-for-ebookvault-biz-About-Arthritis/dp/B083RXLQG3/ref=sr_1_91?brr=1&dchild=1&qid=1634419505&rd=1&s=digital-skills&sr=1-91", "Fashion Designers": "https://www.amazon.com/DKipp-Fashion-Designers/dp/B07LBLKX5C/ref=sr_1_92?brr=1&dchild=1&qid=1634419505&rd=1&s=digital-skills&sr=1-92", "French Flash Cards": "https://www.amazon.com/Erik-Solveson-French-Flash-Cards/dp/B073WKLYZC/ref=sr_1_93?brr=1&dchild=1&qid=1634419505&rd=1&s=digital-skills&sr=1-93", "French History Facts": "https://www.amazon.com/JR-French-History-Facts/dp/B073HS7WTH/ref=sr_1_94?brr=1&dchild=1&qid=1634419505&rd=1&s=digital-skills&sr=1-94", "Space Launch Now": "https://www.amazon.com/PiTeknologies-Space-Launch-Now/dp/B07TLY6CC3/ref=sr_1_95?brr=1&dchild=1&qid=1634419505&rd=1&s=digital-skills&sr=1-95", "Science Flashcards": "https://www.amazon.com/Ruchir-Shah-Science-Flashcards/dp/B07VLKYC25/ref=sr_1_96?brr=1&dchild=1&qid=1634419505&rd=1&s=digital-skills&sr=1-96"}