{"jobs ability": "https://www.amazon.com/Zammo-jobs-ability/dp/B08P35LXQ2/ref=sr_1_961?brr=1&dchild=1&qid=1634419658&rd=1&s=digital-skills&sr=1-961", "Daily Llama": "https://www.amazon.com/Pinkham-Software-Daily-Llama/dp/B08P22P7W3/ref=sr_1_962?brr=1&dchild=1&qid=1634419658&rd=1&s=digital-skills&sr=1-962", "Biology quiz": "https://www.amazon.com/Aditya-raj-Biology-quiz/dp/B08P21S8D7/ref=sr_1_963?brr=1&dchild=1&qid=1634419658&rd=1&s=digital-skills&sr=1-963", "who am I": "https://www.amazon.com/Bear-Necessities-who-am-I/dp/B08P1KFWQM/ref=sr_1_964?brr=1&dchild=1&qid=1634419658&rd=1&s=digital-skills&sr=1-964", "UTour Voice": "https://www.amazon.com/NDG-Communications-UTour-Voice/dp/B08NYJ2PVC/ref=sr_1_965?brr=1&dchild=1&qid=1634419658&rd=1&s=digital-skills&sr=1-965", "tst svtw": "https://www.amazon.com/Comp_Dev_0-tst-svtw/dp/B08NY2KLKX/ref=sr_1_966?brr=1&dchild=1&qid=1634419658&rd=1&s=digital-skills&sr=1-966", "svtw": "https://www.amazon.com/Comp_Dev_3-svtw/dp/B08NXYKGQN/ref=sr_1_967?brr=1&dchild=1&qid=1634419658&rd=1&s=digital-skills&sr=1-967", "svtw gamma one": "https://www.amazon.com/Comp_Dev_3-svtw-gamma-one/dp/B08NWW66H1/ref=sr_1_968?brr=1&dchild=1&qid=1634419658&rd=1&s=digital-skills&sr=1-968", "Open my mind": "https://www.amazon.com/Xupplier-Open-my-mind/dp/B08NWDQXY8/ref=sr_1_969?brr=1&dchild=1&qid=1634419658&rd=1&s=digital-skills&sr=1-969", "Facts": "https://www.amazon.com/Divya-D-Jaiswal-Facts/dp/B08NVCQS11/ref=sr_1_970?brr=1&dchild=1&qid=1634419658&rd=1&s=digital-skills&sr=1-970", "interesting facts": "https://www.amazon.com/Divya-D-Jaiswal-interesting-facts/dp/B08NVCQGFR/ref=sr_1_971?brr=1&dchild=1&qid=1634419658&rd=1&s=digital-skills&sr=1-971", "Indian NCERT Stories collection English and Hindi": "https://www.amazon.com/Indian-NCERT-Stories-collection-English/dp/B08NTHQNY3/ref=sr_1_972?brr=1&dchild=1&qid=1634419658&rd=1&s=digital-skills&sr=1-972", "falcon one": "https://www.amazon.com/Alexa-cops-falcon-one/dp/B08NT8BMKH/ref=sr_1_973?brr=1&dchild=1&qid=1634419658&rd=1&s=digital-skills&sr=1-973", "The Voice Design Channel": "https://www.amazon.com/Witlingo-The-Voice-Design-Channel/dp/B08NT24LH9/ref=sr_1_974?brr=1&dchild=1&qid=1634419658&rd=1&s=digital-skills&sr=1-974", "Trailer Box: Find and Play Movie Trailers!": "https://www.amazon.com/Trailer-Box-Play-Movie-Trailers/dp/B08NSFNQ1G/ref=sr_1_975?brr=1&dchild=1&qid=1634419658&rd=1&s=digital-skills&sr=1-975", "Barbados today": "https://www.amazon.com/Airx-Barbados-today/dp/B08NPX76QH/ref=sr_1_976?brr=1&dchild=1&qid=1634419658&rd=1&s=digital-skills&sr=1-976"}