{"Scientist of the Day": "https://www.amazon.com/Toby-Browne-Scientist-the-Day/dp/B08NPKVYR6/ref=sr_1_977?brr=1&dchild=1&qid=1634419661&rd=1&s=digital-skills&sr=1-977", "Ariel Pointe Menu": "https://www.amazon.com/VoCo-Ariel-Pointe-Menu/dp/B08NPK5QDB/ref=sr_1_978?brr=1&dchild=1&qid=1634419661&rd=1&s=digital-skills&sr=1-978", "Ariel Pointe Activities": "https://www.amazon.com/VoCo-Ariel-Pointe-Activities/dp/B08NP28D1F/ref=sr_1_979?brr=1&dchild=1&qid=1634419661&rd=1&s=digital-skills&sr=1-979", "Learn Japanese": "https://www.amazon.com/YASCODE-Learn-Japanese/dp/B08N4V333M/ref=sr_1_980?brr=1&dchild=1&qid=1634419661&rd=1&s=digital-skills&sr=1-980", "stress manager": "https://www.amazon.com/Rajdeep-stress-manager/dp/B08N3GXQLQ/ref=sr_1_981?brr=1&dchild=1&qid=1634419661&rd=1&s=digital-skills&sr=1-981", "My Navy Journey": "https://www.amazon.com/United-States-Navy-My-Journey/dp/B08N1MHC9J/ref=sr_1_982?brr=1&dchild=1&qid=1634419661&rd=1&s=digital-skills&sr=1-982", "DigiCenterNS Demo": "https://www.amazon.com/Default-User-DigiCenterNS-Demo/dp/B08N1K8F5G/ref=sr_1_983?brr=1&dchild=1&qid=1634419661&rd=1&s=digital-skills&sr=1-983", "Caribbean Fun Facts": "https://www.amazon.com/University-of-the-West-Indies/dp/B08N1CMHB3/ref=sr_1_984?brr=1&dchild=1&qid=1634419661&rd=1&s=digital-skills&sr=1-984", "Classical Tanpura": "https://www.amazon.com/CyberDeck-Classical-Tanpura/dp/B08N1BFTGS/ref=sr_1_985?brr=1&dchild=1&qid=1634419661&rd=1&s=digital-skills&sr=1-985", "Test-RK": "https://www.amazon.com/Default-User-Test-RK/dp/B08MY58S97/ref=sr_1_986?brr=1&dchild=1&qid=1634419661&rd=1&s=digital-skills&sr=1-986", "Aws Cloud": "https://www.amazon.com/Amazon-Aws-Cloud/dp/B08MXLRG88/ref=sr_1_987?brr=1&dchild=1&qid=1634419661&rd=1&s=digital-skills&sr=1-987", "Servicenow Buddy": "https://www.amazon.com/Integration-Servicenow-Buddy/dp/B08MWHX9HP/ref=sr_1_988?brr=1&dchild=1&qid=1634419661&rd=1&s=digital-skills&sr=1-988", "Interest calculator": "https://www.amazon.com/Freelancer-Interest-calculator/dp/B08MV3TG97/ref=sr_1_989?brr=1&dchild=1&qid=1634419661&rd=1&s=digital-skills&sr=1-989", "Letter N.": "https://www.amazon.com/Brainspray-Letter-N/dp/B08MTRW5JT/ref=sr_1_990?brr=1&dchild=1&qid=1634419661&rd=1&s=digital-skills&sr=1-990", "Mexican Catrina": "https://www.amazon.com/egomez-Mexican-Catrina/dp/B08MFGRHQ7/ref=sr_1_991?brr=1&dchild=1&qid=1634419661&rd=1&s=digital-skills&sr=1-991", "Letter E.": "https://www.amazon.com/Brainspray-Letter-E/dp/B08MFGPCS2/ref=sr_1_992?brr=1&dchild=1&qid=1634419661&rd=1&s=digital-skills&sr=1-992"}