{"Soar Audio": "https://www.amazon.com/Soar-com-Soar-Audio/dp/B08M96LDYG/ref=sr_1_993?brr=1&dchild=1&qid=1634419664&rd=1&s=digital-skills&sr=1-993", "Mexican History for DREAMers": "https://www.amazon.com/techmex-es-Mexican-History-for-DREAMers/dp/B08M96DCGF/ref=sr_1_994?brr=1&dchild=1&qid=1634419664&rd=1&s=digital-skills&sr=1-994", "River Restoration Victories": "https://www.amazon.com/VayuVaidya-Bheemaiah-Anil-Kumar-Restoration/dp/B08M8VHMW1/ref=sr_1_995?brr=1&dchild=1&qid=1634419664&rd=1&s=digital-skills&sr=1-995", "30 Days of Excellence BYLR": "https://www.amazon.com/30-Days-of-Excellence-BYLR/dp/B08M5QNHHP/ref=sr_1_996?brr=1&dchild=1&qid=1634419664&rd=1&s=digital-skills&sr=1-996", "National Federation of the Blind of Maryland": "https://www.amazon.com/National-Federation-Blind-Maryland/dp/B08M5C872D/ref=sr_1_997?brr=1&dchild=1&qid=1634419664&rd=1&s=digital-skills&sr=1-997", "Saturn Sound": "https://www.amazon.com/INFO-G-CREATIVE-DESIGNS-Saturn-Sound/dp/B08M3HX4SX/ref=sr_1_998?brr=1&dchild=1&qid=1634419664&rd=1&s=digital-skills&sr=1-998", "Space Fan News": "https://www.amazon.com/Deep-Astronomy-Space-Fan-News/dp/B08M3B762G/ref=sr_1_999?brr=1&dchild=1&qid=1634419664&rd=1&s=digital-skills&sr=1-999", "Random Fact of The Day": "https://www.amazon.com/Random-Fact-of-The-Day/dp/B08M2WJWRD/ref=sr_1_1000?brr=1&dchild=1&qid=1634419664&rd=1&s=digital-skills&sr=1-1000", "SparX voice": "https://www.amazon.com/Interactive-Schools-SparX-voice/dp/B08LYLS7HX/ref=sr_1_1001?brr=1&dchild=1&qid=1634419664&rd=1&s=digital-skills&sr=1-1001", "Skills for a job": "https://www.amazon.com/rishabh-Skills-for-a-job/dp/B08LY87HHJ/ref=sr_1_1002?brr=1&dchild=1&qid=1634419664&rd=1&s=digital-skills&sr=1-1002", "Birdie Sightings": "https://www.amazon.com/1i-Birdie-Sightings/dp/B08LVX99MT/ref=sr_1_1003?brr=1&dchild=1&qid=1634419664&rd=1&s=digital-skills&sr=1-1003", "Work the Polls AZ": "https://www.amazon.com/kayvonseif-me-Work-the-Polls-AZ/dp/B08LVR4GYL/ref=sr_1_1004?brr=1&dchild=1&qid=1634419664&rd=1&s=digital-skills&sr=1-1004", "cranial nerve flashcards": "https://www.amazon.com/Jane-K-SPTA-cranial-flashcards/dp/B08LV7L8G7/ref=sr_1_1005?brr=1&dchild=1&qid=1634419664&rd=1&s=digital-skills&sr=1-1005", "SouthWest Florida Market Report": "https://www.amazon.com/Kristin-Wilkinson-LLC-SouthWest-Florida/dp/B08LPJV9QD/ref=sr_1_1006?brr=1&dchild=1&qid=1634419664&rd=1&s=digital-skills&sr=1-1006", "Learn About Depression": "https://www.amazon.com/Allsuper-Info-Learn-About-Depression/dp/B08LPHCXL6/ref=sr_1_1007?brr=1&dchild=1&qid=1634419664&rd=1&s=digital-skills&sr=1-1007", "California Elections": "https://www.amazon.com/VoiceXP-California-Elections/dp/B08LP8RKWG/ref=sr_1_1008?brr=1&dchild=1&qid=1634419664&rd=1&s=digital-skills&sr=1-1008"}