{"Gwynedd Mercy Academy Elementary": "https://www.amazon.com/Tim-Edalatpour-Gwynedd-Academy-Elementary/dp/B08LNHF2W7/ref=sr_1_1009?brr=1&dchild=1&qid=1634419667&rd=1&s=digital-skills&sr=1-1009", "Learn About Body Detox": "https://www.amazon.com/Allsuper-Info-Learn-About-Body-Detox/dp/B08LKY15SD/ref=sr_1_1010?brr=1&dchild=1&qid=1634419667&rd=1&s=digital-skills&sr=1-1010", "Learn About Detoxification": "https://www.amazon.com/Allsuper-Info-Learn-About-Detoxification/dp/B08LKLV37F/ref=sr_1_1011?brr=1&dchild=1&qid=1634419667&rd=1&s=digital-skills&sr=1-1011", "Learn About Atkins Diet": "https://www.amazon.com/Allsuper-Info-Learn-About-Atkins-Diet/dp/B08LKJQ5MC/ref=sr_1_1012?brr=1&dchild=1&qid=1634419667&rd=1&s=digital-skills&sr=1-1012", "Learn About Back Pain": "https://www.amazon.com/Allsuper-Info-Learn-About-Back-Pain/dp/B08LKJ41VR/ref=sr_1_1013?brr=1&dchild=1&qid=1634419667&rd=1&s=digital-skills&sr=1-1013", "Learn About Cholesterol": "https://www.amazon.com/Allsuper-Info-Learn-About-Cholesterol/dp/B08LK9P23Y/ref=sr_1_1014?brr=1&dchild=1&qid=1634419667&rd=1&s=digital-skills&sr=1-1014", "Learn About Autism": "https://www.amazon.com/Allsuper-Info-Learn-About-Autism/dp/B08LK7RVJ9/ref=sr_1_1015?brr=1&dchild=1&qid=1634419667&rd=1&s=digital-skills&sr=1-1015", "DAT Bio Practice": "https://www.amazon.com/Alexa-Blueprints-User-DAT-Practice/dp/B08LK2MZ5F/ref=sr_1_1016?brr=1&dchild=1&qid=1634419667&rd=1&s=digital-skills&sr=1-1016", "Learn About Anxiety": "https://www.amazon.com/Allsuper-Info-Learn-About-Anxiety/dp/B08LGVTMBR/ref=sr_1_1017?brr=1&dchild=1&qid=1634419667&rd=1&s=digital-skills&sr=1-1017", "BC Exam Prep": "https://www.amazon.com/Emily-Smith-BC-Exam-Prep/dp/B08LDBRNHQ/ref=sr_1_1018?brr=1&dchild=1&qid=1634419667&rd=1&s=digital-skills&sr=1-1018", "Study Medicine": "https://www.amazon.com/Nora-Study-Medicine/dp/B08L9NCT25/ref=sr_1_1019?brr=1&dchild=1&qid=1634419667&rd=1&s=digital-skills&sr=1-1019", "Learn About Arthritis": "https://www.amazon.com/Allsuper-Info-Learn-About-Arthritis/dp/B08L9H4Z66/ref=sr_1_1020?brr=1&dchild=1&qid=1634419667&rd=1&s=digital-skills&sr=1-1020", "Learn About Anger Management": "https://www.amazon.com/Allsuper-Info-Learn-About-Anger-Management/dp/B08L998TVC/ref=sr_1_1021?brr=1&dchild=1&qid=1634419667&rd=1&s=digital-skills&sr=1-1021", "SVIT COLLEGE": "https://www.amazon.com/GST-SVIT-COLLEGE/dp/B08L8ZGGV9/ref=sr_1_1022?brr=1&dchild=1&qid=1634419667&rd=1&s=digital-skills&sr=1-1022", "Learn About Antioxidants": "https://www.amazon.com/Allsuper-Info-Learn-About-Antioxidants/dp/B08L8XQG2P/ref=sr_1_1023?brr=1&dchild=1&qid=1634419667&rd=1&s=digital-skills&sr=1-1023", "Bowdoin College IT": "https://www.amazon.com/Ivy-ai-Inc-Bowdoin-College-IT/dp/B08L8G7VDH/ref=sr_1_1024?brr=1&dchild=1&qid=1634419667&rd=1&s=digital-skills&sr=1-1024"}