{"Elasticsearch Flashcards": "https://www.amazon.com/Mythili-Elasticsearch-Flashcards/dp/B08KFK167K/ref=sr_1_1057?brr=1&dchild=1&qid=1634419675&rd=1&s=digital-skills&sr=1-1057", "Elasticache Flashcards": "https://www.amazon.com/Mythili-Elasticache-Flashcards/dp/B08KFH5DRJ/ref=sr_1_1058?brr=1&dchild=1&qid=1634419675&rd=1&s=digital-skills&sr=1-1058", "Athena Flashcards": "https://www.amazon.com/Mythili-Athena-Flashcards/dp/B08KFGS5PG/ref=sr_1_1059?brr=1&dchild=1&qid=1634419675&rd=1&s=digital-skills&sr=1-1059", "MyCloud Flashcards": "https://www.amazon.com/Mythili-MyCloud-Flashcards/dp/B08KF5GTDZ/ref=sr_1_1060?brr=1&dchild=1&qid=1634419675&rd=1&s=digital-skills&sr=1-1060", "Relational Database Service": "https://www.amazon.com/Mythili-Relational-Database-Service/dp/B08KF3QWS5/ref=sr_1_1061?brr=1&dchild=1&qid=1634419675&rd=1&s=digital-skills&sr=1-1061", "Redshift Flashcards": "https://www.amazon.com/Mythili-Redshift-Flashcards/dp/B08KDRGW7C/ref=sr_1_1062?brr=1&dchild=1&qid=1634419675&rd=1&s=digital-skills&sr=1-1062", "Kinesis Flashcards": "https://www.amazon.com/Mythili-Kinesis-Flashcards/dp/B08KDBXR88/ref=sr_1_1063?brr=1&dchild=1&qid=1634419675&rd=1&s=digital-skills&sr=1-1063", "morning quotes": "https://www.amazon.com/Sarath-morning-quotes/dp/B08KCWF6X3/ref=sr_1_1064?brr=1&dchild=1&qid=1634419675&rd=1&s=digital-skills&sr=1-1064", "Frisco City Connect": "https://www.amazon.com/Dijit-tech-Frisco-City-Connect/dp/B08KCQGJPN/ref=sr_1_1065?brr=1&dchild=1&qid=1634419675&rd=1&s=digital-skills&sr=1-1065", "Dynamo Database Flashcards": "https://www.amazon.com/Mythili-Dynamo-Database-Flashcards/dp/B08KC2YS3F/ref=sr_1_1066?brr=1&dchild=1&qid=1634419675&rd=1&s=digital-skills&sr=1-1066", "Lambda Flashcards": "https://www.amazon.com/Mythili-Lambda-Flashcards/dp/B08KBTKR5P/ref=sr_1_1067?brr=1&dchild=1&qid=1634419675&rd=1&s=digital-skills&sr=1-1067", "Elastic MapReduce Flashcards": "https://www.amazon.com/Mythili-Elastic-MapReduce-Flashcards/dp/B08KB3C8N6/ref=sr_1_1068?brr=1&dchild=1&qid=1634419675&rd=1&s=digital-skills&sr=1-1068", "Glue Flashcards": "https://www.amazon.com/Mythili-Glue-Flashcards/dp/B08K9D9WFQ/ref=sr_1_1069?brr=1&dchild=1&qid=1634419675&rd=1&s=digital-skills&sr=1-1069", "User Experience Method Cards": "https://www.amazon.com/yogeshwar-singh-Experience-Method-Cards/dp/B08K9D5WWN/ref=sr_1_1070?brr=1&dchild=1&qid=1634419675&rd=1&s=digital-skills&sr=1-1070", "Probability Binomial Distribution Formulas": "https://www.amazon.com/Mythili-Probability-Binomial-Distribution-Formulas/dp/B08K97T5HK/ref=sr_1_1071?brr=1&dchild=1&qid=1634419675&rd=1&s=digital-skills&sr=1-1071", "Cloud Flashcards": "https://www.amazon.com/Mythili-Cloud-Flashcards/dp/B08K976HDN/ref=sr_1_1072?brr=1&dchild=1&qid=1634419675&rd=1&s=digital-skills&sr=1-1072"}