{"Seattle Air": "https://www.amazon.com/Default-User-Seattle-Air/dp/B08JGS6KR9/ref=sr_1_1105?brr=1&dchild=1&qid=1634419684&rd=1&s=digital-skills&sr=1-1105", "Arp Tigers Flash Briefing": "https://www.amazon.com/Journey12-Arp-Tigers-Flash-Briefing/dp/B08JGHSTM6/ref=sr_1_1106?brr=1&dchild=1&qid=1634419684&rd=1&s=digital-skills&sr=1-1106", "Three Kingdoms": "https://www.amazon.com/JC-Three-Kingdoms/dp/B08JGG96VS/ref=sr_1_1107?brr=1&dchild=1&qid=1634419684&rd=1&s=digital-skills&sr=1-1107", "Learning about the cloud for teacher and student": "https://www.amazon.com/Learning-about-cloud-teacher-student/dp/B08JGCK33P/ref=sr_1_1108?brr=1&dchild=1&qid=1634419684&rd=1&s=digital-skills&sr=1-1108", "Hawkins Hawks Flash Briefing": "https://www.amazon.com/Journey12-Hawkins-Hawks-Flash-Briefing/dp/B08JG3XSTY/ref=sr_1_1109?brr=1&dchild=1&qid=1634419684&rd=1&s=digital-skills&sr=1-1109", "OrbitaASSIST Assistant Prod": "https://www.amazon.com/Orbita-OrbitaASSIST-Assistant-Prod/dp/B08JF44NQY/ref=sr_1_1110?brr=1&dchild=1&qid=1634419684&rd=1&s=digital-skills&sr=1-1110", "The Multipurpose Room": "https://www.amazon.com/K12-Clothing-The-Multipurpose-Room/dp/B08JCQ67XK/ref=sr_1_1111?brr=1&dchild=1&qid=1634419684&rd=1&s=digital-skills&sr=1-1111", "Home Buyer Tips": "https://www.amazon.com/Leo-CanDO-Home-Buyer-Tips/dp/B08J84CHGJ/ref=sr_1_1112?brr=1&dchild=1&qid=1634419684&rd=1&s=digital-skills&sr=1-1112", "Parent's Librarian": "https://www.amazon.com/Chatter-Learning-Inc-Parents-Librarian/dp/B08J7Z59SZ/ref=sr_1_1113?brr=1&dchild=1&qid=1634419684&rd=1&s=digital-skills&sr=1-1113", "Job Search": "https://www.amazon.com/Vocala-co-Job-Search/dp/B08J46LRGR/ref=sr_1_1114?brr=1&dchild=1&qid=1634419684&rd=1&s=digital-skills&sr=1-1114", "A Review Session On The Great Gatsby": "https://www.amazon.com/Review-Session-Great-Gatsby/dp/B08HZ7DRJZ/ref=sr_1_1115?brr=1&dchild=1&qid=1634419684&rd=1&s=digital-skills&sr=1-1115", "Groesbeck Goats Flash Briefing": "https://www.amazon.com/Journey12-Groesbeck-Goats-Flash-Briefing/dp/B08HYXQD9B/ref=sr_1_1116?brr=1&dchild=1&qid=1634419684&rd=1&s=digital-skills&sr=1-1116", "Professor Rating": "https://www.amazon.com/lengyue-Professor-Rating/dp/B08HYS43DP/ref=sr_1_1117?brr=1&dchild=1&qid=1634419684&rd=1&s=digital-skills&sr=1-1117", "Nicaraguan Anthem": "https://www.amazon.com/Menocal-Apps-Nicaraguan-Anthem/dp/B08HXXCHQ7/ref=sr_1_1118?brr=1&dchild=1&qid=1634419684&rd=1&s=digital-skills&sr=1-1118", "Atlas Primer": "https://www.amazon.com/Atlas-Primer/dp/B08HWFJLK5/ref=sr_1_1119?brr=1&dchild=1&qid=1634419684&rd=1&s=digital-skills&sr=1-1119", "Lisbon Facts": "https://www.amazon.com/Hugo-Batista-Lisbon-Facts/dp/B08HVNF51H/ref=sr_1_1120?brr=1&dchild=1&qid=1634419684&rd=1&s=digital-skills&sr=1-1120"}