{"Catchup With Hunt": "https://www.amazon.com/Coppell-ISD-Catchup-With-Hunt/dp/B08HGN956Z/ref=sr_1_1137?brr=1&dchild=1&qid=1634419689&rd=1&s=digital-skills&sr=1-1137", "Motivation of the day": "https://www.amazon.com/Mat%C3%ADas-g-b-Motivation-the-day/dp/B08HDHXZ7N/ref=sr_1_1138?brr=1&dchild=1&qid=1634419689&rd=1&s=digital-skills&sr=1-1138", "svtw prod autovalidate": "https://www.amazon.com/Comp_Dev_5-svtw-prod-autovalidate/dp/B08HCZX5HL/ref=sr_1_1139?brr=1&dchild=1&qid=1634419689&rd=1&s=digital-skills&sr=1-1139", "Auto DJS": "https://www.amazon.com/Comp_Dev_5-Auto-DJS/dp/B08HCYKGP6/ref=sr_1_1140?brr=1&dchild=1&qid=1634419689&rd=1&s=digital-skills&sr=1-1140", "Prod DRS": "https://www.amazon.com/Comp_Dev_5-Prod-DRS/dp/B08HCX5K7L/ref=sr_1_1141?brr=1&dchild=1&qid=1634419689&rd=1&s=digital-skills&sr=1-1141", "chipmunk union": "https://www.amazon.com/VayuVaidya-Dr-Bheemaiah-Anil-Kumar/dp/B08H8GPX2T/ref=sr_1_1142?brr=1&dchild=1&qid=1634419689&rd=1&s=digital-skills&sr=1-1142", "Word Of The Day": "https://www.amazon.com/Charlie-Merlo-Word-The-Day/dp/B08H8F4ZWR/ref=sr_1_1143?brr=1&dchild=1&qid=1634419689&rd=1&s=digital-skills&sr=1-1143", "Yaqui Museum Welcome Message": "https://www.amazon.com/Haxey-Yaqui-Museum-Welcome-Message/dp/B08H87651L/ref=sr_1_1144?brr=1&dchild=1&qid=1634419689&rd=1&s=digital-skills&sr=1-1144", "Red Oak Menu": "https://www.amazon.com/VoCo-Red-Oak-Menu/dp/B08H4RH4CQ/ref=sr_1_1145?brr=1&dchild=1&qid=1634419689&rd=1&s=digital-skills&sr=1-1145", "Grace and Peace": "https://www.amazon.com/ORN-Grace-and-Peace/dp/B08H4R8JXB/ref=sr_1_1146?brr=1&dchild=1&qid=1634419689&rd=1&s=digital-skills&sr=1-1146", "HighLowGame": "https://www.amazon.com/Mrunal-Akare-HighLowGame/dp/B08H4Q31QJ/ref=sr_1_1147?brr=1&dchild=1&qid=1634419689&rd=1&s=digital-skills&sr=1-1147", "JumpStart Academy": "https://www.amazon.com/Knowledge-Adventure-JumpStart-Academy/dp/B08H493Z52/ref=sr_1_1148?brr=1&dchild=1&qid=1634419689&rd=1&s=digital-skills&sr=1-1148", "Song Key Finder": "https://www.amazon.com/taylan-g%C3%B6kkaya-Song-Key-Finder/dp/B08H235LL6/ref=sr_1_1149?brr=1&dchild=1&qid=1634419689&rd=1&s=digital-skills&sr=1-1149", "Lily History": "https://www.amazon.com/KinBox-LTD-Lily-History/dp/B08H166ZSW/ref=sr_1_1150?brr=1&dchild=1&qid=1634419689&rd=1&s=digital-skills&sr=1-1150", "generational gap": "https://www.amazon.com/VayuVaidya-Bheemaiah-Anil-Kumar-generational/dp/B08GZW11RM/ref=sr_1_1151?brr=1&dchild=1&qid=1634419689&rd=1&s=digital-skills&sr=1-1151", "Slope Degree": "https://www.amazon.com/TZ-TECHNO-Slope-Degree/dp/B08GYZT8X9/ref=sr_1_1152?brr=1&dchild=1&qid=1634419689&rd=1&s=digital-skills&sr=1-1152"}