{"useless parents": "https://www.amazon.com/VayuVaidya-Dr-Bheemaiah-Anil-Kumar/dp/B08GHCQZMF/ref=sr_1_1169?brr=1&dchild=1&qid=1634419695&rd=1&s=digital-skills&sr=1-1169", "Voice Learning": "https://www.amazon.com/Voice-Learning-St-P%C3%B6lten-UAS/dp/B08GFPC1VB/ref=sr_1_1170?brr=1&dchild=1&qid=1634419695&rd=1&s=digital-skills&sr=1-1170", "Tara demo": "https://www.amazon.com/Learning-Matters-Tara-demo/dp/B08GFBGW8P/ref=sr_1_1171?brr=1&dchild=1&qid=1634419695&rd=1&s=digital-skills&sr=1-1171", "integration test": "https://www.amazon.com/CG-limited-integration-test/dp/B08GCYQ4HS/ref=sr_1_1172?brr=1&dchild=1&qid=1634419695&rd=1&s=digital-skills&sr=1-1172", "Indian GK Quiz": "https://www.amazon.com/Indian-G-K-Quiz-Game/dp/B08GCXP8HV/ref=sr_1_1173?brr=1&dchild=1&qid=1634419695&rd=1&s=digital-skills&sr=1-1173", "Wonders of the Earth": "https://www.amazon.com/VIT-Bhopal-Wonders-the-Earth/dp/B08GB5WVZN/ref=sr_1_1174?brr=1&dchild=1&qid=1634419695&rd=1&s=digital-skills&sr=1-1174", "Black Lives Matter": "https://www.amazon.com/VoiceXP-Black-Lives-Matter/dp/B08G8PGZTG/ref=sr_1_1175?brr=1&dchild=1&qid=1634419695&rd=1&s=digital-skills&sr=1-1175", "ASkill": "https://www.amazon.com/CUHK-ASkill/dp/B08G836TYH/ref=sr_1_1176?brr=1&dchild=1&qid=1634419695&rd=1&s=digital-skills&sr=1-1176", "Bumpin Book": "https://www.amazon.com/Simon-Schuster-Bumpin-Book/dp/B08G1WGPPK/ref=sr_1_1177?brr=1&dchild=1&qid=1634419695&rd=1&s=digital-skills&sr=1-1177", "ChemVox": "https://www.amazon.com/Umberto-Raucci-ChemVox/dp/B08G1C97J5/ref=sr_1_1178?brr=1&dchild=1&qid=1634419695&rd=1&s=digital-skills&sr=1-1178", "The Tattooed Historian's Flash Briefing": "https://www.amazon.com/The-Tattooed-Historians-Flash-Briefing/dp/B08FXTDR6S/ref=sr_1_1179?brr=1&dchild=1&qid=1634419695&rd=1&s=digital-skills&sr=1-1179", "Research Assistant": "https://www.amazon.com/rQadium-Research-Assistant/dp/B08FX35J8P/ref=sr_1_1180?brr=1&dchild=1&qid=1634419695&rd=1&s=digital-skills&sr=1-1180", "ZeeSkil": "https://www.amazon.com/sleethma-ZeeSkil/dp/B08FWZXWNV/ref=sr_1_1181?brr=1&dchild=1&qid=1634419695&rd=1&s=digital-skills&sr=1-1181", "The Norman Way": "https://www.amazon.com/Paper-Juice-Creative-The-Norman/dp/B08FT5HZKH/ref=sr_1_1182?brr=1&dchild=1&qid=1634419695&rd=1&s=digital-skills&sr=1-1182", "HCPS(Henrico County Public Schools) Calendar": "https://www.amazon.com/Henrico-County-Public-Schools-Calendar/dp/B08FSGR4KV/ref=sr_1_1183?brr=1&dchild=1&qid=1634419695&rd=1&s=digital-skills&sr=1-1183", "India Facts": "https://www.amazon.com/Chandigarh-University-India-Facts/dp/B08FRRJFGF/ref=sr_1_1184?brr=1&dchild=1&qid=1634419695&rd=1&s=digital-skills&sr=1-1184"}