{"Interesting Facts": "https://www.amazon.com/Chandigarh-University-Interesting-Facts/dp/B08FRQH5C2/ref=sr_1_1185?brr=1&dchild=1&qid=1634419698&rd=1&s=digital-skills&sr=1-1185", "LatinX in Power": "https://www.amazon.com/LatinX-in-Power/dp/B08FR4V9MT/ref=sr_1_1186?brr=1&dchild=1&qid=1634419698&rd=1&s=digital-skills&sr=1-1186", "Find A Word": "https://www.amazon.com/john-allwork-Find-A-Word/dp/B08FR3DJ5N/ref=sr_1_1187?brr=1&dchild=1&qid=1634419698&rd=1&s=digital-skills&sr=1-1187", "Study Flashcards": "https://www.amazon.com/labworks-io-USA-for-Kids-Flashcards/dp/B08FQY1T29/ref=sr_1_1188?brr=1&dchild=1&qid=1634419698&rd=1&s=digital-skills&sr=1-1188", "Permaculture": "https://www.amazon.com/Dragonfruit-Permaculture/dp/B08FQRRFWH/ref=sr_1_1189?brr=1&dchild=1&qid=1634419698&rd=1&s=digital-skills&sr=1-1189", "Red Oak Activities": "https://www.amazon.com/VoCo-Red-Oak-Activities/dp/B08FJFVKBN/ref=sr_1_1190?brr=1&dchild=1&qid=1634419698&rd=1&s=digital-skills&sr=1-1190", "Daddy Update": "https://www.amazon.com/Ultimate-Daddy-Update/dp/B08FHL224F/ref=sr_1_1191?brr=1&dchild=1&qid=1634419698&rd=1&s=digital-skills&sr=1-1191", "The Perna Syndicate - Motivation & Careers": "https://www.amazon.com/Perna-Syndicate-Motivation-Success/dp/B08FHGN6WZ/ref=sr_1_1192?brr=1&dchild=1&qid=1634419698&rd=1&s=digital-skills&sr=1-1192", "Healthy Food": "https://www.amazon.com/Digna-Patel-Healthy-Food/dp/B08FGVMSWZ/ref=sr_1_1193?brr=1&dchild=1&qid=1634419698&rd=1&s=digital-skills&sr=1-1193", "Rote It (Rote Memorization)": "https://www.amazon.com/test-Rote-It-Memorization/dp/B08FGCFYJ6/ref=sr_1_1194?brr=1&dchild=1&qid=1634419698&rd=1&s=digital-skills&sr=1-1194", "reinventing a wheel": "https://www.amazon.com/VayuVaidya-Bheemaiah-Anil-Kumar-reinventing/dp/B08FDV6RQT/ref=sr_1_1195?brr=1&dchild=1&qid=1634419698&rd=1&s=digital-skills&sr=1-1195", "Data Science": "https://www.amazon.com/Chandigarh-University-Data-Science/dp/B08FDH6NW5/ref=sr_1_1196?brr=1&dchild=1&qid=1634419698&rd=1&s=digital-skills&sr=1-1196", "Fact About Kolkata": "https://www.amazon.com/Chandigarh-University-Fact-About-Kolkata/dp/B08FCVJTXC/ref=sr_1_1197?brr=1&dchild=1&qid=1634419698&rd=1&s=digital-skills&sr=1-1197", "Data Structure": "https://www.amazon.com/Chandigarh-University-Data-Structure/dp/B08FCLNLFG/ref=sr_1_1198?brr=1&dchild=1&qid=1634419698&rd=1&s=digital-skills&sr=1-1198", "Learning about genes": "https://www.amazon.com/Innoscyte-Learning-about-genes/dp/B08FCHGJFQ/ref=sr_1_1199?brr=1&dchild=1&qid=1634419698&rd=1&s=digital-skills&sr=1-1199", "The Adventure Story": "https://www.amazon.com/AubreyMB-The-Adventure-Story/dp/B08FBJVLJ3/ref=sr_1_1200?brr=1&dchild=1&qid=1634419698&rd=1&s=digital-skills&sr=1-1200"}