{"Euromillions Lottery Results": "https://www.amazon.com/Mark-Bridges-Euromillions-Lottery-Results/dp/B08FBCJL76/ref=sr_1_1201?brr=1&dchild=1&qid=1634419701&rd=1&s=digital-skills&sr=1-1201", "Back Pain Tips": "https://www.amazon.com/allsuper-info-for-SavoElite-com-Back-Pain/dp/B08F9Y3BD6/ref=sr_1_1202?brr=1&dchild=1&qid=1634419701&rd=1&s=digital-skills&sr=1-1202", "patrick henry college": "https://www.amazon.com/Zammo-patrick-henry-college/dp/B08F7V7ZT9/ref=sr_1_1203?brr=1&dchild=1&qid=1634419701&rd=1&s=digital-skills&sr=1-1203", "First 5 Forever": "https://www.amazon.com/Alkira-Software-First-5-Forever/dp/B08F79KYRN/ref=sr_1_1204?brr=1&dchild=1&qid=1634419701&rd=1&s=digital-skills&sr=1-1204", "dental g": "https://www.amazon.com/Dr-SUNIL-KUMAR-dental-g/dp/B08F73LPH9/ref=sr_1_1205?brr=1&dchild=1&qid=1634419701&rd=1&s=digital-skills&sr=1-1205", "Demo Managed": "https://www.amazon.com/Amazon-COPS-QA-Demo-Managed/dp/B08F6W4HSP/ref=sr_1_1206?brr=1&dchild=1&qid=1634419701&rd=1&s=digital-skills&sr=1-1206", "time travel": "https://www.amazon.com/CoderDojo-time-travel/dp/B08F5FWGYC/ref=sr_1_1207?brr=1&dchild=1&qid=1634419701&rd=1&s=digital-skills&sr=1-1207", "endangered birds": "https://www.amazon.com/CoderDojo-endangered-birds/dp/B08F5FN592/ref=sr_1_1208?brr=1&dchild=1&qid=1634419701&rd=1&s=digital-skills&sr=1-1208", "VP Day Stories": "https://www.amazon.com/Alkira-Software-VP-Day-Stories/dp/B08F54H16D/ref=sr_1_1209?brr=1&dchild=1&qid=1634419701&rd=1&s=digital-skills&sr=1-1209", "Code Blue": "https://www.amazon.com/Bluefin-Technology-Partners-Code-Blue/dp/B08F4YM9C8/ref=sr_1_1210?brr=1&dchild=1&qid=1634419701&rd=1&s=digital-skills&sr=1-1210", "books in tamil podcast": "https://www.amazon.com/selfsage-books-in-tamil-podcast/dp/B08F43TX4M/ref=sr_1_1211?brr=1&dchild=1&qid=1634419701&rd=1&s=digital-skills&sr=1-1211", "Finnish National Holidays": "https://www.amazon.com/Shaxware-Inc-Finnish-National-Holidays/dp/B08DY4XNWB/ref=sr_1_1212?brr=1&dchild=1&qid=1634419701&rd=1&s=digital-skills&sr=1-1212", "Tournament Directors Association": "https://www.amazon.com/Neil-Jones-Tournament-Directors-Association/dp/B08DTKRHLR/ref=sr_1_1213?brr=1&dchild=1&qid=1634419701&rd=1&s=digital-skills&sr=1-1213", "Roberts Rules eleven": "https://www.amazon.com/Neil-Jones-Roberts-Rules-eleven/dp/B08DT3F9VX/ref=sr_1_1214?brr=1&dchild=1&qid=1634419701&rd=1&s=digital-skills&sr=1-1214", "Boston Caribean Network Radio": "https://www.amazon.com/Web-promo-solution-Caribean-Network/dp/B08DRJRYQP/ref=sr_1_1215?brr=1&dchild=1&qid=1634419701&rd=1&s=digital-skills&sr=1-1215", "Pointless Smithing Data": "https://www.amazon.com/King-Crowley-Forge-Pointless-Smithing/dp/B08DRF5XGX/ref=sr_1_1216?brr=1&dchild=1&qid=1634419701&rd=1&s=digital-skills&sr=1-1216"}