{"MongoDB Dictionary": "https://www.amazon.com/Ken-W-Alger-MongoDB-Dictionary/dp/B06ZZ7JBPR/ref=sr_1_113?brr=1&dchild=1&qid=1634419510&rd=1&s=digital-skills&sr=1-113", "daily shark facts": "https://www.amazon.com/ImpactDesign-daily-shark-facts/dp/B07DLZZB17/ref=sr_1_114?brr=1&dchild=1&qid=1634419510&rd=1&s=digital-skills&sr=1-114", "J Translate": "https://www.amazon.com/Escapegoat-J-Translate/dp/B074MGHHWV/ref=sr_1_115?brr=1&dchild=1&qid=1634419510&rd=1&s=digital-skills&sr=1-115", "DeWalt Tools": "https://www.amazon.com/Stanley-Black-Decker-DeWalt-Tools/dp/B076DNY44M/ref=sr_1_116?brr=1&dchild=1&qid=1634419510&rd=1&s=digital-skills&sr=1-116", "Japanese Words": "https://www.amazon.com/JojimaYuta-Japanese-Words/dp/B079VV4N4N/ref=sr_1_117?brr=1&dchild=1&qid=1634419510&rd=1&s=digital-skills&sr=1-117", "PiWOT: Geriatrics": "https://www.amazon.com/VayuVaidya-Dr-Bheemaiah-Anil-Kumar/dp/B09GRLRLM4/ref=sr_1_118?brr=1&dchild=1&qid=1634419510&rd=1&s=digital-skills&sr=1-118", "Learn French": "https://www.amazon.com/ALPHABETO-Learn-French/dp/B01HG5G8ES/ref=sr_1_119?brr=1&dchild=1&qid=1634419510&rd=1&s=digital-skills&sr=1-119", "MegustaListening to Tales": "https://www.amazon.com/Penguin-Random-House-Grupo-Editorial/dp/B07V1VNSGZ/ref=sr_1_120?brr=1&dchild=1&qid=1634419510&rd=1&s=digital-skills&sr=1-120", "Elf On The Shelf Facts": "https://www.amazon.com/Elf-On-The-Shelf-Facts/dp/B07QGTKFDJ/ref=sr_1_121?brr=1&dchild=1&qid=1634419510&rd=1&s=digital-skills&sr=1-121", "Science Facts": "https://www.amazon.com/Black-T-Shirt-Developments-Science/dp/B07B48S2Z7/ref=sr_1_122?brr=1&dchild=1&qid=1634419510&rd=1&s=digital-skills&sr=1-122", "Bible Verse": "https://www.amazon.com/kg2s-Bible-Verse/dp/B01G9UJYFQ/ref=sr_1_123?brr=1&dchild=1&qid=1634419510&rd=1&s=digital-skills&sr=1-123", "BloodHorse Daily": "https://www.amazon.com/BloodHorse-Daily/dp/B07D3CTHTN/ref=sr_1_124?brr=1&dchild=1&qid=1634419510&rd=1&s=digital-skills&sr=1-124", "Machine Learning Facts": "https://www.amazon.com/md-aamir-Machine-Learning-Facts/dp/B07WQWLWD5/ref=sr_1_125?brr=1&dchild=1&qid=1634419510&rd=1&s=digital-skills&sr=1-125", "My NeuroEducate Skills": "https://www.amazon.com/Blaine-Sundrud-My-NeuroEducate-Skills/dp/B06W9HZ9S9/ref=sr_1_126?brr=1&dchild=1&qid=1634419510&rd=1&s=digital-skills&sr=1-126", "Guitar Chords": "https://www.amazon.com/Haslam-Guitar-Chords/dp/B073ZC4JYS/ref=sr_1_127?brr=1&dchild=1&qid=1634419510&rd=1&s=digital-skills&sr=1-127", "Animal Voices": "https://www.amazon.com/Maciej-Rudnicki-Animal-Voices/dp/B087G566HW/ref=sr_1_128?brr=1&dchild=1&qid=1634419510&rd=1&s=digital-skills&sr=1-128"}