{"Hospice Domicile": "https://www.amazon.com/VayuVaidya-Dr-Bheemaiah-Anil-Kumar/dp/B08BX77DCJ/ref=sr_1_1281?brr=1&dchild=1&qid=1634419716&rd=1&s=digital-skills&sr=1-1281", "Inspiring phrases": "https://www.amazon.com/Inspirando-Sonhos-Inspiring-phrases/dp/B08BX3H7PY/ref=sr_1_1282?brr=1&dchild=1&qid=1634419716&rd=1&s=digital-skills&sr=1-1282", "badge changed Twenty": "https://www.amazon.com/Comp_Dev_2-badge-changed-Twenty/dp/B08BWXDXLM/ref=sr_1_1283?brr=1&dchild=1&qid=1634419716&rd=1&s=digital-skills&sr=1-1283", "Roots Suffixes Prefixes": "https://www.amazon.com/Professor-Roots-Suffixes-Prefixes/dp/B08BWQZQHQ/ref=sr_1_1284?brr=1&dchild=1&qid=1634419716&rd=1&s=digital-skills&sr=1-1284", "Mike Fink Law": "https://www.amazon.com/VoiceXP-Mike-Fink-Law/dp/B08BWN243S/ref=sr_1_1285?brr=1&dchild=1&qid=1634419716&rd=1&s=digital-skills&sr=1-1285", "Peter B Therapy": "https://www.amazon.com/VoiceXP-Peter-B-Therapy/dp/B08BWM5DGS/ref=sr_1_1286?brr=1&dchild=1&qid=1634419716&rd=1&s=digital-skills&sr=1-1286", "Monster Baby": "https://www.amazon.com/VayuVaidya-Dr-Bheemaiah-Anil-Kumar/dp/B08BTY1X2C/ref=sr_1_1287?brr=1&dchild=1&qid=1634419716&rd=1&s=digital-skills&sr=1-1287", "The CompenDM Podcast": "https://www.amazon.com/The-CompenDM-Podcast/dp/B08BRGGVQ2/ref=sr_1_1288?brr=1&dchild=1&qid=1634419716&rd=1&s=digital-skills&sr=1-1288", "Gene Teller": "https://www.amazon.com/J-D-Hill-Gene-Teller/dp/B08BRD8SS8/ref=sr_1_1289?brr=1&dchild=1&qid=1634419716&rd=1&s=digital-skills&sr=1-1289", "St. Cloud State": "https://www.amazon.com/St-Cloud-State-University/dp/B08BQHQ3BD/ref=sr_1_1290?brr=1&dchild=1&qid=1634419716&rd=1&s=digital-skills&sr=1-1290", "tale of evolution": "https://www.amazon.com/VayuVaidya-Dr-Bheemaiah-Anil-Kumar/dp/B08BNNFQX4/ref=sr_1_1291?brr=1&dchild=1&qid=1634419716&rd=1&s=digital-skills&sr=1-1291", "Indian Festivals": "https://www.amazon.com/ajay-bhatia-Indian-Festivals/dp/B08BHVZNKV/ref=sr_1_1292?brr=1&dchild=1&qid=1634419716&rd=1&s=digital-skills&sr=1-1292", "Citizenship Civics Test Preparation": "https://www.amazon.com/J6-Labs-Citizenship-Civics-Preparation/dp/B08BHKV9CL/ref=sr_1_1293?brr=1&dchild=1&qid=1634419716&rd=1&s=digital-skills&sr=1-1293", "Fly Wheel": "https://www.amazon.com/Alexa-Blueprints-User-Fly-Wheel/dp/B08BG7LCRQ/ref=sr_1_1294?brr=1&dchild=1&qid=1634419716&rd=1&s=digital-skills&sr=1-1294", "Emotion Coaching": "https://www.amazon.com/CogniVocal-Emotion-Coaching/dp/B08BG25JG7/ref=sr_1_1295?brr=1&dchild=1&qid=1634419716&rd=1&s=digital-skills&sr=1-1295", "Daily Grind Tips": "https://www.amazon.com/Own-What-You-Daily-Grind/dp/B08BCLDWN6/ref=sr_1_1296?brr=1&dchild=1&qid=1634419716&rd=1&s=digital-skills&sr=1-1296"}