{"End2EndTesting R1432644": "https://www.amazon.com/Amazon-End2EndTesting-R1432644/dp/B08B85VTL2/ref=sr_1_1297?brr=1&dchild=1&qid=1634419719&rd=1&s=digital-skills&sr=1-1297", "Hello Math": "https://www.amazon.com/Ziqian-Chen-Hello-Math/dp/B08B7D2BXF/ref=sr_1_1298?brr=1&dchild=1&qid=1634419719&rd=1&s=digital-skills&sr=1-1298", "Vegas Pro Assistant": "https://www.amazon.com/Tech-Dive-Productionsw-Vegas-Assistant/dp/B08B69965K/ref=sr_1_1299?brr=1&dchild=1&qid=1634419719&rd=1&s=digital-skills&sr=1-1299", "My School Portal": "https://www.amazon.com/My-School-Portal/dp/B08B65FB82/ref=sr_1_1300?brr=1&dchild=1&qid=1634419719&rd=1&s=digital-skills&sr=1-1300", "summer search i.t.": "https://www.amazon.com/Zammo-summer-search-i-t/dp/B08B644T5L/ref=sr_1_1301?brr=1&dchild=1&qid=1634419719&rd=1&s=digital-skills&sr=1-1301", "Misri Speakers": "https://www.amazon.com/VayuVaidya-Dr-Bheemaiah-Anil-Kumar/dp/B08B63GMFC/ref=sr_1_1302?brr=1&dchild=1&qid=1634419719&rd=1&s=digital-skills&sr=1-1302", "The Jungle Book - Animal Sounds": "https://www.amazon.com/The-Jungle-Book-Animal-Sounds/dp/B08B3YKFV7/ref=sr_1_1303?brr=1&dchild=1&qid=1634419719&rd=1&s=digital-skills&sr=1-1303", "Hanuman Chalisa - by Gulshan Kumar": "https://www.amazon.com/Hanuman-Chalisa-by-Gulshan-Kumar/dp/B08B3XQ6JR/ref=sr_1_1304?brr=1&dchild=1&qid=1634419719&rd=1&s=digital-skills&sr=1-1304", "State Pod Automatism.": "https://www.amazon.com/CoderDojo-State-Pod-Automatism/dp/B08B18LBRW/ref=sr_1_1305?brr=1&dchild=1&qid=1634419719&rd=1&s=digital-skills&sr=1-1305", "my everyday news": "https://www.amazon.com/smily1124-my-everyday-news/dp/B089ZXCPLN/ref=sr_1_1306?brr=1&dchild=1&qid=1634419719&rd=1&s=digital-skills&sr=1-1306", "Indian Nursery Rhyme - Lakdi ki Kathi": "https://www.amazon.com/Indian-Nursery-Rhyme-Lakdi-Kathi/dp/B089YSPWGQ/ref=sr_1_1307?brr=1&dchild=1&qid=1634419719&rd=1&s=digital-skills&sr=1-1307", "Indian Nursery Rhyme - Nani Teri Morni": "https://www.amazon.com/Indian-Nursery-Rhyme-Nani-Morni/dp/B089YSNNCP/ref=sr_1_1308?brr=1&dchild=1&qid=1634419719&rd=1&s=digital-skills&sr=1-1308", "FRD Gamma chk": "https://www.amazon.com/Amazon-COPS-QA-FRD-Gamma-chk/dp/B089Y4TKGV/ref=sr_1_1309?brr=1&dchild=1&qid=1634419719&rd=1&s=digital-skills&sr=1-1309", "Lords Strange Ways": "https://www.amazon.com/CoderDojo-Lords-Strange-Ways/dp/B089XSYZWX/ref=sr_1_1310?brr=1&dchild=1&qid=1634419719&rd=1&s=digital-skills&sr=1-1310", "My Pomegranate Tree": "https://www.amazon.com/VayuVaidya-Bheemaiah-Anil-Kumar-Pomegranate/dp/B089XHRHKY/ref=sr_1_1311?brr=1&dchild=1&qid=1634419719&rd=1&s=digital-skills&sr=1-1311", "Facts on Cat Facts": "https://www.amazon.com/Oxygen-Box-Facts-on-Cat/dp/B089W3QFQJ/ref=sr_1_1312?brr=1&dchild=1&qid=1634419719&rd=1&s=digital-skills&sr=1-1312"}