{"James River Gauge": "https://www.amazon.com/Ford-Prior-James-River-Gauge/dp/B0894FCKXX/ref=sr_1_1361?brr=1&dchild=1&qid=1634419730&rd=1&s=digital-skills&sr=1-1361", "easyBot": "https://www.amazon.com/easyDialog-easyBot/dp/B089422G1V/ref=sr_1_1362?brr=1&dchild=1&qid=1634419730&rd=1&s=digital-skills&sr=1-1362", "ACNH Almanac": "https://www.amazon.com/Amplified-Technology-LLC-ACNH-Almanac/dp/B08936Q72S/ref=sr_1_1363?brr=1&dchild=1&qid=1634419730&rd=1&s=digital-skills&sr=1-1363", "Natural Programming": "https://www.amazon.com/CoderDojo-Natural-Programming/dp/B0892SBBN9/ref=sr_1_1364?brr=1&dchild=1&qid=1634419730&rd=1&s=digital-skills&sr=1-1364", "Texas State University Trivia": "https://www.amazon.com/Technology-Innovation-Office-Texas-State/dp/B0892PHQG9/ref=sr_1_1365?brr=1&dchild=1&qid=1634419730&rd=1&s=digital-skills&sr=1-1365", "Leslie Assistant Research": "https://www.amazon.com/Pratt-Institute-Leslie-Assistant-Research/dp/B08926P31S/ref=sr_1_1366?brr=1&dchild=1&qid=1634419730&rd=1&s=digital-skills&sr=1-1366", "Quarantine Things": "https://www.amazon.com/Daniel-Balchin-Quarantine-Things/dp/B089232VZH/ref=sr_1_1367?brr=1&dchild=1&qid=1634419730&rd=1&s=digital-skills&sr=1-1367", "Ali Abi Facts": "https://www.amazon.com/ReactionBit-Development-Ali-Abi-Facts/dp/B0891SS6W2/ref=sr_1_1368?brr=1&dchild=1&qid=1634419730&rd=1&s=digital-skills&sr=1-1368", "Input/Output": "https://www.amazon.com/Bustle-Input-Output/dp/B0891LVQBG/ref=sr_1_1369?brr=1&dchild=1&qid=1634419730&rd=1&s=digital-skills&sr=1-1369", "Mind Your Business": "https://www.amazon.com/Miroslav-Zaric-Mind-Your-Business/dp/B088ZSPWRQ/ref=sr_1_1370?brr=1&dchild=1&qid=1634419730&rd=1&s=digital-skills&sr=1-1370", "Kellys Art Shack": "https://www.amazon.com/Voice-Advice-Application-Kellys-Shack/dp/B088ZR7M79/ref=sr_1_1371?brr=1&dchild=1&qid=1634419730&rd=1&s=digital-skills&sr=1-1371", "Primped Pooches": "https://www.amazon.com/Voice-Advice-Application-Primped-Pooches/dp/B088ZQK7ZB/ref=sr_1_1372?brr=1&dchild=1&qid=1634419730&rd=1&s=digital-skills&sr=1-1372", "Go2Words": "https://www.amazon.com/Cretorial-Go2Words/dp/B088ZNBNKF/ref=sr_1_1373?brr=1&dchild=1&qid=1634419730&rd=1&s=digital-skills&sr=1-1373", "The smartwatch gizmo": "https://www.amazon.com/VayuVaidya-Dr-Bheemaiah-Anil-Kumar/dp/B088YY2SG5/ref=sr_1_1374?brr=1&dchild=1&qid=1634419730&rd=1&s=digital-skills&sr=1-1374", "Armageddon days": "https://www.amazon.com/VayuVaidya-Dr-Bheemaiah-Anil-Kumar/dp/B088YVDHDX/ref=sr_1_1375?brr=1&dchild=1&qid=1634419730&rd=1&s=digital-skills&sr=1-1375", "Quantum Stories": "https://www.amazon.com/VayuVaidya-Dr-Bheemaiah-Anil-Kumar/dp/B088YQT9LP/ref=sr_1_1376?brr=1&dchild=1&qid=1634419730&rd=1&s=digital-skills&sr=1-1376"}