{"Little Monkeys Heart": "https://www.amazon.com/VayuVaidya-Dr-Bheemaiah-Anil-Kumar/dp/B088FZLXPR/ref=sr_1_1409?brr=1&dchild=1&qid=1634419739&rd=1&s=digital-skills&sr=1-1409", "Replacing Notepads": "https://www.amazon.com/VayuVaidya-Dr-Bheemaiah-Anil-Kumar/dp/B088FZL6M6/ref=sr_1_1410?brr=1&dchild=1&qid=1634419739&rd=1&s=digital-skills&sr=1-1410", "City of East Point": "https://www.amazon.com/CITY-OF-EAST-POINT-Point/dp/B088FSPBBH/ref=sr_1_1411?brr=1&dchild=1&qid=1634419739&rd=1&s=digital-skills&sr=1-1411", "Braille Bot": "https://www.amazon.com/Greg-Thrower-Braille-Bot/dp/B088FP3TW4/ref=sr_1_1412?brr=1&dchild=1&qid=1634419739&rd=1&s=digital-skills&sr=1-1412", "The Guiding Voice": "https://www.amazon.com/The-Guiding-Voice/dp/B088FLJFBQ/ref=sr_1_1413?brr=1&dchild=1&qid=1634419739&rd=1&s=digital-skills&sr=1-1413", "University of Skills": "https://www.amazon.com/Phelps-Inc-University-of-Skills/dp/B088FJ7C2H/ref=sr_1_1414?brr=1&dchild=1&qid=1634419739&rd=1&s=digital-skills&sr=1-1414", "Transporter One": "https://www.amazon.com/VayuVaidya-Bheemaiah-Anil-Kumar-Transporter/dp/B088FHZ212/ref=sr_1_1415?brr=1&dchild=1&qid=1634419739&rd=1&s=digital-skills&sr=1-1415", "Lions live": "https://www.amazon.com/VayuVaidya-Dr-Bheemaiah-Anil-Kumar/dp/B088FF7Y4Z/ref=sr_1_1416?brr=1&dchild=1&qid=1634419739&rd=1&s=digital-skills&sr=1-1416", "Countries": "https://www.amazon.com/Gabriel-Unruh-Countries/dp/B088F4LSPK/ref=sr_1_1417?brr=1&dchild=1&qid=1634419739&rd=1&s=digital-skills&sr=1-1417", "Cardio flashcards": "https://www.amazon.com/KAy-Cardio-flashcards/dp/B088DSX4JQ/ref=sr_1_1418?brr=1&dchild=1&qid=1634419739&rd=1&s=digital-skills&sr=1-1418", "Remember When 2019": "https://www.amazon.com/Voice-Spark-Remember-When-2019/dp/B088DC4HH6/ref=sr_1_1419?brr=1&dchild=1&qid=1634419739&rd=1&s=digital-skills&sr=1-1419", "Crowd Source": "https://www.amazon.com/Language-translator-Crowd-Source/dp/B088BTQKFW/ref=sr_1_1420?brr=1&dchild=1&qid=1634419739&rd=1&s=digital-skills&sr=1-1420", "The Business Builder": "https://www.amazon.com/Simon-Marketing-Agency-Business-Builder/dp/B088BF7DBY/ref=sr_1_1421?brr=1&dchild=1&qid=1634419739&rd=1&s=digital-skills&sr=1-1421", "Dad Jokes": "https://www.amazon.com/Voice-Labs-Dad-Jokes/dp/B088BB3NP4/ref=sr_1_1422?brr=1&dchild=1&qid=1634419739&rd=1&s=digital-skills&sr=1-1422", "Lords Words": "https://www.amazon.com/VayuVaidya-Dr-Bheemaiah-Anil-Kumar/dp/B0889NFRH1/ref=sr_1_1423?brr=1&dchild=1&qid=1634419739&rd=1&s=digital-skills&sr=1-1423", "Swede Hollow Revisited": "https://www.amazon.com/VayuVaidya-Dr-Bheemaiah-Anil-Kumar/dp/B0889D2XKL/ref=sr_1_1424?brr=1&dchild=1&qid=1634419739&rd=1&s=digital-skills&sr=1-1424"}