{"USC Libraries Search": "https://www.amazon.com/USC-ILS-Libraries-Search/dp/B07L7KHPKB/ref=sr_1_129?brr=1&dchild=1&qid=1634419513&rd=1&s=digital-skills&sr=1-129", "Stock Market": "https://www.amazon.com/Tushar-Stock-Market/dp/B07JNZQ1V1/ref=sr_1_130?brr=1&dchild=1&qid=1634419513&rd=1&s=digital-skills&sr=1-130", "Baby Whisperer": "https://www.amazon.com/Baby-Whisperer/dp/B0949VFCJ1/ref=sr_1_131?brr=1&dchild=1&qid=1634419513&rd=1&s=digital-skills&sr=1-131", "Multiplication Flash Cards": "https://www.amazon.com/Carrington-Enterprises-Multiplication-Flash-Cards/dp/B01HLMQSUK/ref=sr_1_132?brr=1&dchild=1&qid=1634419513&rd=1&s=digital-skills&sr=1-132", "Cat Translator": "https://www.amazon.com/HUGO-FM-Cat-Translator/dp/B0849KTMKN/ref=sr_1_133?brr=1&dchild=1&qid=1634419513&rd=1&s=digital-skills&sr=1-133", "Lord of the Rings Facts": "https://www.amazon.com/Lord-of-the-Rings-Facts/dp/B07K5VBF54/ref=sr_1_134?brr=1&dchild=1&qid=1634419513&rd=1&s=digital-skills&sr=1-134", "Clemson University": "https://www.amazon.com/Clemson-University/dp/B07NGJ4HFP/ref=sr_1_135?brr=1&dchild=1&qid=1634419513&rd=1&s=digital-skills&sr=1-135", "Self Help": "https://www.amazon.com/Khon-Lieu-Self-Help/dp/B07KF638WC/ref=sr_1_136?brr=1&dchild=1&qid=1634419513&rd=1&s=digital-skills&sr=1-136", "Audiobook Review": "https://www.amazon.com/Kuttle-Audiobook-Review/dp/B085M1TK52/ref=sr_1_137?brr=1&dchild=1&qid=1634419513&rd=1&s=digital-skills&sr=1-137", "TytoCare Pairing Guide": "https://www.amazon.com/Tier-Zero-TytoCare-Pairing-Guide/dp/B08P4DHQRG/ref=sr_1_138?brr=1&dchild=1&qid=1634419513&rd=1&s=digital-skills&sr=1-138", "Random Color Chooser": "https://www.amazon.com/Backyard-Rocket-Science-Productions-Chooser/dp/B07L2CVJCZ/ref=sr_1_139?brr=1&dchild=1&qid=1634419513&rd=1&s=digital-skills&sr=1-139", "eiffel tower facts": "https://www.amazon.com/Lenop-inc-eiffel-tower-facts/dp/B07KWDCDNG/ref=sr_1_140?brr=1&dchild=1&qid=1634419513&rd=1&s=digital-skills&sr=1-140", "Yoga Quotes": "https://www.amazon.com/Inspirando-Sonhos-Yoga-Quotes/dp/B09GRWS8F5/ref=sr_1_141?brr=1&dchild=1&qid=1634419513&rd=1&s=digital-skills&sr=1-141", "Beanie Boos Birthdays": "https://www.amazon.com/Arthur-Lockrem-Beanie-Boos-Birthdays/dp/B01FPK32FY/ref=sr_1_142?brr=1&dchild=1&qid=1634419513&rd=1&s=digital-skills&sr=1-142", "Kids' math": "https://www.amazon.com/Christian-Delhez-Kids-math/dp/B07T2PRP44/ref=sr_1_143?brr=1&dchild=1&qid=1634419513&rd=1&s=digital-skills&sr=1-143", "Bamboo Learning": "https://www.amazon.com/Bamboo-Learning-Inc/dp/B094DQLS8J/ref=sr_1_144?brr=1&dchild=1&qid=1634419513&rd=1&s=digital-skills&sr=1-144"}