{"News from the Peale": "https://www.amazon.com/Shop-Vocal-News-from-Peale/dp/B087PNR7HC/ref=sr_1_1457?brr=1&dchild=1&qid=1634419748&rd=1&s=digital-skills&sr=1-1457", "Every Country Facts": "https://www.amazon.com/Skillser-Every-Country-Facts/dp/B087PGJ1QS/ref=sr_1_1458?brr=1&dchild=1&qid=1634419748&rd=1&s=digital-skills&sr=1-1458", "Kandy's vocabulary": "https://www.amazon.com/KandyIIT-Kandys-vocabulary/dp/B087P96WJM/ref=sr_1_1459?brr=1&dchild=1&qid=1634419748&rd=1&s=digital-skills&sr=1-1459", "CRM": "https://www.amazon.com/MIET-CRM/dp/B087NG9HWK/ref=sr_1_1460?brr=1&dchild=1&qid=1634419748&rd=1&s=digital-skills&sr=1-1460", "Thinking Cap Spanish": "https://www.amazon.com/Thinking-Cap-Spanish/dp/B087NBNYXS/ref=sr_1_1461?brr=1&dchild=1&qid=1634419748&rd=1&s=digital-skills&sr=1-1461", "Where Does It Go? Seattle Recycling Guide": "https://www.amazon.com/Where-Does-Seattle-Recycling-Guide/dp/B087M7RRJG/ref=sr_1_1462?brr=1&dchild=1&qid=1634419748&rd=1&s=digital-skills&sr=1-1462", "Animal Quiz": "https://www.amazon.com/Maciej-Rudnicki-Animal-Quiz/dp/B087M3XC82/ref=sr_1_1463?brr=1&dchild=1&qid=1634419748&rd=1&s=digital-skills&sr=1-1463", "Dabble Lab": "https://www.amazon.com/Dabble-Lab/dp/B087JGXB7H/ref=sr_1_1464?brr=1&dchild=1&qid=1634419748&rd=1&s=digital-skills&sr=1-1464", "georgia state facts": "https://www.amazon.com/Georgia-State-University-georgia-state/dp/B087JFR29Y/ref=sr_1_1465?brr=1&dchild=1&qid=1634419748&rd=1&s=digital-skills&sr=1-1465", "Name Genie - (The Gender Predictor)": "https://www.amazon.com/Name-Genie-The-Gender-Predictor/dp/B087G6QH7H/ref=sr_1_1466?brr=1&dchild=1&qid=1634419748&rd=1&s=digital-skills&sr=1-1466", "Department of Education News": "https://www.amazon.com/Tony-Luk-Department-Education-News/dp/B087G34LHG/ref=sr_1_1467?brr=1&dchild=1&qid=1634419748&rd=1&s=digital-skills&sr=1-1467", "my fact graduate project": "https://www.amazon.com/Georgia-State-University-graduate-project/dp/B087FXVS8M/ref=sr_1_1468?brr=1&dchild=1&qid=1634419748&rd=1&s=digital-skills&sr=1-1468", "Math Dojo": "https://www.amazon.com/jwei-Math-Dojo/dp/B087DZ1Y6S/ref=sr_1_1469?brr=1&dchild=1&qid=1634419748&rd=1&s=digital-skills&sr=1-1469", "City of Decatur Georgia": "https://www.amazon.com/City-of-Decatur-Georgia/dp/B087DXWRB8/ref=sr_1_1470?brr=1&dchild=1&qid=1634419748&rd=1&s=digital-skills&sr=1-1470", "Georgia Aquarium": "https://www.amazon.com/Georgia-Aquarium/dp/B087D9R15L/ref=sr_1_1471?brr=1&dchild=1&qid=1634419748&rd=1&s=digital-skills&sr=1-1471", "My Braille Cheat Sheet": "https://www.amazon.com/Kristhian-De-Oliveira-Braille-Cheat/dp/B087D2ZJ46/ref=sr_1_1472?brr=1&dchild=1&qid=1634419748&rd=1&s=digital-skills&sr=1-1472"}