{"Online Stripes Briefing": "https://www.amazon.com/University-of-Missouri-Stripes-Briefing/dp/B086ZXW881/ref=sr_1_1489?brr=1&dchild=1&qid=1634419754&rd=1&s=digital-skills&sr=1-1489", "JKEDU": "https://www.amazon.com/zuhaatta-JKEDU/dp/B086XDVZV3/ref=sr_1_1490?brr=1&dchild=1&qid=1634419754&rd=1&s=digital-skills&sr=1-1490", "AWW Solutions Architect Associate Terms": "https://www.amazon.com/AWW-Solutions-Architect-Associate-Terms/dp/B086WR17GN/ref=sr_1_1491?brr=1&dchild=1&qid=1634419754&rd=1&s=digital-skills&sr=1-1491", "Easy Piano Hacks": "https://www.amazon.com/EasyPianoHacks-Easy-Piano-Hacks/dp/B086W36N39/ref=sr_1_1492?brr=1&dchild=1&qid=1634419754&rd=1&s=digital-skills&sr=1-1492", "Letter M.": "https://www.amazon.com/Brainspray-Letter-M/dp/B086W289XC/ref=sr_1_1493?brr=1&dchild=1&qid=1634419754&rd=1&s=digital-skills&sr=1-1493", "George Bernard Shaw Quotes": "https://www.amazon.com/Amit-K-George-Bernard-Quotes/dp/B086VW4VSZ/ref=sr_1_1494?brr=1&dchild=1&qid=1634419754&rd=1&s=digital-skills&sr=1-1494", "Bending The Lines : A Circular Lens of Industries": "https://www.amazon.com/Bending-Lines-Circular-Lens-Industries/dp/B086VTXRP9/ref=sr_1_1495?brr=1&dchild=1&qid=1634419754&rd=1&s=digital-skills&sr=1-1495", "School Bell": "https://www.amazon.com/Robert-Kelley-School-Bell/dp/B086VHXC96/ref=sr_1_1496?brr=1&dchild=1&qid=1634419754&rd=1&s=digital-skills&sr=1-1496", "My Flashcards": "https://www.amazon.com/H%C3%89RICO-My-Flashcards/dp/B086TVZCRR/ref=sr_1_1497?brr=1&dchild=1&qid=1634419754&rd=1&s=digital-skills&sr=1-1497", "Aniruddh's chess player": "https://www.amazon.com/aniruddhparwal-Aniruddhs-chess-player/dp/B086T1VCFZ/ref=sr_1_1498?brr=1&dchild=1&qid=1634419754&rd=1&s=digital-skills&sr=1-1498", "Macbeth Story": "https://www.amazon.com/Wisdom-Is-Principal-Apps-Macbeth/dp/B086T15682/ref=sr_1_1499?brr=1&dchild=1&qid=1634419754&rd=1&s=digital-skills&sr=1-1499", "Effective Feedback": "https://www.amazon.com/Tiffany-Hunt-How-Do-Teach/dp/B086SV8C8P/ref=sr_1_1500?brr=1&dchild=1&qid=1634419754&rd=1&s=digital-skills&sr=1-1500", "Learn Tamil": "https://www.amazon.com/Rajat-Learn-Tamil/dp/B086RLJ2VR/ref=sr_1_1501?brr=1&dchild=1&qid=1634419754&rd=1&s=digital-skills&sr=1-1501", "My Rosary": "https://www.amazon.com/Iegolas-My-Rosary/dp/B086N3GBC4/ref=sr_1_1502?brr=1&dchild=1&qid=1634419754&rd=1&s=digital-skills&sr=1-1502", "Learn with RJ": "https://www.amazon.com/RJ-Media-Studios-Learn-with/dp/B086M534G3/ref=sr_1_1503?brr=1&dchild=1&qid=1634419754&rd=1&s=digital-skills&sr=1-1503", "Haystack Reviews": "https://www.amazon.com/Haystack-Reviews/dp/B086L8FF57/ref=sr_1_1504?brr=1&dchild=1&qid=1634419754&rd=1&s=digital-skills&sr=1-1504"}