{"Crystal Healing Meanings": "https://www.amazon.com/Lh-Productions-Crystal-Healing-Meanings/dp/B086L6Q6B7/ref=sr_1_1505?brr=1&dchild=1&qid=1634419757&rd=1&s=digital-skills&sr=1-1505", "Nani Ma": "https://www.amazon.com/Hobbyist-Nani-Ma/dp/B086KSS5NQ/ref=sr_1_1506?brr=1&dchild=1&qid=1634419757&rd=1&s=digital-skills&sr=1-1506", "Developer Cheatsheet": "https://www.amazon.com/Developer-Cheatsheet/dp/B086KQNZWZ/ref=sr_1_1507?brr=1&dchild=1&qid=1634419757&rd=1&s=digital-skills&sr=1-1507", "Month Trivia": "https://www.amazon.com/Swapnil-Month-Trivia/dp/B086KP3LHK/ref=sr_1_1508?brr=1&dchild=1&qid=1634419757&rd=1&s=digital-skills&sr=1-1508", "Baby Facts": "https://www.amazon.com/Meridian-Design-Baby-Facts/dp/B086JQKH3H/ref=sr_1_1509?brr=1&dchild=1&qid=1634419757&rd=1&s=digital-skills&sr=1-1509", "Letter L.": "https://www.amazon.com/Brainspray-Letter-L/dp/B086JMT28R/ref=sr_1_1510?brr=1&dchild=1&qid=1634419757&rd=1&s=digital-skills&sr=1-1510", "MortgageSpeech": "https://www.amazon.com/MortgageSpeech/dp/B086JLGD7J/ref=sr_1_1511?brr=1&dchild=1&qid=1634419757&rd=1&s=digital-skills&sr=1-1511", "The Animal Dance": "https://www.amazon.com/Drew-Cosgrove-The-Animal-Dance/dp/B086JJ1HCN/ref=sr_1_1512?brr=1&dchild=1&qid=1634419757&rd=1&s=digital-skills&sr=1-1512", "ISS locator": "https://www.amazon.com/Chatterbox-ISS-locator/dp/B086J4CQR9/ref=sr_1_1513?brr=1&dchild=1&qid=1634419757&rd=1&s=digital-skills&sr=1-1513", "Confidence": "https://www.amazon.com/kau_42-Confidence/dp/B086HTHDTW/ref=sr_1_1514?brr=1&dchild=1&qid=1634419757&rd=1&s=digital-skills&sr=1-1514", "EduNiv": "https://www.amazon.com/Nirals-EduNiv/dp/B086HHKY2Z/ref=sr_1_1515?brr=1&dchild=1&qid=1634419757&rd=1&s=digital-skills&sr=1-1515", "Letter K.": "https://www.amazon.com/Brainspray-Letter-K/dp/B086HD1KFV/ref=sr_1_1516?brr=1&dchild=1&qid=1634419757&rd=1&s=digital-skills&sr=1-1516", "Digital Marketing": "https://www.amazon.com/Andy-Hryciw-Digital-Marketing/dp/B086H83YFN/ref=sr_1_1517?brr=1&dchild=1&qid=1634419757&rd=1&s=digital-skills&sr=1-1517", "Ask Our Scientists": "https://www.amazon.com/The-Governance-Lab-York-University/dp/B086H4SSPY/ref=sr_1_1518?brr=1&dchild=1&qid=1634419757&rd=1&s=digital-skills&sr=1-1518", "Letter J.": "https://www.amazon.com/Brainspray-Letter-J/dp/B086GVZP9H/ref=sr_1_1519?brr=1&dchild=1&qid=1634419757&rd=1&s=digital-skills&sr=1-1519", "Cabin Fever": "https://www.amazon.com/Allan-Cabin-Fever/dp/B086GLMCM3/ref=sr_1_1520?brr=1&dchild=1&qid=1634419757&rd=1&s=digital-skills&sr=1-1520"}