{"Math Mountain": "https://www.amazon.com/Seaside-Voice-Apps-Math-Mountain/dp/B086GGTVV6/ref=sr_1_1521?brr=1&dchild=1&qid=1634419760&rd=1&s=digital-skills&sr=1-1521", "n.b.c.o.t.": "https://www.amazon.com/NBCOT-n-b-c-o-t/dp/B086G9VBVQ/ref=sr_1_1522?brr=1&dchild=1&qid=1634419760&rd=1&s=digital-skills&sr=1-1522", "Letter H.": "https://www.amazon.com/Brainspray-Letter-H/dp/B086DRVCJH/ref=sr_1_1523?brr=1&dchild=1&qid=1634419760&rd=1&s=digital-skills&sr=1-1523", "Daily Tech Briefing": "https://www.amazon.com/Jack-Richard-Daily-Tech-Briefing/dp/B086DM8XQ1/ref=sr_1_1524?brr=1&dchild=1&qid=1634419760&rd=1&s=digital-skills&sr=1-1524", "Tulu Nadu": "https://www.amazon.com/Umesh-Pai-Tulu-Nadu/dp/B086D547Y2/ref=sr_1_1525?brr=1&dchild=1&qid=1634419760&rd=1&s=digital-skills&sr=1-1525", "Guess My Word": "https://www.amazon.com/Deepak-Chelluri-Guess-My-Word/dp/B086BVNMTY/ref=sr_1_1526?brr=1&dchild=1&qid=1634419760&rd=1&s=digital-skills&sr=1-1526", "Enloe Magnet High School": "https://www.amazon.com/Shefali-Pai-Enloe-Magnet-School/dp/B086BV9QHW/ref=sr_1_1527?brr=1&dchild=1&qid=1634419760&rd=1&s=digital-skills&sr=1-1527", "Grillme": "https://www.amazon.com/Teddy-Owen-Grillme/dp/B0869JD6FX/ref=sr_1_1528?brr=1&dchild=1&qid=1634419760&rd=1&s=digital-skills&sr=1-1528", "Bhagwad Gita": "https://www.amazon.com/Self-Bhagwad-Gita/dp/B0869FYY6Z/ref=sr_1_1529?brr=1&dchild=1&qid=1634419760&rd=1&s=digital-skills&sr=1-1529", "Indian Mythology": "https://www.amazon.com/Developer_tanuj-Indian-Mythology/dp/B0869CS238/ref=sr_1_1530?brr=1&dchild=1&qid=1634419760&rd=1&s=digital-skills&sr=1-1530", "Brooklyn Public Library": "https://www.amazon.com/Brooklyn-Public-Library/dp/B0869BHJGR/ref=sr_1_1531?brr=1&dchild=1&qid=1634419760&rd=1&s=digital-skills&sr=1-1531", "Good Marriage Tips and Advices": "https://www.amazon.com/Good-Marriage-Tips-and-Advices/dp/B0869741MJ/ref=sr_1_1532?brr=1&dchild=1&qid=1634419760&rd=1&s=digital-skills&sr=1-1532", "Letter P.": "https://www.amazon.com/Brainspray-Letter-P/dp/B0868NNYBT/ref=sr_1_1533?brr=1&dchild=1&qid=1634419760&rd=1&s=digital-skills&sr=1-1533", "Letter G.": "https://www.amazon.com/Brainspray-Letter-G/dp/B0868KPB9J/ref=sr_1_1534?brr=1&dchild=1&qid=1634419760&rd=1&s=digital-skills&sr=1-1534", "Letter D.": "https://www.amazon.com/Brainspray-Letter-D/dp/B0868DWF68/ref=sr_1_1535?brr=1&dchild=1&qid=1634419760&rd=1&s=digital-skills&sr=1-1535", "Letter T.": "https://www.amazon.com/Brainspray-Letter-T/dp/B0868D7BC2/ref=sr_1_1536?brr=1&dchild=1&qid=1634419760&rd=1&s=digital-skills&sr=1-1536"}