{"Letter F.": "https://www.amazon.com/Brainspray-Letter-F/dp/B0868C7NW6/ref=sr_1_1537?brr=1&dchild=1&qid=1634419763&rd=1&s=digital-skills&sr=1-1537", "Letter B.": "https://www.amazon.com/Brainspray-Letter-B/dp/B0868BNF3P/ref=sr_1_1538?brr=1&dchild=1&qid=1634419763&rd=1&s=digital-skills&sr=1-1538", "space today": "https://www.amazon.com/Chatterbox-space-today/dp/B08688XV2V/ref=sr_1_1539?brr=1&dchild=1&qid=1634419763&rd=1&s=digital-skills&sr=1-1539", "Family Life In Todays World": "https://www.amazon.com/Family-Life-In-Todays-World/dp/B0867YSSB5/ref=sr_1_1540?brr=1&dchild=1&qid=1634419763&rd=1&s=digital-skills&sr=1-1540", "Mistry Space Facts": "https://www.amazon.com/MISTRYS-Mistry-Space-Facts/dp/B0867WZZ5Y/ref=sr_1_1541?brr=1&dchild=1&qid=1634419763&rd=1&s=digital-skills&sr=1-1541", "All About Adoptions": "https://www.amazon.com/Allsuper-Info-for-https-amanews-info-Adoptions/dp/B0867WNZT2/ref=sr_1_1542?brr=1&dchild=1&qid=1634419763&rd=1&s=digital-skills&sr=1-1542", "International space station tracker": "https://www.amazon.com/Abhishek-Nair-International-station-tracker/dp/B0867Q8SL4/ref=sr_1_1543?brr=1&dchild=1&qid=1634419763&rd=1&s=digital-skills&sr=1-1543", "Chini Mandi": "https://www.amazon.com/Agrahyah-Technologies-Chini-Mandi/dp/B0867MW598/ref=sr_1_1544?brr=1&dchild=1&qid=1634419763&rd=1&s=digital-skills&sr=1-1544", "department of computer science v. n. s. g. u.": "https://www.amazon.com/department-computer-science-v-n/dp/B0867J33DC/ref=sr_1_1545?brr=1&dchild=1&qid=1634419763&rd=1&s=digital-skills&sr=1-1545", "Home Schooling Tips tricks and advices": "https://www.amazon.com/Home-Schooling-Tips-tricks-advices/dp/B0867BQV5G/ref=sr_1_1546?brr=1&dchild=1&qid=1634419763&rd=1&s=digital-skills&sr=1-1546", "Creativity and How To Have More": "https://www.amazon.com/Allsuper-Info-https-videotutorials-pw-Creativity-Have/dp/B0866RF35W/ref=sr_1_1547?brr=1&dchild=1&qid=1634419763&rd=1&s=digital-skills&sr=1-1547", "All About Divorce": "https://www.amazon.com/Allsuper-Info-for-https-allabout-pw-Divorce/dp/B0865ZSMCM/ref=sr_1_1548?brr=1&dchild=1&qid=1634419763&rd=1&s=digital-skills&sr=1-1548", "Coaching for Success tips tricks and advices": "https://www.amazon.com/Coaching-Success-tips-tricks-advices/dp/B0865XNJNY/ref=sr_1_1549?brr=1&dchild=1&qid=1634419763&rd=1&s=digital-skills&sr=1-1549", "Back To School Tips and Advices": "https://www.amazon.com/Allsuper-Info-https-videotutorials-pw-School-Advices/dp/B0865R1NHM/ref=sr_1_1550?brr=1&dchild=1&qid=1634419763&rd=1&s=digital-skills&sr=1-1550", "Fuller Elementary": "https://www.amazon.com/Naren-Pai-Fuller-Elementary/dp/B0865P5H6X/ref=sr_1_1551?brr=1&dchild=1&qid=1634419763&rd=1&s=digital-skills&sr=1-1551", "Travel Tips Tricks Advices": "https://www.amazon.com/Allsuper-Info-for-https-amanews-info-Advices/dp/B0865NPPD2/ref=sr_1_1552?brr=1&dchild=1&qid=1634419763&rd=1&s=digital-skills&sr=1-1552"}