{"Your Ideal Travel Destination": "https://www.amazon.com/Allsuper-Info-for-https-amanews-info-Destination/dp/B0861P246H/ref=sr_1_1569?brr=1&dchild=1&qid=1634419769&rd=1&s=digital-skills&sr=1-1569", "All About Ballroom Dancing": "https://www.amazon.com/easyskills-allsuper-info-for-ebookvault-biz-Ballroom-Dancing/dp/B0861L7VQC/ref=sr_1_1570?brr=1&dchild=1&qid=1634419769&rd=1&s=digital-skills&sr=1-1570", "All About The Atkins Diet": "https://www.amazon.com/All-About-The-Atkins-Diet/dp/B0861G5LB9/ref=sr_1_1571?brr=1&dchild=1&qid=1634419769&rd=1&s=digital-skills&sr=1-1571", "Legacy Oaks Alerts": "https://www.amazon.com/VoCo-Legacy-Oaks-Alerts/dp/B0861FVNBF/ref=sr_1_1572?brr=1&dchild=1&qid=1634419769&rd=1&s=digital-skills&sr=1-1572", "Keep Kids Busy - Home Life": "https://www.amazon.com/Keep-Kids-Busy-Home-Life/dp/B085ZTTWSK/ref=sr_1_1573?brr=1&dchild=1&qid=1634419769&rd=1&s=digital-skills&sr=1-1573", "space facts": "https://www.amazon.com/loky-space-facts/dp/B085ZKJDT2/ref=sr_1_1574?brr=1&dchild=1&qid=1634419769&rd=1&s=digital-skills&sr=1-1574", "Art And Entertainment Tips": "https://www.amazon.com/easyskills-allsuper-info-for-ebookvault-biz-Entertainment-Tips/dp/B085ZH3M2C/ref=sr_1_1575?brr=1&dchild=1&qid=1634419769&rd=1&s=digital-skills&sr=1-1575", "Motivational Stories": "https://www.amazon.com/allsuper-info-for-SavoElite-com-Motivational-Stories/dp/B085Y9LHK5/ref=sr_1_1576?brr=1&dchild=1&qid=1634419769&rd=1&s=digital-skills&sr=1-1576", "Sorting Algorithms": "https://www.amazon.com/INDERPREET-SINGH-Sorting-Algorithms/dp/B085Y7VXFD/ref=sr_1_1577?brr=1&dchild=1&qid=1634419769&rd=1&s=digital-skills&sr=1-1577", "Tea Facts and How to": "https://www.amazon.com/Tea-Facts-and-How-to/dp/B085Y2G4X3/ref=sr_1_1578?brr=1&dchild=1&qid=1634419769&rd=1&s=digital-skills&sr=1-1578", "Addictive Coffee Facts": "https://www.amazon.com/allsuper-info-for-SavoElite-com-Addictive-Coffee/dp/B085XZNJ4X/ref=sr_1_1579?brr=1&dchild=1&qid=1634419769&rd=1&s=digital-skills&sr=1-1579", "Firefox Trivia": "https://www.amazon.com/Skadoosh-Firefox-Trivia/dp/B085XWKGS7/ref=sr_1_1580?brr=1&dchild=1&qid=1634419769&rd=1&s=digital-skills&sr=1-1580", "Daily Facts": "https://www.amazon.com/Voicetech-Daily-Facts/dp/B085XF5S5D/ref=sr_1_1581?brr=1&dchild=1&qid=1634419769&rd=1&s=digital-skills&sr=1-1581", "Math Genius": "https://www.amazon.com/Misa-Math-Genius/dp/B085X8V332/ref=sr_1_1582?brr=1&dchild=1&qid=1634419769&rd=1&s=digital-skills&sr=1-1582", "GCSE History": "https://www.amazon.com/KinBox-LTD-GCSE-History/dp/B085X3LG8K/ref=sr_1_1583?brr=1&dchild=1&qid=1634419769&rd=1&s=digital-skills&sr=1-1583", "Interval Vibes": "https://www.amazon.com/Caleb-Wightman-Interval-Vibes/dp/B085X1CQFT/ref=sr_1_1584?brr=1&dchild=1&qid=1634419769&rd=1&s=digital-skills&sr=1-1584"}